{
	"format_version": "1.10.0",
	"particle_effect": {
		"description": {
			"identifier": "serp:attack_dark_max",
			"basic_render_parameters": {
				"material": "particles_blend",
				"texture": "textures/particle/attacks"
			}
		},
		"components": {
			"minecraft:emitter_rate_instant": {
				"num_particles": 20
			},
			"minecraft:emitter_lifetime_once": {
				"active_time": 1
			},
			"minecraft:emitter_shape_disc": {
				"offset": [0, "math.random(2,2.5)", 0],
				"radius": 3,
				"direction": "outwards"
			},
			"minecraft:particle_lifetime_expression": {
				"max_lifetime": "Math.random(0.1, 0.6)"
			},
			"minecraft:particle_initial_spin": {
				"rotation": "Math.random(0,500)"
			},
			"minecraft:particle_initial_speed": "Math.random(3, 5)",
			"minecraft:particle_motion_dynamic": {
				"linear_drag_coefficient": 2
			},
			"minecraft:particle_appearance_billboard": {
				"size": ["(0.2 + variable.particle_random_1*0.2) - (0.3 * variable.particle_age)", "(0.2 + variable.particle_random_1*0.2) - (0.3 * variable.particle_age)"],
				"facing_camera_mode": "lookat_xyz",
				"uv": {
					"texture_width": 17,
					"texture_height": 4,
					"uv": [1, 0],
					"uv_size": [1, 1]
				}
			},
			"minecraft:particle_motion_collision": {
				"collision_drag": 20,
				"coefficient_of_restitution": 0.2,
				"collision_radius": 0.01
			},
			"minecraft:particle_appearance_tinting": {
				"color": {
					"interpolant": "v.particle_random_1",
					"gradient": {
						"0.0": "#FFFF0000",
						"1.0": "#FFA000FF"
					}
				}
			}
		}
	}
}