{
	"format_version": "1.10.0",
	"particle_effect": {
		"description": {
			"identifier": "serp:max_guard2",
			"basic_render_parameters": {
				"material": "particles_alpha",
				"texture": "textures/particle/particles"
			}
		},
		"components": {
			"minecraft:emitter_rate_instant": {
				"num_particles": 50
			},
			"minecraft:emitter_lifetime_once": {
				"active_time": 1
			},
			"minecraft:emitter_shape_sphere": {
				"radius": 1.5,
				"direction": "outwards"
			},
			"minecraft:particle_lifetime_expression": {
				"max_lifetime": "math.random(0.75,1.5)"
			},
			"minecraft:particle_initial_speed": 0,
			"minecraft:particle_motion_dynamic": {},
			"minecraft:particle_appearance_billboard": {
				"size": [0.25, 0.25],
				"facing_camera_mode": "rotate_xyz",
				"uv": {
					"texture_width": 16,
					"texture_height": 16,
					"flipbook": {
						"base_UV": [0, 9],
						"size_UV": [1, 1],
						"step_UV": [1, 0],
						"frames_per_second": 16,
						"max_frame": 16,
						"stretch_to_lifetime": true
					}
				}
			},
			"minecraft:particle_appearance_tinting": {
				"color": {
					"interpolant": "v.particle_random_1",
					"gradient": {
						"0.0": "#FF0BC3ED",
						"1.0": "#FF0F51FF"
					}
				}
			}
		}
	}
}