{
  "format_version":"1.8.0",
  "minecraft:spawn_rules":{
    "description":{
      "identifier":"serp:pokeblocks",
      "population_control":"animal"
    },
    "conditions":[
      {
      "minecraft:spawns_on_surface":{},
      "minecraft:delay_filter":{"min":80,"max":160,"identifier":"serp:plants","spawn_chance":10},
      "minecraft:permute_type":{"entity_type":"serp:plants"},
      "minecraft:spawns_on_block_filter":["minecraft:grass"],
      "minecraft:biome_filter":{"test":"has_biome_tag","value":"animal"}
      },
      {
      "minecraft:spawns_underground":{},
      "minecraft:delay_filter":{"min":3,"max":6,"identifier":"serp:block_setter","spawn_chance":30},
      "minecraft:permute_type":{"entity_type":"serp:block_setter"},
      "minecraft:spawns_on_block_filter":["minecraft:stone","minecraft:deepslate","minecraft:diorite","minecraft:andesite","minecraft:granite"],
      "minecraft:biome_filter":{"test":"has_biome_tag","value":"monster"}
      },
      {
      "minecraft:spawns_on_surface":{},
      "minecraft:delay_filter":{"min":3,"max":6,"identifier":"serp:block_setter","spawn_chance":15},
      "minecraft:permute_type":{"entity_type":"serp:block_setter"},
      "minecraft:spawns_on_block_filter":["minecraft:sand"],
      "minecraft:biome_filter":{"test":"has_biome_tag","value":"desert"}
      }
    ]
  }
}