{
	"format_version": "1.8.0",
	"animations": {
		"animation.caterpie.quiet": {
			"loop": true,
			"animation_length": 1.6,
			"bones": {
				"head": {
					"rotation": {
						"0.0": [0, 10, 0],
						"0.4": [0, 0, 0],
						"0.8": [0, -10, 0],
						"1.2": [0, -2.5, 0],
						"1.6": [0, 7.5, 0]
					},
					"position": {
						"0.0": [-1, 0, 0],
						"0.4": [0, 0, 1],
						"0.8": [1, 0, 0],
						"1.2": [0, 0, 1],
						"1.6": [-1, 0, 0]
					}
				},
				"body2": {
					"rotation": {
						"0.0": [12.5, 10, 0],
						"0.4": [0, 0, 0],
						"0.8": [12.5, -10, 0],
						"1.2": [0, 0, 0],
						"1.6": [12.5, 10, 0]
					}
				},
				"tail": {
					"rotation": {
						"0.0": [0, 15, 0],
						"0.4": [7.5, 0, 0],
						"0.8": [0, -15, 0],
						"1.2": [7.5, 0, 0],
						"1.6": [0, 15, 0]
					}
				}
			}
		},
		"animation.caterpie.walk": {
			"loop": true,
			"animation_length": 0.52,
			"bones": {
				"carerpie": {
					"position": [0, 0, 4]
				},
				"head": {
					"rotation": {
						"0.0": [-5, 0, 0],
						"0.24": [5, 0, 0],
						"0.52": [-5, 0, 0]
					},
					"position": {
						"0.0": [0, -5, -5],
						"0.24": [0, -4, -5],
						"0.52": [0, -5, -5]
					}
				},
				"body1": {
					"position": {
						"0.0": [0, 0, 0],
						"0.24": [0, 0, -1],
						"0.52": [0, 0, 0]
					}
				},
				"body2": {
					"rotation": {
						"0.0": [60, 0, 0],
						"0.24": [35, 0, 0],
						"0.52": [60, 0, 0]
					},
					"position": {
						"0.0": [0, 1, 3],
						"0.24": [0, 0, 1],
						"0.52": [0, 1, 3]
					}
				},
				"tail": {
					"position": {
						"0.0": [0, 0, 0],
						"0.24": [0, 0, -3],
						"0.52": [0, 0, 0]
					}
				}
			}
		},
        "animation.caterpie.health_bar":{
            "loop":true,
            "bones":{
                "health_hover":{
    "rotation":["q.camera_rotation(0)","q.camera_rotation(1)-q.body_y_rotation",0],
	"position": [0,35,0],
    "scale":"query.is_in_ui?0:2.2"
                },
				"bar_green": {
					"scale": ["query.health/query.max_health*1", 1, 1]
				},
				"bar_black": {
					"scale": ["(1)+(query.health/query.max_health*-1)", 1, 1]
				}
			}
        }
	}
}