{
	"format_version": "1.8.0",
	"animations": {
		"animation.butterfree.quiet": {
			"loop": true,
			"animation_length": 0.8,
			"bones": {
				"butterfree": {
					"position": {
						"0.0": [0, 2, 0],
						"0.4": [0, 1, 0],
						"0.8": [0, 2, 0]
					}
				},
				"legs": {
					"rotation": {
						"0.0": [45, 0, 0],
						"0.4": [32.5, 0, 0],
						"0.8": [42.5, 0, 0]
					},
					"position": [0, 1, 0]
				},
				"right_wing": {
					"rotation": {
						"0.04": [0, 10, 0],
						"0.2": [0, -10, 0],
						"0.4": [0, 10, 0],
						"0.6": [0, -10, 0],
						"0.8": [0, 10, 0]
					}
				},
				"left_wing": {
					"rotation": {
						"0.04": [0, -10, 0],
						"0.2": [0, 10, 0],
						"0.4": [0, -10, 0],
						"0.6": [0, 10, 0],
						"0.8": [0, -10, 0]
					}
				}
			}
		},
		"animation.butterfree.walk": {
			"loop": true,
			"animation_length": 0.5,
			"bones": {
				"butterfree": {
					"rotation": [20, 0, 0],
					"position": {
						"0.0": [0, 2, 2],
						"0.24": [0, 4, 2],
						"0.5": [0, 2, 2]
					}
				},
				"legs": {
					"rotation": [35, 0, 0],
					"position": [0, 1, 1]
				},
				"right_wing": {
					"rotation": {
						"0.0": [0, 10, 0],
						"0.24": [0, -45, 0],
						"0.5": [0, 10, 0]
					}
				},
				"left_wing": {
					"rotation": {
						"0.0": [0, -10, 0],
						"0.24": [0, 45, 0],
						"0.5": [0, -10, 0]
					}
				}
			}
		},
		"animation.butterfree.sitting": {
			"loop": true,
			"bones": {
				"butterfree": {
					"position": [0, -1.5, 0]
				},
				"legs": {
					"rotation": [-90, 0, 0],
					"position": [0, 0, -2],
					"scale": [1, 1, 0.8]
				}
			}
		},
		"animation.butterfree.attack": {
			"loop": true,
			"bones": {
				"butterfree": {
					"rotation": [20, 0, 0]
				},
				"legs": {
					"rotation": [-60, 0, 0],
					"position": [0, 1, -1]
				}
			}
		},
		"animation.butterfree.direction": {
			"loop": true,
			"bones": {
				"butterfree": {
					"rotation": [ "query.vertical_speed * -3.0", 0, "-math.max(-20,math.min(20,query.yaw_speed))"]
				}
			}
		},
        "animation.butterfree.health_bar":{
            "loop":true,
            "bones":{
                "health_hover":{
    "rotation":["q.camera_rotation(0)","q.camera_rotation(1)-q.body_y_rotation",0],
	"position": [0,28,0],
    "scale":"query.is_in_ui?0:1.5"
                },
				"bar_green": {
					"scale": ["query.health/query.max_health*1", 1, 1]
				},
				"bar_black": {
					"scale": ["(1)+(query.health/query.max_health*-1)", 1, 1]
				}
			}
        }
	}
}