{
	"format_version": "1.12.0",
	"minecraft:geometry": [
		{
			"description": {
				"identifier": "geometry.serppc_box",
				"texture_width": 112,
				"texture_height": 112,
				"visible_bounds_width": 4,
				"visible_bounds_height": 4,
				"visible_bounds_offset": [0, 1, 0]
			},
			"bones": [
				{
					"name": "pc",
					"pivot": [0, 0, 0]
				},
				{
					"name": "up",
					"parent": "pc",
					"pivot": [0, 32, 4],
					"cubes": [
						{"origin": [-6, 33, 3.5], "size": [12, 2, 2], "pivot": [0, 33, 5], "rotation": [0, 0, -180], "uv": [57, 29]},
						{"origin": [-9, 33, 2.5], "size": [3, 2, 2], "pivot": [-6, 33, 4], "rotation": [180, 0, -45], "uv": [0, 4]},
						{"origin": [6, 33, 2.5], "size": [3, 2, 2], "pivot": [6, 33, 4], "rotation": [180, 0, 45], "uv": [0, 4]}
					]
				},
				{
					"name": "base",
					"parent": "pc",
					"pivot": [0, 0, 0],
					"cubes": [
						{"origin": [-6, 0, -8], "size": [12, 17, 16], "uv": [0, 0]},
						{"origin": [-5, 13, -5.5], "size": [10, 4, 7], "pivot": [0, 17, -5.5], "rotation": [25, 0, 0], "uv": [17, 51]},
						{"origin": [-5, 5, -8.1], "size": [10, 10, 0], "pivot": [0, 10, -8], "rotation": [0, 0, -10], "uv": [41, 0]},
						{"origin": [-3, 17, 4], "size": [6, 2, 1], "uv": [0, 0]},
						{"origin": [-6, 19, 3.5], "size": [12, 2, 2], "uv": [57, 29]},
						{"origin": [6, 19, 3.5], "size": [3, 2, 2], "pivot": [6, 19, 0], "rotation": [0, 0, -45], "uv": [0, 4]},
						{"origin": [-9, 19, 3.5], "size": [3, 2, 2], "pivot": [-6, 19, 0], "rotation": [0, 0, 45], "uv": [0, 4]},
						{"origin": [-8, 17.02, -8], "size": [16, 0, 16], "uv": [-16, 34]},
						{"origin": [-8, 0, -6], "size": [2, 17, 12], "uv": [0, 51]},
						{"origin": [-9, 5, -4], "size": [1, 7, 7], "uv": [71, 34]},
						{"origin": [8, 5, -4], "size": [1, 7, 7], "uv": [71, 34]},
						{"origin": [-9, 12, -4], "size": [1, 3, 7], "pivot": [-9, 12, 0], "rotation": [0, 0, 20], "uv": [70, 0]},
						{"origin": [8, 12, -4], "size": [1, 3, 7], "pivot": [9, 12, 0], "rotation": [0, 0, -20], "uv": [70, 0]},
						{"origin": [-7.97394, 2.18092, -4], "size": [1, 3, 7], "pivot": [-7.97394, 2.18092, 0], "rotation": [0, 0, -20], "uv": [70, 0]},
						{"origin": [6.97394, 2.18092, -4], "size": [1, 3, 7], "pivot": [7.97394, 2.18092, 0], "rotation": [0, 0, 20], "uv": [70, 0]},
						{"origin": [-7, 17, -9], "size": [0, 16, 12], "uv": [57, 0]},
						{"origin": [7, 17, -9], "size": [0, 16, 12], "uv": [57, 0]},
						{"origin": [6, 0, -6], "size": [2, 17, 12], "uv": [0, 51]},
						{"origin": [6, 0, 6], "size": [2, 17, 2.83], "pivot": [8, 5, 6], "rotation": [0, -45, 0], "uv": [0, 81]},
						{"origin": [-8, 0, 6], "size": [2, 17, 2.83], "pivot": [-8, 5, 6], "rotation": [0, 45, 0], "uv": [0, 81]},
						{"origin": [-8, 0, -8.83], "size": [2, 17, 2.83], "pivot": [-8, 5, -6], "rotation": [0, -45, 0], "uv": [0, 81]},
						{"origin": [6, 0, -8.83], "size": [2, 17, 2.83], "pivot": [8, 5, -6], "rotation": [0, 45, 0], "uv": [0, 81]}
					]
				}
			]
		},
		{
			"description": {
				"identifier": "geometry.serppc_box_parts",
				"texture_width": 32,
				"texture_height": 32,
				"visible_bounds_width": 3,
				"visible_bounds_height": 3.5,
				"visible_bounds_offset": [0, 1.25, 0]
			},
			"bones": [
				{
					"name": "up",
					"pivot": [0, 32, 4]
				},
				{
					"name": "screen",
					"parent": "up",
					"pivot": [0, 26, 4.5],
					"cubes": [
						{
							"origin": [-7, 21, 4.5],
							"size": [14, 10, 0],
							"uv": {
								"north": {"uv": [0, 0], "uv_size": [14, 10]},
								"east": {"uv": [0, 0], "uv_size": [0, 0]},
								"south": {"uv": [0, 0], "uv_size": [0, 0]},
								"west": {"uv": [0, 0], "uv_size": [0, 0]},
								"up": {"uv": [0, 0], "uv_size": [0, 0]},
								"down": {"uv": [0, 0], "uv_size": [0, 0]}
							}
						}
					]
				},
				{
					"name": "icon_base",
					"pivot": [0, 22, -2.5]
				},
				{
					"name": "icon",
					"parent": "icon_base",
					"pivot": [0, 22, -2.5],
					"cubes": [
						{
							"origin": [-3, 19, -2.5],
							"size": [6, 6, 0],
							"uv": {
								"north": {"uv": [0, 11], "uv_size": [6, 6]},
								"east": {"uv": [0, 0], "uv_size": [0, 0]},
								"south": {"uv": [0, 0], "uv_size": [0, 0]},
								"west": {"uv": [0, 0], "uv_size": [0, 0]},
								"up": {"uv": [0, 0], "uv_size": [0, 0]},
								"down": {"uv": [0, 0], "uv_size": [0, 0]}
							}
						}
					]
				}
			]
		}
	]
}