{
	"format_version": "1.12.0",
	"minecraft:geometry": [
		{
			"description": {
				"identifier": "geometry.serpsanctuary",
				"texture_width": 96,
				"texture_height": 96,
				"visible_bounds_width": 3,
				"visible_bounds_height": 2.5,
				"visible_bounds_offset": [0, 0.75, 0]
			},
			"bones": [
				{
					"name": "sanctuary",
					"pivot": [0, 0, 0],
					"cubes": [
						{"origin": [-6, 9, -6], "size": [12, 10, 12], "uv": [0, 34]},
						{"origin": [-4, 14, -7], "size": [8, 2, 0], "uv": [49, 50]},
						{"origin": [-5, 5, -5], "size": [10, 3, 10], "uv": [43, 0]},
						{"origin": [-6, 4, -6], "size": [12, 1, 12], "uv": [39, 16]},
						{"origin": [-7, 8, -7], "size": [14, 1, 14], "uv": [0, 0]},
						{"origin": [-6, 5, -6.5], "size": [2, 3, 0], "uv": [44, 57]},
						{"origin": [-6.5, 5, -6], "size": [0, 3, 2], "uv": [44, 55]},
						{"origin": [-6.5, 5, 4], "size": [0, 3, 2], "uv": [44, 55]},
						{"origin": [-6.5, 5, -1], "size": [0, 3, 2], "uv": [44, 55]},
						{"origin": [6.5, 5, -4], "size": [0, 3, 2], "uv": [44, 55], "mirror": true},
						{"origin": [6.5, 5, 3], "size": [0, 3, 2], "uv": [44, 55], "mirror": true},
						{"origin": [6.5, 5, -6], "size": [0, 3, 2], "uv": [44, 55], "mirror": true},
						{"origin": [4, 5, -6.5], "size": [2, 3, 0], "uv": [44, 57]},
						{"origin": [1, 5, -6.5], "size": [2, 3, 0], "uv": [44, 57]},
						{"origin": [1, 5, 6.5], "size": [2, 3, 0], "uv": [44, 57]},
						{"origin": [-5, 5, 6.5], "size": [2, 3, 0], "uv": [44, 57]},
						{"origin": [-5, 0, -5], "size": [2, 4, 2], "uv": [0, 0]},
						{"origin": [3, 0, -5], "size": [2, 4, 2], "uv": [0, 0]},
						{"origin": [-5, 0, 3], "size": [2, 4, 2], "uv": [0, 0]},
						{"origin": [3, 0, 3], "size": [2, 4, 2], "uv": [0, 0]},
						{"origin": [-1, 18.5, -8.5], "size": [2, 2, 17], "uv": [52, 30]},
						{"origin": [-11, 19, -8], "size": [11, 1, 16], "pivot": [0, 19, 0], "rotation": [0, 0, -45], "uv": [0, 16]},
						{"origin": [0, 19, -8], "size": [11, 1, 16], "pivot": [0, 19, 0], "rotation": [0, 0, 45], "uv": [0, 16], "mirror": true}
					]
				}
			]
		}
	]
}