{
	"format_version": "1.12.0",
	"minecraft:geometry": [
		{
			"description": {
				"identifier": "geometry.serptrader",
				"texture_width": 144,
				"texture_height": 144,
				"visible_bounds_width": 7,
				"visible_bounds_height": 5,
				"visible_bounds_offset": [0, 1.5, 0]
			},
			"bones": [
				{
					"name": "trader",
					"pivot": [0, 0, 0]
				},
				{
					"name": "machine",
					"parent": "trader",
					"pivot": [0, -1, 0],
					"cubes": [
						{"origin": [-24, 11, -8], "size": [15, 8, 17], "uv": [0, 52]},
						{"origin": [9, 11, -8], "size": [15, 8, 17], "uv": [0, 52], "mirror": true},
						{"origin": [-27, 1, 0], "size": [18, 10, 0], "uv": [29, 99]},
						{"origin": [9, 1, 0], "size": [18, 10, 0], "uv": [29, 99], "mirror": true},
						{"origin": [-28.24, 11, -8], "size": [4.24, 8, 3], "pivot": [-24, 15, -8], "rotation": [0, 45, 0], "uv": [0, 18]},
						{"origin": [24, 11, -8], "size": [4.24, 8, 3], "pivot": [24, 15, -8], "rotation": [0, -45, 0], "uv": [0, 18], "mirror": true},
						{"origin": [-28.24187, 11, 5.99813], "size": [4.24, 8, 3], "pivot": [-24.00187, 15, 8.99813], "rotation": [0, -45, 0], "uv": [0, 18]},
						{"origin": [24.00187, 11, 5.99813], "size": [4.24, 8, 3], "pivot": [24.00187, 15, 8.99813], "rotation": [0, 45, 0], "uv": [0, 18], "mirror": true},
						{"origin": [-27, 11, -5], "size": [3, 8, 11], "uv": [0, 91]},
						{"origin": [24, 11, -5], "size": [3, 8, 11], "uv": [0, 91], "mirror": true},
						{"origin": [-22, 19, -4], "size": [8, 2, 8], "uv": [91, 99]},
						{"origin": [14, 19, -4], "size": [8, 2, 8], "uv": [91, 99], "mirror": true},
						{"origin": [-12, 0, -8], "size": [24, 4.61, 3], "pivot": [0, 0, -8], "rotation": [49.4, 0, 0], "uv": [90, 0]},
						{"origin": [-12, 3, -11.5], "size": [24, 8, 4], "uv": [81, 34]},
						{"origin": [-12, 0, -8], "size": [24, 17, 16], "uv": [0, 18]},
						{"origin": [-12, 10, -8], "size": [24, 7, 4], "pivot": [0, 17, -8], "rotation": [-30, 0, 0], "uv": [53, 87]},
						{"origin": [-8, 17, -6], "size": [16, 2, 13], "uv": [65, 18]},
						{"origin": [-5, 19, -2], "size": [10, 2, 4], "uv": [90, 8]},
						{"origin": [-10, 23, -3], "size": [20, 13, 8], "uv": [65, 52]},
						{"origin": [-12, 24, -5], "size": [2, 11, 10], "uv": [66, 99]},
						{"origin": [10, 24, -5], "size": [2, 11, 10], "uv": [66, 99]},
						{"origin": [-16, 30, -2], "size": [4, 4, 4], "uv": [0, 0]},
						{"origin": [12, 30, -2], "size": [4, 4, 4], "uv": [0, 0], "mirror": true},
						{"origin": [-20, 24, -2], "size": [4, 6, 4], "uv": [48, 52]},
						{"origin": [16, 24, -2], "size": [4, 6, 4], "uv": [48, 52], "mirror": true},
						{"origin": [-20, 30, -2], "size": [4, 5.66, 4], "pivot": [-20, 30, 0], "rotation": [0, 0, 45], "uv": [0, 52]},
						{"origin": [16, 30, -2], "size": [4, 5.66, 4], "pivot": [20, 30, 0], "rotation": [0, 0, -45], "uv": [0, 52], "mirror": true},
						{"origin": [-12, 35, -5], "size": [2, 4.24, 10], "pivot": [-12, 35, 0], "rotation": [0, 0, 45], "uv": [110, 77]},
						{"origin": [10, 35, -5], "size": [2, 4.24, 10], "pivot": [12, 35, 0], "rotation": [0, 0, -45], "uv": [110, 77], "mirror": true},
						{"origin": [-12, 19.76, -5], "size": [2, 4.24, 10], "pivot": [-12, 24, 0], "rotation": [0, 0, -45], "uv": [110, 77]},
						{"origin": [10, 19.76, -5], "size": [2, 4.24, 10], "pivot": [12, 24, 0], "rotation": [0, 0, 45], "uv": [110, 77], "mirror": true},
						{"origin": [-9, 36, -5], "size": [18, 2, 10], "uv": [0, 78]},
						{"origin": [-9, 21, -5], "size": [18, 2, 10], "uv": [55, 74]},
						{"origin": [-18, 0.1, -8.5], "size": [36, 0, 17], "uv": [0, 0]}
					]
				},
				{
					"name": "trading",
					"parent": "trader",
					"pivot": [0, 21, 0],
					"locators": {
						"trade1": [-18, 21, 0],
						"trade2": [18, 21, 0]
					}
				}
			]
		}
	]
}