{
	"format_version": "1.12.0",
	"minecraft:geometry": [
		{
			"description": {
				"identifier": "geometry.serphealer",
				"texture_width": 128,
				"texture_height": 128,
				"visible_bounds_width": 2,
				"visible_bounds_height": 2.5,
				"visible_bounds_offset": [0, 0.75, 0]
			},
			"bones": [
				{
					"name": "machine",
					"pivot": [0, 0, 0],
					"cubes": [
						{"origin": [-3, 0, -3], "size": [6, 11, 6], "uv": [0, 38]},
						{"origin": [-8, 4, 0], "size": [5, 7, 0], "pivot": [-3, 8, 0], "rotation": [0, -60, 0], "uv": [0, 26]},
						{"origin": [3, 4, 0], "size": [5, 7, 0], "pivot": [3, 8, 0], "rotation": [0, 60, 0], "uv": [0, 26], "mirror": true},
						{"origin": [-8, 4, 0], "size": [5, 7, 0], "pivot": [-3, 8, 0], "rotation": [0, 60, 0], "uv": [0, 26]},
						{"origin": [3, 4, 0], "size": [5, 7, 0], "pivot": [3, 8, 0], "rotation": [0, -60, 0], "uv": [0, 26], "mirror": true},
						{"origin": [0, 4, 3], "size": [0, 7, 5], "pivot": [0, 7, 3], "rotation": [0, -60, 0], "uv": [0, 21]},
						{"origin": [0, 4, 3], "size": [0, 7, 5], "pivot": [0, 7, 3], "rotation": [0, 60, 0], "uv": [0, 21]},
						{"origin": [0, 4, -8], "size": [0, 7, 5], "pivot": [0, 7, -3], "rotation": [0, -50, 0], "uv": [0, 14]},
						{"origin": [0, 4, -8], "size": [0, 7, 5], "pivot": [0, 7, -3], "rotation": [0, 60, 0], "uv": [0, 14], "mirror": true},
						{"origin": [0, 4, -8], "size": [0, 7, 5], "pivot": [0, 7, -3], "rotation": [0, -60, 0], "uv": [0, 0]},
						{"origin": [-7.5, 11, -3], "size": [15, 4, 6], "inflate": 0.19, "uv": [36, 32]},
						{"origin": [-4, 16, -4], "size": [8, 0, 8], "uv": [16, 42]},
						{"origin": [-7.5, 11, -3], "size": [15, 4, 6], "inflate": 0.19, "pivot": [0, 11, 0], "rotation": [0, -45, 0], "uv": [27, 19]},
						{"origin": [-3, 11, -7.5], "size": [6, 4, 15], "inflate": 0.19, "uv": [0, 19]},
						{"origin": [-3, 15.2, 7], "size": [6, 4, 0], "uv": [0, 55]},
						{"origin": [-3, 15.2, -7], "size": [6, 4, 0], "uv": [0, 55]},
						{"origin": [-7, 15.2, -3], "size": [0, 4, 6], "uv": [0, 49]},
						{"origin": [7, 15.2, -3], "size": [0, 4, 6], "uv": [0, 49]},
						{"origin": [-3, 11, -7.5], "size": [6, 4, 15], "inflate": 0.19, "pivot": [0, 11, 0], "rotation": [0, -45, 0], "uv": [0, 0]},
						{"origin": [-2.72591, 15.2, -7.17542], "size": [5.65, 4, 0], "pivot": [-0.07591, 11, -0.17542], "rotation": [0, -45, 0], "uv": [12, 55]},
						{"origin": [-2.92409, 15.2, -7.17542], "size": [5.65, 4, 0], "pivot": [0.07591, 11, -0.17542], "rotation": [0, 45, 0], "uv": [12, 55]},
						{"origin": [-2.92409, 15.2, 7.17542], "size": [5.65, 4, 0], "pivot": [0.07591, 11, 0.17542], "rotation": [0, -45, 0], "uv": [12, 55]},
						{"origin": [-2.72591, 15.2, 7.17542], "size": [5.65, 4, 0], "pivot": [-0.07591, 11, 0.17542], "rotation": [0, 45, 0], "uv": [12, 55]},
						{"origin": [-6, 0.1, -6], "size": [12, 0, 12], "uv": [15, 0]},
						{"origin": [-2, 0, 3], "size": [4, 2, 3], "pivot": [0, 2, 3], "rotation": [-42.5, 0, 0], "uv": [24, 50]},
						{"origin": [-2, 0, -6], "size": [4, 2, 3], "pivot": [0, 2, -3], "rotation": [42.5, 0, 0], "uv": [24, 50]},
						{"origin": [-2, 15, -6], "size": [4, 1, 2], "uv": [25, 51]},
						{"origin": [-2, 15, 4], "size": [4, 1, 2], "uv": [25, 51]},
						{"origin": [-6, 0, -2], "size": [3, 2, 4], "pivot": [-3, 2, 0], "rotation": [0, 0, -42.5], "uv": [46, 45]},
						{"origin": [3, 0, -2], "size": [3, 2, 4], "pivot": [3, 2, 0], "rotation": [0, 0, 42.5], "uv": [46, 45]},
						{"origin": [4, 14, -2], "size": [2, 2, 4], "uv": [46, 45]},
						{"origin": [-6, 14, -2], "size": [2, 2, 4], "uv": [46, 45]}
					],
					"locators": {
						"ball": [0, 15, 0]
					}
				},
				{
					"name": "lights",
					"parent": "machine",
					"pivot": [0, 0, 0]
				},
				{
					"name": "sparks",
					"parent": "machine",
					"pivot": [0, 0, 0]
				}
			]
		},
		{
			"description": {
				"identifier": "geometry.serphealer_lights",
				"texture_width": 32,
				"texture_height": 32,
				"visible_bounds_width": 5,
				"visible_bounds_height": 3.5,
				"visible_bounds_offset": [0, 1.25, 0]
			},
			"bones": [
				{
					"name": "1",
					"pivot": [0, 15, 0],
					"cubes": [
					{"origin": [-2, 15, -2], "size": [4, 5, 4], "uv": [0, 0]}
					]
				}
			]
		},
		{
			"description": {
				"identifier": "geometry.serphealer_sparks",
				"texture_width": 128,
				"texture_height": 128,
				"visible_bounds_width": 2,
				"visible_bounds_height": 2.5,
				"visible_bounds_offset": [0, 0.75, 0]
			},
			"bones": [
				{
					"name": "sparks",
					"parent": "base",
					"pivot": [0, 0, 0],
					"cubes": [
						{"origin": [-7.5, 12, -3], "size": [15, 2, 6], "inflate": 0.20, "uv": [27, 17]},
						{"origin": [-7.5, 12, -3], "size": [15, 2, 6], "inflate": 0.20, "pivot": [0, 11, 0], "rotation": [0, -45, 0], "uv": [27, 0]},
						{"origin": [-3, 12, -7.5], "size": [6, 2, 15], "inflate": 0.20, "uv": [0, 17]},
						{"origin": [-3, 12, -7.5], "size": [6, 2, 15], "inflate": 0.20, "pivot": [0, 11, 0], "rotation": [0, -45, 0], "uv": [0, 0]}
					]
				}
			]
		}
	]
}