{
	"format_version": "1.12.0",
	"minecraft:geometry": [
		{
			"description": {
				"identifier": "geometry.serppc",
				"texture_width": 64,
				"texture_height": 64,
				"visible_bounds_width": 4,
				"visible_bounds_height": 2.5,
				"visible_bounds_offset": [0, 0.75, 0]
			},
			"bones": [
				{
				"name": "pokedex",
				"pivot": [0, 30, 0],
				"locators": {
		"pokedex": [0, 30, 0]
					}
				},
				{
					"name": "head",
					"pivot": [0, 8, 0]
				},
				{
					"name": "say",
					"parent": "head",
					"pivot": [-8, 24, 0],
					"locators": {
						"say": [-8, 24, 0]
					}
				},
				{
					"name": "pc_store",
					"parent": "head",
					"pivot": [0, 0, 0]
				},
				{
					"name": "body",
					"parent": "pc_store",
					"pivot": [0, 0, 0],
					"cubes": [
						{"origin": [-8, 1, -1], "size": [16, 10, 3], "uv": [0, 0]},
						{"origin": [-7, 11, -2], "size": [14, 1, 4], "uv": [0, 20]},
						{"origin": [-1.5, 12, -1], "size": [3, 6, 0], "pivot": [-1.5, 12, -1], "rotation": [0, 0, 20], "uv": [0, 39]},
						{"origin": [1, 10.5, -2.1], "size": [2, 3, 0], "inflate": 0.02, "pivot": [2, 11, -2], "rotation": [0, 0, 15], "uv": [37, 24]},
						{"origin": [-3, 10.5, -2.1], "size": [2, 3, 0], "inflate": 0.02, "pivot": [-2, 11, -2], "rotation": [0, 0, -15], "uv": [37, 24], "mirror": true},
						{"origin": [-7, 0, -2], "size": [14, 1, 4], "uv": [0, 14]},
						{"origin": [-8, 10, -2], "size": [16, 1, 1], "uv": [0, 29]},
						{"origin": [-8, 1, -2], "size": [16, 1, 1], "uv": [0, 26]},
						{"origin": [-9, 2, -2], "size": [1, 8, 4], "uv": [31, 28]},
						{"origin": [8, 2, -2], "size": [1, 8, 4], "uv": [31, 28], "mirror": true},
						{"origin": [-9, -0.825, -2], "size": [1, 2.825, 4], "pivot": [-9, 2, 0], "rotation": [0, 0, -45], "uv": [33, 17]},
						{"origin": [8, -0.825, -2], "size": [1, 2.825, 4], "pivot": [9, 2, 0], "rotation": [0, 0, 45], "uv": [33, 17], "mirror": true},
						{"origin": [-9, 10, -2], "size": [1, 2.825, 4], "pivot": [-9, 10, 0], "rotation": [0, 0, 45], "uv": [13, 32]},
						{"origin": [8, 10, -2], "size": [1, 2.825, 4], "pivot": [9, 10, 0], "rotation": [0, 0, -45], "uv": [13, 32], "mirror": true}
					]
				},
				{
					"name": "arms",
					"parent": "pc_store",
					"pivot": [0, 0, 0]
				},
				{
					"name": "right_arm",
					"parent": "arms",
					"pivot": [-9, 9.5, 0],
					"cubes": [
						{"origin": [-13, 9, -0.5], "size": [5, 1, 1], "uv": [0, 36]},
						{"origin": [-13, 9, -0.5], "size": [2, 4, 1], "pivot": [-13, 9, -1], "rotation": [0, 0, -15], "uv": [24, 32]},
						{"origin": [-17.69191, 11.4927, -0.5], "size": [7, 2, 1], "pivot": [-10.76126, 5.37018, -1], "rotation": [0, 0, -10], "uv": [0, 32]},
						{"origin": [-17.69191, 10.4927, -0.52], "size": [7, 3, 0], "pivot": [-10.76126, 5.37018, -1], "rotation": [0, 0, -10], "uv": [8, 39]},
						{"origin": [-17.69191, 10.4927, 0.52], "size": [7, 3, 0], "pivot": [-10.76126, 5.37018, -1], "rotation": [0, 0, -10], "uv": [8, 39]},
						{"origin": [-17.69191, 10.7, -0.5], "size": [1, 3, 1], "inflate": 0.1, "pivot": [-10.76126, 5.37018, -1], "rotation": [0, 0, -10], "uv": [23, 38]},
						{"origin": [-18.40803, 9.32584, -0.5], "size": [7, 1, 1], "pivot": [-18.66125, 9.53174, -1], "rotation": [0, 0, -20], "uv": [33, 14]}
					]
				},
				{
					"name": "left_arm",
					"parent": "arms",
					"pivot": [9, 9.5, 0],
					"cubes": [
						{"origin": [8, 9, -0.5], "size": [5, 1, 1], "uv": [0, 36], "mirror": true},
						{"origin": [11, 9, -0.5], "size": [2, 4, 1], "pivot": [13, 9, -1], "rotation": [0, 0, 15], "uv": [24, 32], "mirror": true},
						{"origin": [10.69191, 11.4927, -0.5], "size": [7, 2, 1], "pivot": [10.76126, 5.37018, -1], "rotation": [0, 0, 10], "uv": [0, 32], "mirror": true},
						{"origin": [10.69191, 10.4927, -0.52], "size": [7, 3, 0], "pivot": [10.76126, 5.37018, -1], "rotation": [0, 0, 10], "uv": [8, 39], "mirror": true},
						{"origin": [10.69191, 10.4927, 0.52], "size": [7, 3, 0], "pivot": [10.76126, 5.37018, -1], "rotation": [0, 0, 10], "uv": [8, 39], "mirror": true},
						{"origin": [16.69191, 10.7, -0.5], "size": [1, 3, 1], "inflate": 0.1, "pivot": [10.76126, 5.37018, -1], "rotation": [0, 0, 10], "uv": [23, 38], "mirror": true},
						{"origin": [11.40803, 9.32584, -0.5], "size": [7, 1, 1], "pivot": [18.66125, 9.53174, -1], "rotation": [0, 0, 20], "uv": [33, 14], "mirror": true}
					]
				}
			]
		}
	]
}