{
	"format_version": "1.12.0",
	"minecraft:geometry": [
		{
			"description": {
				"identifier": "geometry.serplab",
				"texture_width": 128,
				"texture_height": 128,
				"visible_bounds_width": 3,
				"visible_bounds_height": 2.5,
				"visible_bounds_offset": [0, 0.75, 0]
			},
			"bones": [
				{
					"name": "fossil_machine",
					"pivot": [0, 0, 0]
				},
				{
					"name": "body",
					"parent": "fossil_machine",
					"pivot": [0, 8, 0]
				},
				{
					"name": "helix",
					"parent": "body",
					"pivot": [0, 10, 0],
					"cubes": [
						{"origin": [-6, 6.5, 0], "size": [12, 12, 0], "uv": [0, 116]}
					]
				},
				{
					"name": "dome",
					"parent": "body",
					"pivot": [0, 10, 0],
					"cubes": [
						{"origin": [-6, 6.5, 0], "size": [12, 12, 0], "uv": [0, 104]}
					]
				},
				{
					"name": "amber",
					"parent": "body",
					"pivot": [0, 10, 0],
					"cubes": [
						{"origin": [-6, 6.5, 0], "size": [12, 12, 0], "uv": [0, 92]}
					]
				},
				{
					"name": "dna",
					"parent": "body",
					"pivot": [0, 10, 0],
					"cubes": [
						{"origin": [-6, 6.5, 0], "size": [12, 12, 0], "uv": [98, 13]}
					]
				},
				{
					"name": "claw",
					"parent": "body",
					"pivot": [0, 10, 0],
					"cubes": [
						{"origin": [-6, 6.5, 0], "size": [12, 12, 0], "uv": [24, 92]}
					]
				},
				{
					"name": "root",
					"parent": "body",
					"pivot": [0, 10, 0],
					"cubes": [
						{"origin": [-6, 6.5, 0], "size": [12, 12, 0], "uv": [48, 92]}
					]
				},
				{
					"name": "armor",
					"parent": "body",
					"pivot": [0, 10, 0],
					"cubes": [
						{"origin": [-6, 6.5, 0], "size": [12, 12, 0], "uv": [72, 92]}
					]
				},
				{
					"name": "skull",
					"parent": "body",
					"pivot": [0, 10, 0],
					"cubes": [
						{"origin": [-6, 6.5, 0], "size": [12, 12, 0], "uv": [96, 92]}
					]
				},
				{
					"name": "shell",
					"parent": "body",
					"pivot": [0, 10, 0],
					"cubes": [
						{"origin": [-6, 6.5, 0], "size": [12, 12, 0], "uv": [24, 104]}
					]
				},
				{
					"name": "plume",
					"parent": "body",
					"pivot": [0, 10, 0],
					"cubes": [
						{"origin": [-6, 6.5, 0], "size": [12, 12, 0], "uv": [48, 104]}
					]
				},
				{
					"name": "jaw",
					"parent": "body",
					"pivot": [0, 10, 0],
					"cubes": [
						{"origin": [-6, 6.5, 0], "size": [12, 12, 0], "uv": [72, 104]}
					]
				},
				{
					"name": "sail",
					"parent": "body",
					"pivot": [0, 10, 0],
					"cubes": [
						{"origin": [-6, 6.5, 0], "size": [12, 12, 0], "uv": [96, 104]}
					]
				},
				{
					"name": "bird",
					"parent": "body",
					"pivot": [0, 10, 0],
					"cubes": [
						{"origin": [-6, 6.5, 0], "size": [12, 12, 0], "uv": [24, 116]}
					]
				},
				{
					"name": "fish",
					"parent": "body",
					"pivot": [0, 10, 0],
					"cubes": [
						{"origin": [-6, 6.5, 0], "size": [12, 12, 0], "uv": [48, 116]}
					]
				},
				{
					"name": "drake",
					"parent": "body",
					"pivot": [0, 10, 0],
					"cubes": [
						{"origin": [-6, 6.5, 0], "size": [12, 12, 0], "uv": [72, 116]}
					]
				},
				{
					"name": "dino",
					"parent": "body",
					"pivot": [0, 10, 0],
					"cubes": [
						{"origin": [-6, 6.5, 0], "size": [12, 12, 0], "uv": [96, 116]}
					]
				},
				{
					"name": "egg",
					"parent": "body",
					"pivot": [0, 10, 0],
					"cubes": [
						{"origin": [-6, 6.5, 0], "size": [12, 12, 0], "uv": [98, 0]}
					]
				},
				{
					"name": "up_part",
					"parent": "fossil_machine",
					"pivot": [0, 15, 0],
					"rotation": [0, -45, 0],
					"cubes": [
						{"origin": [-3, 16, -8], "size": [6, 5, 16], "uv": [0, 0]},
						{"origin": [-3, 21, -3], "size": [6, 2, 6], "uv": [69, 66]},
						{"origin": [-8.3, 21, -3], "size": [5.3, 2, 6], "pivot": [-3, 23, 0], "rotation": [0, 0, -22.5], "uv": [75, 50]},
						{"origin": [3, 21, -3], "size": [5.3, 2, 6], "pivot": [3, 23, 0], "rotation": [0, 0, 22.5], "uv": [60, 74]},
						{"origin": [-3, 21, -8.3], "size": [6, 2, 5.3], "pivot": [0, 23, -3], "rotation": [22.5, 0, 0], "uv": [0, 77]},
						{"origin": [-3, 21, 3], "size": [6, 2, 5.3], "pivot": [0, 23, 3], "rotation": [-22.5, 0, 0], "uv": [75, 58]},
						{"origin": [-4, 15.5, -4], "size": [8, 0, 8], "uv": [20, 0]},
						{"origin": [-2, 15, -7], "size": [4, 1, 3], "uv": [17, 77]},
						{"origin": [-2, 15, 4], "size": [4, 1, 3], "uv": [76, 74]},
						{"origin": [-8, 16, -3], "size": [16, 5, 6], "uv": [38, 35]},
						{"origin": [4, 15, -2], "size": [3, 1, 4], "uv": [0, 31]},
						{"origin": [-7, 15, -2], "size": [3, 1, 4], "uv": [0, 26]},
						{"origin": [-7.5, 16.5, -3.5], "size": [15, 3, 7], "pivot": [0, 15, 0], "rotation": [0, 45, 0], "uv": [37, 46]},
						{"origin": [-7.5, 16.5, -3.5], "size": [15, 3, 7], "pivot": [0, 15, 0], "rotation": [0, -45, 0], "uv": [0, 41]}
					]
				},
				{
					"name": "mid_part",
					"parent": "fossil_machine",
					"pivot": [0, 4, 0],
					"rotation": [0, -45, 0],
					"cubes": [
						{"origin": [-2, 5, -7], "size": [4, 11, 14], "inflate": 0.03, "uv": [30, 7]},
						{"origin": [-7, 5, -2], "size": [14, 11, 4], "inflate": 0.03, "uv": [66, 20]},
						{"origin": [-6.5, 5, -2.5], "size": [13, 11, 5], "inflate": 0.03, "pivot": [0, 4, 0], "rotation": [0, 45, 0], "uv": [39, 56]},
						{"origin": [-6.5, 5, -2.5], "size": [13, 11, 5], "inflate": 0.03, "pivot": [0, 4, 0], "rotation": [0, -45, 0], "uv": [39, 56]},
						{"origin": [-7.5, 7, -0.5], "size": [0, 6, 8], "inflate": 0.02, "pivot": [0, 4, 0], "rotation": [0, -45, 0], "uv": [0, 0]},
						{"origin": [-10.5, 1.5, 0], "size": [6, 21, 0], "pivot": [0, 0, 0], "rotation": [0, 45, 0], "uv": [48, 72]},
						{"origin": [4.5, 1.5, 0], "size": [6, 21, 0], "pivot": [0, 0, 0], "rotation": [0, 45, 0], "uv": [36, 72]}
					]
				},
				{
					"name": "down_part",
					"parent": "fossil_machine",
					"pivot": [0, 0, 0],
					"rotation": [0, -45, 0],
					"cubes": [
						{"origin": [-3, 1, -8], "size": [6, 4, 16], "uv": [0, 21]},
						{"origin": [-4, 5.5, -4], "size": [8, 0, 8], "uv": [20, 8]},
						{"origin": [-2, 0, -7], "size": [4, 1, 3], "uv": [19, 81]},
						{"origin": [-2, 5, -7], "size": [4, 1, 3], "uv": [74, 46]},
						{"origin": [-2, 0, 4], "size": [4, 1, 3], "uv": [79, 79]},
						{"origin": [-2, 5, 4], "size": [4, 1, 3], "uv": [76, 35]},
						{"origin": [-8, 1, -3], "size": [16, 4, 6], "uv": [52, 10]},
						{"origin": [4, 0, -2], "size": [3, 1, 4], "uv": [44, 0]},
						{"origin": [4, 5, -2], "size": [3, 1, 4], "uv": [0, 0]},
						{"origin": [-7, 0, -2], "size": [3, 1, 4], "uv": [28, 32]},
						{"origin": [-7, 5, -2], "size": [3, 1, 4], "uv": [0, 21]},
						{"origin": [-7.5, 1.5, -3.5], "size": [15, 3, 7], "pivot": [0, 0, 0], "rotation": [0, 45, 0], "uv": [52, 0]},
						{"origin": [-7.5, 1.5, -3.5], "size": [15, 3, 7], "pivot": [0, 0, 0], "rotation": [0, -45, 0], "uv": [0, 51]}
					]
				}
			]
		},
		{
			"description": {
				"identifier": "geometry.serpfossil_glass",
				"texture_width": 128,
				"texture_height": 128,
				"visible_bounds_width": 3,
				"visible_bounds_height": 2.5,
				"visible_bounds_offset": [0, 0.75, 0]
			},
			"bones": [
				{
					"name": "fossil_machine",
					"pivot": [0, 0, 0]
				},
				{
					"name": "mid_part",
					"parent": "fossil_machine",
					"pivot": [0, 4, 0],
					"rotation": [0, -45, 0],
					"cubes": [
						{"origin": [-2.7, 5, -6.5], "size": [5.4, 11, 13], "inflate": 0.01, "uv": [5, 16]},
						{"origin": [-6.5, 5, -2.7], "size": [13, 11, 5.4], "inflate": 0.01, "uv": [0, 24]},
						{"origin": [-6.5, 5, -2.7], "size": [13, 11, 5.4], "inflate": 0.01, "pivot": [0, 4, 0], "rotation": [0, 45, 0], "uv": [0, 24]},
						{"origin": [-6.5, 5, -2.7], "size": [13, 11, 5.4], "inflate": 0.01, "pivot": [0, 4, 0], "rotation": [0, -45, 0], "uv": [0, 24]}
					]
				}
			]
		}
	]
}