{
	"format_version": "1.12.0",
	"minecraft:geometry": [
		{
			"description": {
				"identifier": "geometry.serpcommunicator",
				"texture_width": 80,
				"texture_height": 80,
				"visible_bounds_width": 3,
				"visible_bounds_height": 3.5,
				"visible_bounds_offset": [0, 1.25, 0]
			},
			"bones": [
				{
					"name": "root",
					"pivot": [0, 0, 0]
				},
				{
					"name": "machine",
					"parent": "root",
					"pivot": [0, 0, 0],
					"cubes": [
						{"origin": [-6, 0, -8], "size": [12, 14, 2], "uv": [49, 0]},
						{"origin": [-6, 0, 6], "size": [12, 14, 2], "uv": [0, 41]},
						{"origin": [-2, 14, 4], "size": [4, 4, 2], "uv": [36, 56]},
						{"origin": [-6, 18, 4], "size": [12, 2, 2], "uv": [50, 28]},
						{"origin": [-6, 30, 4], "size": [12, 2, 2], "uv": [50, 28]},
						{"origin": [-9, 21, 4], "size": [2, 8, 2], "uv": [0, 13]},
						{"origin": [7, 21, 4], "size": [2, 8, 2], "uv": [0, 13], "mirror": true},
						{"origin": [-2, 32, 5], "size": [4, 6, 0], "inflate": 0.02, "uv": [0, 26]},
						{"origin": [-7, 20, 6], "size": [14, 10, 0], "uv": [49, 17]},
						{"origin": [-10.24, 18, 4], "size": [4.24, 2, 2], "pivot": [-6, 18, 5], "rotation": [0, 0, 45], "uv": [0, 58]},
						{"origin": [6, 18, 4], "size": [4.24, 2, 2], "pivot": [6, 18, 5], "rotation": [0, 0, -45], "uv": [0, 58], "mirror": true},
						{"origin": [-10.24187, 29.99813, 4], "size": [4.24, 2, 2], "pivot": [-6.00187, 31.99813, 5], "rotation": [0, 0, -45], "uv": [0, 58]},
						{"origin": [6.00187, 29.99813, 4], "size": [4.24, 2, 2], "pivot": [6.00187, 31.99813, 5], "rotation": [0, 0, 45], "uv": [0, 58], "mirror": true},
						{"origin": [-1.20258, 0, -10.02944], "size": [2.83, 14, 2], "pivot": [0.26346, 0, 0.19239], "rotation": [0, 45, 0], "uv": [27, 56]},
						{"origin": [-1.62742, 0, -10.02944], "size": [2.83, 14, 2], "pivot": [-0.26346, 0, 0.19239], "rotation": [0, -45, 0], "uv": [27, 56], "mirror": true},
						{"origin": [-1.20258, 0, 8.02944], "size": [2.83, 14, 2], "pivot": [0.26346, 0, -0.19239], "rotation": [0, -45, 0], "uv": [27, 56]},
						{"origin": [-1.62742, 0, 8.02944], "size": [2.83, 14, 2], "pivot": [-0.26346, 0, -0.19239], "rotation": [0, 45, 0], "uv": [27, 56], "mirror": true},
						{"origin": [-8, 0, -6], "size": [2, 14, 12], "uv": [33, 29]},
						{"origin": [6, 0, -6], "size": [2, 14, 12], "uv": [33, 29], "mirror": true},
						{"origin": [-9, 8, -2], "size": [1, 4, 4], "uv": [0, 0]},
						{"origin": [8, 8, -2], "size": [1, 4, 4], "uv": [0, 0], "mirror": true},
						{"origin": [-6, 0.5, -6], "size": [12, 0, 12], "uv": [0, 13]},
						{"origin": [-6, 14, -6], "size": [12, 0, 12], "uv": [0, 0]},
						{"origin": [-6, 10, -6], "size": [12, 4, 10], "pivot": [0, 14, -6], "rotation": [20, 0, 0], "uv": [0, 26]},
						{"origin": [-5, 14, -3], "size": [3, 1, 6], "pivot": [0, 14, -6], "rotation": [20, 0, 0], "uv": [50, 33]},
						{"origin": [-1, 13.5, -3.5], "size": [1, 1, 1], "pivot": [0, 14, -6], "rotation": [20, 0, 0], "uv": [7, 0]},
						{"origin": [-1, 13.5, -2], "size": [1, 1, 1], "pivot": [0, 14, -6], "rotation": [20, 0, 0], "uv": [7, 0]},
						{"origin": [2, 13.5, -3.5], "size": [1, 1, 1], "pivot": [0, 14, -6], "rotation": [20, 0, 0], "uv": [7, 0]},
						{"origin": [2, 13.5, -2], "size": [1, 1, 1], "pivot": [0, 14, -6], "rotation": [20, 0, 0], "uv": [7, 0]},
						{"origin": [0.5, 13.5, -3.5], "size": [1, 1, 1], "pivot": [0, 14, -6], "rotation": [20, 0, 0], "uv": [7, 0]},
						{"origin": [0.5, 13.5, -2], "size": [1, 1, 1], "pivot": [0, 14, -6], "rotation": [20, 0, 0], "uv": [7, 0]},
						{"origin": [3.5, 13.5, -3.5], "size": [1, 1, 1], "pivot": [0, 14, -6], "rotation": [20, 0, 0], "uv": [7, 0]},
						{"origin": [3.5, 13.5, -2], "size": [1, 1, 1], "pivot": [0, 14, -6], "rotation": [20, 0, 0], "uv": [7, 0]},
						{"origin": [-3, 13.5, -5], "size": [6, 1, 1], "pivot": [0, 14, -6], "rotation": [20, 0, 0], "uv": [49, 56]}
					]
				},
				{
					"name": "arms",
					"parent": "root",
					"pivot": [0, 10, 0]
				},
				{
					"name": "right_arm",
					"parent": "arms",
					"pivot": [-8, 10, 0],
					"cubes": [
						{"origin": [-12, 9, -1], "size": [3, 2, 2], "pivot": [-9, 9, 0], "rotation": [0, 0, 30], "uv": [37, 0]},
						{"origin": [-14.59808, 10.5, -1], "size": [3, 2, 2], "pivot": [-11.59808, 10.5, 0], "rotation": [0, 0, 60], "uv": [37, 0]},
						{"origin": [-13.09808, 13.09808, -1], "size": [2, 3, 2], "uv": [35, 26]},
						{"origin": [-13.09808, 16.09808, -1], "size": [2, 3, 2], "pivot": [-13.09808, 16.09808, 0], "rotation": [0, 0, 30], "uv": [35, 26]},
						{"origin": [-11.59808, 18.69615, -1], "size": [2, 3, 2], "pivot": [-11.59808, 18.69615, 0], "rotation": [0, 0, 60], "uv": [35, 26]},
						{"origin": [-11.59808, 21.69615, -1], "size": [2, 2, 2], "inflate": 0.5, "pivot": [-11.59808, 18.69615, 0], "rotation": [0, 0, 60], "uv": [37, 5]},
						{"origin": [-7.36603, 20.36603, 0], "size": [1, 4, 0], "pivot": [-6.59808, 20.69615, 0], "rotation": [0, 0, 20], "uv": [9, 14]}
					]
				},
				{
					"name": "left_arm",
					"parent": "arms",
					"pivot": [8, 10, 0],
					"cubes": [
						{"origin": [9, 9, -1], "size": [3, 2, 2], "pivot": [9, 9, 0], "rotation": [0, 0, -30], "uv": [37, 0], "mirror": true},
						{"origin": [11.59808, 10.5, -1], "size": [3, 2, 2], "pivot": [11.59808, 10.5, 0], "rotation": [0, 0, -60], "uv": [37, 0], "mirror": true},
						{"origin": [11.09808, 13.09808, -1], "size": [2, 3, 2], "uv": [35, 26], "mirror": true},
						{"origin": [11.09808, 16.09808, -1], "size": [2, 3, 2], "pivot": [13.09808, 16.09808, 0], "rotation": [0, 0, -30], "uv": [35, 26], "mirror": true},
						{"origin": [9.59808, 18.69615, -1], "size": [2, 3, 2], "pivot": [11.59808, 18.69615, 0], "rotation": [0, 0, -60], "uv": [35, 26], "mirror": true},
						{"origin": [9.59808, 21.69615, -1], "size": [2, 2, 2], "inflate": 0.5, "pivot": [11.59808, 18.69615, 0], "rotation": [0, 0, -60], "uv": [37, 5], "mirror": true},
						{"origin": [4, 21, 0], "size": [5, 4, 0], "pivot": [6.59808, 20.69615, 0], "rotation": [0, 0, -20], "uv": [9, 19], "mirror": true}
					]
				}
			]
		},
		{
			"description": {
				"identifier": "geometry.video_screen",
				"texture_width": 32,
				"texture_height": 32,
				"visible_bounds_width": 3,
				"visible_bounds_height": 3.5,
				"visible_bounds_offset": [0, 1.25, 0]
			},
			"bones": [
				{
					"name": "bb_main",
					"pivot": [0, 0, 0],
					"cubes": [
						{
							"origin": [-7, 20, 5],
							"size": [14, 10, 0],
							 "inflate": 0.02,
							"uv": {
								"north": {"uv": [0, 0], "uv_size": [32, 32]},
								"east": {"uv": [0, 0], "uv_size": [0, 10]},
								"south": {"uv": [0, 32], "uv_size": [32, 0]},
								"west": {"uv": [0, 0], "uv_size": [0, 10]},
								"up": {"uv": [0, 0], "uv_size": [14, 0]},
								"down": {"uv": [0, 0], "uv_size": [14, 0]}
							}
						}
					]
				}
			]
		}
	]
}