{
	"format_version": "1.12.0",
	"minecraft:geometry": [
		{
			"description": {
				"identifier": "geometry.serpslot",
				"texture_width": 112,
				"texture_height": 112,
				"visible_bounds_width": 3,
				"visible_bounds_height": 3.5,
				"visible_bounds_offset": [0, 1.25, 0]
			},
			"bones": [
				{
					"name": "slot_machine",
					"pivot": [0, 0, 0]
				},
				{
					"name": "machine",
					"parent": "slot_machine",
					"pivot": [0, 0, 0],
					"cubes": [
						{"origin": [-8, 0, -8], "size": [16, 16, 15], "uv": [0, 0]},
						{"origin": [-8, 10, -9], "size": [16, 6, 1], "uv": [49, 0]},
						{"origin": [3, 11, -11], "size": [4, 4, 2], "uv": [40, 32]},
						{"origin": [-7, 11, -11], "size": [4, 4, 2], "uv": [40, 32]},
						{"origin": [-2, 11, -11], "size": [4, 4, 2], "uv": [40, 32]},
						{"origin": [-8, 16, 0], "size": [16, 15, 7], "uv": [0, 32]},
						{"origin": [-9, 0, 6], "size": [2, 31, 2], "uv": [94, 23]},
						{"origin": [7, 0, 6], "size": [2, 31, 2], "uv": [94, 23], "mirror": true},
						{"origin": [-9.5, 31, 5.5], "size": [3, 1, 3], "uv": [0, 78]},
						{"origin": [6.5, 31, 5.5], "size": [3, 1, 3], "uv": [0, 78], "mirror": true},
						{"origin": [-8, 16, -7], "size": [16, 15, 7], "pivot": [0, 16, -7], "rotation": [-29, 0, 0], "uv": [47, 32]}
					]
				},
				{
					"name": "wheels",
					"parent": "slot_machine",
					"pivot": [0, 0, 0]
				},
				{
					"name": "1",
					"parent": "wheels",
					"pivot": [4, 22, -2],
					"cubes": [
						{"origin": [0, 15, -6], "size": [8, 14, 8], "inflate": -2.3, "pivot": [6, 22, -2], "rotation": [90, 0, 0], "uv": [66, 55]},
						{"origin": [0, 15, -6], "size": [8, 14, 8], "inflate": -2.3, "uv": [33, 55]},
						{"origin": [0, 15, -6], "size": [8, 14, 8], "inflate": -2.3, "pivot": [6, 22, -2], "rotation": [45, 0, 0], "uv": [0, 55]},
						{"origin": [0, 15, -6], "size": [8, 14, 8], "inflate": -2.3, "pivot": [6, 22, -2], "rotation": [135, 0, 0], "uv": [76, 0]}
					]
				},
				{
					"name": "2",
					"parent": "wheels",
					"pivot": [0, 22, -2],
					"cubes": [
						{"origin": [-4, 15, -6], "size": [8, 14, 8], "inflate": -2.3, "pivot": [2, 22, -2], "rotation": [90, 0, 0], "uv": [76, 0]},
						{"origin": [-4, 15, -6], "size": [8, 14, 8], "inflate": -2.3, "uv": [0, 55]},
						{"origin": [-4, 15, -6], "size": [8, 14, 8], "inflate": -2.3, "pivot": [2, 22, -2], "rotation": [45, 0, 0], "uv": [33, 55]},
						{"origin": [-4, 15, -6], "size": [8, 14, 8], "inflate": -2.3, "pivot": [2, 22, -2], "rotation": [135, 0, 0], "uv": [66, 55]}
					]
				},
				{
					"name": "3",
					"parent": "wheels",
					"pivot": [-4, 22, -2],
					"cubes": [
						{"origin": [-8, 15, -6], "size": [8, 14, 8], "inflate": -2.3, "pivot": [-2, 22, -2], "rotation": [90, 0, 0], "uv": [33, 55]},
						{"origin": [-8, 15, -6], "size": [8, 14, 8], "inflate": -2.3, "uv": [0, 55]},
						{"origin": [-8, 15, -6], "size": [8, 14, 8], "inflate": -2.3, "pivot": [-2, 22, -2], "rotation": [45, 0, 0], "uv": [76, 0]},
						{"origin": [-8, 15, -6], "size": [8, 14, 8], "inflate": -2.3, "pivot": [-2, 22, -2], "rotation": [135, 0, 0], "uv": [66, 55]}
					]
				},
				{
					"name": "lever",
					"parent": "slot_machine",
					"pivot": [9, 17, 0],
					"cubes": [
						{"origin": [9, 19, -0.5], "size": [1, 11, 1], "uv": [63, 12]},
						{"origin": [8, 15, -2], "size": [3, 4, 4], "uv": [0, 0]},
						{"origin": [8, 30, -1.5], "size": [3, 3, 3], "uv": [63, 25]}
					]
				}
			]
		}
	]
}