{
	"format_version": "1.12.0",
	"minecraft:geometry": [
		{
			"description": {
				"identifier": "geometry.incubator",
				"texture_width": 80,
				"texture_height": 80,
				"visible_bounds_width": 3,
				"visible_bounds_height": 2.5,
				"visible_bounds_offset": [0, 0.75, 0]
			},
			"bones": [
				{
					"name": "machine",
					"pivot": [0, 0, 0]
				},
				{
					"name": "base",
					"parent": "machine",
					"pivot": [0, 0, 0],
					"cubes": [
						{"origin": [-2.5, 0, -6], "size": [5, 2, 12], "uv": [23, 16]},
						{"origin": [-5.5, 2.1, -5.5], "size": [11, 0, 11], "uv": [0, 0]},
						{"origin": [-2.5, 12, -6], "size": [5, 3, 12], "uv": [0, 12]},
						{"origin": [-2, 15, -5], "size": [4, 1, 10], "uv": [0, 40]},
						{"origin": [-2, 2, -5.5], "size": [4, 10, 0], "uv": [0, 12]},
						{"origin": [-2, 2, 5.5], "size": [4, 10, 0], "uv": [0, 12]},
						{"origin": [-6.95, 2, -5.5], "size": [4.95, 10, 0], "pivot": [-2, 2, -5.5], "rotation": [0, 45, 0], "uv": [0, 0]},
						{"origin": [2, 2, -5.5], "size": [4.95, 10, 0], "pivot": [2, 2, -5.5], "rotation": [0, -45, 0], "uv": [0, 0], "mirror": true},
						{"origin": [2, 2, 5.5], "size": [4.95, 10, 0], "pivot": [2, 2, 5.5], "rotation": [0, 45, 0], "uv": [0, 0], "mirror": true},
						{"origin": [-6.95, 2, 5.5], "size": [4.95, 10, 0], "pivot": [-2, 2, 5.5], "rotation": [0, -45, 0], "uv": [0, 0]},
						{"origin": [0.5, 0, -7.24264], "size": [3, 2, 4.95], "pivot": [-2.5, 5, -10.24264], "rotation": [0, -45, 0], "uv": [46, 14]},
						{"origin": [-3.5, 0, -7.24264], "size": [3, 2, 4.95], "pivot": [2.5, 5, -10.24264], "rotation": [0, 45, 0], "uv": [46, 14], "mirror": true},
						{"origin": [-3.5, 0, 2.29264], "size": [3, 2, 4.95], "pivot": [2.5, 5, 10.24264], "rotation": [0, -45, 0], "uv": [46, 14], "mirror": true},
						{"origin": [0.5, 0, 2.29264], "size": [3, 2, 4.95], "pivot": [-2.5, 5, 10.24264], "rotation": [0, 45, 0], "uv": [46, 14]},
						{"origin": [0.5, 12, -7.24264], "size": [3, 3, 4.95], "pivot": [-2.5, 5, -10.24264], "rotation": [0, -45, 0], "uv": [38, 41]},
						{"origin": [-3.5, 12, -7.24264], "size": [3, 3, 4.95], "pivot": [2.5, 5, -10.24264], "rotation": [0, 45, 0], "uv": [38, 41], "mirror": true},
						{"origin": [-3.5, 12, 2.29264], "size": [3, 3, 4.95], "pivot": [2.5, 5, 10.24264], "rotation": [0, -45, 0], "uv": [38, 41], "mirror": true},
						{"origin": [0.5, 12, 2.29264], "size": [3, 3, 4.95], "pivot": [-2.5, 5, 10.24264], "rotation": [0, 45, 0], "uv": [38, 41]},
						{"origin": [1, 15, -6.24264], "size": [3, 1, 4.242], "pivot": [-2, 6, -9.24264], "rotation": [0, -45, 0], "uv": [46, 21]},
						{"origin": [-4, 15, -6.24264], "size": [3, 1, 4.242], "pivot": [2, 6, -9.24264], "rotation": [0, 45, 0], "uv": [46, 21], "mirror": true},
						{"origin": [-4, 15, 2.00064], "size": [3, 1, 4.242], "pivot": [2, 6, 9.24264], "rotation": [0, -45, 0], "uv": [46, 21], "mirror": true},
						{"origin": [1, 15, 2.00064], "size": [3, 1, 4.242], "pivot": [-2, 6, 9.24264], "rotation": [0, 45, 0], "uv": [46, 21]},
						{"origin": [-5.5, 2, -2], "size": [0, 10, 4], "uv": [29, 41]},
						{"origin": [5.5, 2, -2], "size": [0, 10, 4], "uv": [29, 41]},
						{"origin": [-6, 0, -2.5], "size": [12, 2, 5], "uv": [34, 0]},
						{"origin": [-6, 12, -2.5], "size": [12, 3, 5], "uv": [0, 31]},
						{"origin": [-2, 11, -2], "size": [4, 1, 4], "uv": [0, 52]},
						{"origin": [-5, 15, -2], "size": [10, 1, 4], "uv": [41, 8]},
						{"origin": [-4, 16.1, -4], "size": [8, 0, 8], "uv": [27, 32]}
					]
				}
			]
		},
		{
			"description": {
				"identifier": "geometry.incubator_egg",
				"texture_width": 16,
				"texture_height": 16,
				"visible_bounds_width": 2,
				"visible_bounds_height": 2.5,
				"visible_bounds_offset": [0, 0.75, 0]
			},
			"bones": [
				{
					"name": "egg",
					"pivot": [0, 2.5, 0],
					"cubes": [
						{"origin": [-3, 2.5, 0], "size": [6, 8, 0], "uv": [0, 0]}
					]
				}
			]
		}
    ]
}