{
  "format_version":"1.10.0",
  "minecraft:client_entity":{
    "description":{
      "identifier":"pokemon:p110",
      "materials":{"default":"entity_emissive_alpha","aura":"charged_creeper"},
      "textures":{
    "hp":"textures/ui/hp",
    "max_aura":"textures/entity/aura/max",
    "totem_aura":"textures/entity/aura/totem",
    "default":"textures/entity/normal/koffing/weezing",
    "default_s":"textures/entity/shiny/koffing/weezing",
    "max":"textures/entity/normal/koffing/weezing",
    "max_s":"textures/entity/shiny/koffing/weezing"
      },
      "geometry":{
    "hp":"geometry.health_bar",
    "aura":"geometry.serpweezing_aura",
    "default":"geometry.serpweezing",
    "max":"geometry.serpweezing"
      },
      "animations":{
    "health_bar":"animation.weezing.health_bar",
    "eyes_controller":"controller.animation.eyes",
    "open":"animation.serpmob.open",
    "close":"animation.serpmob.close",
    "angry":"animation.serpmob.angry",
    "fainted":"animation.serpmob.fainted",
    "quiet":"animation.weezing.quiet",
    "walk":"animation.weezing.walk",
    "sit":"animation.weezing.sitting",
    "attack":"animation.weezing.attack",
    "look_at_target":"animation.common.look_at_target",
    "direction":"animation.weezing.direction",
    "main_controller":"controller.animation.pokemon_fly",
    "effects_controller":"controller.animation.gastly_effects",
    "gastly_controller":"controller.animation.gastly_smoke"
      },
      "particle_effects":{
    "shiny":"serp:shiny",
    "gastly_smoke":"serp:koffing_smoke",
    "gastly_s_smoke":"serp:koffings_smoke"
      },
      "scripts":{
        "scale":"1.2",
        "animate":["effects_controller","main_controller"]
      },
      "render_controllers":[{"controller.render.pokemon_a":"query.property('serp:v')>=0&&query.property('serp:v')<=2"},{"controller.render.pokemons_a":"query.property('serp:v')>=3&&query.property('serp:v')<=5"},{"controller.render.max":"query.variant==4"},{"controller.render.totem":"query.variant==6"},"controller.render.hp"]
    }
  }
}