{
	"format_version": "1.8.0",
	"animations": {
		"animation.kakuna.quiet": {
			"loop": true,
			"animation_length": 1.6,
			"bones": {
				"kakuna": {
					"rotation": {
						"0.0": [-5, 5, -5],
						"0.4": [5, 0, 0],
						"0.8": [-5, -5, 5],
						"1.2": [5, 0, 0],
						"1.6": [-5, 5, -5]
					},
					"position": {
						"0.0": [0, 0, 0],
						"0.4": [0, 0, 0],
						"0.8": [0, 0, 0],
						"1.2": [0, 0, 0],
						"1.6": [0, 0, 0]
					}
				}
			}
		},
		"animation.kakuna.walk": {
			"loop": true,
			"animation_length": 1.64,
			"bones": {
				"kakuna": {
					"rotation": {
						"0.0": [-5, 5, -5],
						"0.4": [5, 0, 0],
						"0.8": [-5, -5, 5],
						"1.2": [5, 0, 0],
						"1.6": [-5, 5, -5]
					},
					"position": {
						"0.0": [0, 0, 0],
						"0.4": [0, 0, 0],
						"0.8": [0, 0, 0],
						"1.2": [0, 0, 0],
						"1.6": [0, 0, 0]
					}
				}
			}
		},
        "animation.kakuna.health_bar":{
            "loop":true,
            "bones":{
                "health_hover":{
    "rotation":["q.camera_rotation(0)","q.camera_rotation(1)-q.body_y_rotation",0],
	"position": [0,22.5,0],
    "scale":"query.is_in_ui?0:1.5"
                },
				"bar_green": {
					"scale": ["query.health/query.max_health*1", 1, 1]
				},
				"bar_black": {
					"scale": ["(1)+(query.health/query.max_health*-1)", 1, 1]
				}
			}
        }
	}
}