{
	"format_version": "1.8.0",
	"animations": {
		"animation.weedle.quiet": {
			"loop": true,
			"animation_length": 1.6,
			"bones": {
				"head": {
					"rotation": {
						"0.0": [0, 10, 0],
						"0.4": [0, 0, 0],
						"0.8": [0, -10, 0],
						"1.2": [0, -2.5, 0],
						"1.6": [0, 7.5, 0]
					},
					"position": {
						"0.0": [-1, 0, 0],
						"0.4": [0, 0, 1],
						"0.8": [1, 0, 0],
						"1.2": [0, 0, 1],
						"1.6": [-1, 0, 0]
					}
				},
				"body2": {
					"rotation": {
						"0.0": [12.5, 10, 0],
						"0.4": [0, 0, 0],
						"0.8": [12.5, -10, 0],
						"1.2": [0, 0, 0],
						"1.6": [12.5, 10, 0]
					}
				},
				"tail": {
					"rotation": {
						"0.0": [0, 15, 0],
						"0.4": [7.5, 0, 0],
						"0.8": [0, -15, 0],
						"1.2": [7.5, 0, 0],
						"1.6": [0, 15, 0]
					}
				}
			}
		},
		"animation.weedle.walk": {
		    "loop": true,
			"animation_length": 1,
			"bones": {
				"body1": {
					"rotation": {
						"0.0": [0, 0, -15],
						"0.50": [0, 0, 15],
						"1": [0, 0, -15]

					},
					"position": {
						"0.0": [1, 0, 0],
						"0.50": [-1, 0, 0],
						"1": [1, 0, 0]

					}
				},
				"tail": {
					"rotation": {
						"0.0": [0, 20, 0],
						"0.50": [0, -20, 0],
						"1": [0, 20, 0]

					}
				}
			}
		},
        "animation.weedle.health_bar":{
            "loop":true,
            "bones":{
                "health_hover":{
    "rotation":["q.camera_rotation(0)","q.camera_rotation(1)-q.body_y_rotation",0],
	"position": [0,35,0],
    "scale":"query.is_in_ui?0:2.1"
                },
				"bar_green": {
					"scale": ["query.health/query.max_health*1", 1, 1]
				},
				"bar_black": {
					"scale": ["(1)+(query.health/query.max_health*-1)", 1, 1]
				}
			}
        }
	}
}