{
	"format_version": "1.8.0",
	"animations": {
		"animation.beedrill.quiet": {
			"loop": true,
			"animation_length": 0.8,
			"bones": {
				"beedrill": {
					"position": {
						"0.0": [-1, -1, 0],
						"0.2": [0, 1, 0],
						"0.4": [1, -1, 0],
						"0.6": [0, 1, 0],
						"0.8": [-1, -1, 0]
					}
				},
				"arms": {
					"rotation": {
						"0.0": [0, 0, 0],
						"0.2": [15, 0, 0],
						"0.4": [0, 0, 0],
						"0.6": [15, 0, 0],
						"0.8": [0, 0, 0]
					}
				},
				"legs": {
					"rotation": {
						"0.0": [-15, 0, 0],
						"0.2": [-5, 0, 0],
						"0.4": [-15, 0, 0],
						"0.6": [-5, 0, 0],
						"0.8": [-15, 0, 0]
					}
				},
				"right_wing": {
					"rotation": {
						"0.0": [0, 25, 0],
						"0.08": [0, -25, 0],
						"0.16": [0, 25, 0],
						"0.24": [0, -25, 0],
						"0.32": [0, 25, 0],
						"0.4": [0, -25, 0],
						"0.48": [0, 25, 0],
						"0.56": [0, -25, 0],
						"0.64": [0, 25, 0],
						"0.72": [0, -25, 0],
						"0.8": [0, 25, 0]
					}
				},
				"left_wing": {
					"rotation": {
						"0.0": [0, -25, 0],
						"0.08": [0, 25, 0],
						"0.16": [0, -25, 0],
						"0.24": [0, 25, 0],
						"0.32": [0, -25, 0],
						"0.4": [0, 25, 0],
						"0.48": [0, -25, 0],
						"0.56": [0, 25, 0],
						"0.64": [0, -25, 0],
						"0.72": [0, 25, 0],
						"0.8": [0, -25, 0]
					}
				},
				"body2": {
					"rotation": {
						"0.0": [0, 0, 10],
						"0.2": [-5, 0, 0],
						"0.4": [0, 0, -10],
						"0.6": [-5, 0, 0],
						"0.8": [0, 0, 10]
					}
				},
				"right_leg": {
					"rotation": {
						"0.0": [0, 0, 5],
						"0.4": [0, 0, -5],
						"0.8": [0, 0, 5]
					}
				},
				"left_leg": {
					"rotation": {
						"0.0": [0, 0, 5],
						"0.4": [0, 0, -5],
						"0.8": [0, 0, 5]
					}
				}
			}
		},
		"animation.beedrill.walk": {
			"loop": true,
			"animation_length": 0.4,
			"bones": {
				"body2": {
					"rotation": [75, 0, 0],
					"position": [0, -1, -1]
				},
				"arms": {
					"rotation": {
						"0.0": [20, 0, 0],
						"0.2": [30, 0, 0],
						"0.4": [20, 0, 0]
					}
				},
				"legs": {
					"rotation": {
						"0.0": [50, 0, 0],
						"0.12": [60, 0, 0],
						"0.4": [50, 0, 0]
					}
				},
				"right_wing": {
					"rotation": {
						"0.0": [0, 25, 0],
						"0.08": [0, -25, 0],
						"0.16": [0, 25, 0],
						"0.24": [0, -25, 0],
						"0.32": [0, 25, 0],
						"0.4": [0, -25, 0]
					}
				},
				"left_wing": {
					"rotation": {
						"0.0": [0, -25, 0],
						"0.08": [0, 25, 0],
						"0.16": [0, -25, 0],
						"0.24": [0, 25, 0],
						"0.32": [0, -25, 0],
						"0.4": [0, 25, 0]
					}
				},
				"beedrill": {
					"position": {
						"0.0": [0, 0, 0],
						"0.2": [0, 1, 0],
						"0.4": [0, 0, 0]
					}
				}
			}
		},
		"animation.beedrill.sitting": {
			"loop": true,
			"bones": {
				"right_arm": {
					"rotation": [20, -20, 0]
				},
				"left_arm": {
					"rotation": [20, 20, 0]
				},
				"right_wing": {
					"rotation": [0, -20, -20],
					"scale": [0.8, 1, 1]
				},
				"left_wing": {
					"rotation": [0, 20, 20],
					"scale": [0.8, 1, 1]
				}
			}
		},
		"animation.beedrill.attack": {
			"loop": true,
			"bones": {
				"right_arm": {
					"rotation": [0, -20, 0]
				},
				"left_arm": {
					"rotation": [0, -47.5, 0]
				}
			}
		},
		"animation.beedrill.direction": {
			"loop": true,
			"bones": {
				"beedrill": {
					"rotation": [ "query.vertical_speed * -3.0", 0, "-math.max(-20,math.min(20,query.yaw_speed))"]
				}
			}
		},
        "animation.beedrill.health_bar":{
            "loop":true,
            "bones":{
                "health_hover":{
    "rotation":["q.camera_rotation(0)","q.camera_rotation(1)-q.body_y_rotation",0],
	"position": [0,30,0],
    "scale":"query.is_in_ui?0:1.5"
                },
				"bar_green": {
					"scale": ["query.health/query.max_health*1", 1, 1]
				},
				"bar_black": {
					"scale": ["(1)+(query.health/query.max_health*-1)", 1, 1]
				}
			}
        },
        "animation.beedrill.health_bar_mega":{
            "loop":true,
            "bones":{
                "health_hover":{
    "rotation":["q.camera_rotation(0)","q.camera_rotation(1)-q.body_y_rotation",0],
	"position": [0,30,0],
    "scale":"query.is_in_ui?0:1.5"
                },
				"bar_green": {
					"scale": ["query.health/query.max_health*1", 1, 1]
				},
				"bar_black": {
					"scale": ["(1)+(query.health/query.max_health*-1)", 1, 1]
				}
			}
        }
	}
}