{
	"format_version": "1.12.0",
	"minecraft:geometry": [
		{
			"description": {
				"identifier": "geometry.serpnidoranm",
				"texture_width": 64,
				"texture_height": 64,
				"visible_bounds_width": 3,
				"visible_bounds_height": 3,
				"visible_bounds_offset": [0, 0.5, 0]
			},
			"bones": [
				{
					"name": "nidoranm",
					"pivot": [0, 0, 0]
				},
				{
					"name": "head",
					"parent": "nidoranm",
					"pivot": [0, 9, -5],
					"rotation": [17.5, 0, 0],
					"cubes": [
						{"origin": [-1.5, 7.54628, -11.80071], "size": [3, 2, 2], "uv": [20, 55]},
						{"origin": [-1, 9.54628, -11.80071], "size": [2, 2.83, 2], "pivot": [0, 9.54628, -11.80071], "rotation": [-45, 0, 0], "uv": [54, 42]},
						{"origin": [-5.1, 7.54628, -11.80071], "size": [3.6, 2, 2], "pivot": [-1.5, 8.04628, -11.80071], "rotation": [0, 56.3, 0], "uv": [49, 37]},
						{"origin": [1.5, 7.54628, -11.80071], "size": [3.6, 2, 2], "pivot": [1.5, 8.04628, -11.80071], "rotation": [0, -56.3, 0], "uv": [49, 37], "mirror": true},
						{"origin": [-0.5, 6.54628, -11.5], "size": [1, 1, 0], "uv": [0, 0]},
						{"origin": [-3, 8.04628, -9.30071], "size": [6, 4, 6], "uv": [37, 0]},
						{"origin": [-3, 9.54628, -12], "size": [0, 2, 3], "inflate": 0.01, "pivot": [-3, 11.04628, -9.30071], "rotation": [0, -45, 0], "uv": [0, 0]},
						{"origin": [3, 9.54628, -12], "size": [0, 2, 3], "inflate": 0.01, "pivot": [3, 11.04628, -9.30071], "rotation": [0, 45, 0], "uv": [0, 0], "mirror": true},
						{"origin": [-2.5, 11.54628, -8.80071], "size": [5, 1, 5], "uv": [0, 43]},
						{"origin": [-2.5, 7.54628, -8.80071], "size": [5, 1, 5], "uv": [32, 12]},
						{"origin": [-3.5, 7.54628, -8.80071], "size": [1, 4, 5], "uv": [48, 14]},
						{"origin": [2.5, 7.54628, -8.80071], "size": [1, 4, 5], "uv": [47, 47]},
						{"origin": [-2.5, 7.54628, -3.80071], "size": [5, 4, 1], "uv": [32, 52]},
						{"origin": [-2.5, 7.54628, -9.80071], "size": [5, 4, 1], "uv": [27, 0]},
						{"origin": [0, 12.54628, -7.30071], "size": [0, 5, 2], "pivot": [0, 12.04628, -5.30071], "rotation": [20, 0, 0], "uv": [0, 17]}
					]
				},
				{
					"name": "left_ear",
					"parent": "head",
					"pivot": [3, 11.04628, -5.80071],
					"rotation": [-40, 30, 5],
					"cubes": [
						{"origin": [2.5, 13.04628, -8.30071], "size": [1, 5, 1], "uv": [0, 28]},
						{"origin": [2.5, 18.04628, -8.30071], "size": [1, 4, 1], "pivot": [3, 18.04628, -8.30071], "rotation": [-30, 0, 0], "uv": [38, 30]},
						{"origin": [2.5, 10.04628, -8.30071], "size": [1, 3, 1], "pivot": [3, 13.04628, -8.30071], "rotation": [45, 0, 0], "uv": [28, 45]},
						{"origin": [2.5, 13.04628, -4.30071], "size": [1, 5, 1], "uv": [24, 17]},
						{"origin": [2.5, 18.04628, -4.30071], "size": [1, 4, 1], "pivot": [3, 18.04628, -3.30071], "rotation": [30, 0, 0], "uv": [33, 30]},
						{"origin": [2.5, 10.04628, -4.30071], "size": [1, 3, 1], "pivot": [3, 13.04628, -3.30071], "rotation": [-45, 0, 0], "uv": [43, 37]},
						{"origin": [2.5, 12.04628, -7.30071], "size": [0, 9, 3], "inflate": 0.01, "uv": [13, 52]},
						{"origin": [3, 13.04628, -3.30071], "size": [0, 5, 1], "uv": [5, 17]},
						{"origin": [3.51, 12.04628, -6.80071], "size": [0, 2, 2], "uv": [16, 43]},
						{"origin": [3, 21.04628, -6.80071], "size": [0, 2, 2], "uv": [0, 43]},
						{"origin": [3, 13.04628, -9.30071], "size": [0, 5, 1], "uv": [7, 0]}
					]
				},
				{
					"name": "right_ear",
					"parent": "head",
					"pivot": [-3, 11.04628, -5.80071],
					"rotation": [-40, -30, -5],
					"cubes": [
						{"origin": [-3.5, 13.04628, -8.30071], "size": [1, 5, 1], "uv": [0, 28], "mirror": true},
						{"origin": [-3.5, 18.04628, -8.30071], "size": [1, 4, 1], "pivot": [-3, 18.04628, -8.30071], "rotation": [-30, 0, 0], "uv": [38, 30], "mirror": true},
						{"origin": [-3.5, 10.04628, -8.30071], "size": [1, 3, 1], "pivot": [-3, 13.04628, -8.30071], "rotation": [45, 0, 0], "uv": [28, 45], "mirror": true},
						{"origin": [-3.5, 13.04628, -4.30071], "size": [1, 5, 1], "uv": [24, 17], "mirror": true},
						{"origin": [-3.5, 18.04628, -4.30071], "size": [1, 4, 1], "pivot": [-3, 18.04628, -3.30071], "rotation": [30, 0, 0], "uv": [33, 30], "mirror": true},
						{"origin": [-3.5, 10.04628, -4.30071], "size": [1, 3, 1], "pivot": [-3, 13.04628, -3.30071], "rotation": [-45, 0, 0], "uv": [43, 37], "mirror": true},
						{"origin": [-2.5, 12.04628, -7.30071], "size": [0, 9, 3], "inflate": 0.01, "uv": [13, 52], "mirror": true},
						{"origin": [-3, 13.04628, -3.30071], "size": [0, 5, 1], "uv": [5, 17], "mirror": true},
						{"origin": [-3.51, 12.04628, -6.80071], "size": [0, 2, 2], "uv": [16, 43], "mirror": true},
						{"origin": [-3, 21.04628, -6.80071], "size": [0, 2, 2], "uv": [0, 43], "mirror": true},
						{"origin": [-3, 13.04628, -9.30071], "size": [0, 5, 1], "uv": [7, 0], "mirror": true}
					]
				},
				{
					"name": "body",
					"parent": "nidoranm",
					"pivot": [0, 1, -1],
					"rotation": [-25, 0, 0],
					"cubes": [
						{"origin": [-4, 2, -7], "size": [8, 6, 10], "inflate": 0.01, "uv": [0, 0]},
						{"origin": [0, 8.5, -6], "size": [0, 6, 9], "uv": [33, 36]},
						{"origin": [-3.5, 7.5, -6.5], "size": [7, 1, 9], "uv": [24, 19]},
						{"origin": [-3.5, 1.5, -6.5], "size": [7, 1, 9], "uv": [0, 17]},
						{"origin": [-3.5, 2.5, -7.5], "size": [7, 5, 1], "inflate": 0.01, "uv": [43, 30]},
						{"origin": [-3.5, 2.5, 2.5], "size": [7, 5, 1], "uv": [12, 30]},
						{"origin": [3.5, 2.5, -6.5], "size": [1, 5, 9], "uv": [21, 30]},
						{"origin": [-4.5, 2.5, -6.5], "size": [1, 5, 9], "uv": [0, 28]},
						{"origin": [2.26795, 8, -5], "size": [0, 2, 5], "pivot": [3, 8, -1], "rotation": [0, 0, 30], "uv": [43, 37]},
						{"origin": [-2.26795, 8, -5], "size": [0, 2, 5], "pivot": [-3, 8, -1], "rotation": [0, 0, -30], "uv": [43, 37], "mirror": true}
					]
				},
				{
					"name": "back_legs",
					"parent": "nidoranm",
					"pivot": [0, 3, 3],
					"cubes": [
						{"origin": [2, 0, 1], "size": [3, 4, 4], "uv": [17, 46]},
						{"origin": [-5, 0, 1], "size": [3, 4, 4], "uv": [17, 46]},
						{"origin": [-4.5, 0, 0], "size": [2, 1, 1], "uv": [0, 6]},
						{"origin": [2.5, 0, 0], "size": [2, 1, 1], "uv": [0, 6]}
					]
				},
				{
					"name": "front_legs",
					"parent": "nidoranm",
					"pivot": [0, 4, -3],
					"cubes": [
						{"origin": [1, 0, -5], "size": [3, 5, 3], "uv": [0, 50]},
						{"origin": [-4, 0, -5], "size": [3, 5, 3], "uv": [0, 50]}
					]
				},
				{
					"name": "pokedex",
					"pivot": [0, 35, -5],
					"locators": {
						"pokedex": [0, 35, -5]
					}
				}
			]
		},
		{
			"description": {
				"identifier": "geometry.serpnidoranm_aura",
				"texture_width": 64,
				"texture_height": 64,
				"visible_bounds_width": 3,
				"visible_bounds_height": 3,
				"visible_bounds_offset": [0, 0.5, 0]
			},
			"bones": [
				{
					"name": "nidoranm",
					"pivot": [0, 0, 0]
				},
				{
					"name": "head",
					"parent": "nidoranm",
					"pivot": [0, 9, -5],
					"rotation": [17.5, 0, 0],
					"cubes": [
						{"origin": [-1.5, 7.54628, -11.80071], "size": [3, 2, 2], "inflate": 0.25, "uv": [20, 55]},
						{"origin": [-1, 9.54628, -11.80071], "size": [2, 2.83, 2], "inflate": 0.25, "pivot": [0, 9.54628, -11.80071], "rotation": [-45, 0, 0], "uv": [54, 42]},
						{"origin": [-5.1, 7.54628, -11.80071], "size": [3.6, 2, 2], "inflate": 0.25, "pivot": [-1.5, 8.04628, -11.80071], "rotation": [0, 56.3, 0], "uv": [49, 37]},
						{"origin": [1.5, 7.54628, -11.80071], "size": [3.6, 2, 2], "inflate": 0.25, "pivot": [1.5, 8.04628, -11.80071], "rotation": [0, -56.3, 0], "uv": [49, 37], "mirror": true},
						{"origin": [-0.5, 6.54628, -11.5], "size": [1, 1, 0], "inflate": 0.25, "uv": [0, 0]},
						{"origin": [-3, 8.04628, -9.30071], "size": [6, 4, 6], "inflate": 0.25, "uv": [37, 0]},
						{"origin": [-3, 9.54628, -12], "size": [0, 2, 3], "inflate": 0.25, "pivot": [-3, 11.04628, -9.30071], "rotation": [0, -45, 0], "uv": [0, 0]},
						{"origin": [3, 9.54628, -12], "size": [0, 2, 3], "inflate": 0.25, "pivot": [3, 11.04628, -9.30071], "rotation": [0, 45, 0], "uv": [0, 0], "mirror": true},
						{"origin": [-2.5, 11.54628, -8.80071], "size": [5, 1, 5], "inflate": 0.25, "uv": [0, 43]},
						{"origin": [-2.5, 7.54628, -8.80071], "size": [5, 1, 5], "inflate": 0.25, "uv": [32, 12]},
						{"origin": [-3.5, 7.54628, -8.80071], "size": [1, 4, 5], "inflate": 0.25, "uv": [48, 14]},
						{"origin": [2.5, 7.54628, -8.80071], "size": [1, 4, 5], "inflate": 0.25, "uv": [47, 47]},
						{"origin": [-2.5, 7.54628, -3.80071], "size": [5, 4, 1], "inflate": 0.25, "uv": [32, 52]},
						{"origin": [-2.5, 7.54628, -9.80071], "size": [5, 4, 1], "inflate": 0.25, "uv": [27, 0]},
						{"origin": [0, 12.54628, -7.30071], "size": [0, 5, 2], "inflate": 0.25, "pivot": [0, 12.04628, -5.30071], "rotation": [20, 0, 0], "uv": [0, 17]}
					]
				},
				{
					"name": "left_ear",
					"parent": "head",
					"pivot": [3, 11.04628, -5.80071],
					"rotation": [-40, 30, 5],
					"cubes": [
						{"origin": [2.5, 13.04628, -8.30071], "size": [1, 5, 1], "inflate": 0.25, "uv": [0, 28]},
						{"origin": [2.5, 18.04628, -8.30071], "size": [1, 4, 1], "inflate": 0.25, "pivot": [3, 18.04628, -8.30071], "rotation": [-30, 0, 0], "uv": [38, 30]},
						{"origin": [2.5, 10.04628, -8.30071], "size": [1, 3, 1], "inflate": 0.25, "pivot": [3, 13.04628, -8.30071], "rotation": [45, 0, 0], "uv": [28, 45]},
						{"origin": [2.5, 13.04628, -4.30071], "size": [1, 5, 1], "inflate": 0.25, "uv": [24, 17]},
						{"origin": [2.5, 18.04628, -4.30071], "size": [1, 4, 1], "inflate": 0.25, "pivot": [3, 18.04628, -3.30071], "rotation": [30, 0, 0], "uv": [33, 30]},
						{"origin": [2.5, 10.04628, -4.30071], "size": [1, 3, 1], "inflate": 0.25, "pivot": [3, 13.04628, -3.30071], "rotation": [-45, 0, 0], "uv": [43, 37]},
						{"origin": [2.5, 12.04628, -7.30071], "size": [0, 9, 3], "inflate": 0.25, "uv": [13, 52]},
						{"origin": [3, 13.04628, -3.30071], "size": [0, 5, 1], "inflate": 0.25, "uv": [5, 17]},
						{"origin": [3.51, 12.04628, -6.80071], "size": [0, 2, 2], "inflate": 0.25, "uv": [16, 43]},
						{"origin": [3, 21.04628, -6.80071], "size": [0, 2, 2], "inflate": 0.25, "uv": [0, 43]},
						{"origin": [3, 13.04628, -9.30071], "size": [0, 5, 1], "inflate": 0.25, "uv": [7, 0]}
					]
				},
				{
					"name": "right_ear",
					"parent": "head",
					"pivot": [-3, 11.04628, -5.80071],
					"rotation": [-40, -30, -5],
					"cubes": [
						{"origin": [-3.5, 13.04628, -8.30071], "size": [1, 5, 1], "inflate": 0.25, "uv": [0, 28], "mirror": true},
						{"origin": [-3.5, 18.04628, -8.30071], "size": [1, 4, 1], "inflate": 0.25, "pivot": [-3, 18.04628, -8.30071], "rotation": [-30, 0, 0], "uv": [38, 30], "mirror": true},
						{"origin": [-3.5, 10.04628, -8.30071], "size": [1, 3, 1], "inflate": 0.25, "pivot": [-3, 13.04628, -8.30071], "rotation": [45, 0, 0], "uv": [28, 45], "mirror": true},
						{"origin": [-3.5, 13.04628, -4.30071], "size": [1, 5, 1], "inflate": 0.25, "uv": [24, 17], "mirror": true},
						{"origin": [-3.5, 18.04628, -4.30071], "size": [1, 4, 1], "inflate": 0.25, "pivot": [-3, 18.04628, -3.30071], "rotation": [30, 0, 0], "uv": [33, 30], "mirror": true},
						{"origin": [-3.5, 10.04628, -4.30071], "size": [1, 3, 1], "inflate": 0.25, "pivot": [-3, 13.04628, -3.30071], "rotation": [-45, 0, 0], "uv": [43, 37], "mirror": true},
						{"origin": [-2.5, 12.04628, -7.30071], "size": [0, 9, 3], "inflate": 0.25, "uv": [13, 52], "mirror": true},
						{"origin": [-3, 13.04628, -3.30071], "size": [0, 5, 1], "inflate": 0.25, "uv": [5, 17], "mirror": true},
						{"origin": [-3.51, 12.04628, -6.80071], "size": [0, 2, 2], "inflate": 0.25, "uv": [16, 43], "mirror": true},
						{"origin": [-3, 21.04628, -6.80071], "size": [0, 2, 2], "inflate": 0.25, "uv": [0, 43], "mirror": true},
						{"origin": [-3, 13.04628, -9.30071], "size": [0, 5, 1], "inflate": 0.25, "uv": [7, 0], "mirror": true}
					]
				},
				{
					"name": "body",
					"parent": "nidoranm",
					"pivot": [0, 1, -1],
					"rotation": [-25, 0, 0],
					"cubes": [
						{"origin": [-4, 2, -7], "size": [8, 6, 10], "inflate": 0.25, "uv": [0, 0]},
						{"origin": [0, 8.5, -6], "size": [0, 6, 9], "inflate": 0.25, "uv": [33, 36]},
						{"origin": [-3.5, 7.5, -6.5], "size": [7, 1, 9], "inflate": 0.25, "uv": [24, 19]},
						{"origin": [-3.5, 1.5, -6.5], "size": [7, 1, 9], "inflate": 0.25, "uv": [0, 17]},
						{"origin": [-3.5, 2.5, -7.5], "size": [7, 5, 1], "inflate": 0.25, "uv": [43, 30]},
						{"origin": [-3.5, 2.5, 2.5], "size": [7, 5, 1], "inflate": 0.25, "uv": [12, 30]},
						{"origin": [3.5, 2.5, -6.5], "size": [1, 5, 9], "inflate": 0.25, "uv": [21, 30]},
						{"origin": [-4.5, 2.5, -6.5], "size": [1, 5, 9], "inflate": 0.25, "uv": [0, 28]},
						{"origin": [2.26795, 8, -5], "size": [0, 2, 5], "inflate": 0.25, "pivot": [3, 8, -1], "rotation": [0, 0, 30], "uv": [43, 37]},
						{"origin": [-2.26795, 8, -5], "size": [0, 2, 5], "inflate": 0.25, "pivot": [-3, 8, -1], "rotation": [0, 0, -30], "uv": [43, 37], "mirror": true}
					]
				},
				{
					"name": "back_legs",
					"parent": "nidoranm",
					"pivot": [0, 3, 3],
					"cubes": [
						{"origin": [2, 0, 1], "size": [3, 4, 4], "inflate": 0.25, "uv": [17, 46]},
						{"origin": [-5, 0, 1], "size": [3, 4, 4], "inflate": 0.25, "uv": [17, 46]},
						{"origin": [-4.5, 0, 0], "size": [2, 1, 1], "inflate": 0.25, "uv": [0, 6]},
						{"origin": [2.5, 0, 0], "size": [2, 1, 1], "inflate": 0.25, "uv": [0, 6]}
					]
				},
				{
					"name": "front_legs",
					"parent": "nidoranm",
					"pivot": [0, 4, -3],
					"cubes": [
						{"origin": [1, 0, -5], "size": [3, 5, 3], "inflate": 0.25, "uv": [0, 50]},
						{"origin": [-4, 0, -5], "size": [3, 5, 3], "inflate": 0.25, "uv": [0, 50]}
					]
				},
				{
					"name": "pokedex",
					"pivot": [0, 35, -5],
					"locators": {
						"pokedex": [0, 35, -5]
					}
				}
			]
		}
	]
}