{
	"format_version": "1.12.0",
	"minecraft:geometry": [
		{
			"description": {
				"identifier": "geometry.serpnidorino",
				"texture_width": 80,
				"texture_height": 80,
				"visible_bounds_width": 3,
				"visible_bounds_height": 3,
				"visible_bounds_offset": [0, 0.5, 0]
			},
			"bones": [
				{
					"name": "nidorino",
					"pivot": [0, -1, 0]
				},
				{
					"name": "head",
					"parent": "nidorino",
					"pivot": [0, 6, -7],
					"cubes": [
						{"origin": [-2, 4.5, -15], "size": [4, 2, 3], "uv": [36, 60]},
						{"origin": [-2, 3.5, -14], "size": [4, 1, 3], "uv": [61, 35]},
						{"origin": [-6.71, 4.5, -15], "size": [4.71, 2, 2], "pivot": [-2, 6, -15], "rotation": [0, 58, 0], "uv": [64, 50]},
						{"origin": [2, 4.5, -15], "size": [4.71, 2, 2], "pivot": [2, 6, -15], "rotation": [0, -58, 0], "uv": [64, 50], "mirror": true},
						{"origin": [-6.5, 3.5, -14.8], "size": [1, 1, 0], "pivot": [-2, 6, -15], "rotation": [0, 58, 0], "uv": [0, 0]},
						{"origin": [5.5, 3.5, -14.8], "size": [1, 1, 0], "pivot": [2, 6, -15], "rotation": [0, -58, 0], "uv": [0, 0], "mirror": true},
						{"origin": [-5.35, 3.5, -14], "size": [3.35, 2, 2], "pivot": [-2, 4, -14], "rotation": [0, 63.5, 0], "uv": [0, 20]},
						{"origin": [2, 3.5, -14], "size": [3.35, 2, 2], "pivot": [2, 4, -14], "rotation": [0, -63.5, 0], "uv": [0, 20], "mirror": true},
						{"origin": [-1.5, 6.5, -15], "size": [3, 4.3, 2], "pivot": [1.5, 6.5, -15], "rotation": [-54.5, 0, 0], "uv": [58, 65]},
						{"origin": [-4, 5, -11.5], "size": [8, 4, 6], "uv": [33, 0]},
						{"origin": [-3.7, 6.5, -15], "size": [0, 2, 3], "inflate": 0.01, "pivot": [-4, 8, -12], "rotation": [0, -50, 0], "uv": [4, 6]},
						{"origin": [3.7, 6.5, -15], "size": [0, 2, 3], "inflate": 0.01, "pivot": [4, 8, -12], "rotation": [0, 50, 0], "uv": [4, 6], "mirror": true},
						{"origin": [-4, 4, -11], "size": [8, 1, 5.5], "uv": [39, 35]},
						{"origin": [-3.5, 8.5, -11], "size": [7, 1, 5], "uv": [0, 53]},
						{"origin": [0, 9.5, -11], "size": [0, 5, 3], "pivot": [0, 9.5, -8], "rotation": [30, 0, 0], "uv": [0, 0]},
						{"origin": [-3.5, 3.5, -11], "size": [7, 1, 5], "uv": [40, 15]},
						{"origin": [-4.5, 4.5, -11], "size": [1, 4, 5], "uv": [60, 6]},
						{"origin": [3.5, 4.5, -11], "size": [1, 4, 5], "uv": [59, 55]},
						{"origin": [-3.5, 4.5, -6], "size": [7, 4, 1], "uv": [0, 60]},
						{"origin": [-3.5, 4.5, -12], "size": [7, 4, 1], "uv": [56, 0]}
					]
				},
				{
					"name": "left_ear",
					"parent": "head",
					"pivot": [3, 8.04628, -7.80071],
					"rotation": [-40, 35, 5],
					"cubes": [
						{"origin": [2.5, 10.04628, -10.30071], "size": [1, 5, 1], "uv": [5, 33]},
						{"origin": [2.5, 15.04628, -10.30071], "size": [1, 4, 1], "pivot": [3, 15.04628, -10.30071], "rotation": [-30, 0, 0], "uv": [32, 53]},
						{"origin": [2.5, 7.04628, -10.30071], "size": [1, 3, 1], "pivot": [3, 10.04628, -10.30071], "rotation": [45, 0, 0], "uv": [0, 40]},
						{"origin": [2.5, 10.04628, -6.30071], "size": [1, 5, 1], "uv": [0, 33]},
						{"origin": [2.5, 15.04628, -6.30071], "size": [1, 4, 1], "pivot": [3, 15.04628, -5.30071], "rotation": [30, 0, 0], "uv": [33, 0]},
						{"origin": [2.5, 7.04628, -6.30071], "size": [1, 3, 1], "pivot": [3, 10.04628, -5.30071], "rotation": [-45, 0, 0], "uv": [39, 35]},
						{"origin": [2.5, 9.04628, -9.30071], "size": [0, 9, 3], "inflate": 0.01, "uv": [51, 60]},
						{"origin": [3, 13.04628, -5.30071], "size": [0, 3, 2], "uv": [7, 0]},
						{"origin": [3.51, 9.04628, -8.80071], "size": [0, 2, 2], "uv": [35, 26]},
						{"origin": [3, 17.04628, -8.80071], "size": [0, 4, 3], "uv": [30, 20]}
					]
				},
				{
					"name": "right_ear",
					"parent": "head",
					"pivot": [-3, 8.04628, -7.80071],
					"rotation": [-40, -35, -5],
					"cubes": [
						{"origin": [-3.5, 10.04628, -10.30071], "size": [1, 5, 1], "uv": [5, 33], "mirror": true},
						{"origin": [-3.5, 15.04628, -10.30071], "size": [1, 4, 1], "pivot": [-3, 15.04628, -10.30071], "rotation": [-30, 0, 0], "uv": [32, 53], "mirror": true},
						{"origin": [-3.5, 7.04628, -10.30071], "size": [1, 3, 1], "pivot": [-3, 10.04628, -10.30071], "rotation": [45, 0, 0], "uv": [0, 40], "mirror": true},
						{"origin": [-3.5, 10.04628, -6.30071], "size": [1, 5, 1], "uv": [0, 33], "mirror": true},
						{"origin": [-3.5, 15.04628, -6.30071], "size": [1, 4, 1], "pivot": [-3, 15.04628, -5.30071], "rotation": [30, 0, 0], "uv": [33, 0], "mirror": true},
						{"origin": [-3.5, 7.04628, -6.30071], "size": [1, 3, 1], "pivot": [-3, 10.04628, -5.30071], "rotation": [-45, 0, 0], "uv": [39, 35], "mirror": true},
						{"origin": [-2.5, 9.04628, -9.30071], "size": [0, 9, 3], "inflate": 0.01, "uv": [51, 60], "mirror": true},
						{"origin": [-3, 13.04628, -5.30071], "size": [0, 3, 2], "uv": [7, 0], "mirror": true},
						{"origin": [-3.51, 9.04628, -8.80071], "size": [0, 2, 2], "uv": [35, 26], "mirror": true},
						{"origin": [-3, 17.04628, -8.80071], "size": [0, 4, 3], "uv": [30, 20], "mirror": true}
					]
				},
				{
					"name": "body",
					"parent": "nidorino",
					"pivot": [0, 3, 1],
					"cubes": [
						{"origin": [-5, 2, -5], "size": [10, 7, 12], "uv": [0, 0]},
						{"origin": [0, 9, -5], "size": [0, 7, 12], "uv": [0, 33]},
						{"origin": [-4.5, 8.5, -4.5], "size": [9, 1, 11], "uv": [30, 22]},
						{"origin": [-4.5, 1.5, -4.5], "size": [9, 1, 11], "uv": [0, 20]},
						{"origin": [-4.5, 2.5, -5.5], "size": [9, 6, 1], "inflate": 0.01, "uv": [53, 42]},
						{"origin": [-4.5, 2.5, 6.5], "size": [9, 6, 1], "uv": [13, 35]},
						{"origin": [4.5, 2.5, -4.5], "size": [1, 6, 11], "uv": [39, 42]},
						{"origin": [-5.5, 2.5, -4.5], "size": [1, 6, 11], "uv": [25, 35]}
					]
				},
				{
					"name": "back_legs",
					"parent": "nidorino",
					"pivot": [0, 6, 5],
					"cubes": [
						{"origin": [-6, 0, 3], "size": [3, 5, 4], "inflate": 0.01, "uv": [21, 56]},
						{"origin": [3, 0, 3], "size": [3, 5, 4], "inflate": 0.01, "uv": [21, 56], "mirror": true},
						{"origin": [-6, 0, 3], "size": [3, 1, 0], "pivot": [-4, 1, 3], "rotation": [-30, 0, 0], "uv": [0, 28]},
						{"origin": [3, 0, 3], "size": [3, 1, 0], "pivot": [4, 1, 3], "rotation": [-30, 0, 0], "uv": [0, 28], "mirror": true}
					]
				},
				{
					"name": "front_legs",
					"parent": "nidorino",
					"pivot": [0, 6, -3.5],
					"cubes": [
						{"origin": [-6, 0, -5], "size": [3, 5, 3], "inflate": 0.01, "uv": [60, 22]},
						{"origin": [3, 0, -5], "size": [3, 5, 3], "inflate": 0.01, "uv": [60, 22], "mirror": true},
						{"origin": [-6, 0, -5], "size": [3, 1, 1], "inflate": 0.02, "pivot": [-5, 1, -5], "rotation": [-30, 0, 0], "uv": [0, 25]},
						{"origin": [3, 0, -5], "size": [3, 1, 1], "inflate": 0.02, "pivot": [5, 1, -5], "rotation": [-30, 0, 0], "uv": [0, 25], "mirror": true}
					]
				},
				{
					"name": "pokedex",
					"pivot": [0, 24, -8],
					"locators": {
						"pokedex": [0, 24, -8]
					}
				}
			]
		},
		{
			"description": {
				"identifier": "geometry.serpnidorino_aura",
				"texture_width": 80,
				"texture_height": 80,
				"visible_bounds_width": 3,
				"visible_bounds_height": 3,
				"visible_bounds_offset": [0, 0.5, 0]
			},
			"bones": [
				{
					"name": "nidorino",
					"pivot": [0, -1, 0]
				},
				{
					"name": "head",
					"parent": "nidorino",
					"pivot": [0, 6, -7],
					"cubes": [
						{"origin": [-2, 4.5, -15], "size": [4, 2, 3], "inflate": 0.25, "uv": [36, 60]},
						{"origin": [-2, 3.5, -14], "size": [4, 1, 3], "inflate": 0.25, "uv": [61, 35]},
						{"origin": [-6.71, 4.5, -15], "size": [4.71, 2, 2], "inflate": 0.25, "pivot": [-2, 6, -15], "rotation": [0, 58, 0], "uv": [64, 50]},
						{"origin": [2, 4.5, -15], "size": [4.71, 2, 2], "inflate": 0.25, "pivot": [2, 6, -15], "rotation": [0, -58, 0], "uv": [64, 50], "mirror": true},
						{"origin": [-6.5, 3.5, -14.8], "size": [1, 1, 0], "inflate": 0.25, "pivot": [-2, 6, -15], "rotation": [0, 58, 0], "uv": [0, 0]},
						{"origin": [5.5, 3.5, -14.8], "size": [1, 1, 0], "inflate": 0.25, "pivot": [2, 6, -15], "rotation": [0, -58, 0], "uv": [0, 0], "mirror": true},
						{"origin": [-5.35, 3.5, -14], "size": [3.35, 2, 2], "inflate": 0.25, "pivot": [-2, 4, -14], "rotation": [0, 63.5, 0], "uv": [0, 20]},
						{"origin": [2, 3.5, -14], "size": [3.35, 2, 2], "inflate": 0.25, "pivot": [2, 4, -14], "rotation": [0, -63.5, 0], "uv": [0, 20], "mirror": true},
						{"origin": [-1.5, 6.5, -15], "size": [3, 4.3, 2], "inflate": 0.25, "pivot": [1.5, 6.5, -15], "rotation": [-54.5, 0, 0], "uv": [58, 65]},
						{"origin": [-4, 5, -11.5], "size": [8, 4, 6], "inflate": 0.25, "uv": [33, 0]},
						{"origin": [-3.7, 6.5, -15], "size": [0, 2, 3], "inflate": 0.25, "pivot": [-4, 8, -12], "rotation": [0, -50, 0], "uv": [4, 6]},
						{"origin": [3.7, 6.5, -15], "size": [0, 2, 3], "inflate": 0.25, "pivot": [4, 8, -12], "rotation": [0, 50, 0], "uv": [4, 6], "mirror": true},
						{"origin": [-4, 4, -11], "size": [8, 1, 5.5], "inflate": 0.25, "uv": [39, 35]},
						{"origin": [-3.5, 8.5, -11], "size": [7, 1, 5], "inflate": 0.25, "uv": [0, 53]},
						{"origin": [0, 9.5, -11], "size": [0, 5, 3], "inflate": 0.25, "pivot": [0, 9.5, -8], "rotation": [30, 0, 0], "uv": [0, 0]},
						{"origin": [-3.5, 3.5, -11], "size": [7, 1, 5], "inflate": 0.25, "uv": [40, 15]},
						{"origin": [-4.5, 4.5, -11], "size": [1, 4, 5], "inflate": 0.25, "uv": [60, 6]},
						{"origin": [3.5, 4.5, -11], "size": [1, 4, 5], "inflate": 0.25, "uv": [59, 55]},
						{"origin": [-3.5, 4.5, -6], "size": [7, 4, 1], "inflate": 0.25, "uv": [0, 60]},
						{"origin": [-3.5, 4.5, -12], "size": [7, 4, 1], "inflate": 0.25, "uv": [56, 0]}
					]
				},
				{
					"name": "left_ear",
					"parent": "head",
					"pivot": [3, 8.04628, -7.80071],
					"rotation": [-40, 35, 5],
					"cubes": [
						{"origin": [2.5, 10.04628, -10.30071], "size": [1, 5, 1], "inflate": 0.25, "uv": [5, 33]},
						{"origin": [2.5, 15.04628, -10.30071], "size": [1, 4, 1], "inflate": 0.25, "pivot": [3, 15.04628, -10.30071], "rotation": [-30, 0, 0], "uv": [32, 53]},
						{"origin": [2.5, 7.04628, -10.30071], "size": [1, 3, 1], "inflate": 0.25, "pivot": [3, 10.04628, -10.30071], "rotation": [45, 0, 0], "uv": [0, 40]},
						{"origin": [2.5, 10.04628, -6.30071], "size": [1, 5, 1], "inflate": 0.25, "uv": [0, 33]},
						{"origin": [2.5, 15.04628, -6.30071], "size": [1, 4, 1], "inflate": 0.25, "pivot": [3, 15.04628, -5.30071], "rotation": [30, 0, 0], "uv": [33, 0]},
						{"origin": [2.5, 7.04628, -6.30071], "size": [1, 3, 1], "inflate": 0.25, "pivot": [3, 10.04628, -5.30071], "rotation": [-45, 0, 0], "uv": [39, 35]},
						{"origin": [2.5, 9.04628, -9.30071], "size": [0, 9, 3], "inflate": 0.25, "uv": [51, 60]},
						{"origin": [3, 13.04628, -5.30071], "size": [0, 3, 2], "inflate": 0.25, "uv": [7, 0]},
						{"origin": [3.51, 9.04628, -8.80071], "size": [0, 2, 2], "inflate": 0.25, "uv": [35, 26]},
						{"origin": [3, 17.04628, -8.80071], "size": [0, 4, 3], "inflate": 0.25, "uv": [30, 20]}
					]
				},
				{
					"name": "right_ear",
					"parent": "head",
					"pivot": [-3, 8.04628, -7.80071],
					"rotation": [-40, -35, -5],
					"cubes": [
						{"origin": [-3.5, 10.04628, -10.30071], "size": [1, 5, 1], "inflate": 0.25, "uv": [5, 33], "mirror": true},
						{"origin": [-3.5, 15.04628, -10.30071], "size": [1, 4, 1], "inflate": 0.25, "pivot": [-3, 15.04628, -10.30071], "rotation": [-30, 0, 0], "uv": [32, 53], "mirror": true},
						{"origin": [-3.5, 7.04628, -10.30071], "size": [1, 3, 1], "inflate": 0.25, "pivot": [-3, 10.04628, -10.30071], "rotation": [45, 0, 0], "uv": [0, 40], "mirror": true},
						{"origin": [-3.5, 10.04628, -6.30071], "size": [1, 5, 1], "inflate": 0.25, "uv": [0, 33], "mirror": true},
						{"origin": [-3.5, 15.04628, -6.30071], "size": [1, 4, 1], "inflate": 0.25, "pivot": [-3, 15.04628, -5.30071], "rotation": [30, 0, 0], "uv": [33, 0], "mirror": true},
						{"origin": [-3.5, 7.04628, -6.30071], "size": [1, 3, 1], "inflate": 0.25, "pivot": [-3, 10.04628, -5.30071], "rotation": [-45, 0, 0], "uv": [39, 35], "mirror": true},
						{"origin": [-2.5, 9.04628, -9.30071], "size": [0, 9, 3], "inflate": 0.25, "uv": [51, 60], "mirror": true},
						{"origin": [-3, 13.04628, -5.30071], "size": [0, 3, 2], "inflate": 0.25, "uv": [7, 0], "mirror": true},
						{"origin": [-3.51, 9.04628, -8.80071], "size": [0, 2, 2], "inflate": 0.25, "uv": [35, 26], "mirror": true},
						{"origin": [-3, 17.04628, -8.80071], "size": [0, 4, 3], "inflate": 0.25, "uv": [30, 20], "mirror": true}
					]
				},
				{
					"name": "body",
					"parent": "nidorino",
					"pivot": [0, 3, 1],
					"cubes": [
						{"origin": [-5, 2, -5], "size": [10, 7, 12], "inflate": 0.25, "uv": [0, 0]},
						{"origin": [0, 9, -5], "size": [0, 7, 12], "inflate": 0.25, "uv": [0, 33]},
						{"origin": [-4.5, 8.5, -4.5], "size": [9, 1, 11], "inflate": 0.25, "uv": [30, 22]},
						{"origin": [-4.5, 1.5, -4.5], "size": [9, 1, 11], "inflate": 0.25, "uv": [0, 20]},
						{"origin": [-4.5, 2.5, -5.5], "size": [9, 6, 1], "inflate": 0.25, "uv": [53, 42]},
						{"origin": [-4.5, 2.5, 6.5], "size": [9, 6, 1], "inflate": 0.25, "uv": [13, 35]},
						{"origin": [4.5, 2.5, -4.5], "size": [1, 6, 11], "inflate": 0.25, "uv": [39, 42]},
						{"origin": [-5.5, 2.5, -4.5], "size": [1, 6, 11], "inflate": 0.25, "uv": [25, 35]}
					]
				},
				{
					"name": "back_legs",
					"parent": "nidorino",
					"pivot": [0, 6, 5],
					"cubes": [
						{"origin": [-6, 0, 3], "size": [3, 5, 4], "inflate": 0.25, "uv": [21, 56]},
						{"origin": [3, 0, 3], "size": [3, 5, 4], "inflate": 0.25, "uv": [21, 56], "mirror": true},
						{"origin": [-6, 0, 3], "size": [3, 1, 0], "inflate": 0.25, "pivot": [-4, 1, 3], "rotation": [-30, 0, 0], "uv": [0, 28]},
						{"origin": [3, 0, 3], "size": [3, 1, 0], "inflate": 0.25, "pivot": [4, 1, 3], "rotation": [-30, 0, 0], "uv": [0, 28], "mirror": true}
					]
				},
				{
					"name": "front_legs",
					"parent": "nidorino",
					"pivot": [0, 6, -3.5],
					"cubes": [
						{"origin": [-6, 0, -5], "size": [3, 5, 3], "inflate": 0.25, "uv": [60, 22]},
						{"origin": [3, 0, -5], "size": [3, 5, 3], "inflate": 0.25, "uv": [60, 22], "mirror": true},
						{"origin": [-6, 0, -5], "size": [3, 1, 1], "inflate": 0.25, "pivot": [-5, 1, -5], "rotation": [-30, 0, 0], "uv": [0, 25]},
						{"origin": [3, 0, -5], "size": [3, 1, 1], "inflate": 0.25, "pivot": [5, 1, -5], "rotation": [-30, 0, 0], "uv": [0, 25], "mirror": true}
					]
				},
				{
					"name": "pokedex",
					"pivot": [0, 24, -8],
					"locators": {
						"pokedex": [0, 24, -8]
					}
				}
			]
		}
	]
}