{
  "root_panel":{
    "modifications":[
{"array_name":"controls","operation":"insert_front","value":{"team_hud@pokehud.main_team":{}}},
{"array_name":"controls","operation":"insert_front","value":{"summary_hud@pokehud.main_summary":{}}}
    ]
  },
  "anim_actionbar_text_alpha_out":{
    "anim_type":"alpha","easing":"in_expo",
    "duration":1,"from":1,"to":0,
    "destroy_at_end":"hud_actionbar_text"
  },
  "anim_actionbar_text_background_alpha_out":{
    "anim_type":"alpha","easing":"in_expo",
    "duration":1,"from":1,"to":0,
    "destroy_at_end":"hud_actionbar_text"
  },
  "hud_actionbar_text":{
    "type":"image","offset":[0,"50%-68px"],
    "size":["100%c+12px","100%c+5px"],
    "texture":"textures/ui/hud_tip_text_background",
    "alpha":"@hud.anim_actionbar_text_background_alpha_out",
    "controls":[
{"actionbar_message":{"type":"label","anchor_from":"center","anchor_to":"center","color":"$tool_tip_text","layer":7,"text":"$actionbar_text","localize":false,"alpha":"@hud.anim_actionbar_text_alpha_out"}}
    ]
  }
}