{
  "npc_screen_contents": {
    "type": "panel",
    "modifications": [
{"array_name":"controls","operation":"insert_front","value":{"interfaces@pokeui.root":{}}}
    ],
    "controls": [
{"teacher@npc_interact.root_panel":{"$child_control":"npc_interact.main_content","bindings":[{"binding_name":"#teacher_view_visible","binding_name_override":"#visible","binding_type": "global"}]}},
{"student@common_dialogs.form_fitting_main_panel_no_buttons":{"$panel_size":[320,"100%cm"],"size": "$panel_size","$child_control":"npc_interact.student_view_content","$title_panel": "common_dialogs.standard_title_label","$text_name": "#title_text","$title_text_binding_type":"global","$show_close_button": false,"$custom_background": "common_dialogs.dialog_background_opaque_with_child","bindings":[{"binding_name":"#student_view_visible","binding_name_override":"#visible","binding_type":"global"}]}},
{"npc_screen_close@npc_interact.close_text":{"anchor_to":"bottom_left","anchor_from": "bottom_left","offset":[20,0]}}
    ]
  },
  "student_view_content":{
	"type":"panel",
	"size":["100%","100%cm"],
	"controls":[{"close@npc_interact.close_button_holder":{"$close_button_to_button_id":"button.exit_student"}},
{"student@npc_interact.student_stack_panel":{"bindings":[{"binding_name":"#title_text","binding_type":"global"},{"binding_type":"view","source_property_name":"(#title_text=(#title_text-'serp.battle_menu'-'serp.pokemenu'))","target_property_name":"#visible"}]}}
    ],
    "bindings":[
{"binding_name":"#student_view_visible","binding_name_override":"#visible","binding_type":"global"}
    ]
  }
}