{
  "namespace":"pokeui",
  "root":{
    "type":"panel","layer":4,
    "offset":[0,"7px"],
	"controls":[
{"team@team":{"bindings":[{"binding_name":"#title_text","binding_type":"global"},{"binding_type":"view","source_property_name":"(#title_text='serp.pokemenu')","target_property_name":"#visible"}]}},
{"battle@battle":{"bindings":[{"binding_name":"#title_text","binding_type":"global"},{"binding_type":"view","source_property_name":"(#title_text='serp.battle')","target_property_name":"#visible"}]}},
{"pokedex@pokedex":{"bindings":[{"binding_name":"#title_text","binding_type":"global"},{"binding_type":"view","source_property_name":"(not(#title_text=(#title_text-'dex.'-'team.')))","target_property_name":"#visible"}]}}
    ]
  },
	"pokedex@common.empty_panel":{
  "type":"panel","size":["100%",102],
"controls":[
{"pokedex_background":{"type":"image","texture":"textures/ui/pokedex","size":["187%","187%"],"bindings":[{"binding_name":"#title_text","binding_type":"global"},{"binding_type":"view","source_property_name":"(not(#title_text=(#title_text-'dex.')))","target_property_name":"#visible"}]}},
{"team_background":{"type":"image","texture":"textures/ui/dialogue_pc","size":["187%","187%"],"bindings":[{"binding_name":"#title_text","binding_type":"global"},{"binding_type":"view","source_property_name":"(not(#title_text=(#title_text-'pc.')))","target_property_name":"#visible"}]}},

{"sprite":{"type":"image","size":["95%","95%"],"offset":[-130,5],"texture":"#texture","bindings":[{"binding_name":"#title_text"},{"binding_type":"view","source_property_name":"('textures/pokedex/'+(#title_text-'t1'-'t2'-'_00'-'_01'-'_02'-'_03'-'_04'-'_05'-'_06'-'_07'-'_08'-'_09'-'_10'-'_11'-'_12'-'_13'-'_14'-'_15'-'_16'-'_17'-'_18'))","target_property_name":"#texture"}]}},

{"type1bug":{"type":"image","texture":"textures/type/bug","size":["27%","27%"],"offset":[-112,63],"bindings":[{"binding_name":"#title_text","binding_type":"global"},{"binding_type":"view","source_property_name":"(not(#title_text=(#title_text-'t1_01')))","target_property_name":"#visible"}]}},
{"type1dark":{"type":"image","texture":"textures/type/dark","size":["27%","27%"],"offset":[-112,63],"bindings":[{"binding_name":"#title_text","binding_type":"global"},{"binding_type":"view","source_property_name":"(not(#title_text=(#title_text-'t1_02')))","target_property_name":"#visible"}]}},
{"type1dragon":{"type":"image","texture":"textures/type/dragon","size":["27%","27%"],"offset":[-112,63],"bindings":[{"binding_name":"#title_text","binding_type":"global"},{"binding_type":"view","source_property_name":"(not(#title_text=(#title_text-'t1_03')))","target_property_name":"#visible"}]}},
{"type1electric":{"type":"image","texture":"textures/type/electric","size":["27%","27%"],"offset":[-112,63],"bindings":[{"binding_name":"#title_text","binding_type":"global"},{"binding_type":"view","source_property_name":"(not(#title_text=(#title_text-'t1_04')))","target_property_name":"#visible"}]}},
{"type1fairy":{"type":"image","texture":"textures/type/fairy","size":["27%","27%"],"offset":[-112,63],"bindings":[{"binding_name":"#title_text","binding_type":"global"},{"binding_type":"view","source_property_name":"(not(#title_text=(#title_text-'t1_05')))","target_property_name":"#visible"}]}},
{"type1fighting":{"type":"image","texture":"textures/type/fighting","size":["27%","27%"],"offset":[-112,63],"bindings":[{"binding_name":"#title_text","binding_type":"global"},{"binding_type":"view","source_property_name":"(not(#title_text=(#title_text-'t1_06')))","target_property_name":"#visible"}]}},
{"type1fire":{"type":"image","texture":"textures/type/fire","size":["27%","27%"],"offset":[-112,63],"bindings":[{"binding_name":"#title_text","binding_type":"global"},{"binding_type":"view","source_property_name":"(not(#title_text=(#title_text-'t1_07')))","target_property_name":"#visible"}]}},
{"type1flying":{"type":"image","texture":"textures/type/flying","size":["27%","27%"],"offset":[-112,63],"bindings":[{"binding_name":"#title_text","binding_type":"global"},{"binding_type":"view","source_property_name":"(not(#title_text=(#title_text-'t1_08')))","target_property_name":"#visible"}]}},
{"type1ghost":{"type":"image","texture":"textures/type/ghost","size":["27%","27%"],"offset":[-112,63],"bindings":[{"binding_name":"#title_text","binding_type":"global"},{"binding_type":"view","source_property_name":"(not(#title_text=(#title_text-'t1_09')))","target_property_name":"#visible"}]}},
{"type1grass":{"type":"image","texture":"textures/type/grass","size":["27%","27%"],"offset":[-112,63],"bindings":[{"binding_name":"#title_text","binding_type":"global"},{"binding_type":"view","source_property_name":"(not(#title_text=(#title_text-'t1_10')))","target_property_name":"#visible"}]}},
{"type1ground":{"type":"image","texture":"textures/type/ground","size":["27%","27%"],"offset":[-112,63],"bindings":[{"binding_name":"#title_text","binding_type":"global"},{"binding_type":"view","source_property_name":"(not(#title_text=(#title_text-'t1_11')))","target_property_name":"#visible"}]}},
{"type1normal":{"type":"image","texture":"textures/type/ice","size":["27%","27%"],"offset":[-112,63],"bindings":[{"binding_name":"#title_text","binding_type":"global"},{"binding_type":"view","source_property_name":"(not(#title_text=(#title_text-'t1_12')))","target_property_name":"#visible"}]}},
{"type1normal":{"type":"image","texture":"textures/type/normal","size":["27%","27%"],"offset":[-112,63],"bindings":[{"binding_name":"#title_text","binding_type":"global"},{"binding_type":"view","source_property_name":"(not(#title_text=(#title_text-'t1_13')))","target_property_name":"#visible"}]}},
{"type1poison":{"type":"image","texture":"textures/type/poison","size":["27%","27%"],"offset":[-112,63],"bindings":[{"binding_name":"#title_text","binding_type":"global"},{"binding_type":"view","source_property_name":"(not(#title_text=(#title_text-'t1_14')))","target_property_name":"#visible"}]}},
{"type1psychic":{"type":"image","texture":"textures/type/psychic","size":["27%","27%"],"offset":[-112,63],"bindings":[{"binding_name":"#title_text","binding_type":"global"},{"binding_type":"view","source_property_name":"(not(#title_text=(#title_text-'t1_15')))","target_property_name":"#visible"}]}},
{"type1rock":{"type":"image","texture":"textures/type/rock","size":["27%","27%"],"offset":[-112,63],"bindings":[{"binding_name":"#title_text","binding_type":"global"},{"binding_type":"view","source_property_name":"(not(#title_text=(#title_text-'t1_16')))","target_property_name":"#visible"}]}},
{"type1steel":{"type":"image","texture":"textures/type/steel","size":["27%","27%"],"offset":[-112,63],"bindings":[{"binding_name":"#title_text","binding_type":"global"},{"binding_type":"view","source_property_name":"(not(#title_text=(#title_text-'t1_17')))","target_property_name":"#visible"}]}},
{"type1water":{"type":"image","texture":"textures/type/water","size":["27%","27%"],"offset":[-112,63],"bindings":[{"binding_name":"#title_text","binding_type":"global"},{"binding_type":"view","source_property_name":"(not(#title_text=(#title_text-'t1_18')))","target_property_name":"#visible"}]}},

{"type2bug":{"type":"image","texture":"textures/type/bug","size":["27%","27%"],"offset":[-84,63],"bindings":[{"binding_name":"#title_text","binding_type":"global"},{"binding_type":"view","source_property_name":"(not(#title_text=(#title_text-'t2_01')))","target_property_name":"#visible"}]}},
{"type2dark":{"type":"image","texture":"textures/type/dark","size":["27%","27%"],"offset":[-84,63],"bindings":[{"binding_name":"#title_text","binding_type":"global"},{"binding_type":"view","source_property_name":"(not(#title_text=(#title_text-'t2_02')))","target_property_name":"#visible"}]}},
{"type2dragon":{"type":"image","texture":"textures/type/dragon","size":["27%","27%"],"offset":[-84,63],"bindings":[{"binding_name":"#title_text","binding_type":"global"},{"binding_type":"view","source_property_name":"(not(#title_text=(#title_text-'t2_03')))","target_property_name":"#visible"}]}},
{"type2electric":{"type":"image","texture":"textures/type/electric","size":["27%","27%"],"offset":[-84,63],"bindings":[{"binding_name":"#title_text","binding_type":"global"},{"binding_type":"view","source_property_name":"(not(#title_text=(#title_text-'t2_04')))","target_property_name":"#visible"}]}},
{"type2fairy":{"type":"image","texture":"textures/type/fairy","size":["27%","27%"],"offset":[-84,63],"bindings":[{"binding_name":"#title_text","binding_type":"global"},{"binding_type":"view","source_property_name":"(not(#title_text=(#title_text-'t2_05')))","target_property_name":"#visible"}]}},
{"type2fighting":{"type":"image","texture":"textures/type/fighting","size":["27%","27%"],"offset":[-84,63],"bindings":[{"binding_name":"#title_text","binding_type":"global"},{"binding_type":"view","source_property_name":"(not(#title_text=(#title_text-'t2_06')))","target_property_name":"#visible"}]}},
{"type2fire":{"type":"image","texture":"textures/type/fire","size":["27%","27%"],"offset":[-84,63],"bindings":[{"binding_name":"#title_text","binding_type":"global"},{"binding_type":"view","source_property_name":"(not(#title_text=(#title_text-'t2_07')))","target_property_name":"#visible"}]}},
{"type2flying":{"type":"image","texture":"textures/type/flying","size":["27%","27%"],"offset":[-84,63],"bindings":[{"binding_name":"#title_text","binding_type":"global"},{"binding_type":"view","source_property_name":"(not(#title_text=(#title_text-'t2_08')))","target_property_name":"#visible"}]}},
{"type2ghost":{"type":"image","texture":"textures/type/ghost","size":["27%","27%"],"offset":[-84,63],"bindings":[{"binding_name":"#title_text","binding_type":"global"},{"binding_type":"view","source_property_name":"(not(#title_text=(#title_text-'t2_09')))","target_property_name":"#visible"}]}},
{"type2grass":{"type":"image","texture":"textures/type/grass","size":["27%","27%"],"offset":[-84,63],"bindings":[{"binding_name":"#title_text","binding_type":"global"},{"binding_type":"view","source_property_name":"(not(#title_text=(#title_text-'t2_10')))","target_property_name":"#visible"}]}},
{"type2ground":{"type":"image","texture":"textures/type/ground","size":["27%","27%"],"offset":[-84,63],"bindings":[{"binding_name":"#title_text","binding_type":"global"},{"binding_type":"view","source_property_name":"(not(#title_text=(#title_text-'t2_11')))","target_property_name":"#visible"}]}},
{"type2normal":{"type":"image","texture":"textures/type/ice","size":["27%","27%"],"offset":[-84,63],"bindings":[{"binding_name":"#title_text","binding_type":"global"},{"binding_type":"view","source_property_name":"(not(#title_text=(#title_text-'t2_12')))","target_property_name":"#visible"}]}},
{"type2normal":{"type":"image","texture":"textures/type/normal","size":["27%","27%"],"offset":[-84,63],"bindings":[{"binding_name":"#title_text","binding_type":"global"},{"binding_type":"view","source_property_name":"(not(#title_text=(#title_text-'t2_13')))","target_property_name":"#visible"}]}},
{"type2poison":{"type":"image","texture":"textures/type/poison","size":["27%","27%"],"offset":[-84,63],"bindings":[{"binding_name":"#title_text","binding_type":"global"},{"binding_type":"view","source_property_name":"(not(#title_text=(#title_text-'t2_14')))","target_property_name":"#visible"}]}},
{"type2psychic":{"type":"image","texture":"textures/type/psychic","size":["27%","27%"],"offset":[-84,63],"bindings":[{"binding_name":"#title_text","binding_type":"global"},{"binding_type":"view","source_property_name":"(not(#title_text=(#title_text-'t2_15')))","target_property_name":"#visible"}]}},
{"type2rock":{"type":"image","texture":"textures/type/rock","size":["27%","27%"],"offset":[-84,63],"bindings":[{"binding_name":"#title_text","binding_type":"global"},{"binding_type":"view","source_property_name":"(not(#title_text=(#title_text-'t2_16')))","target_property_name":"#visible"}]}},
{"type2steel":{"type":"image","texture":"textures/type/steel","size":["27%","27%"],"offset":[-84,63],"bindings":[{"binding_name":"#title_text","binding_type":"global"},{"binding_type":"view","source_property_name":"(not(#title_text=(#title_text-'t2_17')))","target_property_name":"#visible"}]}},
{"type2water":{"type":"image","texture":"textures/type/water","size":["27%","27%"],"offset":[-84,63],"bindings":[{"binding_name":"#title_text","binding_type":"global"},{"binding_type":"view","source_property_name":"(not(#title_text=(#title_text-'t2_18')))","target_property_name":"#visible"}]}}
	]
  }
}