{
  "namespace":"pokesv",

      "team":{
    "type":"image","texture":"textures/ui/team",
    "size":["247px","247px"],"offset":[0,"-1px"],"layer":3,
      "bindings":[
    {"binding_name":"#title_text"},
    {"binding_type":"view","source_property_name":"(not(#title_text=(#title_text-'team'-'swipe')))","target_property_name":"#visible"}
    ]
  },
      "store":{
    "type":"panel",
      "bindings":[
    {"binding_name":"#title_text"},
    {"binding_type":"view","source_property_name":"(not(#title_text=(#title_text-'')))","target_property_name":"#visible"}
    ],
    "controls":[{"store_bg":{"type":"image","texture":"textures/ui/store_interface","size":["359px","359px"],"layer":3,"offset":["-43px","3px"]}}]
  },
      "pc":{
    "type":"panel",
      "bindings":[
    {"binding_name":"#title_text"},
    {"binding_type":"view","source_property_name":"(not(#title_text=(#title_text-'stg')))","target_property_name":"#visible"}
    ],
    "controls":[
      {"pc_black":{"type":"image","texture":"textures/ui/pokedex_background","size":[3500,3500]}},
      {"pc_bg":{"type":"image","texture":"textures/stg/pc_interface","size":["361px","361px"],"layer":3,"offset":["-41px","2px"]}},
      {"pc_title":{"type":"label","offset":[0,"-98px"],"layer":15,"color":[1,1,1,1],"text":"item.serp:pc_box.name","shadow":true,"font_size":"large","font_scale_factor":0.8}},
      {"pc_normal":{"type":"image","size":["70px","70px"],"offset":["-157px","7px"],"layer":10,"texture":"#texture","bindings":[{"binding_name":"#title_text","binding_type":"global"},{"binding_type":"view","source_property_name":"(not((#title_text-'v0'-'v1'-'v2')=#title_text))","target_property_name":"#visible"},{"binding_type":"view","source_property_name":"('pokeitems/items/icons/'+(#title_text-stg-v0-v1-v2))","target_property_name":"#texture"}]}},
      {"pc_shiny":{"type":"image","size":["70px","70px"],"offset":["-157px","7px"],"layer":10,"texture":"#texture","bindings":[{"binding_name":"#title_text","binding_type":"global"},{"binding_type":"view","source_property_name":"(not((#title_text-'v3'-'v4'-'v5')=#title_text))","target_property_name":"#visible"},{"binding_type":"view","source_property_name":"('pokeitems/items/icons/'+(#title_text-stg-v3-v4-v5)+'s')","target_property_name":"#texture"}]}},
      {"pc_male":{"type":"image","size":["18px","18px"],"offset":["-185px","34px"],"layer":10,"texture":"textures/variants/male","bindings":[{"binding_name":"#title_text","binding_type":"global"},{"binding_type":"view","source_property_name":"(not((#title_text-'v1'-'v4')=#title_text))","target_property_name":"#visible"}]}},
      {"pc_female":{"type":"image","size":["18px","18px"],"offset":["-185px","34px"],"layer":10,"texture":"textures/variants/female","bindings":[{"binding_name":"#title_text","binding_type":"global"},{"binding_type":"view","source_property_name":"(not((#title_text-'v2'-'v5')=#title_text))","target_property_name":"#visible"}]}},
      {"pc_shiny_icon":{"type":"image","size":["18px","18px"],"offset":["-128px","-23px"],"layer":10,"texture":"textures/variants/shiny","bindings":[{"binding_name":"#title_text","binding_type":"global"},{"binding_type":"view","source_property_name":"(not((#title_text-'v3'-'v4'-'v5')=#title_text))","target_property_name":"#visible"}]}}
    ]
  },
      "start":{
    "type":"image","texture":"textures/ui/oak_intro",
    "size":["410px","410px"],"layer":3,
    "offset":["-83px","1px"],
      "bindings":[
    {"binding_name":"#title_text"},
    {"binding_type":"view","source_property_name":"(not(#title_text=(#title_text-'welcome.')))","target_property_name":"#visible"}
    ]
  },
      "gens":{
    "type":"image","texture":"textures/ui/choose_starter",
    "size":["236px","232px"],"layer":3,
      "bindings":[
    {"binding_name":"#title_text"},
    {"binding_type":"view","source_property_name":"(not(#title_text=(#title_text-'serp.choosing')))","target_property_name":"#visible"}
    ]
  },
      "starters":{
    "type":"panel","offset":["-67px","1px"],
    "layer":3,
          "bindings":[
    {"binding_name":"#title_text"},
    {"binding_type":"view","source_property_name":"(not(#title_text=(#title_text-'dex.')))","target_property_name":"#visible"}
    ],
    "controls":[
    {"electric":{"type":"image","texture":"textures/ui/intro_electric",
    "size":["380px","380px"],
      "bindings":[
    {"binding_name":"#title_text"},
    {"binding_type":"view","source_property_name":"(not(#title_text=(#title_text-'_04')))","target_property_name":"#visible"}
        ]
      }
    },
    {"fire":{"type":"image","texture":"textures/ui/intro_fire",
    "size":["380px","380px"],
      "bindings":[
    {"binding_name":"#title_text"},
    {"binding_type":"view","source_property_name":"(not(#title_text=(#title_text-'_07')))","target_property_name":"#visible"}
        ]
      }
    },
    {"grass":{"type":"image","texture":"textures/ui/intro_grass",
    "size":["380px","380px"],
      "bindings":[
    {"binding_name":"#title_text"},
    {"binding_type":"view","source_property_name":"(not(#title_text=(#title_text-'_10')))","target_property_name":"#visible"}
        ]
      }
    },
    {"normal":{"type":"image","texture":"textures/ui/intro_normal",
    "size":["380px","380px"],
      "bindings":[
    {"binding_name":"#title_text"},
    {"binding_type":"view","source_property_name":"(not(#title_text=(#title_text-'_13')))","target_property_name":"#visible"}
        ]
      }
    },
    {"water":{"type":"image","texture":"textures/ui/intro_water",
    "size":["380px","380px"],
      "bindings":[
    {"binding_name":"#title_text"},
    {"binding_type":"view","source_property_name":"(not(#title_text=(#title_text-'_18')))","target_property_name":"#visible"}
            ]
          }
        },
    {"intro_sprites":{"type":"image","texture":"#texture","offset":["-120px","15px"],"size":["200px","200px"],"bindings":[{"binding_name":"#title_text","binding_type":"global"},{"binding_type":"view","source_property_name":"(not((#title_text-'dex.')=#title_text))","target_property_name":"#visible"},{"binding_type":"view","source_property_name":"('textures/pokedex/'+(#title_text-'t1'-'t2'-'_00'-'_01'-'_02'-'_03'-'_04'-'_05'-'_06'-'_07'-'_08'-'_09'-'_10'-'_11'-'_12'-'_13'-'_14'-'_15'-'_16'-'_17'-'_18'))","target_property_name":"#texture"}]}}
      ]
    },
      "pokedex":{
    "type":"image","texture":"pokeitems/items/poke/pokedex",
    "size":["318px","318px"],"layer":3,
    "offset":["42px",0],
      "controls":[
    {"pokedex_black":{"type":"image","texture":"textures/ui/pokedex_background","size":[3500,3500]}},
    {"pokedex_panel":{"type":"image","texture":"textures/ui/pokedex_panel","size":["224px","224px"],"offset":["-42px","7px"]}}
      ],
      "bindings":[
    {"binding_name":"#title_text"},
    {"binding_type":"view","source_property_name":"(#title_text='serp.pokedex')","target_property_name":"#visible"}
    ]
  },
  "learning_move":{
    "type":"image","texture":"textures/ui/learning_move",
    "size":["410px","410px"],"layer":3,
    "offset":["-83px","1px"],
      "bindings":[
    {"binding_name":"#title_text"},
    {"binding_type":"view","source_property_name":"(not(#title_text=(#title_text-'attack.')))","target_property_name":"#visible"}
    ]
  },
  "trainer_card":{
  "type":"panel","size":[230,230],"keep_ratio":true,"fill":true,
  "anchor_from":"center","anchor_to":"center",
  "controls":[
{"trainer_bg":{"type":"image","layer":3,"texture":"textures/ui/trainer_hud","size":["202px","202px"],"offset":[0,-4]}},
{"trainer_avatar":{"type":"custom","size":[40,40],"offset":["53px","-47px"],"camera_tilt_degrees":30,"starting_rotation":30,"renderer":"live_player_renderer","property_bag":{"#look_at_cursor":true},"animation_reset_name":"screen_animation_reset","anims":["@common.screen_exit_size_animation_push","@common.screen_exit_size_animation_pop","@common.screen_entrance_size_animation_push","@common.screen_entrance_size_animation_pop"],"layer":8,"anchor_from":"center","anchor_to":"center"}},
{"trainer_body":{"type":"panel","size":["100%", "100%c"],"controls":[{"main_label":{"type":"label","layer":9,"offset":[136,-23],"color":"#title_text_color","size":["100%", "default"],"anchor_from":"top_left","anchor_to":"top_left","text":"#form_text"}}]}},
{"card_panel":{"type":"panel","size":["100%","100%c"],"controls":[{"card_buttons@card_buttons":{"offset":[-32,-23]}}]}}
	  ]
  },
	"pokemenu":{
  "type":"panel","size":[230,230],"keep_ratio":true,"fill":true,
  "anchor_from":"left_middle","anchor_to":"left_middle",
  "controls":[
{"pokemenu_bg":{"type":"image","texture":"textures/ui/pokemon/pokemenu","size":[286,286],"offset":[28,17],"layer":1}},
{"pokemenu_panel":{"type":"panel","size":["100%","100%c"],"controls":[{"pokemenu_buttons@battle_buttons":{"offset":[-16,17]}}]}}
	  ]
  },
	"battle":{
  "type":"panel","size":[230,230],"keep_ratio":true,"fill":true,
  "anchor_from":"bottom_right","anchor_to":"bottom_right",
  "controls":[
{"battle_bg":{"type":"image","texture":"textures/ui/battle/battle_bg","size":[286,286],"offset":[-28,2],"layer":1}},
{"battle_panel":{"type":"panel","size":["100%","100%c"],"controls":[{"battle_buttons@battle_buttons":{"offset":[16,0]}}]}}
    ]
  },
  "card_buttons":{
    "type":"stack_panel","size":["65%-4px","100%c"],
    "orientation":"vertical",
    "anchor_from":"top_middle","anchor_to":"top_middle",
    "factory":{
      "name":"buttons","control_name":"pokesv.compact_button"
    },
    "collection_name":"form_buttons",
    "bindings":[
{"binding_name":"#form_button_length","binding_name_override":"#collection_length"}
    ]
  },
  "compact_button":{
    "type":"stack_panel","size":["85%",15],"anchor_from":"top_middle","anchor_to":"top_middle","orientation":"horizontal",
    "controls":[
      {
        "panel_name":{
          "type":"panel","size":[34,"100%c"],
          "bindings":[
            {
              "binding_type":"view",
              "source_control_name":"image",
              "resolve_sibling_scope":true,
              "source_property_name":"(not (#texture = ''))",
              "target_property_name":"#visible"
            }
          ],
          "controls":[
            {
              "image":{
                "type":"image","layer":99,"size":[21,21],"offset":[8,"-4px"],
                "bindings":[
{"binding_name":"#form_button_texture","binding_name_override":"#texture","binding_type":"collection","binding_collection_name":"form_buttons"},
{"binding_name":"#form_button_texture_file_system","binding_name_override":"#texture_file_system","binding_type":"collection","binding_collection_name":"form_buttons"},
{"binding_type":"view","source_property_name":"(not ((#texture = '') or (#texture = 'loading')))","target_property_name":"#visible"}
                ]
              }
            }
          ]
        }
      },
      {
        "form_button@pokesv.empty_text_button":{
          "$pressed_button_name":"button.form_button_click",
          "anchor_from":"top_left","anchor_to":"top_left",
          "size":["fill",15],
          "$button_text":"#form_button_text",
          "$button_text_binding_type":"collection",
          "$button_text_grid_collection_name":"form_buttons",
          "$button_text_max_size":["100%",20],
          "bindings":[
{"binding_type":"collection_details","binding_collection_name":"form_buttons"}
          ]
        }
      }
    ]
  },
  "battle_buttons":{
    "type":"stack_panel","size":["75%-4px","100%c"],
    "orientation":"vertical",
    "anchor_from":"top_middle","anchor_to":"top_middle",
    "factory":{"name":"buttons","control_name":"pokesv.battle_button"},
    "collection_name":"form_buttons",
    "bindings":[{"binding_name":"#form_button_length","binding_name_override":"#collection_length"}]
  },
  "battle_button":{
    "type":"stack_panel","size":["100%",32],
    "orientation":"horizontal",
    "controls":[
      {
        "panel_name":{
          "type":"panel","size":[34,"100%c"],
          "bindings":[
{"binding_type":"view","source_control_name":"image","resolve_sibling_scope":true,"source_property_name":"(not (#texture = ''))","target_property_name":"#visible"}
          ],
          "controls":[
            {
              "image":{
                "type":"image","layer":99,"size":[32, 32],"offset":[-2, 0],
                "bindings":[
{"binding_name":"#form_button_texture","binding_name_override":"#texture","binding_type":"collection","binding_collection_name":"form_buttons"},
{"binding_name":"#form_button_texture_file_system","binding_name_override":"#texture_file_system","binding_type":"collection","binding_collection_name":"form_buttons"},
{"binding_type":"view","source_property_name":"(not ((#texture = '') or (#texture = 'loading')))","target_property_name":"#visible"}
                ]
              }
            }
          ]
        }
      },
      {
        "form_button@common_buttons.dark_text_button":{
          "$pressed_button_name":"button.form_button_click",
          "anchor_from":"top_left","anchor_to":"top_left",
          "size":["fill",32],
          "$button_text":"#form_button_text",
          "$button_text_binding_type":"collection",
          "$button_text_grid_collection_name":"form_buttons",
          "$button_text_max_size":["100%",20],
          "bindings":[
{"binding_type":"collection_details","binding_collection_name":"form_buttons"}
          ]
        }
      }
    ]
  },
  "empty_text_button@empty_button_assets":{
    "$button_offset|default":[0,0],
    "$button_pressed_offset|default":[0,1],
    "$button_text|default":"",
    "$button_font_size|default":"normal",
    "$button_font_scale_factor|default":0.8,
    "$pressed_alpha|default":1,
    "$default_button_alpha|default":1,
    "$default_hover_alpha|default":0,
    "$default_pressed_alpha|default":0,
    "$default_button_pressed_offset|default":[0,1],
    "$default_text_color|default":"$light_button_default_text_color",
    "$hover_text_color|default":"$light_button_hover_text_color",
    "$pressed_text_color|default":"$light_button_pressed_text_color",
    "$locked_text_color|default":"$light_button_locked_text_color",
    "$button_text_binding_type|default":"none",
    "$button_binding_condition|default":"none",
    "$button_text_grid_collection_name|default":"",

    "$button_type_panel":"common_buttons.new_ui_binding_button_label",
    "$button_state_panel|default":"common_buttons.new_ui_button_panel",

    "$default_state|default":false,
    "$hover_state|default":false,
    "$pressed_state|default":false,
    "$locked_state|default":false,
    "controls":[
      {
        "default@$button_state_panel":{
          "$new_ui_button_texture":"$default_button_texture",
          "$text_color":"$main_header_text_color",
          "$secondary_text_color":"$light_button_secondary_default_text_color",
          "$content_alpha":"$default_content_alpha",
          "$border_layer":0,
          "$default_state":true,
          "$button_alpha":"$default_button_alpha",
          "layer":1
        }
      },
      {
        "hover@$button_state_panel":{
          "$new_ui_button_texture":"$hover_button_texture",
          "$text_color":"$main_header_text_color",
          "$secondary_text_color":"$light_button_secondary_hover_text_color",
          "$content_alpha":1,
          "$border_layer":0,
          "$hover_state":true,
          "$button_alpha":"$default_hover_alpha",
          "layer":1
        }
      },
      {
        "pressed@$button_state_panel":{
          "$new_ui_button_texture":"$pressed_button_texture",
          "$text_color":"$main_header_text_color",
          "$secondary_text_color":"$light_button_secondary_pressed_text_color",
          "$button_offset|default":"$button_pressed_offset",
          "$content_alpha":"$pressed_alpha",
          "$border_layer":0,
          "$pressed_state":true,
          "$button_alpha":"$default_pressed_alpha",
          "layer":1
        }
      }
    ]
  },
  "empty_button_assets@common.button":{
    "$default_button_texture|default":"pokeitems/items/icons/0",
    "$default_content_alpha|default":1,
    "$hover_content_alpha|default":1,
    "$hover_button_texture|default":"pokeitems/items/icons/0",
    "$pressed_button_texture|default":"pokeitems/items/icons/0",
    "$locked_button_texture|default":"pokeitems/items/icons/0",
    "locked_control":"locked",
    "$default_font|default":"default",
    "$font_type":"$default_font",
    "$locked_alpha":1
  }
}