{
  "namespace":"pokehud",
  "main_team":{
    "type":"label","anchor_from":"top_right","anchor_to":"top_right",
    "factory":{
    "name":"hud_actionbar_text_factory",
    "control_ids":{
    "hud_actionbar_text":"team_root@pokehud.team_root"
      }
    }
  },
  "main_summary":{
    "type":"label","anchor_from":"center","anchor_to":"center",
    "factory":{
    "name":"hud_actionbar_text_factory",
    "control_ids":{
    "hud_actionbar_text":"summary_root@pokehud.summary_root"
      }
    }
  },
  "summary_root":{
    "$ab":"$actionbar_text","type":"panel","visible":"(not($ab=($ab-'')))",
    "controls":[
  {"summary_black":{"type":"image","layer":9,"texture":"textures/stg/pc_bg","alpha":0.65,"size":[3500,3500]}},
  {"summary_bg":{"type":"image","layer":9,"texture":"textures/ui/pokemon/summary_hud","size":["215px","215px"]}},
  {"summary_s@pokeslot":{"offset":[-76,-30]}},
  {"summary_text":{"bindings":[{"binding_name":"#hud_subtitle_text_string","binding_type":"global"}],"type":"label","text":"#hud_subtitle_text_string","layer":10,"size":[200,200],"offset":[60,40],"shadow":true,"localize":false,"font_size":"normal","font_scale_factor":0.9}}
    ]
  },
  "anim_team_offset":{
    "anim_type":"offset","easing":"out_cubic",
    "duration":0.25,"from":[0,10],"to":[0,0]
  },
  "team_root":{
    "$ab":"$actionbar_text","$slot":0,"type":"panel","visible":"(not($ab=($ab-'§0poke')))",
    "controls":[
{"team_slots":{"type":"image","texture":"textures/ui/slots","offset":["-120px","40px"],"alpha":0.6,"size":["237px","37px"]}},
{"team1@team":{"offset":["-30px","40px"],"$slot":6}},
{"team2@team":{"offset":["-65px","40px"],"$slot":5}},
{"team3@team":{"offset":["-100px","40px"],"$slot":4}},
{"team4@team":{"offset":["-135px","40px"],"$slot":3}},
{"team5@team":{"offset":["-170px","40px"],"$slot":2}},
{"team6@team":{"offset":["-205px","40px"],"$slot":1}}
    ]
  },
  "team":{"type":"panel","$slot":0,"controls":[{"ball_off":{"type":"image","$slot":0,"size":[37,37],"texture":"textures/ui/status/off","bindings":[{"binding_name":"$ab","binding_type":"global"},{"binding_type":"view","source_property_name":"($ab=($ab-'§0poke'-$slot))","target_property_name":"#visible"}]}},{"pokemon@pokeslot":{"anims":["@pokehud.anim_team_offset"],"visible":"(not($ab=$ab-('poke'+$slot)))"}}]},
  "pokeslot":{
    "type":"panel",
    "controls":[
{"ball":{"type":"image","size":[42,42],"texture":"('textures/ui/status/'+($ab-'§0pok'-'e1'-'e2'-'e3'-'e4'-'e5'-'e6'))"}},
{"pokemon_info":{"visible":"(not(($ab-'poke'-'PC')=$ab))","bindings":[{"binding_name":"#hud_subtitle_text_string","binding_type":"global"},{"binding_type":"view","source_property_name":"(not(($ab-'poke')=$ab))","target_property_name":"#visible"}],"type":"label","text":"#hud_subtitle_text_string","layer":10,"size":[100,50],"offset":[-24,56],"shadow":true,"localize":false,"font_size":"normal","font_scale_factor":0.65}},
{"pokedata":{"visible":"(not(($ab-'poke')=$ab))","type":"image","size":[95,95],"offset":[-30,38],"texture":"textures/ui/status/pokedata"}},
{"normal":{"type":"image","size":[30,30],"layer":10,"texture":"#texture","bindings":[{"binding_name":"#hud_title_text_string","binding_type":"global"},{"binding_type":"view","source_property_name":"(not((#hud_title_text_string-'v0'-'v1'-'v2')=#hud_title_text_string))","target_property_name":"#visible"},{"binding_type":"view","source_property_name":"('pokeitems/items/icons/'+(#hud_title_text_string-s-v0-v1-v2))","target_property_name":"#texture"}]}},
{"shiny":{"type":"image","size":[30,30],"layer":10,"texture":"#texture","bindings":[{"binding_name":"#hud_title_text_string","binding_type":"global"},{"binding_type":"view","source_property_name":"(not((#hud_title_text_string-'v3'-'v4'-'v5')=#hud_title_text_string))","target_property_name":"#visible"},{"binding_type":"view","source_property_name":"('pokeitems/items/icons/'+(#hud_title_text_string-s-v3-v4-v5)+'s')","target_property_name":"#texture"}]}},
{"male":{"type":"image","size":[14,14],"offset":[-16,15],"layer":10,"texture":"textures/variants/male","bindings":[{"binding_name":"#hud_title_text_string","binding_type":"global"},{"binding_type":"view","source_property_name":"(not((#hud_title_text_string-'v1'-'v4')=#hud_title_text_string))","target_property_name":"#visible"}]}},
{"female":{"type":"image","size":[14,14],"offset":[-16,15],"layer":10,"texture":"textures/variants/female","bindings":[{"binding_name":"#hud_title_text_string","binding_type":"global"},{"binding_type":"view","source_property_name":"(not((#hud_title_text_string-'v2'-'v5')=#hud_title_text_string))","target_property_name":"#visible"}]}},
{"shiny_icon":{"type":"image","size":[14,14],"offset":[16,-15],"layer":10,"texture":"textures/variants/shiny","bindings":[{"binding_name":"#hud_title_text_string","binding_type":"global"},{"binding_type":"view","source_property_name":"(not((#hud_title_text_string-'v3'-'v4'-'v5')=#hud_title_text_string))","target_property_name":"#visible"}]}}
    ]
  }
}