{
  "namespace":"server_form",

  "main_screen_content":{
    "type":"panel","size":["100%","100%"],
    "controls":[
        {
      "server_form_factory":{
    "type":"factory",
    "control_ids":{
    "long_form":"@server_form.advanced",
    "custom_form":"@server_form.custom_form"
          }
        }
      }
    ]
  },
  "advanced":{
    "type":"panel","size":["100%", "100%"],
    "controls":[
    {"long_form@server_form.long_form":{"layer":1,"enabled":false,"visible":false,"bindings":[{"binding_type":"global","binding_condition":"none","binding_name":"#title_text","binding_name_override":"#title_text"},{"source_property_name":"(#title_text=(#title_text-'battle'-'pokemenu'-'card'))","binding_type":"view","target_property_name":"#visible"},{"source_property_name":"(#title_text=(#title_text-'battle'-'pokemenu'-'card'))","binding_type":"view","target_property_name":"#enabled"}]}},
    {"card@pokesv.trainer_card":{"bindings":[{"binding_type":"global","binding_condition":"none","binding_name":"#title_text","binding_name_override":"#title_text"},{"source_property_name":"(not(#title_text=(#title_text-'serp.card')))","binding_type":"view","target_property_name":"#visible"},{"source_property_name":"(not(#title_text=(#title_text-'serp.card')))","binding_type":"view","target_property_name":"#enabled"}]}},
    {"pokemenu@pokesv.pokemenu":{"bindings":[{"binding_type":"global","binding_condition":"none","binding_name":"#title_text","binding_name_override":"#title_text"},{"source_property_name":"(#title_text='serp.pokemenu')","binding_type":"view","target_property_name":"#visible"},{"source_property_name":"(#title_text='serp.pokemenu')","binding_type":"view","target_property_name":"#enabled"}]}},
    {"battle@pokesv.battle":{"bindings":[{"binding_type":"global","binding_condition":"none","binding_name":"#title_text","binding_name_override":"#title_text"},{"source_property_name":"(#title_text='serp.battle')","binding_type":"view","target_property_name":"#visible"},{"source_property_name":"(#title_text='serp.battle')","binding_type":"view","target_property_name":"#enabled"}]}},
    {"pc@pokesv.pc":{}},
    {"team@pokesv.team":{}},
    {"store@pokesv.store":{}},
    {"pc@pokesv.pc":{}},
    {"start@pokesv.start":{}},
    {"gens@pokesv.gens":{}},
    {"pokedex@pokesv.pokedex":{}},
    {"learning_move@pokesv.learning_move":{}},
    {"starters@pokesv.starters":{}}
    ]
  }
}