{
	"format_version": "1.12.0",
	"minecraft:geometry": [
		{
			"description": {
				"identifier": "geometry.serpnuzleaf",
				"texture_width": 48,
				"texture_height": 48,
				"visible_bounds_width": 3,
				"visible_bounds_height": 2.5,
				"visible_bounds_offset": [0, 0.75, 0]
			},
			"bones": [
				{
					"name": "nuzleaf",
					"pivot": [0, 0, 0]
				},
				{
					"name": "body_root",
					"parent": "nuzleaf",
					"pivot": [0, 5, 0]
				},
				{
					"name": "head",
					"parent": "body_root",
					"pivot": [0, 12, 0],
					"cubes": [
						{"origin": [-3, 11.5, -3.55], "size": [6, 5, 0], "uv": [34, 20]},
						{"origin": [-3, 11, -2.5], "size": [6, 1, 5], "uv": [0, 12]},
						{"origin": [-3, 16, -2.5], "size": [6, 1, 5], "uv": [0, 12]},
						{"origin": [-3, 12, -3.5], "size": [6, 4, 1], "uv": [17, 31]},
						{"origin": [-3, 12, 2.5], "size": [6, 4, 1], "uv": [17, 31]},
						{"origin": [-4.41, 11.5, -3.5], "size": [1.41, 5, 0], "pivot": [-3, 14, -3.5], "rotation": [0, 45, 0], "uv": [0, 19]},
						{"origin": [3, 11.5, -3.5], "size": [1.41, 5, 0], "pivot": [3, 14, -3.5], "rotation": [0, -45, 0], "uv": [0, 19], "mirror": true},
						{"origin": [-0.5, 13, -6.5], "size": [1, 1, 3], "pivot": [0, 14, -3.5], "rotation": [10, 0, 0], "uv": [32, 37]},
						{"origin": [-4, 12, -2.5], "size": [1, 4, 5], "uv": [27, 0]},
						{"origin": [3, 12, -2.5], "size": [1, 4, 5], "uv": [27, 0], "mirror": true},
						{"origin": [-3.5, 11.5, -3], "size": [7, 5, 6], "uv": [0, 0]}
					]
				},
				{
					"name": "open_eyes",
					"parent": "head",
					"pivot": [0, 12, 0],
					"cubes": [
						{"origin": [-3.5, 13.5, -3.6], "size": [7, 2, 0], "uv": [0, 40]}
					]
				},
				{
					"name": "closed_eyes",
					"parent": "head",
					"pivot": [0, 12, 0],
					"cubes": [
						{"origin": [-3.5, 13.5, -3.6], "size": [7, 2, 0], "uv": [0, 42]}
					]
				},
				{
					"name": "angry_eyes",
					"parent": "head",
					"pivot": [0, 12, 0],
					"cubes": [
						{"origin": [-3.5, 13.5, -3.6], "size": [7, 2, 0], "uv": [0, 44]}
					]
				},
				{
					"name": "leaf",
					"parent": "head",
					"pivot": [0, 17, 0],
					"cubes": [
						{"origin": [-0.25, 16.5, -0.25], "size": [0.5, 3, 0.5], "uv": [0, 26]},
						{"origin": [-2.5, 19.6, -1.5], "size": [5, 0, 6], "uv": [0, 19]},
						{"origin": [-2.5, 19.6, 4.5], "size": [5, 0, 6], "pivot": [0, 19.6, 4.5], "rotation": [-30, 0, 0], "uv": [17, 13]}
					]
				},
				{
					"name": "body",
					"parent": "body_root",
					"pivot": [0, 5, 0],
					"cubes": [
						{"origin": [-2.5, 6.5, -2], "size": [5, 4, 4], "uv": [19, 22]},
						{"origin": [-2, 10, -1.5], "size": [4, 1, 3], "uv": [34, 42]},
						{"origin": [-2, 6, -1.5], "size": [4, 1, 3], "uv": [34, 42]}
					]
				},
				{
					"name": "arms",
					"parent": "body_root",
					"pivot": [0, 10, 0]
				},
				{
					"name": "right_arm",
					"parent": "arms",
					"pivot": [-2.5, 10, 0],
					"rotation": [0, 0, -45],
					"cubes": [
						{"origin": [-5.5, 9.5, -0.5], "size": [3, 1, 1], "uv": [16, 37]},
						{"origin": [-8.5, 9.5, -0.5], "size": [3, 1, 1], "pivot": [-5.5, 10, 0.5], "rotation": [0, -45, 0], "uv": [27, 10]},
						{"origin": [-11.5, 8.5, -2], "size": [3, 2, 3], "pivot": [-5.5, 10, 0.5], "rotation": [0, -45, 0], "uv": [34, 10]},
						{"origin": [-10, 8, -2.5], "size": [1, 1, 2], "pivot": [-5.5, 10, 0.5], "rotation": [0, -45, 0], "uv": [25, 37]}
					]
				},
				{
					"name": "left_arm",
					"parent": "arms",
					"pivot": [2.5, 10, 0],
					"rotation": [0, 0, 45],
					"cubes": [
						{"origin": [2.5, 9.5, -0.5], "size": [3, 1, 1], "uv": [16, 37], "mirror": true},
						{"origin": [5.5, 9.5, -0.5], "size": [3, 1, 1], "pivot": [5.5, 10, 0.5], "rotation": [0, 45, 0], "uv": [27, 10], "mirror": true},
						{"origin": [8.5, 8.5, -2], "size": [3, 2, 3], "pivot": [5.5, 10, 0.5], "rotation": [0, 45, 0], "uv": [34, 10], "mirror": true},
						{"origin": [9, 8, -2.5], "size": [1, 1, 2], "pivot": [5.5, 10, 0.5], "rotation": [0, 45, 0], "uv": [25, 37], "mirror": true}
					]
				},
				{
					"name": "legs",
					"parent": "nuzleaf",
					"pivot": [0, 6, 0]
				},
				{
					"name": "right_leg",
					"parent": "legs",
					"pivot": [-2, 6, 0],
					"rotation": [0, 10, 0],
					"cubes": [
						{"origin": [-4, 2.5, -2], "size": [4, 4, 4], "uv": [0, 26]},
						{"origin": [-3.5, 2, -1.5], "size": [3, 1, 3], "uv": [0, 35]},
						{"origin": [-3.5, 6, -1.5], "size": [3, 1, 3], "uv": [0, 35]},
						{"origin": [-3.5, 3, -2.5], "size": [3, 3, 1], "uv": [35, 0]},
						{"origin": [-4, 3, 1.5], "size": [3, 3, 1], "uv": [35, 0]},
						{"origin": [-2.5, 1, -0.5], "size": [1, 2, 1], "uv": [0, 0]},
						{"origin": [-3, 0, -3.5], "size": [2, 1.1, 4], "uv": [32, 31]},
						{"origin": [-4, 0, -3], "size": [1.5, 1, 3], "pivot": [-3, -1, -3], "rotation": [0, 20, 0], "uv": [21, 0]},
						{"origin": [-1.5, 0, -3], "size": [1.5, 1, 3], "pivot": [-1, -1, -3], "rotation": [0, -20, 0], "uv": [21, 0]}
					]
				},
				{
					"name": "left_leg",
					"parent": "legs",
					"pivot": [2, 6, 0],
					"rotation": [0, -10, 0],
					"cubes": [
						{"origin": [0, 2.5, -2], "size": [4, 4, 4], "uv": [0, 26], "mirror": true},
						{"origin": [0.5, 2, -1.5], "size": [3, 1, 3], "uv": [0, 35], "mirror": true},
						{"origin": [0.5, 6, -1.5], "size": [3, 1, 3], "uv": [0, 35], "mirror": true},
						{"origin": [0.5, 3, -2.5], "size": [3, 3, 1], "uv": [35, 0], "mirror": true},
						{"origin": [1, 3, 1.5], "size": [3, 3, 1], "uv": [35, 0], "mirror": true},
						{"origin": [1.5, 1, -0.5], "size": [1, 2, 1], "uv": [0, 0], "mirror": true},
						{"origin": [1, 0, -3.5], "size": [2, 1.1, 4], "uv": [32, 31], "mirror": true},
						{"origin": [2.5, 0, -3], "size": [1.5, 1, 3], "pivot": [3, -1, -3], "rotation": [0, -20, 0], "uv": [21, 0], "mirror": true},
						{"origin": [0, 0, -3], "size": [1.5, 1, 3], "pivot": [1, -1, -3], "rotation": [0, 20, 0], "uv": [21, 0], "mirror": true}
					]
				}
			]
		},
		{
			"description": {
				"identifier": "geometry.serpnuzleaf_aura",
				"texture_width": 48,
				"texture_height": 48,
				"visible_bounds_width": 3,
				"visible_bounds_height": 2.5,
				"visible_bounds_offset": [0, 0.75, 0]
			},
			"bones": [
				{
					"name": "nuzleaf",
					"pivot": [0, 0, 0]
				},
				{
					"name": "body_root",
					"parent": "nuzleaf",
					"pivot": [0, 5, 0]
				},
				{
					"name": "head",
					"parent": "body_root",
					"pivot": [0, 12, 0],
					"cubes": [
						{"origin": [-3, 11.5, -3.55], "size": [6, 5, 0], "inflate": 0.25, "uv": [34, 20]},
						{"origin": [-3, 11, -2.5], "size": [6, 1, 5], "inflate": 0.25, "uv": [0, 12]},
						{"origin": [-3, 16, -2.5], "size": [6, 1, 5], "inflate": 0.25, "uv": [0, 12]},
						{"origin": [-3, 12, -3.5], "size": [6, 4, 1], "inflate": 0.25, "uv": [17, 31]},
						{"origin": [-3, 12, 2.5], "size": [6, 4, 1], "inflate": 0.25, "uv": [17, 31]},
						{"origin": [-4.41, 11.5, -3.5], "size": [1.41, 5, 0], "inflate": 0.25, "pivot": [-3, 14, -3.5], "rotation": [0, 45, 0], "uv": [0, 19]},
						{"origin": [3, 11.5, -3.5], "size": [1.41, 5, 0], "inflate": 0.25, "pivot": [3, 14, -3.5], "rotation": [0, -45, 0], "uv": [0, 19], "mirror": true},
						{"origin": [-0.5, 13, -6.5], "size": [1, 1, 3], "inflate": 0.25, "pivot": [0, 14, -3.5], "rotation": [10, 0, 0], "uv": [32, 37]},
						{"origin": [-4, 12, -2.5], "size": [1, 4, 5], "inflate": 0.25, "uv": [27, 0]},
						{"origin": [3, 12, -2.5], "size": [1, 4, 5], "inflate": 0.25, "uv": [27, 0], "mirror": true},
						{"origin": [-3.5, 11.5, -3], "size": [7, 5, 6], "inflate": 0.25, "uv": [0, 0]}
					]
				},
				{
					"name": "open_eyes",
					"parent": "head",
					"pivot": [0, 12, 0],
					"cubes": [
						{"origin": [-3.5, 13.5, -3.6], "size": [7, 2, 0], "inflate": 0.25, "uv": [0, 40]}
					]
				},
				{
					"name": "closed_eyes",
					"parent": "head",
					"pivot": [0, 12, 0],
					"cubes": [
						{"origin": [-3.5, 13.5, -3.6], "size": [7, 2, 0], "inflate": 0.25, "uv": [0, 42]}
					]
				},
				{
					"name": "angry_eyes",
					"parent": "head",
					"pivot": [0, 12, 0],
					"cubes": [
						{"origin": [-3.5, 13.5, -3.6], "size": [7, 2, 0], "inflate": 0.25, "uv": [0, 44]}
					]
				},
				{
					"name": "leaf",
					"parent": "head",
					"pivot": [0, 17, 0],
					"cubes": [
						{"origin": [-0.25, 16.5, -0.25], "size": [0.5, 3, 0.5], "inflate": 0.25, "uv": [0, 26]},
						{"origin": [-2.5, 19.6, -1.5], "size": [5, 0, 6], "inflate": 0.25, "uv": [0, 19]},
						{"origin": [-2.5, 19.6, 4.5], "size": [5, 0, 6], "inflate": 0.25, "pivot": [0, 19.6, 4.5], "rotation": [-30, 0, 0], "uv": [17, 13]}
					]
				},
				{
					"name": "body",
					"parent": "body_root",
					"pivot": [0, 5, 0],
					"cubes": [
						{"origin": [-2.5, 6.5, -2], "size": [5, 4, 4], "inflate": 0.25, "uv": [19, 22]},
						{"origin": [-2, 10, -1.5], "size": [4, 1, 3], "inflate": 0.25, "uv": [34, 42]},
						{"origin": [-2, 6, -1.5], "size": [4, 1, 3], "inflate": 0.25, "uv": [34, 42]}
					]
				},
				{
					"name": "arms",
					"parent": "body_root",
					"pivot": [0, 10, 0]
				},
				{
					"name": "right_arm",
					"parent": "arms",
					"pivot": [-2.5, 10, 0],
					"rotation": [0, 0, -45],
					"cubes": [
						{"origin": [-5.5, 9.5, -0.5], "size": [3, 1, 1], "inflate": 0.25, "uv": [16, 37]},
						{"origin": [-8.5, 9.5, -0.5], "size": [3, 1, 1], "inflate": 0.25, "pivot": [-5.5, 10, 0.5], "rotation": [0, -45, 0], "uv": [27, 10]},
						{"origin": [-11.5, 8.5, -2], "size": [3, 2, 3], "inflate": 0.25, "pivot": [-5.5, 10, 0.5], "rotation": [0, -45, 0], "uv": [34, 10]},
						{"origin": [-10, 8, -2.5], "size": [1, 1, 2], "inflate": 0.25, "pivot": [-5.5, 10, 0.5], "rotation": [0, -45, 0], "uv": [25, 37]}
					]
				},
				{
					"name": "left_arm",
					"parent": "arms",
					"pivot": [2.5, 10, 0],
					"rotation": [0, 0, 45],
					"cubes": [
						{"origin": [2.5, 9.5, -0.5], "size": [3, 1, 1], "inflate": 0.25, "uv": [16, 37], "mirror": true},
						{"origin": [5.5, 9.5, -0.5], "size": [3, 1, 1], "inflate": 0.25, "pivot": [5.5, 10, 0.5], "rotation": [0, 45, 0], "uv": [27, 10], "mirror": true},
						{"origin": [8.5, 8.5, -2], "size": [3, 2, 3], "inflate": 0.25, "pivot": [5.5, 10, 0.5], "rotation": [0, 45, 0], "uv": [34, 10], "mirror": true},
						{"origin": [9, 8, -2.5], "size": [1, 1, 2], "inflate": 0.25, "pivot": [5.5, 10, 0.5], "rotation": [0, 45, 0], "uv": [25, 37], "mirror": true}
					]
				},
				{
					"name": "legs",
					"parent": "nuzleaf",
					"pivot": [0, 6, 0]
				},
				{
					"name": "right_leg",
					"parent": "legs",
					"pivot": [-2, 6, 0],
					"rotation": [0, 10, 0],
					"cubes": [
						{"origin": [-4, 2.5, -2], "size": [4, 4, 4], "inflate": 0.25, "uv": [0, 26]},
						{"origin": [-3.5, 2, -1.5], "size": [3, 1, 3], "inflate": 0.25, "uv": [0, 35]},
						{"origin": [-3.5, 6, -1.5], "size": [3, 1, 3], "inflate": 0.25, "uv": [0, 35]},
						{"origin": [-3.5, 3, -2.5], "size": [3, 3, 1], "inflate": 0.25, "uv": [35, 0]},
						{"origin": [-4, 3, 1.5], "size": [3, 3, 1], "inflate": 0.25, "uv": [35, 0]},
						{"origin": [-2.5, 1, -0.5], "size": [1, 2, 1], "inflate": 0.25, "uv": [0, 0]},
						{"origin": [-3, 0, -3.5], "size": [2, 1.1, 4], "inflate": 0.25, "uv": [32, 31]},
						{"origin": [-4, 0, -3], "size": [1.5, 1, 3], "inflate": 0.25, "pivot": [-3, -1, -3], "rotation": [0, 20, 0], "uv": [21, 0]},
						{"origin": [-1.5, 0, -3], "size": [1.5, 1, 3], "inflate": 0.25, "pivot": [-1, -1, -3], "rotation": [0, -20, 0], "uv": [21, 0]}
					]
				},
				{
					"name": "left_leg",
					"parent": "legs",
					"pivot": [2, 6, 0],
					"rotation": [0, -10, 0],
					"cubes": [
						{"origin": [0, 2.5, -2], "size": [4, 4, 4], "inflate": 0.25, "uv": [0, 26], "mirror": true},
						{"origin": [0.5, 2, -1.5], "size": [3, 1, 3], "inflate": 0.25, "uv": [0, 35], "mirror": true},
						{"origin": [0.5, 6, -1.5], "size": [3, 1, 3], "inflate": 0.25, "uv": [0, 35], "mirror": true},
						{"origin": [0.5, 3, -2.5], "size": [3, 3, 1], "inflate": 0.25, "uv": [35, 0], "mirror": true},
						{"origin": [1, 3, 1.5], "size": [3, 3, 1], "inflate": 0.25, "uv": [35, 0], "mirror": true},
						{"origin": [1.5, 1, -0.5], "size": [1, 2, 1], "inflate": 0.25, "uv": [0, 0], "mirror": true},
						{"origin": [1, 0, -3.5], "size": [2, 1.1, 4], "inflate": 0.25, "uv": [32, 31], "mirror": true},
						{"origin": [2.5, 0, -3], "size": [1.5, 1, 3], "inflate": 0.25, "pivot": [3, -1, -3], "rotation": [0, -20, 0], "uv": [21, 0], "mirror": true},
						{"origin": [0, 0, -3], "size": [1.5, 1, 3], "inflate": 0.25, "pivot": [1, -1, -3], "rotation": [0, 20, 0], "uv": [21, 0], "mirror": true}
					]
				}
			]
		}
	]
}