{
	"format_version": "1.12.0",
	"minecraft:geometry": [
		{
			"description": {
				"identifier": "geometry.serpseedot",
				"texture_width": 48,
				"texture_height": 48,
				"visible_bounds_width": 2,
				"visible_bounds_height": 2.5,
				"visible_bounds_offset": [0, 0.75, 0]
			},
			"bones": [
				{
					"name": "seedot",
					"pivot": [0, 0, 0]
				},
				{
					"name": "head",
					"parent": "seedot",
					"pivot": [0, 0, 0]
				},
				{
					"name": "body",
					"parent": "seedot",
					"pivot": [0, 1, 0],
					"cubes": [
						{"origin": [-3, 1, -3], "size": [6, 6.5, 6], "uv": [0, 10]},
						{"origin": [-4, 5, -4], "size": [8, 1, 8], "uv": [0, 0]},
						{"origin": [-2, 0, -1], "size": [2, 2, 2], "pivot": [0, 0, 0], "rotation": [0, 0, 45], "uv": [17, 25]},
						{"origin": [-2.5, 1.5, -3.5], "size": [5, 5.5, 1], "uv": [25, 0]},
						{"origin": [-2.5, 1.5, 2.5], "size": [5, 5.5, 1], "uv": [25, 0]},
						{"origin": [-3.5, 2.5, -3.5], "size": [1, 2.5, 0], "pivot": [-2.5, 3, -3.5], "rotation": [0, 45, 0], "uv": [0, 10]},
						{"origin": [2.5, 2.5, -3.5], "size": [1, 2.5, 0], "pivot": [2.5, 3, -3.5], "rotation": [0, -45, 0], "uv": [0, 10], "mirror": true},
						{"origin": [-3.5, 1.5, -2.5], "size": [1, 5.5, 5], "uv": [0, 23]},
						{"origin": [2.5, 1.5, -2.5], "size": [1, 5.5, 5], "uv": [0, 23], "mirror": true},
						{"origin": [-2.5, 7, -2.5], "size": [5, 1, 5], "uv": [20, 18]},
						{"origin": [-2.5, 0.5, -2.5], "size": [5, 1, 5], "uv": [20, 18]},
						{"origin": [-0.5, 7.5, -0.5], "size": [1, 2, 1], "uv": [0, 0]}
					]
				},
				{
					"name": "open_eyes",
					"parent": "body",
					"pivot": [0, 1, 0],
					"cubes": [
						{"origin": [-2.5, 3, -3.6], "size": [5, 3, 0], "uv": [0, 34]}
					]
				},
				{
					"name": "closed_eyes",
					"parent": "body",
					"pivot": [0, 1, 0],
					"cubes": [
						{"origin": [-2.5, 3, -3.6], "size": [5, 3, 0], "uv": [0, 37]}
					]
				},
				{
					"name": "angry_eyes",
					"parent": "body",
					"pivot": [0, 1, 0],
					"cubes": [
						{"origin": [-2.5, 3, -3.6], "size": [5, 3, 0], "uv": [0, 40]}
					]
				},
				{
					"name": "legs",
					"parent": "seedot",
					"pivot": [0, 1, -1]
				},
				{
					"name": "right_leg",
					"parent": "legs",
					"pivot": [-2, 1, -1],
					"rotation": [0, 25, 0],
					"cubes": [
						{"origin": [-3, 0, -4], "size": [2, 1, 3], "uv": [19, 10]}
					]
				},
				{
					"name": "left_leg",
					"parent": "legs",
					"pivot": [2, 1, -1],
					"rotation": [0, -25, 0],
					"cubes": [
						{"origin": [1, 0, -4], "size": [2, 1, 3], "uv": [19, 10], "mirror": true}
					]
				}
			]
		},
		{
			"description": {
				"identifier": "geometry.serpseedot_aura",
				"texture_width": 48,
				"texture_height": 48,
				"visible_bounds_width": 2,
				"visible_bounds_height": 2.5,
				"visible_bounds_offset": [0, 0.75, 0]
			},
			"bones": [
				{
					"name": "seedot",
					"pivot": [0, 0, 0]
				},
				{
					"name": "head",
					"parent": "seedot",
					"pivot": [0, 0, 0]
				},
				{
					"name": "body",
					"parent": "seedot",
					"pivot": [0, 1, 0],
					"cubes": [
						{"origin": [-3, 1, -3], "size": [6, 6.5, 6], "inflate": 0.25, "uv": [0, 10]},
						{"origin": [-4, 5, -4], "size": [8, 1, 8], "inflate": 0.25, "uv": [0, 0]},
						{"origin": [-2, 0, -1], "size": [2, 2, 2], "inflate": 0.25, "pivot": [0, 0, 0], "rotation": [0, 0, 45], "uv": [17, 25]},
						{"origin": [-2.5, 1.5, -3.5], "size": [5, 5.5, 1], "inflate": 0.25, "uv": [25, 0]},
						{"origin": [-2.5, 1.5, 2.5], "size": [5, 5.5, 1], "inflate": 0.25, "uv": [25, 0]},
						{"origin": [-3.5, 2.5, -3.5], "size": [1, 2.5, 0], "inflate": 0.25, "pivot": [-2.5, 3, -3.5], "rotation": [0, 45, 0], "uv": [0, 10]},
						{"origin": [2.5, 2.5, -3.5], "size": [1, 2.5, 0], "inflate": 0.25, "pivot": [2.5, 3, -3.5], "rotation": [0, -45, 0], "uv": [0, 10], "mirror": true},
						{"origin": [-3.5, 1.5, -2.5], "size": [1, 5.5, 5], "inflate": 0.25, "uv": [0, 23]},
						{"origin": [2.5, 1.5, -2.5], "size": [1, 5.5, 5], "inflate": 0.25, "uv": [0, 23], "mirror": true},
						{"origin": [-2.5, 7, -2.5], "size": [5, 1, 5], "inflate": 0.25, "uv": [20, 18]},
						{"origin": [-2.5, 0.5, -2.5], "size": [5, 1, 5], "inflate": 0.25, "uv": [20, 18]},
						{"origin": [-0.5, 7.5, -0.5], "size": [1, 2, 1], "inflate": 0.25, "uv": [0, 0]}
					]
				},
				{
					"name": "open_eyes",
					"parent": "body",
					"pivot": [0, 1, 0],
					"cubes": [
						{"origin": [-2.5, 3, -3.6], "size": [5, 3, 0], "inflate": 0.25, "uv": [0, 34]}
					]
				},
				{
					"name": "closed_eyes",
					"parent": "body",
					"pivot": [0, 1, 0],
					"cubes": [
						{"origin": [-2.5, 3, -3.6], "size": [5, 3, 0], "inflate": 0.25, "uv": [0, 37]}
					]
				},
				{
					"name": "angry_eyes",
					"parent": "body",
					"pivot": [0, 1, 0],
					"cubes": [
						{"origin": [-2.5, 3, -3.6], "size": [5, 3, 0], "inflate": 0.25, "uv": [0, 40]}
					]
				},
				{
					"name": "legs",
					"parent": "seedot",
					"pivot": [0, 1, -1]
				},
				{
					"name": "right_leg",
					"parent": "legs",
					"pivot": [-2, 1, -1],
					"rotation": [0, 25, 0],
					"cubes": [
						{"origin": [-3, 0, -4], "size": [2, 1, 3], "inflate": 0.25, "uv": [19, 10]}
					]
				},
				{
					"name": "left_leg",
					"parent": "legs",
					"pivot": [2, 1, -1],
					"rotation": [0, -25, 0],
					"cubes": [
						{"origin": [1, 0, -4], "size": [2, 1, 3], "inflate": 0.25, "uv": [19, 10], "mirror": true}
					]
				}
			]
		}
	]
}