{
	"format_version": "1.12.0",
	"minecraft:geometry": [
		{
			"description": {
				"identifier": "geometry.serpshiftry",
				"texture_width": 96,
				"texture_height": 96,
				"visible_bounds_width": 6,
				"visible_bounds_height": 3.5,
				"visible_bounds_offset": [0, 1.25, 0]
			},
			"bones": [
				{
					"name": "shiftry",
					"pivot": [0, 0, 0]
				},
				{
					"name": "body_root",
					"parent": "shiftry",
					"pivot": [0, 9, 0]
				},
				{
					"name": "body",
					"parent": "body_root",
					"pivot": [0, 9, 0],
					"cubes": [
						{"origin": [-5, 9, -5], "size": [10, 16, 11], "uv": [0, 0]},
						{"origin": [-1, 19, -14], "size": [2, 2, 9], "pivot": [0, 21, -5], "rotation": [15, 0, 0], "uv": [0, 56]},
						{"origin": [-6, 17, -6], "size": [12, 9, 12], "uv": [0, 33]},
						{"origin": [-7.5, 26, -2], "size": [4, 9, 0], "inflate": 0.02, "pivot": [-3.5, 26, -2], "rotation": [0, 45, -25], "uv": [0, 0]},
						{"origin": [3.5, 26, -2], "size": [4, 9, 0], "inflate": 0.02, "pivot": [3.5, 26, -2], "rotation": [0, -45, 25], "uv": [0, 0], "mirror": true},
						{"origin": [-6, 26, -6], "size": [12, 4, 0], "pivot": [0, 26, -6], "rotation": [-45, 0, 0], "uv": [62, 0]},
						{"origin": [-6, 26, 2], "size": [12, 4, 0], "pivot": [0, 26, 2], "rotation": [-45, 0, 0], "uv": [62, 0]},
						{"origin": [-4, 26, -3], "size": [8, 4, 0], "pivot": [0, 26, -3], "rotation": [-45, 0, 0], "uv": [32, 0]},
						{"origin": [-6.1, 0, 0], "size": [12.2, 26, 6], "pivot": [0, 26, 6], "rotation": [10, 0, 0], "uv": [49, 33]},
						{"origin": [-5, 11, -6], "size": [10, 3, 1], "uv": [42, 70]},
						{"origin": [-5, 9, -5], "size": [10, 2.23, 1], "pivot": [0, 9, -5], "rotation": [26.5, 0, 0], "uv": [0, 68]},
						{"origin": [-5, 14, -6], "size": [10, 2.23, 1], "pivot": [0, 14, -6], "rotation": [-26.5, 0, 0], "uv": [0, 68]}
					]
				},
				{
					"name": "open_eyes",
					"parent": "body",
					"pivot": [0, 21, 0],
					"cubes": [
						{"origin": [-5, 20, -5.5], "size": [10, 3, 0], "uv": [0, 72]}
					]
				},
				{
					"name": "closed_eyes",
					"parent": "body",
					"pivot": [0, 21, 0],
					"cubes": [
						{"origin": [-5, 20, -5.5], "size": [10, 3, 0], "uv": [0, 75]}
					]
				},
				{
					"name": "angry_eyes",
					"parent": "body",
					"pivot": [0, 21, 0],
					"cubes": [
						{"origin": [-5, 20, -5.5], "size": [10, 3, 0], "uv": [0, 72]}
					]
				},
				{
					"name": "arms",
					"parent": "body_root",
					"pivot": [0, 19, 0]
				},
				{
					"name": "right_arm",
					"parent": "arms",
					"pivot": [-6, 19, 0],
					"rotation": [0, 0, -30],
					"cubes": [
						{"origin": [-10, 17, -2], "size": [4, 4, 4], "uv": [25, 66]},
						{"origin": [-15, 18, -1], "size": [5, 2, 2], "uv": [37, 33]},
						{"origin": [-27, 19, -8], "size": [12, 0, 16], "uv": [27, 16]}
					]
				},
				{
					"name": "left_arm",
					"parent": "arms",
					"pivot": [6, 19, 0],
					"rotation": [0, 0, 30],
					"cubes": [
						{"origin": [6, 17, -2], "size": [4, 4, 4], "uv": [25, 66], "mirror": true},
						{"origin": [10, 18, -1], "size": [5, 2, 2], "uv": [37, 33], "mirror": true},
						{"origin": [15, 19, -8], "size": [12, 0, 16], "uv": [27, 16], "mirror": true}
					]
				},
				{
					"name": "legs",
					"parent": "shiftry",
					"pivot": [0, 13, -1]
				},
				{
					"name": "right_leg",
					"parent": "legs",
					"pivot": [-7, 13, -1],
					"rotation": [0, 10, 0],
					"cubes": [
						{"origin": [-10, 7, -7], "size": [6, 8, 6], "pivot": [-7, 7, -4], "rotation": [-45, 0, 0], "uv": [43, 0]},
						{"origin": [-8, 4, -4], "size": [2, 3, 2], "uv": [32, 5]},
						{"origin": [-9, 2, -8], "size": [4, 2, 7], "uv": [23, 56]},
						{"origin": [-9, 0, -5], "size": [4, 2, 1], "uv": [0, 32]}
					]
				},
				{
					"name": "left_leg",
					"parent": "legs",
					"pivot": [7, 13, -1],
					"rotation": [0, -10, 0],
					"cubes": [
						{"origin": [4, 7, -7], "size": [6, 8, 6], "pivot": [7, 7, -4], "rotation": [-45, 0, 0], "uv": [43, 0], "mirror": true},
						{"origin": [6, 4, -4], "size": [2, 3, 2], "uv": [32, 5], "mirror": true},
						{"origin": [5, 2, -8], "size": [4, 2, 7], "uv": [23, 56], "mirror": true},
						{"origin": [5, 0, -5], "size": [4, 2, 1], "uv": [0, 32], "mirror": true}
					]
				}
			]
		},
		{
			"description": {
				"identifier": "geometry.serpshiftry_aura",
				"texture_width": 96,
				"texture_height": 96,
				"visible_bounds_width": 6,
				"visible_bounds_height": 3.5,
				"visible_bounds_offset": [0, 1.25, 0]
			},
			"bones": [
				{
					"name": "shiftry",
					"pivot": [0, 0, 0]
				},
				{
					"name": "body_root",
					"parent": "shiftry",
					"pivot": [0, 9, 0]
				},
				{
					"name": "body",
					"parent": "body_root",
					"pivot": [0, 9, 0],
					"cubes": [
						{"origin": [-5, 9, -5], "size": [10, 16, 11], "inflate": 0.25, "uv": [0, 0]},
						{"origin": [-1, 19, -14], "size": [2, 2, 9], "inflate": 0.25, "pivot": [0, 21, -5], "rotation": [15, 0, 0], "uv": [0, 56]},
						{"origin": [-6, 17, -6], "size": [12, 9, 12], "inflate": 0.25, "uv": [0, 33]},
						{"origin": [-7.5, 26, -2], "size": [4, 9, 0], "inflate": 0.25, "pivot": [-3.5, 26, -2], "rotation": [0, 45, -25], "uv": [0, 0]},
						{"origin": [3.5, 26, -2], "size": [4, 9, 0], "inflate": 0.25, "pivot": [3.5, 26, -2], "rotation": [0, -45, 25], "uv": [0, 0], "mirror": true},
						{"origin": [-6, 26, -6], "size": [12, 4, 0], "inflate": 0.25, "pivot": [0, 26, -6], "rotation": [-45, 0, 0], "uv": [62, 0]},
						{"origin": [-6, 26, 2], "size": [12, 4, 0], "inflate": 0.25, "pivot": [0, 26, 2], "rotation": [-45, 0, 0], "uv": [62, 0]},
						{"origin": [-4, 26, -3], "size": [8, 4, 0], "inflate": 0.25, "pivot": [0, 26, -3], "rotation": [-45, 0, 0], "uv": [32, 0]},
						{"origin": [-6.1, 0, 0], "size": [12.2, 26, 6], "inflate": 0.25, "pivot": [0, 26, 6], "rotation": [10, 0, 0], "uv": [49, 33]},
						{"origin": [-5, 11, -6], "size": [10, 3, 1], "inflate": 0.25, "uv": [42, 70]},
						{"origin": [-5, 9, -5], "size": [10, 2.23, 1], "inflate": 0.25, "pivot": [0, 9, -5], "rotation": [26.5, 0, 0], "uv": [0, 68]},
						{"origin": [-5, 14, -6], "size": [10, 2.23, 1], "inflate": 0.25, "pivot": [0, 14, -6], "rotation": [-26.5, 0, 0], "uv": [0, 68]}
					]
				},
				{
					"name": "open_eyes",
					"parent": "body",
					"pivot": [0, 21, 0],
					"cubes": [
						{"origin": [-5, 20, -5.5], "size": [10, 3, 0], "inflate": 0.25, "uv": [0, 72]}
					]
				},
				{
					"name": "closed_eyes",
					"parent": "body",
					"pivot": [0, 21, 0],
					"cubes": [
						{"origin": [-5, 20, -5.5], "size": [10, 3, 0], "inflate": 0.25, "uv": [0, 75]}
					]
				},
				{
					"name": "angry_eyes",
					"parent": "body",
					"pivot": [0, 21, 0],
					"cubes": [
						{"origin": [-5, 20, -5.5], "size": [10, 3, 0], "inflate": 0.25, "uv": [0, 72]}
					]
				},
				{
					"name": "arms",
					"parent": "body_root",
					"pivot": [0, 19, 0]
				},
				{
					"name": "right_arm",
					"parent": "arms",
					"pivot": [-6, 19, 0],
					"rotation": [0, 0, -30],
					"cubes": [
						{"origin": [-10, 17, -2], "size": [4, 4, 4], "inflate": 0.25, "uv": [25, 66]},
						{"origin": [-15, 18, -1], "size": [5, 2, 2], "inflate": 0.25, "uv": [37, 33]},
						{"origin": [-27, 19, -8], "size": [12, 0, 16], "inflate": 0.25, "uv": [27, 16]}
					]
				},
				{
					"name": "left_arm",
					"parent": "arms",
					"pivot": [6, 19, 0],
					"rotation": [0, 0, 30],
					"cubes": [
						{"origin": [6, 17, -2], "size": [4, 4, 4], "inflate": 0.25, "uv": [25, 66], "mirror": true},
						{"origin": [10, 18, -1], "size": [5, 2, 2], "inflate": 0.25, "uv": [37, 33], "mirror": true},
						{"origin": [15, 19, -8], "size": [12, 0, 16], "inflate": 0.25, "uv": [27, 16], "mirror": true}
					]
				},
				{
					"name": "legs",
					"parent": "shiftry",
					"pivot": [0, 13, -1]
				},
				{
					"name": "right_leg",
					"parent": "legs",
					"pivot": [-7, 13, -1],
					"rotation": [0, 10, 0],
					"cubes": [
						{"origin": [-10, 7, -7], "size": [6, 8, 6], "inflate": 0.25, "pivot": [-7, 7, -4], "rotation": [-45, 0, 0], "uv": [43, 0]},
						{"origin": [-8, 4, -4], "size": [2, 3, 2], "inflate": 0.25, "uv": [32, 5]},
						{"origin": [-9, 2, -8], "size": [4, 2, 7], "inflate": 0.25, "uv": [23, 56]},
						{"origin": [-9, 0, -5], "size": [4, 2, 1], "inflate": 0.25, "uv": [0, 32]}
					]
				},
				{
					"name": "left_leg",
					"parent": "legs",
					"pivot": [7, 13, -1],
					"rotation": [0, -10, 0],
					"cubes": [
						{"origin": [4, 7, -7], "size": [6, 8, 6], "inflate": 0.25, "pivot": [7, 7, -4], "rotation": [-45, 0, 0], "uv": [43, 0], "mirror": true},
						{"origin": [6, 4, -4], "size": [2, 3, 2], "inflate": 0.25, "uv": [32, 5], "mirror": true},
						{"origin": [5, 2, -8], "size": [4, 2, 7], "inflate": 0.25, "uv": [23, 56], "mirror": true},
						{"origin": [5, 0, -5], "size": [4, 2, 1], "inflate": 0.25, "uv": [0, 32], "mirror": true}
					]
				}
			]
		}
	]
}