{
  "format_version":"1.10.0",
  "minecraft:client_entity":{
    "description":{
      "identifier":"pokemon:p146",
      "materials":{"default":"entity_emissive_alpha","aura":"charged_creeper"},
      "textures":{
    "hp":"textures/ui/hp",
    "max_aura":"textures/entity/aura/max",
    "default":"textures/entity/normal/legendary_birds/moltres",
    "default_s":"textures/entity/shiny/legendary_birds/moltres",
    "max":"textures/entity/normal/legendary_birds/moltres",
    "max_s":"textures/entity/shiny/legendary_birds/moltres"
      },
      "geometry":{
    "hp":"geometry.health_bar",
    "aura":"geometry.serpmoltres_aura",
    "default":"geometry.serpmoltres",
    "max":"geometry.serpmoltres"
      },
      "animations":{
    "health_bar":"animation.moltres.health_bar",
    "eyes_controller":"controller.animation.eyes",
    "open":"animation.serpmob.open",
    "close":"animation.serpmob.close",
    "angry":"animation.serpmob.angry",
    "fainted":"animation.serpmob.fainted",
    "quiet":"animation.moltres.quiet",
    "walk":"animation.moltres.walk",
    "sit":"animation.moltres.sitting",
    "attack":"animation.moltres.attack",
    "look_at_target":"animation.common.look_at_target",
    "direction":"animation.moltres.direction",
    "main_controller":"controller.animation.pokemon_fly",
    "effects_controller":"controller.animation.moltres_effects",
    "moltres_controller":"controller.animation.moltres_fire"
      },
      "particle_effects":{
    "shiny":"serp:shiny",
    "t_f":"serp:tiny_flame",
    "m_f":"serp:medium_flame",
    "v_b_f":"serp:very_big_flame"
      },
      "scripts":{
        "scale":"1.1",
        "animate":["effects_controller","main_controller"]
      },
      "render_controllers":[{"controller.render.pokemon_a":"query.property('serp:v')>=0&&query.property('serp:v')<=2"},{"controller.render.pokemons_a":"query.property('serp:v')>=3&&query.property('serp:v')<=5"},{"controller.render.max":"query.variant==4"},"controller.render.hp"]
    }
  }
}