{
	"format_version": "1.12.0",
	"minecraft:geometry": [
		{
			"description": {
				"identifier": "geometry.serpvulpix",
				"texture_width": 64,
				"texture_height": 64,
				"visible_bounds_width": 3,
				"visible_bounds_height": 2.5,
				"visible_bounds_offset": [0, 0.75, 0]
			},
			"bones": [
				{
					"name": "vulpix",
					"pivot": [0, 0, 0]
				},
				{
					"name": "head",
					"parent": "vulpix",
					"pivot": [0, 9, -2],
					"cubes": [
						{"origin": [-2.5, 9, -6], "size": [5, 4.5, 5], "uv": [20, 20]},
						{"origin": [-2, 9.5, -6.5], "size": [4, 3.5, 1], "uv": [38, 12]},
						{"origin": [-2, 9.5, -1.5], "size": [4, 3.5, 1], "uv": [38, 12]},
						{"origin": [-2, 13, -5.5], "size": [4, 1, 4], "uv": [20, 0]},
						{"origin": [-3, 9.5, -5.5], "size": [1, 3.5, 4], "uv": [13, 27]},
						{"origin": [2, 9.5, -5.5], "size": [1, 3.5, 4], "uv": [13, 27]},
						{"origin": [-1, 14, -5], "size": [2, 2, 3], "uv": [32, 37]},
						{"origin": [-1.5, 14, -8], "size": [3, 0, 3], "pivot": [0, 14, -5.5], "rotation": [45, 0, 0], "uv": [33, 0]},
						{"origin": [-2, 13.5, -4.5], "size": [1, 2, 2], "inflate": 0.02, "uv": [31, 43]},
						{"origin": [1, 13.5, -4.5], "size": [1, 2, 2], "inflate": 0.02, "uv": [31, 43], "mirror": true},
						{"origin": [-4.5, 13.5, -4], "size": [3, 4, 0], "inflate": 0.02, "pivot": [-1.5, 13.5, -4], "rotation": [0, 35, -35], "uv": [17, 15]},
						{"origin": [1.5, 13.5, -4], "size": [3, 4, 0], "inflate": 0.02, "pivot": [1.5, 13.5, -4], "rotation": [0, -35, 35], "uv": [17, 15], "mirror": true},
						{"origin": [-1, 9, -8], "size": [2, 2, 2], "uv": [41, 25]},
						{"origin": [-1, 9, -8], "size": [2, 2, 3], "pivot": [0, 11, -8], "rotation": [40, 0, 0], "uv": [35, 31]},
						{"origin": [-1, 9, -8], "size": [2, 2, 2.5], "pivot": [-1, 10, -8], "rotation": [0, -37, 0], "uv": [12, 37]},
						{"origin": [-1, 9, -8], "size": [2, 2, 2.5], "pivot": [1, 10, -8], "rotation": [0, 37, 0], "uv": [12, 37], "mirror": true}
					]
				},
				{
					"name": "open_eyes",
					"parent": "head",
					"pivot": [0, 10, -3],
					"cubes": [
						{"origin": [-2.55, 11, -8.05], "size": [0, 2, 2], "pivot": [-2.5, 12, -6], "rotation": [0, -48, 0], "uv": [0, 45]},
						{"origin": [2.55, 11, -8.05], "size": [0, 2, 2], "pivot": [2.5, 12, -6], "rotation": [0, 48, 0], "uv": [0, 45], "mirror": true}
					]
				},
				{
					"name": "closed_eyes",
					"parent": "head",
					"pivot": [0, 10, -3],
					"cubes": [
						{"origin": [-2.55, 11, -8.05], "size": [0, 2, 2], "pivot": [-2.5, 12, -6], "rotation": [0, -48, 0], "uv": [0, 48]},
						{"origin": [2.55, 11, -8.05], "size": [0, 2, 2], "pivot": [2.5, 12, -6], "rotation": [0, 48, 0], "uv": [0, 48], "mirror": true}
					]
				},
				{
					"name": "angry_eyes",
					"parent": "head",
					"pivot": [0, 10, -3],
					"cubes": [
						{"origin": [-2.55, 11, -8.05], "size": [0, 2, 2], "pivot": [-2.5, 12, -6], "rotation": [0, -48, 0], "uv": [0, 51]},
						{"origin": [2.55, 11, -8.05], "size": [0, 2, 2], "pivot": [2.5, 12, -6], "rotation": [0, 48, 0], "uv": [0, 51], "mirror": true}
					]
				},
				{
					"name": "body",
					"parent": "vulpix",
					"pivot": [0, 3.5, 5],
					"cubes": [
						{"origin": [-2, 4, -4.5], "size": [4, 4, 1], "uv": [36, 19]},
						{"origin": [-2, 4, 4.5], "size": [4, 4, 1], "uv": [34, 6]},
						{"origin": [-2.5, 3.5, -4], "size": [5, 5, 9], "uv": [0, 0]},
						{"origin": [-3, 4, -3.5], "size": [1, 4, 4], "uv": [0, 31]},
						{"origin": [2, 4, -3.5], "size": [1, 4, 4], "uv": [0, 31], "mirror": true},
						{"origin": [-2, 8, -3.5], "size": [4, 1, 8], "uv": [0, 15]},
						{"origin": [-2, 3, -3.5], "size": [4, 1, 4], "inflate": -0.02, "uv": [0, 25]}
					]
				},
				{
					"name": "tails",
					"parent": "body",
					"pivot": [0, 9, 5]
				},
				{
					"name": "tail1",
					"parent": "tails",
					"pivot": [-1, 9, 5],
					"rotation": [0, 0, -5],
					"cubes": [
						{"origin": [-2, 15, 5], "size": [2, 1, 2], "uv": [9, 42]},
						{"origin": [-2, 14, 4], "size": [2, 1, 1.41], "pivot": [-1, 15, 4], "rotation": [45, 0, 0], "uv": [20, 6]},
						{"origin": [-2, 14.00298, 6.58702], "size": [2, 1, 1.41], "pivot": [-1, 15.00298, 7.99702], "rotation": [-45, 0, 0], "uv": [20, 6]},
						{"origin": [-2, 8, 4], "size": [2, 4, 2], "uv": [41, 41]},
						{"origin": [-2, 12, 4], "size": [2, 3, 4], "uv": [25, 11]},
						{"origin": [-2.1, 12, 5], "size": [0, 3, 3], "uv": [0, 15]},
						{"origin": [0.1, 12, 5], "size": [0, 3, 3], "uv": [0, 15], "mirror": true},
						{"origin": [-2, 8, 6], "size": [2, 4, 2], "pivot": [-1, 12, 8], "rotation": [-30, 0, 0], "uv": [22, 39]}
					]
				},
				{
					"name": "tail4",
					"parent": "tails",
					"pivot": [1, 9, 5],
					"rotation": [0, 0, 5],
					"cubes": [
						{"origin": [0, 15, 5], "size": [2, 1, 2], "uv": [9, 42], "mirror": true},
						{"origin": [0, 14, 4], "size": [2, 1, 1.41], "pivot": [1, 15, 4], "rotation": [45, 0, 0], "uv": [20, 6], "mirror": true},
						{"origin": [0, 14.00298, 6.58702], "size": [2, 1, 1.41], "pivot": [1, 15.00298, 7.99702], "rotation": [-45, 0, 0], "uv": [20, 6], "mirror": true},
						{"origin": [0, 8, 4], "size": [2, 4, 2], "uv": [41, 41], "mirror": true},
						{"origin": [0, 12, 4], "size": [2, 3, 4], "uv": [25, 11], "mirror": true},
						{"origin": [2.1, 12, 5], "size": [0, 3, 3], "uv": [0, 15], "mirror": true},
						{"origin": [-0.1, 12, 5], "size": [0, 3, 3], "uv": [0, 15]},
						{"origin": [0, 8, 6], "size": [2, 4, 2], "pivot": [1, 12, 8], "rotation": [-30, 0, 0], "uv": [22, 39], "mirror": true}
					]
				},
				{
					"name": "tail2",
					"parent": "tails",
					"pivot": [-2, 9, 5],
					"rotation": [-10, 0, -25],
					"cubes": [
						{"origin": [-3, 15, 5], "size": [2, 1, 2], "uv": [9, 42]},
						{"origin": [-3, 14, 4], "size": [2, 1, 1.41], "pivot": [-2, 15, 4], "rotation": [45, 0, 0], "uv": [20, 6]},
						{"origin": [-3, 14.00298, 6.58702], "size": [2, 1, 1.41], "pivot": [-2, 15.00298, 7.99702], "rotation": [-45, 0, 0], "uv": [20, 6]},
						{"origin": [-3, 8, 4], "size": [2, 4, 2], "uv": [41, 41]},
						{"origin": [-3, 12, 4], "size": [2, 3, 4], "uv": [25, 11]},
						{"origin": [-3.1, 12, 5], "size": [0, 3, 3], "uv": [0, 15]},
						{"origin": [-0.9, 12, 5], "size": [0, 3, 3], "uv": [0, 15], "mirror": true},
						{"origin": [-3, 8, 6], "size": [2, 4, 2], "pivot": [-2, 12, 8], "rotation": [-30, 0, 0], "uv": [22, 39]}
					]
				},
				{
					"name": "tail5",
					"parent": "tails",
					"pivot": [2, 9, 5],
					"rotation": [-10, 0, 25],
					"cubes": [
						{"origin": [1, 15, 5], "size": [2, 1, 2], "uv": [9, 42], "mirror": true},
						{"origin": [1, 14, 4], "size": [2, 1, 1.41], "pivot": [2, 15, 4], "rotation": [45, 0, 0], "uv": [20, 6], "mirror": true},
						{"origin": [1, 14.00298, 6.58702], "size": [2, 1, 1.41], "pivot": [2, 15.00298, 7.99702], "rotation": [-45, 0, 0], "uv": [20, 6], "mirror": true},
						{"origin": [1, 8, 4], "size": [2, 4, 2], "uv": [41, 41], "mirror": true},
						{"origin": [1, 12, 4], "size": [2, 3, 4], "uv": [25, 11], "mirror": true},
						{"origin": [3.1, 12, 5], "size": [0, 3, 3], "uv": [0, 15], "mirror": true},
						{"origin": [0.9, 12, 5], "size": [0, 3, 3], "uv": [0, 15]},
						{"origin": [1, 8, 6], "size": [2, 4, 2], "pivot": [2, 12, 8], "rotation": [-30, 0, 0], "uv": [22, 39], "mirror": true}
					]
				},
				{
					"name": "tail3",
					"parent": "tails",
					"pivot": [-2, 8, 5],
					"rotation": [-20, 0, -45],
					"cubes": [
						{"origin": [-3, 14, 5], "size": [2, 1, 2], "uv": [9, 42]},
						{"origin": [-3, 13, 4], "size": [2, 1, 1.41], "pivot": [-2, 14, 4], "rotation": [45, 0, 0], "uv": [20, 6]},
						{"origin": [-3, 13.00298, 6.58702], "size": [2, 1, 1.41], "pivot": [-2, 14.00298, 7.99702], "rotation": [-45, 0, 0], "uv": [20, 6]},
						{"origin": [-3, 7, 4], "size": [2, 4, 2], "uv": [41, 41]},
						{"origin": [-3, 11, 4], "size": [2, 3, 4], "uv": [25, 11]},
						{"origin": [-3.1, 11, 5], "size": [0, 3, 3], "uv": [0, 15]},
						{"origin": [-0.9, 11, 5], "size": [0, 3, 3], "uv": [0, 15], "mirror": true},
						{"origin": [-3, 7, 6], "size": [2, 4, 2], "pivot": [-2, 11, 8], "rotation": [-30, 0, 0], "uv": [22, 39]}
					]
				},
				{
					"name": "tail6",
					"parent": "tails",
					"pivot": [2, 8, 5],
					"rotation": [-20, 0, 45],
					"cubes": [
						{"origin": [1, 14, 5], "size": [2, 1, 2], "uv": [9, 42], "mirror": true},
						{"origin": [1, 13, 4], "size": [2, 1, 1.41], "pivot": [2, 14, 4], "rotation": [45, 0, 0], "uv": [20, 6], "mirror": true},
						{"origin": [1, 13.00298, 6.58702], "size": [2, 1, 1.41], "pivot": [2, 14.00298, 7.99702], "rotation": [-45, 0, 0], "uv": [20, 6], "mirror": true},
						{"origin": [1, 7, 4], "size": [2, 4, 2], "uv": [41, 41], "mirror": true},
						{"origin": [1, 11, 4], "size": [2, 3, 4], "uv": [25, 11], "mirror": true},
						{"origin": [3.1, 11, 5], "size": [0, 3, 3], "uv": [0, 15], "mirror": true},
						{"origin": [0.9, 11, 5], "size": [0, 3, 3], "uv": [0, 15]},
						{"origin": [1, 7, 6], "size": [2, 4, 2], "pivot": [2, 11, 8], "rotation": [-30, 0, 0], "uv": [22, 39], "mirror": true}
					]
				},
				{
					"name": "front_legs",
					"parent": "vulpix",
					"pivot": [0, 5, -2.5],
					"cubes": [
						{"origin": [-3, 0, -3.5], "size": [2, 5, 2], "uv": [0, 0]},
						{"origin": [1, 0, -3.5], "size": [2, 5, 2], "uv": [0, 0], "mirror": true}
					]
				},
				{
					"name": "back_legs",
					"parent": "vulpix",
					"pivot": [0, 6, 3],
					"cubes": [
						{"origin": [-3, 2, 2], "size": [2, 4, 3], "uv": [24, 31]},
						{"origin": [1, 2, 2], "size": [2, 4, 3], "uv": [24, 31], "mirror": true},
						{"origin": [-3, 0, 3.5], "size": [2, 4, 2], "uv": [0, 40]},
						{"origin": [1, 0, 3.5], "size": [2, 4, 2], "uv": [0, 40], "mirror": true}
					]
				}
			]
		},
		{
			"description": {
				"identifier": "geometry.serpvulpix_aura",
				"texture_width": 64,
				"texture_height": 64,
				"visible_bounds_width": 3,
				"visible_bounds_height": 2.5,
				"visible_bounds_offset": [0, 0.75, 0]
			},
			"bones": [
				{
					"name": "vulpix",
					"pivot": [0, 0, 0]
				},
				{
					"name": "head",
					"parent": "vulpix",
					"pivot": [0, 9, -2],
					"cubes": [
						{"origin": [-2.5, 9, -6], "size": [5, 4.5, 5], "inflate": 0.25, "uv": [20, 20]},
						{"origin": [-2, 9.5, -6.5], "size": [4, 3.5, 1], "inflate": 0.25, "uv": [38, 12]},
						{"origin": [-2, 9.5, -1.5], "size": [4, 3.5, 1], "inflate": 0.25, "uv": [38, 12]},
						{"origin": [-2, 13, -5.5], "size": [4, 1, 4], "inflate": 0.25, "uv": [20, 0]},
						{"origin": [-3, 9.5, -5.5], "size": [1, 3.5, 4], "inflate": 0.25, "uv": [13, 27]},
						{"origin": [2, 9.5, -5.5], "size": [1, 3.5, 4], "inflate": 0.25, "uv": [13, 27]},
						{"origin": [-1, 14, -5], "size": [2, 2, 3], "inflate": 0.25, "uv": [32, 37]},
						{"origin": [-1.5, 14, -8], "size": [3, 0, 3], "inflate": 0.25, "pivot": [0, 14, -5.5], "rotation": [45, 0, 0], "uv": [33, 0]},
						{"origin": [-2, 13.5, -4.5], "size": [1, 2, 2], "inflate": 0.25, "uv": [31, 43]},
						{"origin": [1, 13.5, -4.5], "size": [1, 2, 2], "inflate": 0.25, "uv": [31, 43], "mirror": true},
						{"origin": [-4.5, 13.5, -4], "size": [3, 4, 0], "inflate": 0.25, "pivot": [-1.5, 13.5, -4], "rotation": [0, 35, -35], "uv": [17, 15]},
						{"origin": [1.5, 13.5, -4], "size": [3, 4, 0], "inflate": 0.25, "pivot": [1.5, 13.5, -4], "rotation": [0, -35, 35], "uv": [17, 15], "mirror": true},
						{"origin": [-1, 9, -8], "size": [2, 2, 2], "inflate": 0.25, "uv": [41, 25]},
						{"origin": [-1, 9, -8], "size": [2, 2, 3], "inflate": 0.25, "pivot": [0, 11, -8], "rotation": [40, 0, 0], "uv": [35, 31]},
						{"origin": [-1, 9, -8], "size": [2, 2, 2.5], "inflate": 0.25, "pivot": [-1, 10, -8], "rotation": [0, -37, 0], "uv": [12, 37]},
						{"origin": [-1, 9, -8], "size": [2, 2, 2.5], "inflate": 0.25, "pivot": [1, 10, -8], "rotation": [0, 37, 0], "uv": [12, 37], "mirror": true}
					]
				},
				{
					"name": "open_eyes",
					"parent": "head",
					"pivot": [0, 10, -3],
					"cubes": [
						{"origin": [-2.55, 11, -8.05], "size": [0, 2, 2], "inflate": 0.25, "pivot": [-2.5, 12, -6], "rotation": [0, -48, 0], "uv": [0, 45]},
						{"origin": [2.55, 11, -8.05], "size": [0, 2, 2], "inflate": 0.25, "pivot": [2.5, 12, -6], "rotation": [0, 48, 0], "uv": [0, 45], "mirror": true}
					]
				},
				{
					"name": "closed_eyes",
					"parent": "head",
					"pivot": [0, 10, -3],
					"cubes": [
						{"origin": [-2.55, 11, -8.05], "size": [0, 2, 2], "inflate": 0.25, "pivot": [-2.5, 12, -6], "rotation": [0, -48, 0], "uv": [0, 48]},
						{"origin": [2.55, 11, -8.05], "size": [0, 2, 2], "inflate": 0.25, "pivot": [2.5, 12, -6], "rotation": [0, 48, 0], "uv": [0, 48], "mirror": true}
					]
				},
				{
					"name": "angry_eyes",
					"parent": "head",
					"pivot": [0, 10, -3],
					"cubes": [
						{"origin": [-2.55, 11, -8.05], "size": [0, 2, 2], "inflate": 0.25, "pivot": [-2.5, 12, -6], "rotation": [0, -48, 0], "uv": [0, 51]},
						{"origin": [2.55, 11, -8.05], "size": [0, 2, 2], "inflate": 0.25, "pivot": [2.5, 12, -6], "rotation": [0, 48, 0], "uv": [0, 51], "mirror": true}
					]
				},
				{
					"name": "body",
					"parent": "vulpix",
					"pivot": [0, 3.5, 5],
					"cubes": [
						{"origin": [-2, 4, -4.5], "size": [4, 4, 1], "inflate": 0.25, "uv": [36, 19]},
						{"origin": [-2, 4, 4.5], "size": [4, 4, 1], "inflate": 0.25, "uv": [34, 6]},
						{"origin": [-2.5, 3.5, -4], "size": [5, 5, 9], "inflate": 0.25, "uv": [0, 0]},
						{"origin": [-3, 4, -3.5], "size": [1, 4, 4], "inflate": 0.25, "uv": [0, 31]},
						{"origin": [2, 4, -3.5], "size": [1, 4, 4], "inflate": 0.25, "uv": [0, 31], "mirror": true},
						{"origin": [-2, 8, -3.5], "size": [4, 1, 8], "inflate": 0.25, "uv": [0, 15]},
						{"origin": [-2, 3, -3.5], "size": [4, 1, 4], "inflate": 0.25, "uv": [0, 25]}
					]
				},
				{
					"name": "tails",
					"parent": "body",
					"pivot": [0, 9, 5]
				},
				{
					"name": "tail1",
					"parent": "tails",
					"pivot": [-1, 9, 5],
					"rotation": [0, 0, -5],
					"cubes": [
						{"origin": [-2, 15, 5], "size": [2, 1, 2], "inflate": 0.25, "uv": [9, 42]},
						{"origin": [-2, 14, 4], "size": [2, 1, 1.41], "inflate": 0.25, "pivot": [-1, 15, 4], "rotation": [45, 0, 0], "uv": [20, 6]},
						{"origin": [-2, 14.00298, 6.58702], "size": [2, 1, 1.41], "inflate": 0.25, "pivot": [-1, 15.00298, 7.99702], "rotation": [-45, 0, 0], "uv": [20, 6]},
						{"origin": [-2, 8, 4], "size": [2, 4, 2], "inflate": 0.25, "uv": [41, 41]},
						{"origin": [-2, 12, 4], "size": [2, 3, 4], "inflate": 0.25, "uv": [25, 11]},
						{"origin": [-2.1, 12, 5], "size": [0, 3, 3], "inflate": 0.25, "uv": [0, 15]},
						{"origin": [0.1, 12, 5], "size": [0, 3, 3], "inflate": 0.25, "uv": [0, 15], "mirror": true},
						{"origin": [-2, 8, 6], "size": [2, 4, 2], "inflate": 0.25, "pivot": [-1, 12, 8], "rotation": [-30, 0, 0], "uv": [22, 39]}
					]
				},
				{
					"name": "tail4",
					"parent": "tails",
					"pivot": [1, 9, 5],
					"rotation": [0, 0, 5],
					"cubes": [
						{"origin": [0, 15, 5], "size": [2, 1, 2], "inflate": 0.25, "uv": [9, 42], "mirror": true},
						{"origin": [0, 14, 4], "size": [2, 1, 1.41], "inflate": 0.25, "pivot": [1, 15, 4], "rotation": [45, 0, 0], "uv": [20, 6], "mirror": true},
						{"origin": [0, 14.00298, 6.58702], "size": [2, 1, 1.41], "inflate": 0.25, "pivot": [1, 15.00298, 7.99702], "rotation": [-45, 0, 0], "uv": [20, 6], "mirror": true},
						{"origin": [0, 8, 4], "size": [2, 4, 2], "inflate": 0.25, "uv": [41, 41], "mirror": true},
						{"origin": [0, 12, 4], "size": [2, 3, 4], "inflate": 0.25, "uv": [25, 11], "mirror": true},
						{"origin": [2.1, 12, 5], "size": [0, 3, 3], "inflate": 0.25, "uv": [0, 15], "mirror": true},
						{"origin": [-0.1, 12, 5], "size": [0, 3, 3], "inflate": 0.25, "uv": [0, 15]},
						{"origin": [0, 8, 6], "size": [2, 4, 2], "inflate": 0.25, "pivot": [1, 12, 8], "rotation": [-30, 0, 0], "uv": [22, 39], "mirror": true}
					]
				},
				{
					"name": "tail2",
					"parent": "tails",
					"pivot": [-2, 9, 5],
					"rotation": [-10, 0, -25],
					"cubes": [
						{"origin": [-3, 15, 5], "size": [2, 1, 2], "inflate": 0.25, "uv": [9, 42]},
						{"origin": [-3, 14, 4], "size": [2, 1, 1.41], "inflate": 0.25, "pivot": [-2, 15, 4], "rotation": [45, 0, 0], "uv": [20, 6]},
						{"origin": [-3, 14.00298, 6.58702], "size": [2, 1, 1.41], "inflate": 0.25, "pivot": [-2, 15.00298, 7.99702], "rotation": [-45, 0, 0], "uv": [20, 6]},
						{"origin": [-3, 8, 4], "size": [2, 4, 2], "inflate": 0.25, "uv": [41, 41]},
						{"origin": [-3, 12, 4], "size": [2, 3, 4], "inflate": 0.25, "uv": [25, 11]},
						{"origin": [-3.1, 12, 5], "size": [0, 3, 3], "inflate": 0.25, "uv": [0, 15]},
						{"origin": [-0.9, 12, 5], "size": [0, 3, 3], "inflate": 0.25, "uv": [0, 15], "mirror": true},
						{"origin": [-3, 8, 6], "size": [2, 4, 2], "inflate": 0.25, "pivot": [-2, 12, 8], "rotation": [-30, 0, 0], "uv": [22, 39]}
					]
				},
				{
					"name": "tail5",
					"parent": "tails",
					"pivot": [2, 9, 5],
					"rotation": [-10, 0, 25],
					"cubes": [
						{"origin": [1, 15, 5], "size": [2, 1, 2], "inflate": 0.25, "uv": [9, 42], "mirror": true},
						{"origin": [1, 14, 4], "size": [2, 1, 1.41], "inflate": 0.25, "pivot": [2, 15, 4], "rotation": [45, 0, 0], "uv": [20, 6], "mirror": true},
						{"origin": [1, 14.00298, 6.58702], "size": [2, 1, 1.41], "inflate": 0.25, "pivot": [2, 15.00298, 7.99702], "rotation": [-45, 0, 0], "uv": [20, 6], "mirror": true},
						{"origin": [1, 8, 4], "size": [2, 4, 2], "inflate": 0.25, "uv": [41, 41], "mirror": true},
						{"origin": [1, 12, 4], "size": [2, 3, 4], "inflate": 0.25, "uv": [25, 11], "mirror": true},
						{"origin": [3.1, 12, 5], "size": [0, 3, 3], "inflate": 0.25, "uv": [0, 15], "mirror": true},
						{"origin": [0.9, 12, 5], "size": [0, 3, 3], "inflate": 0.25, "uv": [0, 15]},
						{"origin": [1, 8, 6], "size": [2, 4, 2], "inflate": 0.25, "pivot": [2, 12, 8], "rotation": [-30, 0, 0], "uv": [22, 39], "mirror": true}
					]
				},
				{
					"name": "tail3",
					"parent": "tails",
					"pivot": [-2, 8, 5],
					"rotation": [-20, 0, -45],
					"cubes": [
						{"origin": [-3, 14, 5], "size": [2, 1, 2], "inflate": 0.25, "uv": [9, 42]},
						{"origin": [-3, 13, 4], "size": [2, 1, 1.41], "inflate": 0.25, "pivot": [-2, 14, 4], "rotation": [45, 0, 0], "uv": [20, 6]},
						{"origin": [-3, 13.00298, 6.58702], "size": [2, 1, 1.41], "inflate": 0.25, "pivot": [-2, 14.00298, 7.99702], "rotation": [-45, 0, 0], "uv": [20, 6]},
						{"origin": [-3, 7, 4], "size": [2, 4, 2], "inflate": 0.25, "uv": [41, 41]},
						{"origin": [-3, 11, 4], "size": [2, 3, 4], "inflate": 0.25, "uv": [25, 11]},
						{"origin": [-3.1, 11, 5], "size": [0, 3, 3], "inflate": 0.25, "uv": [0, 15]},
						{"origin": [-0.9, 11, 5], "size": [0, 3, 3], "inflate": 0.25, "uv": [0, 15], "mirror": true},
						{"origin": [-3, 7, 6], "size": [2, 4, 2], "inflate": 0.25, "pivot": [-2, 11, 8], "rotation": [-30, 0, 0], "uv": [22, 39]}
					]
				},
				{
					"name": "tail6",
					"parent": "tails",
					"pivot": [2, 8, 5],
					"rotation": [-20, 0, 45],
					"cubes": [
						{"origin": [1, 14, 5], "size": [2, 1, 2], "inflate": 0.25, "uv": [9, 42], "mirror": true},
						{"origin": [1, 13, 4], "size": [2, 1, 1.41], "inflate": 0.25, "pivot": [2, 14, 4], "rotation": [45, 0, 0], "uv": [20, 6], "mirror": true},
						{"origin": [1, 13.00298, 6.58702], "size": [2, 1, 1.41], "inflate": 0.25, "pivot": [2, 14.00298, 7.99702], "rotation": [-45, 0, 0], "uv": [20, 6], "mirror": true},
						{"origin": [1, 7, 4], "size": [2, 4, 2], "inflate": 0.25, "uv": [41, 41], "mirror": true},
						{"origin": [1, 11, 4], "size": [2, 3, 4], "inflate": 0.25, "uv": [25, 11], "mirror": true},
						{"origin": [3.1, 11, 5], "size": [0, 3, 3], "inflate": 0.25, "uv": [0, 15], "mirror": true},
						{"origin": [0.9, 11, 5], "size": [0, 3, 3], "inflate": 0.25, "uv": [0, 15]},
						{"origin": [1, 7, 6], "size": [2, 4, 2], "inflate": 0.25, "pivot": [2, 11, 8], "rotation": [-30, 0, 0], "uv": [22, 39], "mirror": true}
					]
				},
				{
					"name": "front_legs",
					"parent": "vulpix",
					"pivot": [0, 5, -2.5],
					"cubes": [
						{"origin": [-3, 0, -3.5], "size": [2, 5, 2], "inflate": 0.25, "uv": [0, 0]},
						{"origin": [1, 0, -3.5], "size": [2, 5, 2], "inflate": 0.25, "uv": [0, 0], "mirror": true}
					]
				},
				{
					"name": "back_legs",
					"parent": "vulpix",
					"pivot": [0, 6, 3],
					"cubes": [
						{"origin": [-3, 2, 2], "size": [2, 4, 3], "inflate": 0.25, "uv": [24, 31]},
						{"origin": [1, 2, 2], "size": [2, 4, 3], "inflate": 0.25, "uv": [24, 31], "mirror": true},
						{"origin": [-3, 0, 3.5], "size": [2, 4, 2], "inflate": 0.25, "uv": [0, 40]},
						{"origin": [1, 0, 3.5], "size": [2, 4, 2], "inflate": 0.25, "uv": [0, 40], "mirror": true}
					]
				}
			]
		}
	]
}