{
	"format_version": "1.12.0",
	"minecraft:geometry": [
		{
			"description": {
				"identifier": "geometry.serpninetales",
				"texture_width": 80,
				"texture_height": 80,
				"visible_bounds_width": 4,
				"visible_bounds_height": 4,
				"visible_bounds_offset": [0, 1, 0]
			},
			"bones": [
				{
					"name": "ninetales",
					"pivot": [0, 0, 0]
				},
				{
					"name": "body_root",
					"parent": "ninetales",
					"pivot": [0, 9, 7]
				},
				{
					"name": "head",
					"parent": "body_root",
					"pivot": [0, 14, -6.5],
					"cubes": [
						{"origin": [-2, 14, -8.5], "size": [4, 3, 4], "uv": [19, 50]},
						{"origin": [-2.5, 17, -10], "size": [5, 4, 6], "uv": [0, 41]},
						{"origin": [0, 21, -10], "size": [0, 4, 10], "uv": [28, 24]},
						{"origin": [0, 21, -10], "size": [0, 4, 10], "pivot": [0, 23, -8], "rotation": [0, 0, 60], "uv": [28, 24]},
						{"origin": [0, 21, -10], "size": [0, 4, 10], "pivot": [0, 23, -8], "rotation": [0, 0, -60], "uv": [28, 24], "mirror": true},
						{"origin": [0, 21, -10], "size": [0, 4, 4], "pivot": [0, 21, -8], "rotation": [0, -60, 0], "uv": [55, 26]},
						{"origin": [0, 21, -10], "size": [0, 4, 4], "pivot": [0, 21, -8], "rotation": [0, 60, 0], "uv": [55, 26], "mirror": true},
						{"origin": [-2, 17.5, -10.5], "size": [4, 3, 1], "uv": [17, 41]},
						{"origin": [-2, 17.5, -4.5], "size": [4, 3, 1], "uv": [17, 41]},
						{"origin": [-2.75, 17.5, -9.5], "size": [1, 3, 5], "uv": [50, 49]},
						{"origin": [1.75, 17.5, -9.5], "size": [1, 3, 5], "uv": [50, 49]},
						{"origin": [-2, 20.5, -9.5], "size": [4, 1, 5], "uv": [23, 41]},
						{"origin": [-3, 20.5, -8], "size": [2, 4, 0], "inflate": 0.01, "pivot": [-1, 20.5, -8], "rotation": [0, 0, -20], "uv": [0, 41]},
						{"origin": [1, 20.5, -8], "size": [2, 4, 0], "inflate": 0.01, "pivot": [1, 20.5, -8], "rotation": [0, 0, 20], "uv": [0, 41], "mirror": true},
						{"origin": [-1, 17, -13], "size": [2, 2, 3], "uv": [58, 46]},
						{"origin": [-1, 19, -11.5], "size": [2, 2, 1], "pivot": [-1, 19, -11.5], "rotation": [-45, 0, 0], "uv": [0, 13]},
						{"origin": [-1, 17, -13], "size": [2, 2, 3.35], "pivot": [-1, 18, -13], "rotation": [0, -22, 0], "uv": [56, 7]},
						{"origin": [-1, 17, -13], "size": [2, 2, 3.35], "pivot": [1, 18, -13], "rotation": [0, 22, 0], "uv": [56, 7], "mirror": true}
					]
				},
				{
					"name": "open_eyes",
					"parent": "head",
					"pivot": [0, 19, -10.5],
					"cubes": [
						{"origin": [-2.6, 19, -12.2], "size": [0, 2, 2], "pivot": [-2.5, 19, -10], "rotation": [0, -50, 0], "uv": [0, 64]},
						{"origin": [2.6, 19, -12.2], "size": [0, 2, 2], "pivot": [2.5, 19, -10], "rotation": [0, 50, 0], "uv": [0, 64], "mirror": true}
					]
				},
				{
					"name": "closed_eyes",
					"parent": "head",
					"pivot": [0, 19, -10.5],
					"cubes": [
						{"origin": [-2.6, 19, -12.2], "size": [0, 2, 2], "pivot": [-2.5, 19, -10], "rotation": [0, -50, 0], "uv": [0, 66]},
						{"origin": [2.6, 19, -12.2], "size": [0, 2, 2], "pivot": [2.5, 19, -10], "rotation": [0, 50, 0], "uv": [0, 66], "mirror": true}
					]
				},
				{
					"name": "angry_eyes",
					"parent": "head",
					"pivot": [0, 19, -10.5],
					"cubes": [
						{"origin": [-2.6, 19, -12.2], "size": [0, 2, 2], "pivot": [-2.5, 19, -10], "rotation": [0, -50, 0], "uv": [0, 69]},
						{"origin": [2.6, 19, -12.2], "size": [0, 2, 2], "pivot": [2.5, 19, -10], "rotation": [0, 50, 0], "uv": [0, 69], "mirror": true}
					]
				},
				{
					"name": "body",
					"parent": "body_root",
					"pivot": [0, 9, 7],
					"cubes": [
						{"origin": [-3, 8.5, 7.5], "size": [6, 5, 1], "uv": [52, 14]},
						{"origin": [-5, 6, -11], "size": [5, 8, 0], "pivot": [0, 13, -11], "rotation": [0, 29, 0], "uv": [36, 54]},
						{"origin": [0, 6, -11], "size": [5, 8, 0], "pivot": [0, 13, -11], "rotation": [0, -29, 0], "uv": [36, 54], "mirror": true},
						{"origin": [-3.5, 8, -9], "size": [7, 6, 17], "uv": [0, 0]},
						{"origin": [-3.5, 14, -13], "size": [7, 0, 4], "pivot": [0, 14, -9], "rotation": [45, 0, 0], "uv": [32, 9]},
						{"origin": [-4, 8.5, -8], "size": [1, 5, 7], "uv": [42, 17]},
						{"origin": [3, 8.5, -8], "size": [1, 5, 7], "uv": [42, 17]},
						{"origin": [3, 8.5, 2.5], "size": [1, 5, 5], "uv": [44, 19]},
						{"origin": [-4, 8.5, 2.5], "size": [1, 5, 5], "uv": [44, 19]},
						{"origin": [-3, 13.5, -8], "size": [6, 1, 15], "uv": [0, 24]},
						{"origin": [-3, 7.5, -8], "size": [6, 1, 7], "uv": [32, 0]}
					]
				},
				{
					"name": "tails",
					"parent": "body",
					"pivot": [0, 14, 7]
				},
				{
					"name": "tail1",
					"parent": "tails",
					"pivot": [0, 13, 6.5],
					"cubes": [
						{"origin": [-2, 13, 4.5], "size": [4, 8, 4], "uv": [0, 0]},
						{"origin": [-2, 21, 4.5], "size": [4, 6, 4], "pivot": [0, 20.88954, 4.61848], "rotation": [-45, 0, 0], "uv": [46, 35]},
						{"origin": [0, 27, 4.5], "size": [0, 5, 4], "pivot": [0, 20.88954, 4.61848], "rotation": [-45, 0, 0], "uv": [28, 24]},
						{"origin": [-2, 27, 6.5], "size": [4, 5, 0], "pivot": [0, 20.88954, 4.61848], "rotation": [-45, 0, 0], "uv": [27, 58]}
					]
				},
				{
					"name": "tail2",
					"parent": "tails",
					"pivot": [-2, 12, 6.5],
					"rotation": [0, 0, -105],
					"cubes": [
						{"origin": [-4, 12, 4.5], "size": [4, 8, 4], "uv": [0, 0]},
						{"origin": [-4, 20, 4.5], "size": [4, 6, 4], "pivot": [-2, 19.88954, 4.61848], "rotation": [-45, 0, 0], "uv": [46, 35]},
						{"origin": [-2, 26, 4.5], "size": [0, 5, 4], "pivot": [-2, 19.88954, 4.61848], "rotation": [-45, 0, 0], "uv": [28, 24]},
						{"origin": [-4, 26, 6.5], "size": [4, 5, 0], "pivot": [-2, 19.88954, 4.61848], "rotation": [-45, 0, 0], "uv": [27, 58]}
					]
				},
				{
					"name": "tail3",
					"parent": "tails",
					"pivot": [2, 12, 6.5],
					"rotation": [0, 0, 105],
					"cubes": [
						{"origin": [0, 12, 4.5], "size": [4, 8, 4], "uv": [0, 0], "mirror": true},
						{"origin": [0, 20, 4.5], "size": [4, 6, 4], "pivot": [2, 19.88954, 4.61848], "rotation": [-45, 0, 0], "uv": [46, 35], "mirror": true},
						{"origin": [2, 26, 4.5], "size": [0, 5, 4], "pivot": [2, 19.88954, 4.61848], "rotation": [-45, 0, 0], "uv": [28, 24], "mirror": true},
						{"origin": [0, 26, 6.5], "size": [4, 5, 0], "pivot": [2, 19.88954, 4.61848], "rotation": [-45, 0, 0], "uv": [27, 58], "mirror": true}
					]
				},
				{
					"name": "tail4",
					"parent": "tails",
					"pivot": [2, 12, 6.5],
					"rotation": [0, 0, 15],
					"cubes": [
						{"origin": [0, 12, 4.5], "size": [4, 8, 4], "uv": [0, 0], "mirror": true},
						{"origin": [0, 20, 4.5], "size": [4, 6, 4], "pivot": [2, 19.88954, 4.61848], "rotation": [-45, 0, 0], "uv": [46, 35], "mirror": true},
						{"origin": [2, 26, 4.5], "size": [0, 5, 4], "pivot": [2, 19.88954, 4.61848], "rotation": [-45, 0, 0], "uv": [28, 24], "mirror": true},
						{"origin": [0, 26, 6.5], "size": [4, 5, 0], "pivot": [2, 19.88954, 4.61848], "rotation": [-45, 0, 0], "uv": [27, 58], "mirror": true}
					]
				},
				{
					"name": "tail7",
					"parent": "tails",
					"pivot": [-2, 12, 6.5],
					"rotation": [0, 0, -15],
					"cubes": [
						{"origin": [-4, 12, 4.5], "size": [4, 8, 4], "uv": [0, 0]},
						{"origin": [-4, 20, 4.5], "size": [4, 6, 4], "pivot": [-2, 19.88954, 4.61848], "rotation": [-45, 0, 0], "uv": [46, 35]},
						{"origin": [-2, 26, 4.5], "size": [0, 5, 4], "pivot": [-2, 19.88954, 4.61848], "rotation": [-45, 0, 0], "uv": [28, 24]},
						{"origin": [-4, 26, 6.5], "size": [4, 5, 0], "pivot": [-2, 19.88954, 4.61848], "rotation": [-45, 0, 0], "uv": [27, 58]}
					]
				},
				{
					"name": "tail8",
					"parent": "tails",
					"pivot": [-2, 12, 6.5],
					"rotation": [0, 0, -45],
					"cubes": [
						{"origin": [-4, 12, 4.5], "size": [4, 8, 4], "uv": [0, 0]},
						{"origin": [-4, 20, 4.5], "size": [4, 6, 4], "pivot": [-2, 19.88954, 4.61848], "rotation": [-45, 0, 0], "uv": [46, 35]},
						{"origin": [-2, 26, 4.5], "size": [0, 5, 4], "pivot": [-2, 19.88954, 4.61848], "rotation": [-45, 0, 0], "uv": [28, 24]},
						{"origin": [-4, 26, 6.5], "size": [4, 5, 0], "pivot": [-2, 19.88954, 4.61848], "rotation": [-45, 0, 0], "uv": [27, 58]}
					]
				},
				{
					"name": "tail9",
					"parent": "tails",
					"pivot": [-2, 12, 6.5],
					"rotation": [0, 0, -75],
					"cubes": [
						{"origin": [-4, 12, 4.5], "size": [4, 8, 4], "uv": [0, 0]},
						{"origin": [-4, 20, 4.5], "size": [4, 6, 4], "pivot": [-2, 19.88954, 4.61848], "rotation": [-45, 0, 0], "uv": [46, 35]},
						{"origin": [-2, 26, 4.5], "size": [0, 5, 4], "pivot": [-2, 19.88954, 4.61848], "rotation": [-45, 0, 0], "uv": [28, 24]},
						{"origin": [-4, 26, 6.5], "size": [4, 5, 0], "pivot": [-2, 19.88954, 4.61848], "rotation": [-45, 0, 0], "uv": [27, 58]}
					]
				},
				{
					"name": "tail5",
					"parent": "tails",
					"pivot": [2, 12, 6.5],
					"rotation": [0, 0, 45],
					"cubes": [
						{"origin": [0, 12, 4.5], "size": [4, 8, 4], "uv": [0, 0], "mirror": true},
						{"origin": [0, 20, 4.5], "size": [4, 6, 4], "pivot": [2, 19.88954, 4.61848], "rotation": [-45, 0, 0], "uv": [46, 35], "mirror": true},
						{"origin": [2, 26, 4.5], "size": [0, 5, 4], "pivot": [2, 19.88954, 4.61848], "rotation": [-45, 0, 0], "uv": [28, 24], "mirror": true},
						{"origin": [0, 26, 6.5], "size": [4, 5, 0], "pivot": [2, 19.88954, 4.61848], "rotation": [-45, 0, 0], "uv": [27, 58], "mirror": true}
					]
				},
				{
					"name": "tail6",
					"parent": "tails",
					"pivot": [2, 12, 6.5],
					"rotation": [0, 0, 75],
					"cubes": [
						{"origin": [0, 12, 4.5], "size": [4, 8, 4], "uv": [0, 0], "mirror": true},
						{"origin": [0, 20, 4.5], "size": [4, 6, 4], "pivot": [2, 19.88954, 4.61848], "rotation": [-45, 0, 0], "uv": [46, 35], "mirror": true},
						{"origin": [2, 26, 4.5], "size": [0, 5, 4], "pivot": [2, 19.88954, 4.61848], "rotation": [-45, 0, 0], "uv": [28, 24], "mirror": true},
						{"origin": [0, 26, 6.5], "size": [4, 5, 0], "pivot": [2, 19.88954, 4.61848], "rotation": [-45, 0, 0], "uv": [27, 58], "mirror": true}
					]
				},
				{
					"name": "front_legs",
					"parent": "body_root",
					"pivot": [0, 10, -6.5]
				},
				{
					"name": "right_front_leg",
					"parent": "front_legs",
					"pivot": [-3, 10, -6.5],
					"cubes": [
						{"origin": [-4, 0, -8], "size": [2.5, 11, 2.5], "uv": [0, 52]}
					]
				},
				{
					"name": "left_front_leg",
					"parent": "front_legs",
					"pivot": [3, 10, -6.5],
					"cubes": [
						{"origin": [1.5, 0, -8], "size": [2.5, 11, 2.5], "uv": [0, 52], "mirror": true}
					]
				},
				{
					"name": "back_legs",
					"parent": "ninetales",
					"pivot": [0, 11, 3.5]
				},
				{
					"name": "right_back_leg",
					"parent": "back_legs",
					"pivot": [-2, 11, 3.5],
					"cubes": [
						{"origin": [-4, 6, 3], "size": [3, 6, 4], "uv": [0, 24]},
						{"origin": [-4.5, 6.5, 3.5], "size": [1, 5, 3], "uv": [9, 52]},
						{"origin": [-3.5, 6.5, 2.5], "size": [2, 5, 1], "uv": [32, 0]},
						{"origin": [-3.5, 0, 4.5], "size": [2.5, 6, 2.5], "uv": [18, 58]}
					]
				},
				{
					"name": "left_back_leg",
					"parent": "back_legs",
					"pivot": [2, 11, 3.5],
					"cubes": [
						{"origin": [1, 6, 3], "size": [3, 6, 4], "uv": [0, 24], "mirror": true},
						{"origin": [3.5, 6.5, 3.5], "size": [1, 5, 3], "uv": [9, 52], "mirror": true},
						{"origin": [1.5, 6.5, 2.5], "size": [2, 5, 1], "uv": [32, 0], "mirror": true},
						{"origin": [1, 0, 4.5], "size": [2.5, 6, 2.5], "uv": [18, 58], "mirror": true}
					]
				}
			]
		},
		{
			"description": {
				"identifier": "geometry.serpninetales_aura",
				"texture_width": 80,
				"texture_height": 80,
				"visible_bounds_width": 4,
				"visible_bounds_height": 4,
				"visible_bounds_offset": [0, 1, 0]
			},
			"bones": [
				{
					"name": "ninetales",
					"pivot": [0, 0, 0]
				},
				{
					"name": "body_root",
					"parent": "ninetales",
					"pivot": [0, 9, 7]
				},
				{
					"name": "head",
					"parent": "body_root",
					"pivot": [0, 14, -6.5],
					"cubes": [
						{"origin": [-2, 14, -8.5], "size": [4, 3, 4], "inflate": 0.25, "uv": [19, 50]},
						{"origin": [-2.5, 17, -10], "size": [5, 4, 6], "inflate": 0.25, "uv": [0, 41]},
						{"origin": [0, 21, -10], "size": [0, 4, 10], "inflate": 0.25, "uv": [28, 24]},
						{"origin": [0, 21, -10], "size": [0, 4, 10], "inflate": 0.25, "pivot": [0, 23, -8], "rotation": [0, 0, 60], "uv": [28, 24]},
						{"origin": [0, 21, -10], "size": [0, 4, 10], "inflate": 0.25, "pivot": [0, 23, -8], "rotation": [0, 0, -60], "uv": [28, 24], "mirror": true},
						{"origin": [0, 21, -10], "size": [0, 4, 4], "inflate": 0.25, "pivot": [0, 21, -8], "rotation": [0, -60, 0], "uv": [55, 26]},
						{"origin": [0, 21, -10], "size": [0, 4, 4], "inflate": 0.25, "pivot": [0, 21, -8], "rotation": [0, 60, 0], "uv": [55, 26], "mirror": true},
						{"origin": [-2, 17.5, -10.5], "size": [4, 3, 1], "inflate": 0.25, "uv": [17, 41]},
						{"origin": [-2, 17.5, -4.5], "size": [4, 3, 1], "inflate": 0.25, "uv": [17, 41]},
						{"origin": [-2.75, 17.5, -9.5], "size": [1, 3, 5], "inflate": 0.25, "uv": [50, 49]},
						{"origin": [1.75, 17.5, -9.5], "size": [1, 3, 5], "inflate": 0.25, "uv": [50, 49]},
						{"origin": [-2, 20.5, -9.5], "size": [4, 1, 5], "inflate": 0.25, "uv": [23, 41]},
						{"origin": [-3, 20.5, -8], "size": [2, 4, 0], "inflate": 0.25, "pivot": [-1, 20.5, -8], "rotation": [0, 0, -20], "uv": [0, 41]},
						{"origin": [1, 20.5, -8], "size": [2, 4, 0], "inflate": 0.25, "pivot": [1, 20.5, -8], "rotation": [0, 0, 20], "uv": [0, 41], "mirror": true},
						{"origin": [-1, 17, -13], "size": [2, 2, 3], "inflate": 0.25, "uv": [58, 46]},
						{"origin": [-1, 19, -11.5], "size": [2, 2, 1], "inflate": 0.25, "pivot": [-1, 19, -11.5], "rotation": [-45, 0, 0], "uv": [0, 13]},
						{"origin": [-1, 17, -13], "size": [2, 2, 3.35], "inflate": 0.25, "pivot": [-1, 18, -13], "rotation": [0, -22, 0], "uv": [56, 7]},
						{"origin": [-1, 17, -13], "size": [2, 2, 3.35], "inflate": 0.25, "pivot": [1, 18, -13], "rotation": [0, 22, 0], "uv": [56, 7], "mirror": true}
					]
				},
				{
					"name": "open_eyes",
					"parent": "head",
					"pivot": [0, 19, -10.5],
					"cubes": [
						{"origin": [-2.6, 19, -12.2], "size": [0, 2, 2], "inflate": 0.25, "pivot": [-2.5, 19, -10], "rotation": [0, -50, 0], "uv": [0, 64]},
						{"origin": [2.6, 19, -12.2], "size": [0, 2, 2], "inflate": 0.25, "pivot": [2.5, 19, -10], "rotation": [0, 50, 0], "uv": [0, 64], "mirror": true}
					]
				},
				{
					"name": "closed_eyes",
					"parent": "head",
					"pivot": [0, 19, -10.5],
					"cubes": [
						{"origin": [-2.6, 19, -12.2], "size": [0, 2, 2], "inflate": 0.25, "pivot": [-2.5, 19, -10], "rotation": [0, -50, 0], "uv": [0, 66]},
						{"origin": [2.6, 19, -12.2], "size": [0, 2, 2], "inflate": 0.25, "pivot": [2.5, 19, -10], "rotation": [0, 50, 0], "uv": [0, 66], "mirror": true}
					]
				},
				{
					"name": "angry_eyes",
					"parent": "head",
					"pivot": [0, 19, -10.5],
					"cubes": [
						{"origin": [-2.6, 19, -12.2], "size": [0, 2, 2], "inflate": 0.25, "pivot": [-2.5, 19, -10], "rotation": [0, -50, 0], "uv": [0, 69]},
						{"origin": [2.6, 19, -12.2], "size": [0, 2, 2], "inflate": 0.25, "pivot": [2.5, 19, -10], "rotation": [0, 50, 0], "uv": [0, 69], "mirror": true}
					]
				},
				{
					"name": "body",
					"parent": "body_root",
					"pivot": [0, 9, 7],
					"cubes": [
						{"origin": [-3, 8.5, 7.5], "size": [6, 5, 1], "inflate": 0.25, "uv": [52, 14]},
						{"origin": [-5, 6, -11], "size": [5, 8, 0], "inflate": 0.25, "pivot": [0, 13, -11], "rotation": [0, 29, 0], "uv": [36, 54]},
						{"origin": [0, 6, -11], "size": [5, 8, 0], "inflate": 0.25, "pivot": [0, 13, -11], "rotation": [0, -29, 0], "uv": [36, 54], "mirror": true},
						{"origin": [-3.5, 8, -9], "size": [7, 6, 17], "inflate": 0.25, "uv": [0, 0]},
						{"origin": [-3.5, 14, -13], "size": [7, 0, 4], "inflate": 0.25, "pivot": [0, 14, -9], "rotation": [45, 0, 0], "uv": [32, 9]},
						{"origin": [-4, 8.5, -8], "size": [1, 5, 7], "inflate": 0.25, "uv": [42, 17]},
						{"origin": [3, 8.5, -8], "size": [1, 5, 7], "inflate": 0.25, "uv": [42, 17]},
						{"origin": [3, 8.5, 2.5], "size": [1, 5, 5], "inflate": 0.25, "uv": [44, 19]},
						{"origin": [-4, 8.5, 2.5], "size": [1, 5, 5], "inflate": 0.25, "uv": [44, 19]},
						{"origin": [-3, 13.5, -8], "size": [6, 1, 15], "inflate": 0.25, "uv": [0, 24]},
						{"origin": [-3, 7.5, -8], "size": [6, 1, 7], "inflate": 0.25, "uv": [32, 0]}
					]
				},
				{
					"name": "tails",
					"parent": "body",
					"pivot": [0, 14, 7]
				},
				{
					"name": "tail1",
					"parent": "tails",
					"pivot": [0, 13, 6.5],
					"cubes": [
						{"origin": [-2, 13, 4.5], "size": [4, 8, 4], "inflate": 0.25, "uv": [0, 0]},
						{"origin": [-2, 21, 4.5], "size": [4, 6, 4], "inflate": 0.25, "pivot": [0, 20.88954, 4.61848], "rotation": [-45, 0, 0], "uv": [46, 35]},
						{"origin": [0, 27, 4.5], "size": [0, 5, 4], "inflate": 0.25, "pivot": [0, 20.88954, 4.61848], "rotation": [-45, 0, 0], "uv": [28, 24]},
						{"origin": [-2, 27, 6.5], "size": [4, 5, 0], "inflate": 0.25, "pivot": [0, 20.88954, 4.61848], "rotation": [-45, 0, 0], "uv": [27, 58]}
					]
				},
				{
					"name": "tail2",
					"parent": "tails",
					"pivot": [-2, 12, 6.5],
					"rotation": [0, 0, -105],
					"cubes": [
						{"origin": [-4, 12, 4.5], "size": [4, 8, 4], "inflate": 0.25, "uv": [0, 0]},
						{"origin": [-4, 20, 4.5], "size": [4, 6, 4], "inflate": 0.25, "pivot": [-2, 19.88954, 4.61848], "rotation": [-45, 0, 0], "uv": [46, 35]},
						{"origin": [-2, 26, 4.5], "size": [0, 5, 4], "inflate": 0.25, "pivot": [-2, 19.88954, 4.61848], "rotation": [-45, 0, 0], "uv": [28, 24]},
						{"origin": [-4, 26, 6.5], "size": [4, 5, 0], "inflate": 0.25, "pivot": [-2, 19.88954, 4.61848], "rotation": [-45, 0, 0], "uv": [27, 58]}
					]
				},
				{
					"name": "tail3",
					"parent": "tails",
					"pivot": [2, 12, 6.5],
					"rotation": [0, 0, 105],
					"cubes": [
						{"origin": [0, 12, 4.5], "size": [4, 8, 4], "inflate": 0.25, "uv": [0, 0], "mirror": true},
						{"origin": [0, 20, 4.5], "size": [4, 6, 4], "inflate": 0.25, "pivot": [2, 19.88954, 4.61848], "rotation": [-45, 0, 0], "uv": [46, 35], "mirror": true},
						{"origin": [2, 26, 4.5], "size": [0, 5, 4], "inflate": 0.25, "pivot": [2, 19.88954, 4.61848], "rotation": [-45, 0, 0], "uv": [28, 24], "mirror": true},
						{"origin": [0, 26, 6.5], "size": [4, 5, 0], "inflate": 0.25, "pivot": [2, 19.88954, 4.61848], "rotation": [-45, 0, 0], "uv": [27, 58], "mirror": true}
					]
				},
				{
					"name": "tail4",
					"parent": "tails",
					"pivot": [2, 12, 6.5],
					"rotation": [0, 0, 15],
					"cubes": [
						{"origin": [0, 12, 4.5], "size": [4, 8, 4], "inflate": 0.25, "uv": [0, 0], "mirror": true},
						{"origin": [0, 20, 4.5], "size": [4, 6, 4], "inflate": 0.25, "pivot": [2, 19.88954, 4.61848], "rotation": [-45, 0, 0], "uv": [46, 35], "mirror": true},
						{"origin": [2, 26, 4.5], "size": [0, 5, 4], "inflate": 0.25, "pivot": [2, 19.88954, 4.61848], "rotation": [-45, 0, 0], "uv": [28, 24], "mirror": true},
						{"origin": [0, 26, 6.5], "size": [4, 5, 0], "inflate": 0.25, "pivot": [2, 19.88954, 4.61848], "rotation": [-45, 0, 0], "uv": [27, 58], "mirror": true}
					]
				},
				{
					"name": "tail7",
					"parent": "tails",
					"pivot": [-2, 12, 6.5],
					"rotation": [0, 0, -15],
					"cubes": [
						{"origin": [-4, 12, 4.5], "size": [4, 8, 4], "inflate": 0.25, "uv": [0, 0]},
						{"origin": [-4, 20, 4.5], "size": [4, 6, 4], "inflate": 0.25, "pivot": [-2, 19.88954, 4.61848], "rotation": [-45, 0, 0], "uv": [46, 35]},
						{"origin": [-2, 26, 4.5], "size": [0, 5, 4], "inflate": 0.25, "pivot": [-2, 19.88954, 4.61848], "rotation": [-45, 0, 0], "uv": [28, 24]},
						{"origin": [-4, 26, 6.5], "size": [4, 5, 0], "inflate": 0.25, "pivot": [-2, 19.88954, 4.61848], "rotation": [-45, 0, 0], "uv": [27, 58]}
					]
				},
				{
					"name": "tail8",
					"parent": "tails",
					"pivot": [-2, 12, 6.5],
					"rotation": [0, 0, -45],
					"cubes": [
						{"origin": [-4, 12, 4.5], "size": [4, 8, 4], "inflate": 0.25, "uv": [0, 0]},
						{"origin": [-4, 20, 4.5], "size": [4, 6, 4], "inflate": 0.25, "pivot": [-2, 19.88954, 4.61848], "rotation": [-45, 0, 0], "uv": [46, 35]},
						{"origin": [-2, 26, 4.5], "size": [0, 5, 4], "inflate": 0.25, "pivot": [-2, 19.88954, 4.61848], "rotation": [-45, 0, 0], "uv": [28, 24]},
						{"origin": [-4, 26, 6.5], "size": [4, 5, 0], "inflate": 0.25, "pivot": [-2, 19.88954, 4.61848], "rotation": [-45, 0, 0], "uv": [27, 58]}
					]
				},
				{
					"name": "tail9",
					"parent": "tails",
					"pivot": [-2, 12, 6.5],
					"rotation": [0, 0, -75],
					"cubes": [
						{"origin": [-4, 12, 4.5], "size": [4, 8, 4], "inflate": 0.25, "uv": [0, 0]},
						{"origin": [-4, 20, 4.5], "size": [4, 6, 4], "inflate": 0.25, "pivot": [-2, 19.88954, 4.61848], "rotation": [-45, 0, 0], "uv": [46, 35]},
						{"origin": [-2, 26, 4.5], "size": [0, 5, 4], "inflate": 0.25, "pivot": [-2, 19.88954, 4.61848], "rotation": [-45, 0, 0], "uv": [28, 24]},
						{"origin": [-4, 26, 6.5], "size": [4, 5, 0], "inflate": 0.25, "pivot": [-2, 19.88954, 4.61848], "rotation": [-45, 0, 0], "uv": [27, 58]}
					]
				},
				{
					"name": "tail5",
					"parent": "tails",
					"pivot": [2, 12, 6.5],
					"rotation": [0, 0, 45],
					"cubes": [
						{"origin": [0, 12, 4.5], "size": [4, 8, 4], "inflate": 0.25, "uv": [0, 0], "mirror": true},
						{"origin": [0, 20, 4.5], "size": [4, 6, 4], "inflate": 0.25, "pivot": [2, 19.88954, 4.61848], "rotation": [-45, 0, 0], "uv": [46, 35], "mirror": true},
						{"origin": [2, 26, 4.5], "size": [0, 5, 4], "inflate": 0.25, "pivot": [2, 19.88954, 4.61848], "rotation": [-45, 0, 0], "uv": [28, 24], "mirror": true},
						{"origin": [0, 26, 6.5], "size": [4, 5, 0], "inflate": 0.25, "pivot": [2, 19.88954, 4.61848], "rotation": [-45, 0, 0], "uv": [27, 58], "mirror": true}
					]
				},
				{
					"name": "tail6",
					"parent": "tails",
					"pivot": [2, 12, 6.5],
					"rotation": [0, 0, 75],
					"cubes": [
						{"origin": [0, 12, 4.5], "size": [4, 8, 4], "inflate": 0.25, "uv": [0, 0], "mirror": true},
						{"origin": [0, 20, 4.5], "size": [4, 6, 4], "inflate": 0.25, "pivot": [2, 19.88954, 4.61848], "rotation": [-45, 0, 0], "uv": [46, 35], "mirror": true},
						{"origin": [2, 26, 4.5], "size": [0, 5, 4], "inflate": 0.25, "pivot": [2, 19.88954, 4.61848], "rotation": [-45, 0, 0], "uv": [28, 24], "mirror": true},
						{"origin": [0, 26, 6.5], "size": [4, 5, 0], "inflate": 0.25, "pivot": [2, 19.88954, 4.61848], "rotation": [-45, 0, 0], "uv": [27, 58], "mirror": true}
					]
				},
				{
					"name": "front_legs",
					"parent": "body_root",
					"pivot": [0, 10, -6.5]
				},
				{
					"name": "right_front_leg",
					"parent": "front_legs",
					"pivot": [-3, 10, -6.5],
					"cubes": [
						{"origin": [-4, 0, -8], "size": [2.5, 11, 2.5], "inflate": 0.25, "uv": [0, 52]}
					]
				},
				{
					"name": "left_front_leg",
					"parent": "front_legs",
					"pivot": [3, 10, -6.5],
					"cubes": [
						{"origin": [1.5, 0, -8], "size": [2.5, 11, 2.5], "inflate": 0.25, "uv": [0, 52], "mirror": true}
					]
				},
				{
					"name": "back_legs",
					"parent": "ninetales",
					"pivot": [0, 11, 3.5]
				},
				{
					"name": "right_back_leg",
					"parent": "back_legs",
					"pivot": [-2, 11, 3.5],
					"cubes": [
						{"origin": [-4, 6, 3], "size": [3, 6, 4], "inflate": 0.25, "uv": [0, 24]},
						{"origin": [-4.5, 6.5, 3.5], "size": [1, 5, 3], "inflate": 0.25, "uv": [9, 52]},
						{"origin": [-3.5, 6.5, 2.5], "size": [2, 5, 1], "inflate": 0.25, "uv": [32, 0]},
						{"origin": [-3.5, 0, 4.5], "size": [2.5, 6, 2.5], "inflate": 0.25, "uv": [18, 58]}
					]
				},
				{
					"name": "left_back_leg",
					"parent": "back_legs",
					"pivot": [2, 11, 3.5],
					"cubes": [
						{"origin": [1, 6, 3], "size": [3, 6, 4], "inflate": 0.25, "uv": [0, 24], "mirror": true},
						{"origin": [3.5, 6.5, 3.5], "size": [1, 5, 3], "inflate": 0.25, "uv": [9, 52], "mirror": true},
						{"origin": [1.5, 6.5, 2.5], "size": [2, 5, 1], "inflate": 0.25, "uv": [32, 0], "mirror": true},
						{"origin": [1, 0, 4.5], "size": [2.5, 6, 2.5], "inflate": 0.25, "uv": [18, 58], "mirror": true}
					]
				}
			]
		}
	]
}