{
	"format_version": "1.12.0",
	"minecraft:geometry": [
		{
			"description": {
				"identifier": "geometry.serpprimeape",
				"texture_width": 96,
				"texture_height": 96,
				"visible_bounds_width": 4,
				"visible_bounds_height": 3.5,
				"visible_bounds_offset": [0, 1.25, 0]
			},
			"bones": [
				{
					"name": "primeape",
					"pivot": [0, 0, 0]
				},
				{
				"name": "pokedex",
				"pivot": [0, 37, -12],
				"locators": {
		"pokedex": [0, 37, -12]
					}
				},
				{
					"name": "body",
					"parent": "primeape",
					"pivot": [0, 10, 0],
					"cubes": [
						{"origin": [-7, 10, -7], "size": [14, 14, 14], "uv": [0, 0]},
						{"origin": [-6, 24, -6], "size": [12, 1, 12], "uv": [37, 31]},
						{"origin": [-6, 25, -4], "size": [12, 2, 0], "pivot": [0, 25, -4], "rotation": [-40, 0, 0], "uv": [0, 71]},
						{"origin": [-6, 25, -2], "size": [12, 2, 0], "pivot": [0, 25, -2], "rotation": [-50, 0, 0], "uv": [0, 71]},
						{"origin": [-6, 25, 0], "size": [12, 2, 0], "pivot": [0, 25, 0], "rotation": [-60, 0, 0], "uv": [0, 71]},
						{"origin": [-6, 25, 2], "size": [12, 2, 0], "pivot": [0, 25, 2], "rotation": [-60, 0, 0], "uv": [0, 71]},
						{"origin": [-6, 25, 4], "size": [12, 2, 0], "pivot": [0, 25, 4], "rotation": [-60, 0, 0], "uv": [0, 71]},
						{"origin": [-6, 25, 6], "size": [12, 0, 2], "pivot": [0, 25, 6], "rotation": [-30, 0, 0], "uv": [57, 21]},
						{"origin": [-6, 25, -6], "size": [12, 2, 0], "pivot": [0, 25, -6], "rotation": [-30, 0, 0], "uv": [0, 71]},
						{"origin": [-6, 23.5, -3], "size": [4, 6, 0], "inflate": 0.01, "pivot": [-2, 24, -3], "rotation": [0, 0, -30], "uv": [0, 29]},
						{"origin": [2, 23.5, -3], "size": [4, 6, 0], "inflate": 0.01, "pivot": [2, 24, -3], "rotation": [0, 0, 30], "uv": [0, 29], "mirror": true},
						{"origin": [-6, 9, -6], "size": [12, 1, 12], "uv": [0, 29]},
						{"origin": [-6, 7, -6], "size": [12, 2, 0], "pivot": [0, 9, -6], "rotation": [30, 0, 0], "uv": [0, 68]},
						{"origin": [-6, 7, -4], "size": [12, 2, 0], "pivot": [0, 9, -4], "rotation": [40, 0, 0], "uv": [0, 68]},
						{"origin": [-6, 7, -2], "size": [12, 2, 0], "pivot": [0, 9, -2], "rotation": [50, 0, 0], "uv": [0, 68]},
						{"origin": [-6, 7, 0], "size": [12, 2, 0], "pivot": [0, 9, 0], "rotation": [60, 0, 0], "uv": [0, 68]},
						{"origin": [-6, 7, 2], "size": [12, 2, 0], "pivot": [0, 9, 2], "rotation": [60, 0, 0], "uv": [0, 68]},
						{"origin": [-6, 7, 4], "size": [12, 2, 0], "pivot": [0, 9, 4], "rotation": [60, 0, 0], "uv": [0, 68]},
						{"origin": [-6, 9, 6], "size": [12, 0, 2], "pivot": [0, 9, 6], "rotation": [30, 0, 0], "uv": [57, 21]},
						{"origin": [-8, 11, -6], "size": [1, 12, 12], "uv": [27, 45]},
						{"origin": [-10, 11, -6], "size": [2, 12, 0], "pivot": [-8, 17, -6], "rotation": [0, 30, 0], "uv": [13, 76]},
						{"origin": [8, 11, -6], "size": [2, 12, 0], "pivot": [8, 17, -6], "rotation": [0, -30, 0], "uv": [13, 76], "mirror": true},
						{"origin": [-10, 11, -4], "size": [2, 12, 0], "pivot": [-8, 17, -4], "rotation": [0, 40, 0], "uv": [13, 76]},
						{"origin": [8, 11, -4], "size": [2, 12, 0], "pivot": [8, 17, -4], "rotation": [0, -40, 0], "uv": [13, 76], "mirror": true},
						{"origin": [-10, 11, -2], "size": [2, 12, 0], "pivot": [-8, 17, -2], "rotation": [0, 50, 0], "uv": [13, 76]},
						{"origin": [8, 11, -2], "size": [2, 12, 0], "pivot": [8, 17, -2], "rotation": [0, -50, 0], "uv": [13, 76], "mirror": true},
						{"origin": [-10, 11, 0], "size": [2, 12, 0], "pivot": [-8, 17, 0], "rotation": [0, 60, 0], "uv": [13, 76]},
						{"origin": [8, 11, 0], "size": [2, 12, 0], "pivot": [8, 17, 0], "rotation": [0, -60, 0], "uv": [13, 76], "mirror": true},
						{"origin": [-10, 11, 2], "size": [2, 12, 0], "pivot": [-8, 17, 2], "rotation": [0, 60, 0], "uv": [13, 76]},
						{"origin": [8, 11, 2], "size": [2, 12, 0], "pivot": [8, 17, 2], "rotation": [0, -60, 0], "uv": [13, 76], "mirror": true},
						{"origin": [-10, 11, 4], "size": [2, 12, 0], "pivot": [-8, 17, 4], "rotation": [0, 60, 0], "uv": [13, 76]},
						{"origin": [8, 11, 4], "size": [2, 12, 0], "pivot": [8, 17, 4], "rotation": [0, -60, 0], "uv": [13, 76], "mirror": true},
						{"origin": [-8, 11, 6], "size": [0, 12, 2], "pivot": [-8, 17, 6], "rotation": [0, 30, 0], "uv": [13, 74]},
						{"origin": [8, 11, 6], "size": [0, 12, 2], "pivot": [8, 17, 6], "rotation": [0, -30, 0], "uv": [13, 74], "mirror": true},
						{"origin": [7, 11, -6], "size": [1, 12, 12], "uv": [0, 43]},
						{"origin": [-6, 11, 7], "size": [12, 12, 1], "uv": [54, 45]},
						{"origin": [-6, 11, 8], "size": [0, 12, 2], "pivot": [-6, 17, 8], "rotation": [0, 30, 0], "uv": [13, 74]},
						{"origin": [6, 11, 8], "size": [0, 12, 2], "pivot": [6, 17, 8], "rotation": [0, -30, 0], "uv": [13, 74], "mirror": true},
						{"origin": [-6, 11, -8], "size": [12, 12, 1], "uv": [43, 0]},
						{"origin": [4, 19, -7.6], "size": [4, 4, 0], "pivot": [7, 21, -8], "rotation": [0, -25, 0], "uv": [55, 60]},
						{"origin": [-2.5, 14, -9], "size": [5, 3, 1], "uv": [79, 59]}
					]
				},
				{
					"name": "arms",
					"parent": "primeape",
					"pivot": [0, 16.5, 0]
				},
				{
					"name": "right_arm",
					"parent": "arms",
					"pivot": [-8, 16.5, -0.5],
					"cubes": [
						{"origin": [-16, 15, -2], "size": [11, 3, 3], "uv": [57, 14]}
					]
				},
				{
					"name": "right_hand",
					"parent": "right_arm",
					"pivot": [-16, 15, -0.5],
					"cubes": [
						{"origin": [-16, 15, -2], "size": [3, 7, 3], "uv": [0, 0]},
						{"origin": [-17, 25, -1], "size": [5, 2, 2], "uv": [77, 69]},
						{"origin": [-16, 24, -1], "size": [3, 1, 2], "uv": [0, 36]},
						{"origin": [-16.64645, 23.64645, -1], "size": [1, 1.5, 2], "pivot": [-16.64645, 24.64645, -0.5], "rotation": [0, 0, -45], "uv": [37, 33]},
						{"origin": [-13.27029, 23.44544, -1], "size": [1, 1.5, 2], "pivot": [-12.06928, 24.64645, -0.5], "rotation": [0, 0, 45], "uv": [37, 29]},
						{"origin": [-12.5, 25, -1], "size": [1, 3, 1], "uv": [0, 43]},
						{"origin": [-17, 27, -1], "size": [5, 3, 2], "pivot": [-16, 27, 1], "rotation": [45, 0, 0], "uv": [74, 30]},
						{"origin": [-16.5, 22, -2.5], "size": [4, 2, 4], "uv": [62, 71]}
					]
				},
				{
					"name": "left_arm",
					"parent": "arms",
					"pivot": [8, 16.5, -0.5],
					"cubes": [
						{"origin": [5, 15, -2], "size": [11, 3, 3], "uv": [57, 14], "mirror": true}
					]
				},
				{
					"name": "left_hand",
					"parent": "left_arm",
					"pivot": [16, 15, -0.5],
					"cubes": [
						{"origin": [13, 15, -2], "size": [3, 7, 3], "uv": [0, 0], "mirror": true},
						{"origin": [12, 25, -1], "size": [5, 2, 2], "uv": [77, 69], "mirror": true},
						{"origin": [13, 24, -1], "size": [3, 1, 2], "uv": [0, 36], "mirror": true},
						{"origin": [15.64645, 23.64645, -1], "size": [1, 1.5, 2], "pivot": [16.64645, 24.64645, -0.5], "rotation": [0, 0, 45], "uv": [37, 33], "mirror": true},
						{"origin": [12.27029, 23.44544, -1], "size": [1, 1.5, 2], "pivot": [12.06928, 24.64645, -0.5], "rotation": [0, 0, -45], "uv": [37, 29], "mirror": true},
						{"origin": [11.5, 25, -1], "size": [1, 3, 1], "uv": [0, 43], "mirror": true},
						{"origin": [12, 27, -1], "size": [5, 3, 2], "pivot": [16, 27, 1], "rotation": [45, 0, 0], "uv": [74, 30], "mirror": true},
						{"origin": [12.5, 22, -2.5], "size": [4, 2, 4], "uv": [62, 71], "mirror": true}
					]
				},
				{
					"name": "legs",
					"parent": "primeape",
					"pivot": [0, 9, 0]
				},
				{
					"name": "right_leg",
					"parent": "legs",
					"pivot": [-4.5, 9, 0],
					"rotation": [0, 15, 0],
					"cubes": [
						{"origin": [-6.25882, 4, -2.03407], "size": [3, 6, 3], "pivot": [-0.25882, 9, 0.96593], "rotation": [-35, 0, 0], "uv": [0, 74]},
						{"origin": [-6.25882, 3.62497, -4.35941], "size": [3, 3, 3], "uv": [74, 36]},
						{"origin": [-6.25882, 0.62497, -4.35941], "size": [3, 1, 3], "uv": [76, 75]},
						{"origin": [-6.75882, 1.62497, -4.83407], "size": [4, 2, 4], "uv": [62, 71]},
						{"origin": [-6.25882, 0, -7.35941], "size": [3, 1, 6], "uv": [15, 43]},
						{"origin": [-6.25882, 0, -7.35941], "size": [3, 1, 5], "pivot": [-5.25882, 1, -7.35941], "rotation": [15, 0, 0], "uv": [45, 71]}
					]
				},
				{
					"name": "left_leg",
					"parent": "legs",
					"pivot": [4.5, 9, 0],
					"rotation": [0, -15, 0],
					"cubes": [
						{"origin": [3.25882, 4, -2.03407], "size": [3, 6, 3], "pivot": [0.25882, 9, 0.96593], "rotation": [-35, 0, 0], "uv": [0, 74], "mirror": true},
						{"origin": [3.25882, 3.62497, -4.35941], "size": [3, 3, 3], "uv": [74, 36], "mirror": true},
						{"origin": [3.25882, 0.62497, -4.35941], "size": [3, 1, 3], "uv": [76, 75], "mirror": true},
						{"origin": [2.75882, 1.62497, -4.83407], "size": [4, 2, 4], "uv": [62, 71], "mirror": true},
						{"origin": [3.25882, 0, -7.35941], "size": [3, 1, 6], "uv": [15, 43], "mirror": true},
						{"origin": [3.25882, 0, -7.35941], "size": [3, 1, 5], "pivot": [5.25882, 1, -7.35941], "rotation": [15, 0, 0], "uv": [45, 71], "mirror": true}
					]
				},
				{
					"name": "pokedex",
					"pivot": [0, 28, -5],
					"locators": {
						"pokedex": [0, 28, -5]
					}
				}
			]
		},
		{
			"description": {
				"identifier": "geometry.serpprimeape_aura",
				"texture_width": 96,
				"texture_height": 96,
				"visible_bounds_width": 4,
				"visible_bounds_height": 3.5,
				"visible_bounds_offset": [0, 1.25, 0]
			},
			"bones": [
				{
					"name": "primeape",
					"pivot": [0, 0, 0]
				},
				{
					"name": "body",
					"parent": "primeape",
					"pivot": [0, 10, 0],
					"cubes": [
						{"origin": [-7, 10, -7], "size": [14, 14, 14], "inflate": 0.25, "uv": [0, 0]},
						{"origin": [-6, 24, -6], "size": [12, 1, 12], "inflate": 0.25, "uv": [37, 31]},
						{"origin": [-6, 25, -4], "size": [12, 2, 0], "inflate": 0.25, "pivot": [0, 25, -4], "rotation": [-40, 0, 0], "uv": [0, 71]},
						{"origin": [-6, 25, -2], "size": [12, 2, 0], "inflate": 0.25, "pivot": [0, 25, -2], "rotation": [-50, 0, 0], "uv": [0, 71]},
						{"origin": [-6, 25, 0], "size": [12, 2, 0], "inflate": 0.25, "pivot": [0, 25, 0], "rotation": [-60, 0, 0], "uv": [0, 71]},
						{"origin": [-6, 25, 2], "size": [12, 2, 0], "inflate": 0.25, "pivot": [0, 25, 2], "rotation": [-60, 0, 0], "uv": [0, 71]},
						{"origin": [-6, 25, 4], "size": [12, 2, 0], "inflate": 0.25, "pivot": [0, 25, 4], "rotation": [-60, 0, 0], "uv": [0, 71]},
						{"origin": [-6, 25, 6], "size": [12, 0, 2], "inflate": 0.25, "pivot": [0, 25, 6], "rotation": [-30, 0, 0], "uv": [57, 21]},
						{"origin": [-6, 25, -6], "size": [12, 2, 0], "inflate": 0.25, "pivot": [0, 25, -6], "rotation": [-30, 0, 0], "uv": [0, 71]},
						{"origin": [-6, 23.5, -3], "size": [4, 6, 0], "inflate": 0.25, "pivot": [-2, 24, -3], "rotation": [0, 0, -30], "uv": [0, 29]},
						{"origin": [2, 23.5, -3], "size": [4, 6, 0], "inflate": 0.25, "pivot": [2, 24, -3], "rotation": [0, 0, 30], "uv": [0, 29], "mirror": true},
						{"origin": [-6, 9, -6], "size": [12, 1, 12], "inflate": 0.25, "uv": [0, 29]},
						{"origin": [-6, 7, -6], "size": [12, 2, 0], "inflate": 0.25, "pivot": [0, 9, -6], "rotation": [30, 0, 0], "uv": [0, 68]},
						{"origin": [-6, 7, -4], "size": [12, 2, 0], "inflate": 0.25, "pivot": [0, 9, -4], "rotation": [40, 0, 0], "uv": [0, 68]},
						{"origin": [-6, 7, -2], "size": [12, 2, 0], "inflate": 0.25, "pivot": [0, 9, -2], "rotation": [50, 0, 0], "uv": [0, 68]},
						{"origin": [-6, 7, 0], "size": [12, 2, 0], "inflate": 0.25, "pivot": [0, 9, 0], "rotation": [60, 0, 0], "uv": [0, 68]},
						{"origin": [-6, 7, 2], "size": [12, 2, 0], "inflate": 0.25, "pivot": [0, 9, 2], "rotation": [60, 0, 0], "uv": [0, 68]},
						{"origin": [-6, 7, 4], "size": [12, 2, 0], "inflate": 0.25, "pivot": [0, 9, 4], "rotation": [60, 0, 0], "uv": [0, 68]},
						{"origin": [-6, 9, 6], "size": [12, 0, 2], "inflate": 0.25, "pivot": [0, 9, 6], "rotation": [30, 0, 0], "uv": [57, 21]},
						{"origin": [-8, 11, -6], "size": [1, 12, 12], "inflate": 0.25, "uv": [27, 45]},
						{"origin": [-10, 11, -6], "size": [2, 12, 0], "inflate": 0.25, "pivot": [-8, 17, -6], "rotation": [0, 30, 0], "uv": [13, 76]},
						{"origin": [8, 11, -6], "size": [2, 12, 0], "inflate": 0.25, "pivot": [8, 17, -6], "rotation": [0, -30, 0], "uv": [13, 76], "mirror": true},
						{"origin": [-10, 11, -4], "size": [2, 12, 0], "inflate": 0.25, "pivot": [-8, 17, -4], "rotation": [0, 40, 0], "uv": [13, 76]},
						{"origin": [8, 11, -4], "size": [2, 12, 0], "inflate": 0.25, "pivot": [8, 17, -4], "rotation": [0, -40, 0], "uv": [13, 76], "mirror": true},
						{"origin": [-10, 11, -2], "size": [2, 12, 0], "inflate": 0.25, "pivot": [-8, 17, -2], "rotation": [0, 50, 0], "uv": [13, 76]},
						{"origin": [8, 11, -2], "size": [2, 12, 0], "inflate": 0.25, "pivot": [8, 17, -2], "rotation": [0, -50, 0], "uv": [13, 76], "mirror": true},
						{"origin": [-10, 11, 0], "size": [2, 12, 0], "inflate": 0.25, "pivot": [-8, 17, 0], "rotation": [0, 60, 0], "uv": [13, 76]},
						{"origin": [8, 11, 0], "size": [2, 12, 0], "inflate": 0.25, "pivot": [8, 17, 0], "rotation": [0, -60, 0], "uv": [13, 76], "mirror": true},
						{"origin": [-10, 11, 2], "size": [2, 12, 0], "inflate": 0.25, "pivot": [-8, 17, 2], "rotation": [0, 60, 0], "uv": [13, 76]},
						{"origin": [8, 11, 2], "size": [2, 12, 0], "inflate": 0.25, "pivot": [8, 17, 2], "rotation": [0, -60, 0], "uv": [13, 76], "mirror": true},
						{"origin": [-10, 11, 4], "size": [2, 12, 0], "inflate": 0.25, "pivot": [-8, 17, 4], "rotation": [0, 60, 0], "uv": [13, 76]},
						{"origin": [8, 11, 4], "size": [2, 12, 0], "inflate": 0.25, "pivot": [8, 17, 4], "rotation": [0, -60, 0], "uv": [13, 76], "mirror": true},
						{"origin": [-8, 11, 6], "size": [0, 12, 2], "inflate": 0.25, "pivot": [-8, 17, 6], "rotation": [0, 30, 0], "uv": [13, 74]},
						{"origin": [8, 11, 6], "size": [0, 12, 2], "inflate": 0.25, "pivot": [8, 17, 6], "rotation": [0, -30, 0], "uv": [13, 74], "mirror": true},
						{"origin": [7, 11, -6], "size": [1, 12, 12], "inflate": 0.25, "uv": [0, 43]},
						{"origin": [-6, 11, 7], "size": [12, 12, 1], "inflate": 0.25, "uv": [54, 45]},
						{"origin": [-6, 11, 8], "size": [0, 12, 2], "inflate": 0.25, "pivot": [-6, 17, 8], "rotation": [0, 30, 0], "uv": [13, 74]},
						{"origin": [6, 11, 8], "size": [0, 12, 2], "inflate": 0.25, "pivot": [6, 17, 8], "rotation": [0, -30, 0], "uv": [13, 74], "mirror": true},
						{"origin": [-6, 11, -8], "size": [12, 12, 1], "inflate": 0.25, "uv": [43, 0]},
						{"origin": [4, 19, -7.6], "size": [4, 4, 0], "inflate": 0.25, "pivot": [7, 21, -8], "rotation": [0, -25, 0], "uv": [55, 60]},
						{"origin": [-2.5, 14, -9], "size": [5, 3, 1], "inflate": 0.25, "uv": [79, 59]}
					]
				},
				{
					"name": "arms",
					"parent": "primeape",
					"pivot": [0, 16.5, 0]
				},
				{
					"name": "right_arm",
					"parent": "arms",
					"pivot": [-8, 16.5, -0.5],
					"cubes": [
						{"origin": [-16, 15, -2], "size": [11, 3, 3], "inflate": 0.25, "uv": [57, 14]}
					]
				},
				{
					"name": "right_hand",
					"parent": "right_arm",
					"pivot": [-16, 15, -0.5],
					"cubes": [
						{"origin": [-16, 15, -2], "size": [3, 7, 3], "inflate": 0.25, "uv": [0, 0]},
						{"origin": [-17, 25, -1], "size": [5, 2, 2], "inflate": 0.25, "uv": [77, 69]},
						{"origin": [-16, 24, -1], "size": [3, 1, 2], "inflate": 0.25, "uv": [0, 36]},
						{"origin": [-16.64645, 23.64645, -1], "size": [1, 1.5, 2], "inflate": 0.25, "pivot": [-16.64645, 24.64645, -0.5], "rotation": [0, 0, -45], "uv": [37, 33]},
						{"origin": [-13.27029, 23.44544, -1], "size": [1, 1.5, 2], "inflate": 0.25, "pivot": [-12.06928, 24.64645, -0.5], "rotation": [0, 0, 45], "uv": [37, 29]},
						{"origin": [-12.5, 25, -1], "size": [1, 3, 1], "inflate": 0.25, "uv": [0, 43]},
						{"origin": [-17, 27, -1], "size": [5, 3, 2], "inflate": 0.25, "pivot": [-16, 27, 1], "rotation": [45, 0, 0], "uv": [74, 30]},
						{"origin": [-16.5, 22, -2.5], "size": [4, 2, 4], "inflate": 0.25, "uv": [62, 71]}
					]
				},
				{
					"name": "left_arm",
					"parent": "arms",
					"pivot": [8, 16.5, -0.5],
					"cubes": [
						{"origin": [5, 15, -2], "size": [11, 3, 3], "inflate": 0.25, "uv": [57, 14], "mirror": true}
					]
				},
				{
					"name": "left_hand",
					"parent": "left_arm",
					"pivot": [16, 15, -0.5],
					"cubes": [
						{"origin": [13, 15, -2], "size": [3, 7, 3], "inflate": 0.25, "uv": [0, 0], "mirror": true},
						{"origin": [12, 25, -1], "size": [5, 2, 2], "inflate": 0.25, "uv": [77, 69], "mirror": true},
						{"origin": [13, 24, -1], "size": [3, 1, 2], "inflate": 0.25, "uv": [0, 36], "mirror": true},
						{"origin": [15.64645, 23.64645, -1], "size": [1, 1.5, 2], "inflate": 0.25, "pivot": [16.64645, 24.64645, -0.5], "rotation": [0, 0, 45], "uv": [37, 33], "mirror": true},
						{"origin": [12.27029, 23.44544, -1], "size": [1, 1.5, 2], "inflate": 0.25, "pivot": [12.06928, 24.64645, -0.5], "rotation": [0, 0, -45], "uv": [37, 29], "mirror": true},
						{"origin": [11.5, 25, -1], "size": [1, 3, 1], "inflate": 0.25, "uv": [0, 43], "mirror": true},
						{"origin": [12, 27, -1], "size": [5, 3, 2], "inflate": 0.25, "pivot": [16, 27, 1], "rotation": [45, 0, 0], "uv": [74, 30], "mirror": true},
						{"origin": [12.5, 22, -2.5], "size": [4, 2, 4], "inflate": 0.25, "uv": [62, 71], "mirror": true}
					]
				},
				{
					"name": "legs",
					"parent": "primeape",
					"pivot": [0, 9, 0]
				},
				{
					"name": "right_leg",
					"parent": "legs",
					"pivot": [-4.5, 9, 0],
					"rotation": [0, 15, 0],
					"cubes": [
						{"origin": [-6.25882, 4, -2.03407], "size": [3, 6, 3], "inflate": 0.25, "pivot": [-0.25882, 9, 0.96593], "rotation": [-35, 0, 0], "uv": [0, 74]},
						{"origin": [-6.25882, 3.62497, -4.35941], "size": [3, 3, 3], "inflate": 0.25, "uv": [74, 36]},
						{"origin": [-6.25882, 0.62497, -4.35941], "size": [3, 1, 3], "inflate": 0.25, "uv": [76, 75]},
						{"origin": [-6.75882, 1.62497, -4.83407], "size": [4, 2, 4], "inflate": 0.25, "uv": [62, 71]},
						{"origin": [-6.25882, 0, -7.35941], "size": [3, 1, 6], "inflate": 0.25, "uv": [15, 43]},
						{"origin": [-6.25882, 0, -7.35941], "size": [3, 1, 5], "inflate": 0.25, "pivot": [-5.25882, 1, -7.35941], "rotation": [15, 0, 0], "uv": [45, 71]}
					]
				},
				{
					"name": "left_leg",
					"parent": "legs",
					"pivot": [4.5, 9, 0],
					"rotation": [0, -15, 0],
					"cubes": [
						{"origin": [3.25882, 4, -2.03407], "size": [3, 6, 3], "inflate": 0.25, "pivot": [0.25882, 9, 0.96593], "rotation": [-35, 0, 0], "uv": [0, 74], "mirror": true},
						{"origin": [3.25882, 3.62497, -4.35941], "size": [3, 3, 3], "inflate": 0.25, "uv": [74, 36], "mirror": true},
						{"origin": [3.25882, 0.62497, -4.35941], "size": [3, 1, 3], "inflate": 0.25, "uv": [76, 75], "mirror": true},
						{"origin": [2.75882, 1.62497, -4.83407], "size": [4, 2, 4], "inflate": 0.25, "uv": [62, 71], "mirror": true},
						{"origin": [3.25882, 0, -7.35941], "size": [3, 1, 6], "inflate": 0.25, "uv": [15, 43], "mirror": true},
						{"origin": [3.25882, 0, -7.35941], "size": [3, 1, 5], "inflate": 0.25, "pivot": [5.25882, 1, -7.35941], "rotation": [15, 0, 0], "uv": [45, 71], "mirror": true}
					]
				},
				{
					"name": "pokedex",
					"pivot": [0, 37, -12],
					"locators": {
						"pokedex": [0, 37, -12]
					}
				},
				{
					"name": "pokedex2",
					"pivot": [0, 28, -5],
					"locators": {
						"pokedex": [0, 28, -5]
					}
				}
			]
		}
	]
}