{
	"format_version": "1.12.0",
	"minecraft:geometry": [
		{
			"description": {
				"identifier": "geometry.serpmankey",
				"texture_width": 80,
				"texture_height": 80,
				"visible_bounds_width": 4,
				"visible_bounds_height": 3.5,
				"visible_bounds_offset": [0, 1.25, 0]
			},
			"bones": [
				{
					"name": "mankey",
					"pivot": [0, 0, 0]
				},
				{
				"name": "pokedex",
				"pivot": [0, 36, 0],
				"locators": {
		"pokedex": [0, 36, 0]
					}
				},
				{
					"name": "body",
					"parent": "mankey",
					"pivot": [0, 6, 0],
					"cubes": [
						{"origin": [-6, 6, -6], "size": [12, 12, 12], "uv": [0, 0]},
						{"origin": [-5, 17.5, -5], "size": [10, 1, 10], "uv": [31, 27]},
						{"origin": [-3.4, 18.5, -2], "size": [6.8, 3, 0], "pivot": [0, 18.5, -2], "rotation": [-55, 0, 0], "uv": [41, 61]},
						{"origin": [-7, 18.5, -2], "size": [4, 5, 0], "inflate": 0.01, "pivot": [-3, 18.5, -2], "rotation": [0, 0, -30], "uv": [37, 0]},
						{"origin": [3, 18.5, -2], "size": [4, 5, 0], "inflate": 0.01, "pivot": [3, 18.5, -2], "rotation": [0, 0, 30], "uv": [37, 0], "mirror": true},
						{"origin": [-5, 5.5, -5], "size": [10, 1, 10], "uv": [0, 25]},
						{"origin": [-9, 11, -5], "size": [4, 0, 10], "pivot": [-6.5, 11, 0], "rotation": [30, 25, -35], "uv": [37, 0]},
						{"origin": [5, 11, -5], "size": [4, 0, 10], "pivot": [6.5, 11, 0], "rotation": [30, -25, 35], "uv": [37, 0], "mirror": true},
						{"origin": [-6.5, 7, -5], "size": [1, 10, 10], "uv": [0, 37]},
						{"origin": [5.5, 7, -5], "size": [1, 10, 10], "uv": [23, 39]},
						{"origin": [-5, 7, -6.5], "size": [10, 10, 1], "uv": [49, 11]},
						{"origin": [-5, 4, -6.5], "size": [10, 3, 0], "pivot": [0, 7, -6.5], "rotation": [25, 0, 0], "uv": [49, 23]},
						{"origin": [-2, 10, -7.5], "size": [4, 3, 1], "uv": [54, 61]},
						{"origin": [-5, 7, 5.5], "size": [10, 10, 1], "uv": [46, 39]}
					]
				},
				{
					"name": "arms",
					"parent": "body",
					"pivot": [0, 13, 0]
				},
				{
					"name": "right_arm",
					"parent": "arms",
					"pivot": [-6.5, 11.5, -0.5],
					"cubes": [
						{"origin": [-11, 10, -2], "size": [7, 3, 3], "uv": [58, 51]}
					]
				},
				{
					"name": "right_hand",
					"parent": "right_arm",
					"pivot": [-11, 10, -2],
					"cubes": [
						{"origin": [-11, 10, -2], "size": [2, 9, 2], "pivot": [-11, 10, -1], "rotation": [0, 0, -10], "uv": [0, 0]},
						{"origin": [-12.56506, 18.14935, -3.94222], "size": [2, 1, 2], "pivot": [-11.00222, 19.01262, -1.94222], "rotation": [25, 0, -10], "uv": [37, 6]},
						{"origin": [-12.57902, 17.99218, -4.11685], "size": [1, 1, 2], "pivot": [-12.00099, 19.01283, -2.04347], "rotation": [25, 10, -10], "uv": [56, 0]},
						{"origin": [-11.59901, 18.16499, -4.08976], "size": [1, 1, 2], "pivot": [-11.02099, 19.18563, -2.01637], "rotation": [25, -10, -10], "uv": [46, 51]},
						{"origin": [-11.01966, 10.11148, -0.00643], "size": [2, 9, 1], "inflate": -0.01, "pivot": [-11.01966, 10.11148, 0.99357], "rotation": [6.5, 0, -10], "uv": [34, 60]},
						{"origin": [-12.5406, 11.2, 1], "size": [3, 3, 0], "pivot": [-11.01966, 13.11148, 0.99357], "rotation": [25, 0, -10], "uv": [0, 58]}
					]
				},
				{
					"name": "left_arm",
					"parent": "arms",
					"pivot": [6.5, 11.5, -0.5],
					"cubes": [
						{"origin": [4, 10, -2], "size": [7, 3, 3], "uv": [58, 51], "mirror": true}
					]
				},
				{
					"name": "left_hand",
					"parent": "left_arm",
					"pivot": [11, 10, -2],
					"cubes": [
						{"origin": [9, 10, -2], "size": [2, 9, 2], "pivot": [11, 10, -1], "rotation": [0, 0, 10], "uv": [0, 0], "mirror": true},
						{"origin": [10.56506, 18.14935, -3.94222], "size": [2, 1, 2], "pivot": [11.00222, 19.01262, -1.94222], "rotation": [25, 0, 10], "uv": [37, 6], "mirror": true},
						{"origin": [11.57902, 17.99218, -4.11685], "size": [1, 1, 2], "pivot": [12.00099, 19.01283, -2.04347], "rotation": [25, -10, 10], "uv": [56, 0], "mirror": true},
						{"origin": [10.59901, 18.16499, -4.08976], "size": [1, 1, 2], "pivot": [11.02099, 19.18563, -2.01637], "rotation": [25, 10, 10], "uv": [46, 51], "mirror": true},
						{"origin": [9.01966, 10.11148, -0.00643], "size": [2, 9, 1], "inflate": -0.01, "pivot": [11.01966, 10.11148, 0.99357], "rotation": [6.5, 0, 10], "uv": [34, 60], "mirror": true},
						{"origin": [9.5406, 11.2, 1], "size": [3, 3, 0], "pivot": [11.01966, 13.11148, 0.99357], "rotation": [25, 0, 10], "uv": [0, 58], "mirror": true}
					]
				},
				{
					"name": "tail",
					"parent": "body",
					"pivot": [0, 8, 6.5],
					"cubes": [
						{"origin": [-1, 7, 6], "size": [2, 2, 7], "uv": [0, 58]},
						{"origin": [-1, 7, 13], "size": [2, 2, 7], "pivot": [0, 7, 13], "rotation": [35, 0, 0], "uv": [56, 0]},
						{"origin": [-1, 11.01504, 18.73406], "size": [2, 2, 7], "pivot": [0, 11.01504, 18.73406], "rotation": [80, 0, 0], "uv": [46, 51]},
						{"origin": [-1, 17.90869, 17.9496], "size": [2, 6, 2], "pivot": [0, 17.90869, 19.9496], "rotation": [20, 0, 0], "uv": [0, 25]},
						{"origin": [-1, 21.66838, 14.28667], "size": [2, 2, 5], "pivot": [2, 15.66838, 19.28667], "rotation": [10, 0, 0], "uv": [19, 60]},
						{"origin": [-1, 17.6786, 12.97344], "size": [2, 5, 2], "uv": [31, 25]}
					]
				},
				{
					"name": "legs",
					"parent": "mankey",
					"pivot": [0, 7, 0]
				},
				{
					"name": "right_leg",
					"parent": "legs",
					"pivot": [-3.5, 6, 1],
					"rotation": [0, 25, 0],
					"cubes": [
						{"origin": [-4.5, 0.24574, -3.77762], "size": [2, 4, 2], "pivot": [-3, 4.24574, -3.27762], "rotation": [20, 0, 0], "uv": [0, 37]},
						{"origin": [-4, 0, -0.5], "size": [1, 1, 2], "uv": [36, 43]},
						{"origin": [-4.5, 0, -3.5], "size": [2, 1, 3], "uv": [12, 58]},
						{"origin": [-3.5, 0, -5.5], "size": [1, 1, 2], "pivot": [-3.5, 0, -3.5], "rotation": [0, -15, 0], "uv": [36, 39]},
						{"origin": [-4.5, 0, -5.5], "size": [1, 1, 2], "pivot": [-3.5, 0, -3.5], "rotation": [0, 15, 0], "uv": [26, 37]},
						{"origin": [-4.5, 0, -0.5], "size": [1, 1, 1], "pivot": [-4.5, 0, -0.5], "rotation": [0, 30, 0], "uv": [13, 40]},
						{"origin": [-3.40631, 0, -0.92262], "size": [1, 1, 1], "pivot": [-3.40631, 0, -0.92262], "rotation": [0, -30, 0], "uv": [13, 37]},
						{"origin": [-5, 5, -6], "size": [3, 3, 6], "pivot": [-3, 8, 0], "rotation": [30, 0, 0], "uv": [13, 37]}
					]
				},
				{
					"name": "left_leg",
					"parent": "legs",
					"pivot": [3.5, 6, 1],
					"rotation": [0, -25, 0],
					"cubes": [
						{"origin": [2.5, 0.24574, -3.77762], "size": [2, 4, 2], "pivot": [3, 4.24574, -3.27762], "rotation": [20, 0, 0], "uv": [0, 37], "mirror": true},
						{"origin": [3, 0, -0.5], "size": [1, 1, 2], "uv": [36, 43], "mirror": true},
						{"origin": [2.5, 0, -3.5], "size": [2, 1, 3], "uv": [12, 58], "mirror": true},
						{"origin": [2.5, 0, -5.5], "size": [1, 1, 2], "pivot": [3.5, 0, -3.5], "rotation": [0, 15, 0], "uv": [36, 39], "mirror": true},
						{"origin": [3.5, 0, -5.5], "size": [1, 1, 2], "pivot": [3.5, 0, -3.5], "rotation": [0, -15, 0], "uv": [26, 37], "mirror": true},
						{"origin": [3.5, 0, -0.5], "size": [1, 1, 1], "pivot": [4.5, 0, -0.5], "rotation": [0, -30, 0], "uv": [13, 40], "mirror": true},
						{"origin": [2.40631, 0, -0.92262], "size": [1, 1, 1], "pivot": [3.40631, 0, -0.92262], "rotation": [0, 30, 0], "uv": [13, 37], "mirror": true},
						{"origin": [2, 5, -6], "size": [3, 3, 6], "pivot": [3, 8, 0], "rotation": [30, 0, 0], "uv": [13, 37], "mirror": true}
					]
				}
			]
		},
		{
			"description": {
				"identifier": "geometry.serpmankey_aura",
				"texture_width": 80,
				"texture_height": 80,
				"visible_bounds_width": 5,
				"visible_bounds_height": 3.5,
				"visible_bounds_offset": [0, 1.25, 0]
			},
			"bones": [
				{
					"name": "mankey",
					"pivot": [0, 0, 0]
				},
				{
					"name": "body",
					"parent": "mankey",
					"pivot": [0, 6, 0],
					"cubes": [
						{"origin": [-6, 6, -6], "size": [12, 12, 12], "inflate": 0.25, "uv": [0, 0]},
						{"origin": [-5, 17.5, -5], "size": [10, 1, 12], "inflate": 0.25, "uv": [31, 27]},
						{"origin": [-3.4, 18.5, -2], "size": [6.8, 3, 12], "inflate": 0.25, "pivot": [0, 18.5, -2], "rotation": [-55, 0, 0], "uv": [41, 61]},
						{"origin": [-7, 18.5, -2], "size": [4, 5, 12], "inflate": 0.25, "pivot": [-3, 18.5, -2], "rotation": [0, 0, -30], "uv": [37, 0]},
						{"origin": [3, 18.5, -2], "size": [4, 5, 12], "inflate": 0.25, "pivot": [3, 18.5, -2], "rotation": [0, 0, 30], "uv": [37, 0], "mirror": true},
						{"origin": [-5, 5.5, -5], "size": [10, 1, 12], "inflate": 0.25, "uv": [0, 25]},
						{"origin": [-9, 11, -5], "size": [4, 0, 12], "inflate": 0.25, "pivot": [-6.5, 11, 0], "rotation": [30, 25, -35], "uv": [37, 0]},
						{"origin": [5, 11, -5], "size": [4, 0, 12], "inflate": 0.25, "pivot": [6.5, 11, 0], "rotation": [30, -25, 35], "uv": [37, 0], "mirror": true},
						{"origin": [-6.5, 7, -5], "size": [1, 10, 12], "inflate": 0.25, "uv": [0, 37]},
						{"origin": [5.5, 7, -5], "size": [1, 10, 12], "inflate": 0.25, "uv": [23, 39]},
						{"origin": [-5, 7, -6.5], "size": [10, 10, 12], "inflate": 0.25, "uv": [49, 11]},
						{"origin": [-5, 4, -6.5], "size": [10, 3, 12], "inflate": 0.25, "pivot": [0, 7, -6.5], "rotation": [25, 0, 0], "uv": [49, 23]},
						{"origin": [-2, 10, -7.5], "size": [4, 3, 12], "inflate": 0.25, "uv": [54, 61]},
						{"origin": [-5, 7, 5.5], "size": [10, 10, 12], "inflate": 0.25, "uv": [46, 39]}
					]
				},
				{
					"name": "arms",
					"parent": "body",
					"pivot": [0, 13, 0]
				},
				{
					"name": "right_arm",
					"parent": "arms",
					"pivot": [-6.5, 11.5, -0.5],
					"cubes": [
						{"origin": [-11, 10, -2], "size": [7, 3, 12], "inflate": 0.25, "uv": [58, 51]}
					]
				},
				{
					"name": "right_hand",
					"parent": "right_arm",
					"pivot": [-11, 10, -2],
					"cubes": [
						{"origin": [-11, 10, -2], "size": [2, 9, 12], "inflate": 0.25, "pivot": [-11, 10, -1], "rotation": [0, 0, -10], "uv": [0, 0]},
						{"origin": [-12.56506, 18.14935, -3.94222], "size": [2, 1, 12], "inflate": 0.25, "pivot": [-11.00222, 19.01262, -1.94222], "rotation": [25, 0, -10], "uv": [37, 6]},
						{"origin": [-12.57902, 17.99218, -4.11685], "size": [1, 1, 12], "inflate": 0.25, "pivot": [-12.00099, 19.01283, -2.04347], "rotation": [25, 10, -10], "uv": [56, 0]},
						{"origin": [-11.59901, 18.16499, -4.08976], "size": [1, 1, 12], "inflate": 0.25, "pivot": [-11.02099, 19.18563, -2.01637], "rotation": [25, -10, -10], "uv": [46, 51]},
						{"origin": [-11.01966, 10.11148, -0.00643], "size": [2, 9, 12], "inflate": 0.25, "pivot": [-11.01966, 10.11148, 0.99357], "rotation": [6.5, 0, -10], "uv": [34, 60]},
						{"origin": [-12.5406, 11.2, 1], "size": [3, 3, 12], "inflate": 0.25, "pivot": [-11.01966, 13.11148, 0.99357], "rotation": [25, 0, -10], "uv": [0, 58]}
					]
				},
				{
					"name": "left_arm",
					"parent": "arms",
					"pivot": [6.5, 11.5, -0.5],
					"cubes": [
						{"origin": [4, 10, -2], "size": [7, 3, 12], "inflate": 0.25, "uv": [58, 51], "mirror": true}
					]
				},
				{
					"name": "left_hand",
					"parent": "left_arm",
					"pivot": [11, 10, -2],
					"cubes": [
						{"origin": [9, 10, -2], "size": [2, 9, 12], "inflate": 0.25, "pivot": [11, 10, -1], "rotation": [0, 0, 10], "uv": [0, 0], "mirror": true},
						{"origin": [10.56506, 18.14935, -3.94222], "size": [2, 1, 12], "inflate": 0.25, "pivot": [11.00222, 19.01262, -1.94222], "rotation": [25, 0, 10], "uv": [37, 6], "mirror": true},
						{"origin": [11.57902, 17.99218, -4.11685], "size": [1, 1, 12], "inflate": 0.25, "pivot": [12.00099, 19.01283, -2.04347], "rotation": [25, -10, 10], "uv": [56, 0], "mirror": true},
						{"origin": [10.59901, 18.16499, -4.08976], "size": [1, 1, 12], "inflate": 0.25, "pivot": [11.02099, 19.18563, -2.01637], "rotation": [25, 10, 10], "uv": [46, 51], "mirror": true},
						{"origin": [9.01966, 10.11148, -0.00643], "size": [2, 9, 12], "inflate": 0.25, "pivot": [11.01966, 10.11148, 0.99357], "rotation": [6.5, 0, 10], "uv": [34, 60], "mirror": true},
						{"origin": [9.5406, 11.2, 1], "size": [3, 3, 12], "inflate": 0.25, "pivot": [11.01966, 13.11148, 0.99357], "rotation": [25, 0, 10], "uv": [0, 58], "mirror": true}
					]
				},
				{
					"name": "tail",
					"parent": "body",
					"pivot": [0, 8, 6.5],
					"cubes": [
						{"origin": [-1, 7, 6], "size": [2, 2, 12], "inflate": 0.25, "uv": [0, 58]},
						{"origin": [-1, 7, 13], "size": [2, 2, 12], "inflate": 0.25, "pivot": [0, 7, 13], "rotation": [35, 0, 0], "uv": [56, 0]},
						{"origin": [-1, 11.01504, 18.73406], "size": [2, 2, 12], "inflate": 0.25, "pivot": [0, 11.01504, 18.73406], "rotation": [80, 0, 0], "uv": [46, 51]},
						{"origin": [-1, 17.90869, 17.9496], "size": [2, 6, 12], "inflate": 0.25, "pivot": [0, 17.90869, 19.9496], "rotation": [20, 0, 0], "uv": [0, 25]},
						{"origin": [-1, 21.66838, 14.28667], "size": [2, 2, 12], "inflate": 0.25, "pivot": [2, 15.66838, 19.28667], "rotation": [10, 0, 0], "uv": [19, 60]},
						{"origin": [-1, 17.6786, 12.97344], "size": [2, 5, 12], "inflate": 0.25, "uv": [31, 25]}
					]
				},
				{
					"name": "legs",
					"parent": "mankey",
					"pivot": [0, 7, 0]
				},
				{
					"name": "right_leg",
					"parent": "legs",
					"pivot": [-3.5, 6, 1],
					"rotation": [0, 25, 0],
					"cubes": [
						{"origin": [-4.5, 0.24574, -3.77762], "size": [2, 4, 12], "inflate": 0.25, "pivot": [-3, 4.24574, -3.27762], "rotation": [20, 0, 0], "uv": [0, 37]},
						{"origin": [-4, 0, -0.5], "size": [1, 1, 12], "inflate": 0.25, "uv": [36, 43]},
						{"origin": [-4.5, 0, -3.5], "size": [2, 1, 12], "inflate": 0.25, "uv": [12, 58]},
						{"origin": [-3.5, 0, -5.5], "size": [1, 1, 12], "inflate": 0.25, "pivot": [-3.5, 0, -3.5], "rotation": [0, -15, 0], "uv": [36, 39]},
						{"origin": [-4.5, 0, -5.5], "size": [1, 1, 12], "inflate": 0.25, "pivot": [-3.5, 0, -3.5], "rotation": [0, 15, 0], "uv": [26, 37]},
						{"origin": [-4.5, 0, -0.5], "size": [1, 1, 12], "inflate": 0.25, "pivot": [-4.5, 0, -0.5], "rotation": [0, 30, 0], "uv": [13, 40]},
						{"origin": [-3.40631, 0, -0.92262], "size": [1, 1, 12], "inflate": 0.25, "pivot": [-3.40631, 0, -0.92262], "rotation": [0, -30, 0], "uv": [13, 37]},
						{"origin": [-5, 5, -6], "size": [3, 3, 12], "inflate": 0.25, "pivot": [-3, 8, 0], "rotation": [30, 0, 0], "uv": [13, 37]}
					]
				},
				{
					"name": "left_leg",
					"parent": "legs",
					"pivot": [3.5, 6, 1],
					"rotation": [0, -25, 0],
					"cubes": [
						{"origin": [2.5, 0.24574, -3.77762], "size": [2, 4, 12], "inflate": 0.25, "pivot": [3, 4.24574, -3.27762], "rotation": [20, 0, 0], "uv": [0, 37], "mirror": true},
						{"origin": [3, 0, -0.5], "size": [1, 1, 12], "inflate": 0.25, "uv": [36, 43], "mirror": true},
						{"origin": [2.5, 0, -3.5], "size": [2, 1, 12], "inflate": 0.25, "uv": [12, 58], "mirror": true},
						{"origin": [2.5, 0, -5.5], "size": [1, 1, 12], "inflate": 0.25, "pivot": [3.5, 0, -3.5], "rotation": [0, 15, 0], "uv": [36, 39], "mirror": true},
						{"origin": [3.5, 0, -5.5], "size": [1, 1, 12], "inflate": 0.25, "pivot": [3.5, 0, -3.5], "rotation": [0, -15, 0], "uv": [26, 37], "mirror": true},
						{"origin": [3.5, 0, -0.5], "size": [1, 1, 12], "inflate": 0.25, "pivot": [4.5, 0, -0.5], "rotation": [0, -30, 0], "uv": [13, 40], "mirror": true},
						{"origin": [2.40631, 0, -0.92262], "size": [1, 1, 12], "inflate": 0.25, "pivot": [3.40631, 0, -0.92262], "rotation": [0, 30, 0], "uv": [13, 37], "mirror": true},
						{"origin": [2, 5, -6], "size": [3, 3, 12], "inflate": 0.25, "pivot": [3, 8, 0], "rotation": [30, 0, 0], "uv": [13, 37], "mirror": true}
					]
				},
				{
					"name": "pokedex",
					"pivot": [0, 36, 0],
					"locators": {
						"pokedex": [0, 36, 0]
					}
				}
			]
		}
	]
}