{
	"format_version": "1.8.0",
	"animations": {
		"animation.pokestop.quiet": {
			"loop": true,
			"animation_length": 3,
			"bones": {
				"base": {
					"rotation": {
						"0.0": [0, 0, 0],
						"3.0": [0, -360, 0]
					}
				},
				"circle1": {
					"rotation": {
						"0.0": [0, 0, 0],
						"0.5": [0, 0, 135],
						"0.8": [0, 0, 135],
						"1.8": [0, 0, -180],
						"2.6": [0, 0, 0],
						"2.8": [0, 0, -45],
						"3.0": [0, 0, 0]
					}
				},
				"circle2": {
					"rotation": {
						"0.0": [0, 0, 0],
						"3.0": [0, 0, 360]
					}
				},
				"circle3": {
					"rotation": {
						"0.0": [0, 0, 0],
						"0.4": [0, 0, 0],
						"0.8": [0, -25, 0],
						"1.0": [0, 25, 0],
						"1.4": [0, -540, 0],
						"1.8": [0, -720, 0],
						"3.0": [0, -900, 0]
					}
				},
				"circles": {
					"position": {
						"0.0": [0, 0, 0],
						"0.5": [0, -1, 0],
						"1.0": [0, 0, 0],
						"1.5": [0, -1, 0],
						"2.0": [0, 0, 0],
						"2.5": [0, -1, 0],
						"3.0": [0, 0, 0]
					}
				}
			}
		},
		"animation.pokestop.activate": {
			"loop": "hold_on_last_frame",
			"animation_length": 1.5,
			"bones": {
				"pokestop": {
					"scale": {
						"0.8": [1, 1, 1],
						"0.9": [1, 1.1, 1],
						"1.2": [0, 0, 0]
					}
				},
				"circles": {
					"rotation": {
						"0.0": [0, 0, 0],
						"0.4": [0, -720, 0],
						"0.8": [0, -1080, 0],
						"1.2": [0, -1260, 0]
					}
				}
			},
			"sound_effects": {
				"0.0": {
					"effect": "open"
				}
			}
		}
	}
}