{
	"format_version": "1.8.0",
	"animations": {
		"animation.lab.spawn": {
			"animation_length": 0.30,
			"bones": {
				"up_part": {
					"rotation": {
						"0.0": [0, 0, 0],
						"0.04": [0, -32.5, 0],
						"0.30": [0, -182.5, 0]
					},
					"position": {
						"0.0": [0, -11, 0],
						"0.04": [0, -9, 0],
						"0.30": [0, 0, 0]
					}
				},
				"mid_part": {
					"scale": {
						"0.0": [1, 0, 1],
						"0.30": [1, 1, 1]
					}
				}
			}
		},
		"animation.lab.item": {
			"loop": true,
			"animation_length": 1.6,
			"bones": {
				"body": {
					"rotation": {
						"0.0": [0, 0, 0],
						"0.8": [0, 180, 0],
						"1.6": [0, 360, 0]
					},
					"position": {
						"0.0": [0, 2, 0],
						"0.8": [0, 0, 0],
						"1.6": [0, 2, 0]
					},
					"scale": [0.5, 0.5, 1]
				}
			}
		},
		"animation.lab.shake": {
			"loop": true,
			"animation_length": 0.24,
			"bones": {
				"fossil_machine": {
					"position": {
						"0.00": [-0.1, 0, 0],
						"0.04": [0.1, 0, 0],
						"0.08": [-0.1, 0, 0],
						"0.12": [0.1, 0, 0],
						"0.16": [-0.1, 0, 0],
						"0.20": [0.1, 0, 0],
						"0.24": [-0.1, 0, 0]
					}
				}
			},
			"sound_effects": {
				"0.0": {
					"effect": "shake"
				}
			}
		},
		"animation.lab.fail": {
			"loop": true,
			"animation_length": 5,
			"bones": {
				"fossil_machine": {
					"position": {
						"0": [0, 0, 0]
					}
				}
			},
			"sound_effects": {
				"0.1": {
					"effect": "fail"
				},
				"4.9": {
					"effect": "restore"
				}
			}
		}
	}
}