{
	"format_version": "1.8.0",
	"animations": {
		"animation.pokeball.spawn": {
			"loop": "hold_on_last_frame",
			"animation_length": 1,
			"sound_effects": {
				"0": {
					"effect": "spawn"
				}
			}
		},
		"animation.pokeball.free": {
			"loop": "hold_on_last_frame",
			"animation_length": 1,
			"sound_effects": {
				"0": {
					"effect": "free"
				}
			}
		},
		"animation.pokeball.catch": {
			"loop": "hold_on_last_frame",
			"animation_length": 0.4,
			"bones": {
				"body": {
					"rotation": {
						"0.0": [0, 0, 0],
						"0.4": [0, 360, 0]
					}
				}
			},
			"sound_effects": {
				"0": {
					"effect": "catch"
				}
			}
		},
		"animation.pokeball.direction": {
			"loop": true,
			"bones": {
				"body": {
					"rotation": ["query.vertical_speed * -7.0", "query.camera_rotation(1)", 0]
				}
			}
		},
		"animation.pokeball.capture": {
			"loop": "hold_on_last_frame",
			"animation_length": 6.2,
			"bones": {
				"body": {
					"rotation": {
						"0.0": [0, 0, 0],
						"0.7": [0, 0, 0],
						"1.0": [0, 0, 320],
						"1.2": [0, 0, 320],
						"1.5": [0, 0, 360]
					},
					"position": {
						"0.0": [0, 0, 0],
						"0.85": [0, 0, 0],
						"1.0": [0, 32, 0],
						"1.3": [0, 32, 0],
						"1.5": [0, 0, 0],
						"1.6": [0, 12, 0],
						"1.7": [0, 0, 0],
						"1.8": [0, 4, 0],
						"1.9": [0, 0, 0]
					}
				},
				"pokeball": {
					"rotation": {
						"0.0": [0, 0, 0],
						"2.5": [0, 0, 0],
						"2.57": [-20, 0, -10],
						"2.64": [20, 0, -10],
						"2.71": [20, 0, 10],
						"2.78": [-20, 0, 10],
						"2.85": [-10, 0, -5],
						"2.92": [10, 0, -5],
						"2.99": [10, 0, 5],
						"3.06": [-10, 0, 5],
						"3.13": [0, 0, 0],
						"3.4": [0, 0, 0],
						"3.47": [-7, 0, 7],
						"3.54": [7, 0, 5],
						"3.61": [7, 0, -7],
						"3.68": [-7, 0, -5],
						"3.75": [0, 0, 0],
						"4.3": [0, 0, 0],
						"4.4": [0, 0, -5],
						"4.5": [0, 0, 5],
						"4.6": [0, 0, -5],
						"4.7": [0, 0, 0]
					},
					"scale": {
						"6": [1, 1, 1],
						"6.1": [1.2, 1.2, 1.2],
						"6.2": [0, 0, 0]
					}
				},
				"top": {
					"rotation": {
						"0.0": [-130, 0, 0],
						"0.6": [-130, 0, 0],
						"0.7": [0, 0, 0]
					}
				}
			},
			"sound_effects": {
				"0.0": {
					"effect": "enter"
				},
				"0.7": {
					"effect": "ball_pop"
				},
				"1.5": {
					"effect": "pop"
				},
				"1.7": {
					"effect": "pop"
				},
				"1.9": {
					"effect": "pop"
				},
				"2.57": {
					"effect": "wiggle"
				},
				"3.47": {
					"effect": "wiggle"
				},
				"4.4": {
					"effect": "wiggle"
				}
			},
			"particle_effects": {
				"0.0": {
					"effect": "capturing"
				},
				"0.8": {
					"effect": "ball_pop"
				}
			}
		}
	}
}