{
	"format_version": "1.8.0",
	"animations": {
		"animation.slot.pull": {
			"loop": "hold_on_last_frame",
			"animation_length": 2.5,
			"bones": {
				"1": {
					"rotation": {
						"0.3": [0, 0, 0],
						"1.5": [1440, 0, 0],
						"2.5": [1800, 0, 0]
					}
				},
				"2": {
					"rotation": {
						"0.3": [0, 0, 0],
						"1.7": [1080, 0, 0],
						"2.5": [1440, 0, 0]
					}
				},
				"3": {
					"rotation": {
						"0.3": [0, 0, 0],
						"1.9": [720, 0, 0],
						"2.5": [1080, 0, 0]
					}
				},
				"lever": {
					"rotation": {
						"0.0": [0, 0, 0],
						"0.2": [-10, 0, 0],
						"0.3": [75, 0, 0],
						"0.4": [60, 0, 0],
						"2.2": [60, 0, 0],
						"2.4": [-15, 0, 0],
						"2.5": [0, 0, 0]
					}
				}
			},
			"sound_effects": {
				"0.4": {
					"effect": "clap"
				},
				"0.6": {
					"effect": "clap"
				},
				"0.8": {
					"effect": "clap"
				},
				"1.0": {
					"effect": "clap"
				},
				"1.2": {
					"effect": "clap"
				},
				"1.4": {
					"effect": "clap"
				},
				"1.6": {
					"effect": "clap"
				},
				"1.8": {
					"effect": "clap"
				},
				"2.0": {
					"effect": "clap"
				},
				"2.2": {
					"effect": "clap"
				},
				"2.4": {
					"effect": "clap"
				}
			}
		}
	}
}