{
  "format_version":"1.10.0",
  "minecraft:client_entity":{
    "description":{
      "identifier":"serp:rotomarket",
      "materials":{"default":"entity_emissive_alpha"},
    "textures":{            
"default":"textures/entity/market/default",
"potions":"textures/entity/market/potions",
"pokeballs":"textures/entity/market/pokeballs",
"stuff":"textures/entity/market/stuff",
"suits":"textures/entity/market/suits"
      },
    "geometry":{"default":"geometry.serppc"},
      "animations":{
    "spawn":"animation.pc.spawn",
    "quiet":"animation.pc.quiet",
    "walk":"animation.pc.walk",
    "say":"animation.pc.say",
    "pokedex_controller":"controller.animation.pokedex",
    "say_controller":"controller.animation.rotomarket_dialog",
    "look_at_player":"animation.common.look_at_target" 
      },
      "scripts":{
        "animate":["say_controller","pokedex_controller","look_at_player","spawn","quiet",{"walk":"query.modified_move_speed"}]
      },
    "sound_effects":{
      "say":"serp.market.say"
      },
    "render_controllers":[ "controller.render.pc" ]
    }
  }
}