{
  "format_version":"1.10.0",
  "minecraft:client_entity":{
    "description":{
      "identifier":"serp:store",
      "materials":{"default":"entity_alphatest"},
      "textures":{
        "default":"textures/entity/npc/store"
      },
      "geometry":{
        "default":"geometry.serp_store"
      },
      "scripts":{
        "scale":"0.9375",
        "animate":["humanoid_base_pose","move","bob","look_at_target"]
      },
      "animations":{
        "humanoid_base_pose":"animation.humanoid.base_pose",
        "move":"animation.humanoid.move",
        "bob":"animation.humanoid.bob",
        "look_at_target":"animation.common.look_at_target"
      },
      "spawn_egg":{"texture":"pokeitems","texture_index":15},
      "render_controllers":["controller.render.default"]
    }
  }
}