{
  "format_version":"1.10.0",
  "minecraft:client_entity":{
    "description":{
      "identifier":"serp:trainer",
      "materials":{"default":"entity_alphatest"},
      "textures":{
    "empty":"empty",
    "trainer1":"textures/entity/npc/youngster",
    "trainer2":"textures/entity/npc/girl",
    "trainer3":"textures/entity/npc/ace_male",
    "trainer4":"textures/entity/npc/ace_female",
    "trainer5":"textures/entity/npc/school_kid_male",
    "trainer6":"textures/entity/npc/school_kid_female",
    "trainer7":"textures/entity/npc/camper",
    "trainer8":"textures/entity/npc/picnicker",
    "trainer9":"textures/entity/npc/sailor",
    "trainer10":"textures/entity/npc/bug_catcher",
    "trainer11":"textures/entity/npc/11",
    "trainer12":"textures/entity/npc/12",
    "trainer13":"textures/entity/npc/13",
    "trainer14":"textures/entity/npc/14",
    "trainer15":"textures/entity/npc/15",
    "trainer16":"textures/entity/npc/16",
    "trainer17":"textures/entity/npc/17",
    "trainer18":"textures/entity/npc/18",
    "trainer19":"textures/entity/npc/19",
    "trainer20":"textures/entity/npc/20",
    "trainer21":"textures/entity/npc/21",
    "trainer22":"textures/entity/npc/22",
    "trainer23":"textures/entity/npc/23",
    "trainer24":"textures/entity/npc/24",
    "trainer25":"textures/entity/npc/25",
    "trainer26":"textures/entity/npc/26",
    "trainer27":"textures/entity/npc/27",
    "trainer28":"textures/entity/npc/28",
    "trainer29":"textures/entity/npc/29",
    "trainer30":"textures/entity/npc/30",
    "leader1":"textures/entity/npc/0",
    "leader2":"textures/entity/npc/0",
    "leader3":"textures/entity/npc/0",
    "leader4":"textures/entity/npc/0",
    "leader5":"textures/entity/npc/0",
    "leader6":"textures/entity/npc/0",
    "leader7":"textures/entity/npc/7",
    "leader8":"textures/entity/npc/8",
    "leader9":"textures/entity/npc/9",
    "leader10":"textures/entity/npc/10",
    "leader11":"textures/entity/npc/11",
    "leader12":"textures/entity/npc/12",
    "leader13":"textures/entity/npc/13",
    "leader14":"textures/entity/npc/14",
    "leader15":"textures/entity/npc/15",
    "leader16":"textures/entity/npc/16",
    "leader17":"textures/entity/npc/17",
    "leader18":"textures/entity/npc/18",
    "rocket1":"textures/entity/npc/rocket1",
    "rocket2":"textures/entity/npc/rocket2",
    "nrocket1":"textures/entity/npc/neo_rocket1",
    "nrocket2":"textures/entity/npc/neo_rocket2",
    "aqua1":"textures/entity/npc/aqua1",
    "aqua2":"textures/entity/npc/aqua2",
    "magma1":"textures/entity/npc/magma1",
    "magma2":"textures/entity/npc/magma2"
      },
      "geometry":{
    "empty":"geometry.empty",
    "trainer":"geometry.serpnpc_youngster",
    "leader":"geometry.serpnpc_youngster",
    "youngster":"geometry.serpnpc_youngster",
    "ace_male":"geometry.serpnpc_ace_male",
    "picnicker":"geometry.serpnpc_picnicker",
    "sailor":"geometry.serpnpc_sailor",
    "school_kid_male":"geometry.serpnpc_school_kid_male",
    "bug_catcher":"geometry.serpnpc_bug_catcher",
    "rocket_male":"geometry.serprocket_male",
    "rocket_female":"geometry.serprocket_male"
      },
      "animations":{
    "root":"controller.animation.npc_root",
    "battling":"controller.animation.npc_battle",
    "quiet":"animation.rocket.quiet",
    "walk":"animation.rocket.walk",
    "pre":"animation.npc.pre",
    "battle":"animation.npc.battle",
    "lose":"animation.npc.lose",
    "end":"animation.npc.end",
    "finish":"animation.npc.finish",
    "look_at_target":"animation.common.look_at_target",
    "humanoid_base_pose":"animation.humanoid.base_pose",
    "move":"animation.humanoid.move",
    "bob":"animation.humanoid.bob"
      },
      "scripts":{
    "scale":"0.9375",
    "pre_animation":["variable.tcos0=(Math.cos(query.modified_distance_moved*38.17)*query.modified_move_speed/variable.gliding_speed_value)*57.3;"],
    "animate":["root","look_at_target"]
      },
      "spawn_egg":{"texture":"serpnpc","texture_index":2},
      "render_controllers":["controller.render.trainers"]
    }
  }
}