{
  "format_version":"1.16.100",
  "minecraft:item":{
    "description":{
      "identifier":"serp:ash_boots",
      "category":"Equipment"
    },
    "components":{
	  "minecraft:display_name":{
        "value":"item.serp:ash_boots.name"
      },
	  "minecraft:creative_category":{
	    "parent":"itemGroup.name.boots"
	  },
      "minecraft:max_stack_size":1,
      "minecraft:enchantable":{
        "value":10,"slot":"armor_feet"
      },
      "minecraft:durability":{
        "max_durability":196,
        "damage_chance":{
          "min":60,"max":100
        }
      },
      "minecraft:armor":{
        "protection":2
      },
      "minecraft:wearable":{
        "slot":"slot.armor.feet"
      },
      "minecraft:knockback_resistance":{
        "protection":3
      },
	  "minecraft:icon":{
		"texture":"ash_boots"
	  },
	  "minecraft:render_offsets":"boots"
    }
  }
}