{
  "format_version":"1.16.100",
  "minecraft:item":{
    "description":{
      "identifier":"serp:ash_chestplate",
      "category":"Equipment"
    },
    "components":{
	  "minecraft:display_name":{
        "value":"item.serp:ash_chestplate.name"
      },
	  "minecraft:creative_category":{
	    "parent":"itemGroup.name.chestplate"
	  },
      "minecraft:max_stack_size":1,
      "minecraft:enchantable":{
        "value":10,
        "slot":"armor_torso"
      },
      "minecraft:durability":{
        "max_durability":241,
        "damage_chance":{
          "min":60,"max":100
        }
      },
      "minecraft:armor":{
        "protection":6
      },
      "minecraft:wearable":{
        "slot":"slot.armor.chest"
      },
      "minecraft:knockback_resistance":{
        "protection":3
      },
	  "minecraft:icon":{
		"texture":"ash_chestplate"
	  },
	"minecraft:render_offsets":"chestplates"
    }
  }
}