{
  "format_version":"1.10.0",
  "minecraft:client_entity":{
    "description":{
      "identifier":"pokemon:p80",
      "materials":{"default":"entity_emissive_alpha","aura":"charged_creeper"},
      "textures":{
    "hp":"textures/ui/hp",
    "max_aura":"textures/entity/aura/max",
    "totem_aura":"textures/entity/aura/totem",
    "default":"textures/entity/normal/slowpoke/slowbro",
    "default_s":"textures/entity/shiny/slowpoke/slowbro",
    "mega1":"textures/entity/normal/slowpoke/slowbro_mega",
    "mega_s1":"textures/entity/shiny/slowpoke/slowbro_mega",
    "max":"textures/entity/normal/slowpoke/slowbro",
    "max_s":"textures/entity/shiny/slowpoke/slowbro"
      },
      "geometry":{
    "hp":"geometry.health_bar",
    "aura":"geometry.serpslowbro_aura",
    "default":"geometry.serpslowbro",
    "mega1":"geometry.serpslowbro_mega",
    "max":"geometry.serpslowbro"
      },
      "animations":{
    "health_bar":"animation.slowbro.health_bar",
    "health_bar_mega":"animation.slowbro.health_bar_mega",
    "eyes_controller":"controller.animation.eyes",
    "open":"animation.serpmob.open",
    "close":"animation.serpmob.close",
    "angry":"animation.serpmob.angry",
    "fainted":"animation.serpmob.fainted",
    "quiet":"animation.slowbro.quiet",
    "walk":"animation.slowbro.walk",
    "sit":"animation.slowbro.sitting",
    "attack":"animation.slowbro.attack",
    "jump":"animation.slowbro.jump",
    "swimming":"animation.slowbro.swimming",
    "sink":"animation.slowbro.sink",
    "look_at_target":"animation.common.look_at_target",
    "direction":"animation.slowbro.direction",
    "main_controller":"controller.animation.pokemon_swim",
    "effects_controller":"controller.animation.effects"
      },
      "particle_effects":{
    "shiny":"serp:shiny"
      },
      "scripts":{
        "scale":"1.25",
        "animate":["effects_controller","main_controller",{"health_bar_mega":"query.variant==2"}]
      },
      "render_controllers":[{"controller.render.slowbro":"query.property('serp:v')>=0&&query.property('serp:v')<=2"},{"controller.render.slowbros":"query.property('serp:v')>=3&&query.property('serp:v')<=5"},{"controller.render.max":"query.variant==4"},{"controller.render.totem":"query.variant==6"},"controller.render.hp"]
    }
  }
}