{
  "format_version":"1.16.0",
  "minecraft:entity":{
    "description":{
      "identifier":"serp:joy",
      "is_spawnable":true,
      "is_summonable":true,
      "is_experimental":false
    },
    "components":{
      "minecraft:type_family":{"family":["serp_npc"]},
      "minecraft:interact":{
        "interactions":[
{"on_interact":{"filters":{"test":"has_equipment","subject":"other","domain":"hand","value":"minecraft:bedrock"},"event":"serp:despawn","target":"self"},"interact_text":"structure_block.save","swing":true},
{"on_interact":{"filters":{"test":"has_component","operator":"!=","value":"minecraft:is_saddled"},"event":"serp:dialogs","target":"self"},"interact_text":"action.interact.talk"}
        ]
      },
      "minecraft:breathable":{"total_supply":15,"suffocate_time":0},
      "minecraft:collision_box":{"width":0.6,"height":1.98},
      "minecraft:health":{"value":10000},
      "minecraft:damage_sensor":{"triggers":[{"cause":"all","deals_damage":false}]},
      "minecraft:navigation.walk":{"can_path_over_water":true},
      "minecraft:movement":{"value":0.3},
      "minecraft:movement.basic":{},
      "minecraft:can_climb":{"value":false},
      "minecraft:behavior.random_stroll":{"priority":6,"speed_multiplier":0.7},
      "minecraft:behavior.float":{"priority":0},
	    "minecraft:behavior.move_towards_restriction":{"priority":7},
      "minecraft:behavior.look_at_player":{"priority":2,"target_distance":20,"probability":1},
	    "minecraft:physics":{},
      "minecraft:pushable":{"is_pushable":false,"is_pushable_by_piston":true}
    },
    "component_groups":{
    "serp:dialog":{"minecraft:is_saddled":{},"minecraft:timer":{"time":5,"randomInterval":false,"looping":false,"time_down_event":{"event":"serp:reset"}}},
    "serp:despawn":{"minecraft:instant_despawn":{}}
    },
    "events":{
"serp:despawn":{"add":{"component_groups":["serp:despawn"]}},
"serp:dialogs":{"add":{"component_groups":["serp:dialog"]},"run_command":{"command":["function dialogues/joy_dialogues"]}},
"serp:reset":{"remove":{"component_groups":["serp:dialog"]}}
    }
  }
}