{
  "format_version":"1.16.0",
  "minecraft:entity":{
    "description":{
      "identifier":"serp:trainer",
      "is_spawnable":true,
      "is_summonable":true,
      "is_experimental":false
    },
    "component_groups":{
		"serp:youngster":{"minecraft:type_family":{"family":["serp_npc","trainer"]},"minecraft:variant":{"value":1},"minecraft:scale":{"value":0.75}},
		"serp:girl":{"minecraft:type_family":{"family":["serp_npc","trainer"]},"minecraft:variant":{"value":2},"minecraft:scale":{"value":0.85}},
		"serp:ace_male":{"minecraft:type_family":{"family":["serp_npc","trainer"]},"minecraft:variant":{"value":3},"minecraft:scale":{"value":1}},
		"serp:ace_female":{"minecraft:type_family":{"family":["serp_npc","trainer"]},"minecraft:variant":{"value":4},"minecraft:scale":{"value":1}},
		"serp:school_kid_male":{"minecraft:type_family":{"family":["serp_npc","trainer"]},"minecraft:variant":{"value":5},"minecraft:scale":{"value":0.75}},
		"serp:school_kid_female":{"minecraft:type_family":{"family":["serp_npc","trainer"]},"minecraft:variant":{"value":6},"minecraft:scale":{"value":0.75}},
    "serp:camper":{"minecraft:type_family":{"family":["serp_npc","trainer"]},"minecraft:variant":{"value":7},"minecraft:scale":{"value":0.75}},
		"serp:picnicker":{"minecraft:type_family":{"family":["serp_npc","trainer"]},"minecraft:variant":{"value":8},"minecraft:scale":{"value":0.75}},
		"serp:sailor":{"minecraft:type_family":{"family":["serp_npc","trainer"]},"minecraft:variant":{"value":9},"minecraft:scale":{"value":1}},
		"serp:bug_catcher":{"minecraft:type_family":{"family":["serp_npc","trainer"]},"minecraft:variant":{"value":10},"minecraft:scale":{"value":0.75}},
		"serp:rocket1":{"minecraft:type_family":{"family":["serp_npc","enemy"]},"minecraft:variant":{"value":49},"minecraft:scale":{"value":1}},
		"serp:rocket2":{"minecraft:type_family":{"family":["serp_npc","enemy"]},"minecraft:variant":{"value":50},"minecraft:scale":{"value":1}},
		"serp:nrocket1":{"minecraft:type_family":{"family":["serp_npc","enemy"]},"minecraft:variant":{"value":51},"minecraft:scale":{"value":1}},
		"serp:nrocket2":{"minecraft:type_family":{"family":["serp_npc","enemy"]},"minecraft:variant":{"value":52},"minecraft:scale":{"value":1}},
    "serp:enemy_trades":{
    "minecraft:economy_trade_table":{"display_name":"entity.serp:rocket_male.name","table":"trading/economy_trades/rocket_trades.json","new_screen":true},
    "minecraft:behavior.trade_with_player":{"priority":1},
    "minecraft:behavior.trade_interest":{"priority":3,"within_radius":6,"interest_time":45,"remove_item_time":1,"carried_item_switch_time":2,"cooldown":2},
    "minecraft:behavior.look_at_trading_player":{"priority":4}
    },
    "serp:battle_basics":{
    "minecraft:is_saddled":{},
    "minecraft:movement":{"value":0},
    "minecraft:damage_sensor":{"triggers":[{"cause":"all","deals_damage":false}]},
"minecraft:despawn":{
    "despawn_from_distance":{}}},
    "serp:pre_battle":{"minecraft:skin_id":{"value":1},"minecraft:timer":{"time":4,"randomInterval":false,"looping":false,"time_down_event":{"event":"serp:battle"}}},
    "serp:battle":{"minecraft:skin_id":{"value":2}},
    "serp:lose_battle":{"minecraft:skin_id":{"value":3},"minecraft:timer":{"time":2,"randomInterval":false,"looping":false,"time_down_event":{"event":"serp:round"}}},
    "serp:end_battle":{"minecraft:skin_id":{"value":4},"minecraft:timer":{"time":3,"randomInterval":false,"looping":false,"time_down_event":{"event":"serp:finish"}}},
    "serp:finish":{"minecraft:skin_id":{"value":5},"minecraft:transformation":{"into":"serp:despawn","delay":3}},
    "serp:surrender":{"minecraft:skin_id":{"value":1},"minecraft:transformation":{"into":"serp:despawn","delay":3}},
    "serp:run":{"minecraft:transformation":{"into":"serp:despawn"}}
    },
    "components":{
    "minecraft:skin_id":{"value":0},
    "minecraft:timer":{"time":300,"randomInterval":false,"looping":true,"time_down_event":{"event":"serp:run"}},
    "minecraft:damage_sensor":{"triggers":[{"on_damage":{"filters":{"test":"has_damage","value":"fatal"}},"deals_damage":false}]},
    "minecraft:interact":{
"interactions":[
{"on_interact":{"filters":{"test":"is_skin_id","value":4},"event":"serp:finish"},"add_items":{"table":"loot_tables/entities/battle_win.json"},
"interact_text":"dayOneExperience.finish",
"swing":true}
        ]
      },
    "minecraft:scheduler":{
      "min_delay_secs":0,"max_delay_secs":0,
      "scheduled_events":[
{"filters":{"all_of":[{"test":"distance_to_nearest_player","operator":">","value":16},{"test":"is_skin_id","value":2}]},"event":"serp:surrender"}
      ]
    },
    "minecraft:breathable":{"total_supply":15,"suffocate_time":0},
    "minecraft:despawn":{"despawn_from_distance":{}},
    "minecraft:health":{"value":1},
    "minecraft:hurt_on_condition":{"damage_conditions":[{"filters":{"test":"in_lava"},"cause":"lava","damage_per_tick":4}]},
    "minecraft:collision_box":{"width":0.6,"height":1.9},
    "minecraft:movement":{"value":0.3},
    "minecraft:navigation.walk":{
      "can_path_over_water":true,
      "can_pass_doors":true,
      "can_open_doors":true,
      "avoid_water":true},
    "minecraft:movement.basic":{},
    "minecraft:jump.static":{},
    "minecraft:can_climb":{},
    "minecraft:behavior.float":{"priority":0},
      "minecraft:behavior.move_towards_restriction":{"priority":7,"speed_multiplier":0.6},
    "minecraft:behavior.random_stroll":{
        "priority":6},
    "minecraft:behavior.look_at_player":{
"priority":1,"look_distance":8,
"probability":0.1
      },
      "minecraft:physics":{},
      "minecraft:knockback_resistance":{"value":10},
      "minecraft:pushable":{"is_pushable":true}
    },
    "events":{
      "minecraft:entity_spawned":{},
"serp:trainer1":{"add":{"component_groups":["serp:youngster"]},"run_command":{"command":["scoreboard players set @s TrainerID 1","scoreboard players set @s exp -250"]}},
"serp:trainer3":{"add":{"component_groups":["serp:ace_male"]},"run_command":{"command":["scoreboard players set @s TrainerID 3","scoreboard players set @s exp 750"]}},
"serp:trainer5":{"add":{"component_groups":["serp:school_kid_male"]},"run_command":{"command":["scoreboard players set @s TrainerID 4","scoreboard players set @s exp 250"]}},
"serp:trainer8":{"add":{"component_groups":["serp:picnicker"]},"run_command":{"command":["scoreboard players set @s TrainerID 5","scoreboard players set @s exp 0"]}},
"serp:trainer9":{"add":{"component_groups":["serp:sailor"]},"run_command":{"command":["scoreboard players set @s TrainerID 6","scoreboard players set @s exp 250"]}},
"serp:trainer10":{"add":{"component_groups":["serp:bug_catcher"]},"run_command":{"command":["scoreboard players set @s TrainerID 7","scoreboard players set @s exp 0"]}},
"serp:trainer49":{"add":{"component_groups":["serp:rocket1","serp:enemy_trades"]},"run_command":{"command":["scoreboard players set @s TrainerID 50","scoreboard players set @s exp 350"]}},
"serp:trainer50":{"add":{"component_groups":["serp:rocket2","serp:enemy_trades"]},"run_command":{"command":["scoreboard players set @s TrainerID 50","scoreboard players set @s exp 350"]}},
"serp:trainer51":{"add":{"component_groups":["serp:nrocket1","serp:enemy_trades"]},"run_command":{"command":["scoreboard players set @s TrainerID 50","scoreboard players set @s exp 350"]}},
"serp:trainer52":{"add":{"component_groups":["serp:nrocket2","serp:enemy_trades"]},"run_command":{"command":["scoreboard players set @s TrainerID 50","scoreboard players set @s exp 350"]}},
"serp:run":{"add":{"component_groups":["serp:run"]}},
"serp:pre_battle":{"add":{"component_groups":["serp:pre_battle","serp:battle_basics"]},"remove":{"component_groups":["serp:npc_basics"]},"run_command":{"command":["tag @s add pre","function dialogues/trainer_dialogues","scoreboard players random @s VICN 1 100","scoreboard players operation @p VICN = @s VICN","execute as @s[family=trainer] run playsound serp.trainer_battle_start @p","execute as @s[family=enemy] run playsound serp.enemy_battle_start @p"]}},
"serp:battle":{"add":{"component_groups":["serp:battle"]},"run_command":{"command":["tag @s add battle","tag @s add summoning","function dialogues/trainer_dialogues","function battle/trainer_battle"]}},
"serp:lose_battle":{"add":{"component_groups":["serp:lose_battle"]},"remove":{"component_groups":["serp:battle"]},"run_command":{"command":["tag @s add lose","function dialogues/trainer_dialogues"]}},
"serp:round":{
  "sequence":[
{"remove":{"component_groups":["serp:lose_battle"]}},
{"filters":{"all_of":[{"test":"has_tag","operator":"!=","value":"round6"},{"any_of":[{"test":"is_variant","value":1},{"test":"is_variant","value":5},{"test":"is_variant","value":6},{"test":"is_variant","value":7},{"test":"is_variant","value":8},{"test":"is_variant","value":10}]}]},"randomize":[{"weight":50,"trigger":"serp:battle"},{"weight":50,"trigger":"serp:end_battle"}]},
{"filters":{"all_of":[{"test":"has_tag","operator":"!=","value":"round6"},{"any_of":[{"test":"is_variant","value":2},{"test":"is_variant","value":49},{"test":"is_variant","value":50},{"test":"is_variant","value":51},{"test":"is_variant","value":52}]}]},"randomize":[{"weight":60,"trigger":"serp:battle"},{"weight":40,"trigger":"serp:end_battle"}]},
{"filters":{"all_of":[{"test":"has_tag","operator":"!=","value":"round6"},{"any_of":[{"test":"is_variant","value":3},{"test":"is_variant","value":4},{"test":"is_variant","value":9}]}]},"randomize":[{"weight":70,"trigger":"serp:battle"},{"weight":30,"trigger":"serp:end_battle"}]},
{"filters":{"all_of":[{"test":"has_tag","operator":"!=","value":"round6"},{"all_of":[{"test":"is_variant","operator":">=","value":31},{"test":"is_variant","operator":"<=","value":48}]}]},"trigger":"serp:battle"},
{"filters":{"test":"has_tag","value":"round6"},"trigger":"serp:end_battle"}
  ]},
"serp:end_battle":{"add":{"component_groups":["serp:end_battle"]},"remove":{"component_groups":["serp:lose_battle"]},"run_command":{"command":["tag @s add end","function dialogues/trainer_dialogues"]}},
"serp:surrender":{"add":{"component_groups":["serp:surrender"]},"remove":{"component_groups":["serp:lose_battle"]},"run_command":{"command":["tag @s add surrender","function dialogues/trainer_dialogues"]}},
"serp:finish":{"add":{"component_groups":["serp:finish"]},"remove":{"component_groups":["serp:end_battle"]},"run_command":{"command":["tag @s add finish","function dialogues/trainer_dialogues"]}}
    }
  }
}