{
  "format_version":"1.10.0",
  "minecraft:client_entity":{
    "description":{
      "identifier":"pokemon:p267",
      "materials":{"default":"entity_emissive_alpha","aura":"charged_creeper"},
      "textures":{
    "hp":"textures/ui/hp",
    "max_aura":"textures/entity/aura/max",
    "totem_aura":"textures/entity/aura/totem",
    "default":"textures/entity/normal/wurmple/beautifly",
    "default_s":"textures/entity/shiny/wurmple/beautifly",
    "max":"textures/entity/normal/wurmple/beautifly",
    "max_s":"textures/entity/shiny/wurmple/beautifly"
      },
      "geometry":{
    "hp":"geometry.health_bar",
    "aura":"geometry.serpbeautifly_aura",
    "default":"geometry.serpbeautifly",
    "max":"geometry.serpbeautifly"
      },
      "animations":{
    "health_bar":"animation.beautifly.health_bar",
    "eyes_controller":"controller.animation.eyes",
    "open":"animation.serpmob.open",
    "close":"animation.serpmob.close",
    "angry":"animation.serpmob.angry",
    "fainted":"animation.serpmob.fainted",
    "quiet":"animation.beautifly.quiet",
    "walk":"animation.beautifly.walk",
    "sit":"animation.beautifly.sitting",
    "attack":"animation.beautifly.attack",
    "look_at_target":"animation.common.look_at_target",
    "direction":"animation.beautifly.direction",
    "main_controller":"controller.animation.pokemon_fly",
    "effects_controller":"controller.animation.effects"
      },
      "particle_effects":{
    "shiny":"serp:shiny"
      },
      "scripts":{
        "scale":"1.2",
        "animate":["effects_controller","main_controller"]
      },
      "render_controllers":[{"controller.render.pokemon":"query.property('serp:v')>=0&&query.property('serp:v')<=2"},{"controller.render.pokemons":"query.property('serp:v')>=3&&query.property('serp:v')<=5"},{"controller.render.max":"query.variant==4"},{"controller.render.totem":"query.variant==6"},"controller.render.hp"]
    }
  }
}