{
	"format_version": "1.8.0",
	"animations": {
		"animation.mightyena.quiet": {
			"loop": true,
			"animation_length": 1.2,
			"bones": {
				"head": {
					"position": {
						"0.0": [0, 0, 0],
						"0.7": [0, -1, 0],
						"1.2": [0, 0, 0]
					}
				},
				"body": {
					"rotation": {
						"0.0": [0, 0, 0],
						"0.7": [5, 0, 0],
						"1.2": [0, 0, 0]
					}
				},
				"tail": {
					"rotation": {
						"0.0": [15, 35, -25],
						"0.5": [55, 25, -5],
						"1.2": [15, 35, -25]
					},
					"position": {
						"0.0": [2, 0, 0],
						"0.5": [0, 0, 0],
						"1.2": [2, 0, 0]
					}
				},
				"right_front_leg": {
					"rotation": {
						"0.0": [0, 0, 0],
						"0.6": [0, 0, -5],
						"1.2": [0, 0, 0]
					},
					"position": {
						"0.0": [0, 0, 0],
						"0.6": [-0.5, 0, 0],
						"1.2": [0, 0, 0]
					}
				},
				"left_front_leg": {
					"rotation": {
						"0.0": [0, 0, 0],
						"0.6": [0, 0, 5],
						"1.2": [0, 0, 0]
					},
					"position": {
						"0.0": [0, 0, 0],
						"0.6": [0.5, 0, 0],
						"1.2": [0, 0, 0]
					}
				}
			}
		},
		"animation.mightyena.walk": {
			"loop": true,
			"animation_length": 0.6,
			"bones": {
				"mightyena": {
					"rotation": {
						"0.0": [-5, 0, 0],
						"0.3": [10, 0, 0],
						"0.6": [-5, 0, 0]
					},
					"position": {
						"0.0": [0, 0, 0],
						"0.3": [0, 1, 0],
						"0.6": [0, 0, 0]
					}
				},
				"head": {
					"position": {
						"0.0": [0, 0, 0],
						"0.2": [0, -2, -1],
						"0.6": [0, 0, 0]
					}
				},
				"tail": {
					"rotation": {
						"0.0": [-20, 0, 0],
						"0.4": [20, 0, 0],
						"0.6": [-20, 0, 0]
					}
				},
				"front_legs": {
					"rotation": {
						"0.0": [-45, 0, 0],
						"0.2": [30, 0, 0],
						"0.6": [-45, 0, 0]
					}
				},
				"back_legs": {
					"rotation": {
						"0.0": [35, 0, 0],
						"0.4": [-35, 0, 0],
						"0.6": [35, 0, 0]
					}
				}
			}
		},
		"animation.mightyena.sitting": {
			"loop": true,
			"bones": {
				"head": {
					"position": [0, 1, 9]
				},
				"body": {
					"rotation": [-45, 0, 0],
					"position": [0, -2, 0]
				},
				"tail": {
					"rotation": [40, 0, 85],
					"position": [0, -2, 0]
				},
				"back_legs": {
					"rotation": [0, 0, 0],
					"position": [0, -3.5, -0.5],
					"scale": [1, 0.7, 1]
				},
				"back_right_leg": {
					"rotation": [0, 0, 10]
				},
				"back_left_leg": {
					"rotation": [0, 0, -10]
				},
				"front_legs": {
					"position": [0, -1, 3],
					"scale": [1, 0.9, 1]
				}
			}
		},
		"animation.mightyena.jump": {
			"loop": true,
			"bones": {
				"head": {
					"position": [0, 2, 3]
				},
				"body": {
					"rotation": [-15, 0, 0]
				},
				"tail": {
					"rotation": [-25, 0, 0],
					"position": [0, -1, 1]
				},
				"front_legs": {
					"rotation": [-65, 0, 0]
				},
				"back_legs": {
					"rotation": [40, 0, 0],
					"position": [0, -1, 0]
				}
			}
		},
		"animation.mightyena.attack": {
			"loop": true,
			"bones": {
				"head": {
					"position": [0, 4, 5]
				},
				"body": {
					"rotation": [-30, 0, 0],
					"position": [0, 2, -1]
				},
				"tail": {
					"rotation": [15, 55, -25],
					"position": [2, -2, 0]
				},
				"front_legs": {
					"rotation": [-45, 0, 0],
					"position": [0, 4, 1]
				},
				"right_front_leg": {
					"rotation": [-35, 0, 0]
				},
				"left_front_leg": {
					"rotation": [25, 0, 0]
				}
			}
		},
		"animation.mightyena.swimming": {
			"loop": true,
			"animation_length": 0.6,
			"bones": {
				"mightyena": {
					"position": {
						"0.0": [0, 0, 0],
						"0.3": [0, 1, 0],
						"0.6": [0, 0, 0]
					}
				},
				"head": {
					"position": [0, 3, 9]
				},
				"body": {
					"rotation": [-45, 0, 0]
				},
				"tail": {
					"rotation": {
						"0.0": [0, 0, -20],
						"0.3": [0, 0, 20],
						"0.6": [0, 0, -20]
					},
					"position": [0, -1, 0]
				},
				"front_legs": {
					"rotation": {
						"0.0": [-45, 0, 0],
						"0.2": [-15, 0, 0],
						"0.6": [-45, 0, 0]
					},
					"position": [0, 2, 3]
				},
				"back_legs": {
					"rotation": {
						"0.0": [0, 0, 0],
						"0.4": [-30, 0, 0],
						"0.6": [0, 0, 0]
					},
					"position": [0, -4, 0]
				}
			}
		},
        "animation.mightyena.health_bar":{
            "loop":true,
            "bones":{
                "health_hover":{
    "rotation":["q.camera_rotation(0)","q.camera_rotation(1)-q.body_y_rotation",0],
	"position": [0,35,0],
    "scale":"query.is_in_ui?0:1.5"
                },
				"bar_green": {
					"scale": ["query.health/query.max_health*1", 1, 1]
				},
				"bar_black": {
					"scale": ["(1)+(query.health/query.max_health*-1)", 1, 1]
				}
			}
        }
	}
}