{
	"format_version": "1.8.0",
	"animations": {
		"animation.poochyena.quiet": {
			"loop": true,
			"animation_length": 1.2,
			"bones": {
				"head": {
					"position": {
						"0.0": [0, 0, 0],
						"0.7": [0, -1, 0],
						"1.2": [0, 0, 0]
					}
				},
				"body": {
					"rotation": {
						"0.0": [0, 0, 0],
						"0.7": [5, 0, 0],
						"1.2": [0, 0, 0]
					}
				},
				"tail": {
					"rotation": {
						"0.0": [15, 35, -25],
						"0.5": [55, 25, -5],
						"1.2": [15, 35, -25]
					},
					"position": {
						"0.0": [2, 0, 0],
						"0.5": [0, 0, 0],
						"1.2": [2, 0, 0]
					}
				},
				"right_front_leg": {
					"rotation": {
						"0.0": [0, 0, 0],
						"0.6": [0, 0, -5],
						"1.2": [0, 0, 0]
					},
					"position": {
						"0.0": [0, 0, 0],
						"0.6": [-0.5, 0, 0],
						"1.2": [0, 0, 0]
					}
				},
				"left_front_leg": {
					"rotation": {
						"0.0": [0, 0, 0],
						"0.6": [0, 0, 5],
						"1.2": [0, 0, 0]
					},
					"position": {
						"0.0": [0, 0, 0],
						"0.6": [0.5, 0, 0],
						"1.2": [0, 0, 0]
					}
				}
			}
		},
		"animation.poochyena.walk": {
			"loop": true,
			"animation_length": 0.6,
			"bones": {
				"poochyena": {
					"rotation": {
						"0.0": [-5, 0, 0],
						"0.3": [10, 0, 0],
						"0.6": [-5, 0, 0]
					},
					"position": {
						"0.0": [0, 0, 0],
						"0.3": [0, 1, 0],
						"0.6": [0, 0, 0]
					}
				},
				"head": {
					"position": {
						"0.0": [0, 0, 0],
						"0.2": [0, -2, 0],
						"0.6": [0, 0, 0]
					}
				},
				"tail": {
					"rotation": {
						"0.0": [35, 0, 0],
						"0.4": [75, 0, 0],
						"0.6": [35, 0, 0]
					}
				},
				"front_legs": {
					"rotation": {
						"0.0": [-45, 0, 0],
						"0.2": [30, 0, 0],
						"0.6": [-45, 0, 0]
					}
				},
				"back_legs": {
					"rotation": {
						"0.0": [35, 0, 0],
						"0.4": [-35, 0, 0],
						"0.6": [35, 0, 0]
					}
				}
			}
		},
		"animation.poochyena.sitting": {
			"loop": true,
			"bones": {
				"head": {
					"position": [0, 1, 2]
				},
				"body": {
					"rotation": [-45, 0, 0],
					"position": [0, -2, 0]
				},
				"tail": {
					"rotation": [99.73561, 30, 35.26439],
					"position": [0, -2, 0]
				},
				"back_legs": {
					"rotation": [-90, 0, 0],
					"position": [0, -4.5, 0.5]
				},
				"back_right_leg": {
					"rotation": [0, 0, 10]
				},
				"back_left_leg": {
					"rotation": [0, 0, -10]
				}
			}
		},
		"animation.poochyena.jump": {
			"loop": true,
			"bones": {
				"head": {
					"position": [0, 1, 0]
				},
				"body": {
					"rotation": [-15, 0, 0]
				},
				"tail": {
					"rotation": [80, 0, 0],
					"position": [0, -1, 1]
				},
				"front_legs": {
					"rotation": [-65, 0, 0]
				},
				"back_legs": {
					"rotation": [40, 0, 0],
					"position": [0, -1, 0]
				}
			}
		},
		"animation.poochyena.attack": {
			"loop": true,
			"bones": {
				"head": {
					"position": [0, -3, -1]
				},
				"body": {
					"rotation": [15, 0, 0]
				},
				"tail": {
					"rotation": [15, 55, -25],
					"position": [2, -2, 0]
				},
				"front_legs": {
					"rotation": [-45, 0, 0],
					"position": [0, -1, 0]
				}
			}
		},
		"animation.poochyena.swimming": {
			"loop": true,
			"animation_length": 0.6,
			"bones": {
				"poochyena": {
					"position": {
						"0.0": [0, 0, 0],
						"0.3": [0, 1, 0],
						"0.6": [0, 0, 0]
					}
				},
				"head": {
					"position": [0, 2, 2]
				},
				"body": {
					"rotation": [-45, 0, 0]
				},
				"tail": {
					"rotation": {
						"0.0": [0, 0, -20],
						"0.3": [0, 0, 20],
						"0.6": [0, 0, -20]
					},
					"position": [0, -1, 0]
				},
				"front_legs": {
					"rotation": {
						"0.0": [-45, 0, 0],
						"0.2": [-15, 0, 0],
						"0.6": [-45, 0, 0]
					},
					"position": [0, 2, 0]
				},
				"back_legs": {
					"rotation": {
						"0.0": [0, 0, 0],
						"0.4": [-30, 0, 0],
						"0.6": [0, 0, 0]
					},
					"position": [0, -3, -2]
				}
			}
		},
        "animation.poochyena.health_bar":{
            "loop":true,
            "bones":{
                "health_hover":{
    "rotation":["q.camera_rotation(0)","q.camera_rotation(1)-q.body_y_rotation",0],
	"position": [0,25,0],
    "scale":"query.is_in_ui?0:1.5"
                },
				"bar_green": {
					"scale": ["query.health/query.max_health*1", 1, 1]
				},
				"bar_black": {
					"scale": ["(1)+(query.health/query.max_health*-1)", 1, 1]
				}
			}
        }
	}
}