{
	"format_version":"1.13.0",
	"minecraft:feature_rules":{
		"description":{
	"identifier":"pokecity_feature_rule",
	"places_feature":"houses_feature"
	},
		"conditions":{
			"placement_pass":"surface_pass",
      "minecraft:biome_filter":[
    {"any_of":[
{"test":"has_biome_tag","value":"overworld"}
          ]
        }
      ]
		},
    "distribution":{
      "iterations":"Math.random(3,6)",
      "scatter_chance":2,
      "x":{
    "distribution":"uniform","extent":[0,64]
      },
      "y":"query.heightmap(variable.worldx, variable.worldz)",
      "z":{
    "distribution":"uniform","extent":[0,64]
      }
    }
  }
}