{
	"format_version": "1.12.0",
	"minecraft:geometry": [
		{
			"description": {
				"identifier": "geometry.serparbok",
				"texture_width": 96,
				"texture_height": 96,
				"visible_bounds_width": 8,
				"visible_bounds_height": 8,
				"visible_bounds_offset": [0, 0, 0]
			},
			"bones": [
				{
					"name": "arbok",
					"pivot": [0, -1, 0]
				},
				{
					"name": "head",
					"parent": "arbok",
					"pivot": [0, 40, 10],
					"cubes": [
						{"origin": [-4, 40, -7], "size": [8, 4, 19], "uv": [0, 0]},
						{"origin": [-3, 38, -7], "size": [6, 2, 1], "uv": [0, 83]},
						{"origin": [-3, 43, -6], "size": [6, 2, 17], "uv": [0, 24]},
						{"origin": [-3, 40, 12], "size": [6, 3, 1], "uv": [0, 29]},
						{"origin": [-3, 40, -8], "size": [6, 3, 1], "uv": [0, 24]},
						{"origin": [-3, 43, -8], "size": [6, 2.83, 1], "pivot": [0, 43, -8], "rotation": [-45, 0, 0], "uv": [0, 34]},
						{"origin": [-4.42, 40, -8], "size": [1.42, 3, 1], "pivot": [-3, 41, -8], "rotation": [0, 45, 0], "uv": [14, 6]},
						{"origin": [3, 40, -8], "size": [1.42, 3, 1], "pivot": [3, 41, -8], "rotation": [0, -45, 0], "uv": [14, 6], "mirror": true}
					]
				},
				{
					"name": "open_eyes",
					"parent": "head",
					"pivot": [0, 40, 10],
					"cubes": [
						{"origin": [-4.5, 42, -6.5], "size": [0, 2, 3], "pivot": [-4.5, 43, -3.5], "rotation": [0, -9, 0], "uv": [0, 83]},
						{"origin": [4.5, 42, -6.5], "size": [0, 2, 3], "pivot": [4.5, 43, -3.5], "rotation": [0, 9, 0], "uv": [0, 83], "mirror": true}
					]
				},
				{
					"name": "closed_eyes",
					"parent": "head",
					"pivot": [0, 40, 10],
					"cubes": [
						{"origin": [4.5, 42, -6.5], "size": [0, 2, 3], "pivot": [4.5, 43, -3.5], "rotation": [0, 9, 0], "uv": [0, 85], "mirror": true},
						{"origin": [-4.5, 42, -6.5], "size": [0, 2, 3], "pivot": [-4.5, 43, -3.5], "rotation": [0, -9, 0], "uv": [0, 85]}
					]
				},
				{
					"name": "angry_eyes",
					"parent": "head",
					"pivot": [0, 40, 10],
					"cubes": [
						{"origin": [-4.5, 42, -6.5], "size": [0, 2, 3], "pivot": [-4.5, 43, -3.5], "rotation": [0, -9, 0], "uv": [0, 87]},
						{"origin": [4.5, 42, -6.5], "size": [0, 2, 3], "pivot": [4.5, 43, -3.5], "rotation": [0, 9, 0], "uv": [0, 87], "mirror": true}
					]
				},
				{
					"name": "mouth",
					"parent": "head",
					"pivot": [0, 41, 2],
					"cubes": [
						{"origin": [-3, 40, -5], "size": [6, 1, 8], "pivot": [0, 40, 3], "rotation": [25, 0, 0], "uv": [30, 24]}
					]
				},
				{
					"name": "body_root",
					"parent": "arbok",
					"pivot": [0, 40, 10]
				},
				{
					"name": "body1",
					"parent": "body_root",
					"pivot": [0, 40, 10],
					"cubes": [
						{"origin": [-3, 40, 7], "size": [6, 1, 6], "uv": [48, 65]},
						{"origin": [-3, 19, 7], "size": [6, 1, 6], "uv": [48, 65]},
						{"origin": [-4, 20, 6], "size": [8, 20, 8], "uv": [39, 36]},
						{"origin": [-13.52628, 21.5, 6], "size": [10, 17, 1], "uv": [25, 65]},
						{"origin": [3.52628, 21.5, 6], "size": [10, 17, 1], "uv": [25, 65], "mirror": true},
						{"origin": [-4, 29, 6], "size": [2, 11, 1], "pivot": [-4, 40, 9], "rotation": [0, 0, 60], "uv": [7, 6]},
						{"origin": [2, 29, 6], "size": [2, 11, 1], "pivot": [4, 40, 9], "rotation": [0, 0, -60], "uv": [7, 6], "mirror": true},
						{"origin": [-4, 20, 6], "size": [2, 11, 1], "pivot": [-4, 20, 6], "rotation": [0, 0, -60], "uv": [0, 6]},
						{"origin": [2, 20, 6], "size": [2, 11, 1], "pivot": [4, 20, 6], "rotation": [0, 0, 60], "uv": [0, 6], "mirror": true},
						{"origin": [-10, 22, 5.9], "size": [20, 15, 0], "uv": [55, 2]}
					]
				},
				{
					"name": "body2",
					"parent": "body1",
					"pivot": [0, 20, 10],
					"cubes": [
						{"origin": [-4, 8, 6], "size": [8, 12, 8], "uv": [0, 44]},
						{"origin": [-3, 20, 7], "size": [6, 1, 6], "uv": [67, 67]},
						{"origin": [-3, 7, 7], "size": [6, 1, 6], "uv": [67, 59]}
					]
				},
				{
					"name": "body3",
					"parent": "body2",
					"pivot": [0, 8.0518, 10],
					"cubes": [
						{"origin": [-4, -4, 6], "size": [8, 12, 8], "uv": [0, 44]},
						{"origin": [-3, 8, 7], "size": [6, 1, 6], "uv": [48, 65]},
						{"origin": [-3, -5, 7], "size": [6, 1, 6], "uv": [48, 65]}
					]
				},
				{
					"name": "body4",
					"parent": "body3",
					"pivot": [0, -4, 10],
					"cubes": [
						{"origin": [-4, -16, 6], "size": [8, 12, 8], "uv": [0, 44]},
						{"origin": [-3, -4, 7], "size": [6, 1, 6], "uv": [48, 65]},
						{"origin": [-3, -17, 7], "size": [6, 1, 6], "uv": [48, 65]}
					]
				},
				{
					"name": "body5",
					"parent": "body4",
					"pivot": [0, -16, 10],
					"cubes": [
						{"origin": [-3.5, -28, 6.5], "size": [7, 12, 7], "uv": [64, 20]},
						{"origin": [-2.5, -16, 7.5], "size": [5, 1, 5], "uv": [72, 40]},
						{"origin": [-2.5, -29, 7.5], "size": [5, 1, 5], "uv": [72, 40]}
					]
				},
				{
					"name": "body6",
					"parent": "body5",
					"pivot": [0, -28, 10],
					"cubes": [
						{"origin": [-3, -40, 7], "size": [6, 12, 6], "uv": [0, 65]},
						{"origin": [-2, -28, 8], "size": [4, 1, 4], "uv": [0, 0]}
					]
				}
			]
		},
		{
			"description": {
				"identifier": "geometry.serparbok_aura",
				"texture_width": 96,
				"texture_height": 96,
				"visible_bounds_width": 8,
				"visible_bounds_height": 8,
				"visible_bounds_offset": [0, 0, 0]
			},
			"bones": [
				{
					"name": "arbok",
					"pivot": [0, -1, 0]
				},
				{
					"name": "head",
					"parent": "arbok",
					"pivot": [0, 40, 10],
					"cubes": [
						{"origin": [-4, 40, -7], "size": [8, 4, 19], "inflate": 0.25, "uv": [0, 0]},
						{"origin": [-3, 38, -7], "size": [6, 2, 1], "inflate": 0.25, "uv": [0, 83]},
						{"origin": [-3, 43, -6], "size": [6, 2, 17], "inflate": 0.25, "uv": [0, 24]},
						{"origin": [-3, 40, 12], "size": [6, 3, 1], "inflate": 0.25, "uv": [0, 29]},
						{"origin": [-3, 40, -8], "size": [6, 3, 1], "inflate": 0.25, "uv": [0, 24]},
						{"origin": [-3, 43, -8], "size": [6, 2.83, 1], "inflate": 0.25, "pivot": [0, 43, -8], "rotation": [-45, 0, 0], "uv": [0, 34]},
						{"origin": [-4.42, 40, -8], "size": [1.42, 3, 1], "inflate": 0.25, "pivot": [-3, 41, -8], "rotation": [0, 45, 0], "uv": [14, 6]},
						{"origin": [3, 40, -8], "size": [1.42, 3, 1], "inflate": 0.25, "pivot": [3, 41, -8], "rotation": [0, -45, 0], "uv": [14, 6], "mirror": true}
					]
				},
				{
					"name": "open_eyes",
					"parent": "head",
					"pivot": [0, 40, 10],
					"cubes": [
						{"origin": [-4.5, 42, -6.5], "size": [0, 2, 3], "inflate": 0.25, "pivot": [-4.5, 43, -3.5], "rotation": [0, -9, 0], "uv": [0, 83]},
						{"origin": [4.5, 42, -6.5], "size": [0, 2, 3], "inflate": 0.25, "pivot": [4.5, 43, -3.5], "rotation": [0, 9, 0], "uv": [0, 83], "mirror": true}
					]
				},
				{
					"name": "closed_eyes",
					"parent": "head",
					"pivot": [0, 40, 10],
					"cubes": [
						{"origin": [4.5, 42, -6.5], "size": [0, 2, 3], "inflate": 0.25, "pivot": [4.5, 43, -3.5], "rotation": [0, 9, 0], "uv": [0, 85], "mirror": true},
						{"origin": [-4.5, 42, -6.5], "size": [0, 2, 3], "inflate": 0.25, "pivot": [-4.5, 43, -3.5], "rotation": [0, -9, 0], "uv": [0, 85]}
					]
				},
				{
					"name": "angry_eyes",
					"parent": "head",
					"pivot": [0, 40, 10],
					"cubes": [
						{"origin": [-4.5, 42, -6.5], "size": [0, 2, 3], "inflate": 0.25, "pivot": [-4.5, 43, -3.5], "rotation": [0, -9, 0], "uv": [0, 87]},
						{"origin": [4.5, 42, -6.5], "size": [0, 2, 3], "inflate": 0.25, "pivot": [4.5, 43, -3.5], "rotation": [0, 9, 0], "uv": [0, 87], "mirror": true}
					]
				},
				{
					"name": "mouth",
					"parent": "head",
					"pivot": [0, 41, 2],
					"cubes": [
						{"origin": [-3, 40, -5], "size": [6, 1, 8], "inflate": 0.25, "pivot": [0, 40, 3], "rotation": [25, 0, 0], "uv": [30, 24]}
					]
				},
				{
					"name": "body_root",
					"parent": "arbok",
					"pivot": [0, 40, 10]
				},
				{
					"name": "body1",
					"parent": "body_root",
					"pivot": [0, 40, 10],
					"cubes": [
						{"origin": [-3, 40, 7], "size": [6, 1, 6], "inflate": 0.25, "uv": [48, 65]},
						{"origin": [-3, 19, 7], "size": [6, 1, 6], "inflate": 0.25, "uv": [48, 65]},
						{"origin": [-4, 20, 6], "size": [8, 20, 8], "inflate": 0.25, "uv": [39, 36]},
						{"origin": [-13.52628, 21.5, 6], "size": [10, 17, 1], "inflate": 0.25, "uv": [25, 65]},
						{"origin": [3.52628, 21.5, 6], "size": [10, 17, 1], "inflate": 0.25, "uv": [25, 65], "mirror": true},
						{"origin": [-4, 29, 6], "size": [2, 11, 1], "inflate": 0.25, "pivot": [-4, 40, 9], "rotation": [0, 0, 60], "uv": [7, 6]},
						{"origin": [2, 29, 6], "size": [2, 11, 1], "inflate": 0.25, "pivot": [4, 40, 9], "rotation": [0, 0, -60], "uv": [7, 6], "mirror": true},
						{"origin": [-4, 20, 6], "size": [2, 11, 1], "inflate": 0.25, "pivot": [-4, 20, 6], "rotation": [0, 0, -60], "uv": [0, 6]},
						{"origin": [2, 20, 6], "size": [2, 11, 1], "inflate": 0.25, "pivot": [4, 20, 6], "rotation": [0, 0, 60], "uv": [0, 6], "mirror": true},
						{"origin": [-10, 22, 5.9], "size": [20, 15, 0], "inflate": 0.25, "uv": [55, 2]}
					]
				},
				{
					"name": "body2",
					"parent": "body1",
					"pivot": [0, 20, 10],
					"cubes": [
						{"origin": [-4, 8, 6], "size": [8, 12, 8], "inflate": 0.25, "uv": [0, 44]},
						{"origin": [-3, 20, 7], "size": [6, 1, 6], "inflate": 0.25, "uv": [67, 67]},
						{"origin": [-3, 7, 7], "size": [6, 1, 6], "inflate": 0.25, "uv": [67, 59]}
					]
				},
				{
					"name": "body3",
					"parent": "body2",
					"pivot": [0, 8.0518, 10],
					"cubes": [
						{"origin": [-4, -4, 6], "size": [8, 12, 8], "inflate": 0.25, "uv": [0, 44]},
						{"origin": [-3, 8, 7], "size": [6, 1, 6], "inflate": 0.25, "uv": [48, 65]},
						{"origin": [-3, -5, 7], "size": [6, 1, 6], "inflate": 0.25, "uv": [48, 65]}
					]
				},
				{
					"name": "body4",
					"parent": "body3",
					"pivot": [0, -4, 10],
					"cubes": [
						{"origin": [-4, -16, 6], "size": [8, 12, 8], "inflate": 0.25, "uv": [0, 44]},
						{"origin": [-3, -4, 7], "size": [6, 1, 6], "inflate": 0.25, "uv": [48, 65]},
						{"origin": [-3, -17, 7], "size": [6, 1, 6], "inflate": 0.25, "uv": [48, 65]}
					]
				},
				{
					"name": "body5",
					"parent": "body4",
					"pivot": [0, -16, 10],
					"cubes": [
						{"origin": [-3.5, -28, 6.5], "size": [7, 12, 7], "inflate": 0.25, "uv": [64, 20]},
						{"origin": [-2.5, -16, 7.5], "size": [5, 1, 5], "inflate": 0.25, "uv": [72, 40]},
						{"origin": [-2.5, -29, 7.5], "size": [5, 1, 5], "inflate": 0.25, "uv": [72, 40]}
					]
				},
				{
					"name": "body6",
					"parent": "body5",
					"pivot": [0, -28, 10],
					"cubes": [
						{"origin": [-3, -40, 7], "size": [6, 12, 6], "inflate": 0.25, "uv": [0, 65]},
						{"origin": [-2, -28, 8], "size": [4, 1, 4], "inflate": 0.25, "uv": [0, 0]}
					]
				}
			]
		}
	]
}