{
	"format_version": "1.12.0",
	"minecraft:geometry": [
		{
			"description": {
				"identifier": "geometry.serptaillow",
				"texture_width": 48,
				"texture_height": 48,
				"visible_bounds_width": 3,
				"visible_bounds_height": 3,
				"visible_bounds_offset": [0, 0.5, 0]
			},
			"bones": [
				{
					"name": "taillow",
					"pivot": [0, 0, 0]
				},
				{
					"name": "head",
					"parent": "taillow",
					"pivot": [0, 8, -2],
					"cubes": [
						{"origin": [-1.5, 7.5, -5], "size": [3, 2.5, 1], "uv": [26, 34]},
						{"origin": [-1.5, 7, -1], "size": [3, 3, 1], "uv": [40, 31]},
						{"origin": [-2.83, 7.5, -6.5], "size": [2.83, 1, 2.83], "pivot": [0, 8, -6.5], "rotation": [0, 45, 0], "uv": [39, 25]},
						{"origin": [-2.25, 7, -4], "size": [1, 3, 3], "uv": [8, 34]},
						{"origin": [1.25, 7, -4], "size": [1, 3, 3], "uv": [8, 34], "mirror": true},
						{"origin": [-1.5, 10, -4], "size": [3, 1, 3], "uv": [35, 16]},
						{"origin": [-2, 7, -4.5], "size": [4, 3.5, 4], "uv": [22, 17]},
						{"origin": [-1, 9.79289, -4.79289], "size": [2, 1, 0], "pivot": [2, 9.79289, -3.79289], "rotation": [-45, 0, 0], "uv": [42, 29]}
					]
				},
				{
					"name": "open_eyes",
					"parent": "head",
					"pivot": [0, 8, -2],
					"cubes": [
						{"origin": [-2, 8.5, -5.1], "size": [4, 2, 0], "uv": [0, 37]}
					]
				},
				{
					"name": "closed_eyes",
					"parent": "head",
					"pivot": [0, 8, -2],
					"cubes": [
						{"origin": [-2, 8.5, -5.1], "size": [4, 2, 0], "uv": [0, 39]}
					]
				},
				{
					"name": "angry_eyes",
					"parent": "head",
					"pivot": [0, 8, -2],
					"cubes": [
						{"origin": [-2, 8.5, -5.1], "size": [4, 2, 0], "uv": [0, 41]}
					]
				},
				{
					"name": "body",
					"parent": "taillow",
					"pivot": [0, 1, 1],
					"rotation": [-15, 0, 0],
					"cubes": [
						{"origin": [-2.5, 1, -5], "size": [5, 5, 5], "uv": [0, 17]},
						{"origin": [-2, 1, 0], "size": [4, 5, 3], "uv": [24, 7]},
						{"origin": [-2, 1.5, -5.5], "size": [4, 4, 1], "uv": [31, 0]},
						{"origin": [-3, 1.5, -4.5], "size": [1, 4, 4], "uv": [0, 28]},
						{"origin": [2, 1.5, -4.5], "size": [1, 4, 4], "uv": [0, 28], "mirror": true},
						{"origin": [-3, 1.5, -0.5], "size": [1, 4, 3.5], "pivot": [-3, 3, -0.5], "rotation": [0, 16.5, 0], "uv": [0, 7]},
						{"origin": [2, 1.5, -0.5], "size": [1, 4, 3.5], "pivot": [3, 3, -0.5], "rotation": [0, -16.5, 0], "uv": [0, 7], "mirror": true},
						{"origin": [-3.5, 3.5, 3], "size": [7, 0, 8], "pivot": [0, 3.5, 3], "rotation": [25, 0, 0], "uv": [1, 8]}
					]
				},
				{
					"name": "flying_wings",
					"parent": "body",
					"pivot": [0, 5.5, -2]
				},
				{
					"name": "flying_wing_right",
					"parent": "flying_wings",
					"pivot": [-3, 5.5, -2],
					"cubes": [
						{"origin": [-15, 5.5, -4.5], "size": [12, 0, 6], "inflate": 0.02, "uv": [0, 0]}
					]
				},
				{
					"name": "flying_wing_left",
					"parent": "flying_wings",
					"pivot": [3, 5.5, -2],
					"cubes": [
						{"origin": [3, 5.5, -4.5], "size": [12, 0, 6], "inflate": 0.02, "uv": [0, 0], "mirror": true}
					]
				},
				{
					"name": "quiet_wings",
					"parent": "body",
					"pivot": [0, 6, -5]
				},
				{
					"name": "right_wing_quiet",
					"parent": "quiet_wings",
					"pivot": [-3.1, 6, -5],
					"cubes": [
						{"origin": [-3.1, 1, -4.5], "size": [0, 5, 8], "inflate": 0.02, "uv": [14, 20]}
					]
				},
				{
					"name": "left_wing_quiet",
					"parent": "quiet_wings",
					"pivot": [3.1, 6, -5],
					"cubes": [
						{"origin": [3.1, 1, -4.5], "size": [0, 5, 8], "inflate": 0.02, "uv": [14, 20], "mirror": true}
					]
				},
				{
					"name": "legs",
					"parent": "taillow",
					"pivot": [0, 2, -0.5]
				},
				{
					"name": "right_leg",
					"parent": "legs",
					"pivot": [-1.5, 2, -0.5],
					"rotation": [0, 15, 0],
					"cubes": [
						{"origin": [-2, 0.6, -1], "size": [1, 2, 1], "uv": [0, 0]},
						{"origin": [-2, -0.2, -2.5], "size": [1, 1, 3], "uv": [17, 34]},
						{"origin": [-2, -0.2, -2.5], "size": [1, 1, 2], "pivot": [-1.5, 0, -0.5], "rotation": [0, 30, 0], "uv": [7, 28]},
						{"origin": [-2, -0.2, -2.5], "size": [1, 1, 2], "pivot": [-1.5, 0, -0.5], "rotation": [0, -30, 0], "uv": [7, 28]}
					]
				},
				{
					"name": "left_leg",
					"parent": "legs",
					"pivot": [1.5, 2, -0.5],
					"rotation": [0, -15, 0],
					"cubes": [
						{"origin": [1, 0.6, -1], "size": [1, 2, 1], "uv": [0, 0], "mirror": true},
						{"origin": [1, -0.2, -2.5], "size": [1, 1, 3], "uv": [17, 34], "mirror": true},
						{"origin": [1, -0.2, -2.5], "size": [1, 1, 2], "pivot": [1.5, 0, -0.5], "rotation": [0, -30, 0], "uv": [7, 28], "mirror": true},
						{"origin": [1, -0.2, -2.5], "size": [1, 1, 2], "pivot": [1.5, 0, -0.5], "rotation": [0, 30, 0], "uv": [7, 28], "mirror": true}
					]
				}
			]
		},
		{
			"description": {
				"identifier": "geometry.serptaillow_aura",
				"texture_width": 48,
				"texture_height": 48,
				"visible_bounds_width": 3,
				"visible_bounds_height": 3,
				"visible_bounds_offset": [0, 0.5, 0]
			},
			"bones": [
				{
					"name": "taillow",
					"pivot": [0, 0, 0]
				},
				{
					"name": "head",
					"parent": "taillow",
					"pivot": [0, 8, -2],
					"cubes": [
						{"origin": [-1.5, 7.5, -5], "size": [3, 2.5, 1], "inflate": 0.25, "uv": [26, 34]},
						{"origin": [-1.5, 7, -1], "size": [3, 3, 1], "inflate": 0.25, "uv": [40, 31]},
						{"origin": [-2.83, 7.5, -6.5], "size": [2.83, 1, 2.83], "inflate": 0.25, "pivot": [0, 8, -6.5], "rotation": [0, 45, 0], "uv": [39, 25]},
						{"origin": [-2.25, 7, -4], "size": [1, 3, 3], "inflate": 0.25, "uv": [8, 34]},
						{"origin": [1.25, 7, -4], "size": [1, 3, 3], "inflate": 0.25, "uv": [8, 34], "mirror": true},
						{"origin": [-1.5, 10, -4], "size": [3, 1, 3], "inflate": 0.25, "uv": [35, 16]},
						{"origin": [-2, 7, -4.5], "size": [4, 3.5, 4], "inflate": 0.25, "uv": [22, 17]},
						{"origin": [-1, 9.79289, -4.79289], "size": [2, 1, 0], "inflate": 0.25, "pivot": [2, 9.79289, -3.79289], "rotation": [-45, 0, 0], "uv": [42, 29]}
					]
				},
				{
					"name": "open_eyes",
					"parent": "head",
					"pivot": [0, 8, -2],
					"cubes": [
						{"origin": [-2, 8.5, -5.1], "size": [4, 2, 0], "inflate": 0.25, "uv": [0, 37]}
					]
				},
				{
					"name": "closed_eyes",
					"parent": "head",
					"pivot": [0, 8, -2],
					"cubes": [
						{"origin": [-2, 8.5, -5.1], "size": [4, 2, 0], "inflate": 0.25, "uv": [0, 39]}
					]
				},
				{
					"name": "angry_eyes",
					"parent": "head",
					"pivot": [0, 8, -2],
					"cubes": [
						{"origin": [-2, 8.5, -5.1], "size": [4, 2, 0], "inflate": 0.25, "uv": [0, 41]}
					]
				},
				{
					"name": "body",
					"parent": "taillow",
					"pivot": [0, 1, 1],
					"rotation": [-15, 0, 0],
					"cubes": [
						{"origin": [-2.5, 1, -5], "size": [5, 5, 5], "inflate": 0.25, "uv": [0, 17]},
						{"origin": [-2, 1, 0], "size": [4, 5, 3], "inflate": 0.25, "uv": [24, 7]},
						{"origin": [-2, 1.5, -5.5], "size": [4, 4, 1], "inflate": 0.25, "uv": [31, 0]},
						{"origin": [-3, 1.5, -4.5], "size": [1, 4, 4], "inflate": 0.25, "uv": [0, 28]},
						{"origin": [2, 1.5, -4.5], "size": [1, 4, 4], "inflate": 0.25, "uv": [0, 28], "mirror": true},
						{"origin": [-3, 1.5, -0.5], "size": [1, 4, 3.5], "inflate": 0.25, "pivot": [-3, 3, -0.5], "rotation": [0, 16.5, 0], "uv": [0, 7]},
						{"origin": [2, 1.5, -0.5], "size": [1, 4, 3.5], "inflate": 0.25, "pivot": [3, 3, -0.5], "rotation": [0, -16.5, 0], "uv": [0, 7], "mirror": true},
						{"origin": [-3.5, 3.5, 3], "size": [7, 0, 8], "inflate": 0.25, "pivot": [0, 3.5, 3], "rotation": [25, 0, 0], "uv": [1, 8]}
					]
				},
				{
					"name": "flying_wings",
					"parent": "body",
					"pivot": [0, 5.5, -2]
				},
				{
					"name": "flying_wing_right",
					"parent": "flying_wings",
					"pivot": [-3, 5.5, -2],
					"cubes": [
						{"origin": [-15, 5.5, -4.5], "size": [12, 0, 6], "inflate": 0.25, "uv": [0, 0]}
					]
				},
				{
					"name": "flying_wing_left",
					"parent": "flying_wings",
					"pivot": [3, 5.5, -2],
					"cubes": [
						{"origin": [3, 5.5, -4.5], "size": [12, 0, 6], "inflate": 0.25, "uv": [0, 0], "mirror": true}
					]
				},
				{
					"name": "quiet_wings",
					"parent": "body",
					"pivot": [0, 6, -5]
				},
				{
					"name": "right_wing_quiet",
					"parent": "quiet_wings",
					"pivot": [-3.1, 6, -5],
					"cubes": [
						{"origin": [-3.1, 1, -4.5], "size": [0, 5, 8], "inflate": 0.25, "uv": [14, 20]}
					]
				},
				{
					"name": "left_wing_quiet",
					"parent": "quiet_wings",
					"pivot": [3.1, 6, -5],
					"cubes": [
						{"origin": [3.1, 1, -4.5], "size": [0, 5, 8], "inflate": 0.25, "uv": [14, 20], "mirror": true}
					]
				},
				{
					"name": "legs",
					"parent": "taillow",
					"pivot": [0, 2, -0.5]
				},
				{
					"name": "right_leg",
					"parent": "legs",
					"pivot": [-1.5, 2, -0.5],
					"rotation": [0, 15, 0],
					"cubes": [
						{"origin": [-2, 0.6, -1], "size": [1, 2, 1], "inflate": 0.25, "uv": [0, 0]},
						{"origin": [-2, -0.2, -2.5], "size": [1, 1, 3], "inflate": 0.25, "uv": [17, 34]},
						{"origin": [-2, -0.2, -2.5], "size": [1, 1, 2], "inflate": 0.25, "pivot": [-1.5, 0, -0.5], "rotation": [0, 30, 0], "uv": [7, 28]},
						{"origin": [-2, -0.2, -2.5], "size": [1, 1, 2], "inflate": 0.25, "pivot": [-1.5, 0, -0.5], "rotation": [0, -30, 0], "uv": [7, 28]}
					]
				},
				{
					"name": "left_leg",
					"parent": "legs",
					"pivot": [1.5, 2, -0.5],
					"rotation": [0, -15, 0],
					"cubes": [
						{"origin": [1, 0.6, -1], "size": [1, 2, 1], "inflate": 0.25, "uv": [0, 0], "mirror": true},
						{"origin": [1, -0.2, -2.5], "size": [1, 1, 3], "inflate": 0.25, "uv": [17, 34], "mirror": true},
						{"origin": [1, -0.2, -2.5], "size": [1, 1, 2], "inflate": 0.25, "pivot": [1.5, 0, -0.5], "rotation": [0, -30, 0], "uv": [7, 28], "mirror": true},
						{"origin": [1, -0.2, -2.5], "size": [1, 1, 2], "inflate": 0.25, "pivot": [1.5, 0, -0.5], "rotation": [0, 30, 0], "uv": [7, 28], "mirror": true}
					]
				}
			]
		}
	]
}