{
	"format_version": "1.12.0",
	"minecraft:geometry": [
		{
			"description": {
				"identifier": "geometry.serpswellow",
				"texture_width": 80,
				"texture_height": 80,
				"visible_bounds_width": 4,
				"visible_bounds_height": 3,
				"visible_bounds_offset": [0, 0.5, 0]
			},
			"bones": [
				{
					"name": "swellow",
					"pivot": [0, 0, 0]
				},
				{
					"name": "head",
					"parent": "swellow",
					"pivot": [0, 12.5, -2.5],
					"cubes": [
						{"origin": [-0.5, 14.75, -6], "size": [1, 1, 1], "pivot": [0, 14.75, -6], "rotation": [-45, 0, 0], "uv": [15, 20]},
						{"origin": [-2, 13, -5.5], "size": [4, 4, 1], "uv": [21, 50]},
						{"origin": [-2.8, 13.75, -7.5], "size": [2.8, 1, 2.8], "pivot": [0, 14, -7.5], "rotation": [0, 45, 0], "uv": [15, 14]},
						{"origin": [-2.75, 13, -4.5], "size": [1, 4, 4], "uv": [35, 48]},
						{"origin": [1.75, 13, -4.5], "size": [1, 4, 4], "uv": [35, 48], "mirror": true},
						{"origin": [-2, 12, -4.5], "size": [4, 1, 4], "uv": [42, 25]},
						{"origin": [-2.5, 12.5, -5], "size": [5, 5, 5], "uv": [18, 39]},
						{"origin": [-2.5, 15.5, 0], "size": [5, 2, 6], "pivot": [0, 17.5, 0], "rotation": [-30, 0, 0], "uv": [0, 33]},
						{"origin": [-2.5, 13.5, 0], "size": [0, 3, 5], "pivot": [-2.5, 16.5, 0], "rotation": [-20, -35, 0], "uv": [46, 48]},
						{"origin": [2.5, 13.5, 0], "size": [0, 3, 5], "pivot": [2.5, 16.5, 0], "rotation": [-20, 35, 0], "uv": [46, 48], "mirror": true}
					]
				},
				{
					"name": "open_eyes",
					"parent": "head",
					"pivot": [0, 13, -2],
					"cubes": [
						{"origin": [-3, 14.75, -5.6], "size": [3, 2, 0], "pivot": [-2, 16.25, -5.6], "rotation": [0, 0, 10], "uv": [0, 58]},
						{"origin": [0, 14.75, -5.6], "size": [3, 2, 0], "pivot": [2, 16.25, -5.6], "rotation": [0, 0, -10], "uv": [0, 58], "mirror": true}
					]
				},
				{
					"name": "closed_eyes",
					"parent": "head",
					"pivot": [0, 13, -2],
					"cubes": [
						{"origin": [-3, 14.75, -5.6], "size": [3, 2, 0], "pivot": [-2, 16.25, -5.6], "rotation": [0, 0, 10], "uv": [0, 60]},
						{"origin": [0, 14.75, -5.6], "size": [3, 2, 0], "pivot": [2, 16.25, -5.6], "rotation": [0, 0, -10], "uv": [0, 60], "mirror": true}
					]
				},
				{
					"name": "closed_eyes2",
					"parent": "head",
					"pivot": [0, 13, -2],
					"cubes": [
						{"origin": [-3, 14.75, -5.6], "size": [3, 2, 0], "pivot": [-2, 16.25, -5.6], "rotation": [0, 0, 10], "uv": [0, 62]},
						{"origin": [0, 14.75, -5.6], "size": [3, 2, 0], "pivot": [2, 16.25, -5.6], "rotation": [0, 0, -10], "uv": [0, 62], "mirror": true}
					]
				},
				{
					"name": "body",
					"parent": "swellow",
					"pivot": [0, 3, 0],
					"rotation": [-10, 0, 0],
					"cubes": [
						{"origin": [-2.5, 5.5, 2], "size": [5, 2, 5], "uv": [0, 45]},
						{"origin": [-3, 3, -6], "size": [6, 7, 8], "inflate": 0.02, "uv": [21, 23]},
						{"origin": [-2.5, 10, -2], "size": [5, 2.5, 2], "pivot": [0, 10, 0], "rotation": [37, 0, 0], "uv": [50, 31]},
						{"origin": [-2.5, 10, -5.5], "size": [5, 2, 4], "uv": [48, 0]},
						{"origin": [-2.5, 3, 2], "size": [5, 3, 5.6], "pivot": [0, 3, 2], "rotation": [26.5, 0, 0], "uv": [39, 39]},
						{"origin": [-2.5, 7, 2], "size": [5, 3, 5.6], "pivot": [0, 10, 2], "rotation": [-26.5, 0, 0], "uv": [39, 39]},
						{"origin": [-2.5, 3.5, -6.5], "size": [5, 6, 1], "uv": [0, 9]},
						{"origin": [-2.5, 9.5, -6.5], "size": [5, 2.7, 1], "pivot": [0, 9.5, -6.5], "rotation": [-22, 0, 0], "uv": [0, 17]},
						{"origin": [-3.5, 3.5, -5.5], "size": [1, 6, 7], "uv": [38, 2]},
						{"origin": [2.5, 3.5, -5.5], "size": [1, 6, 7], "uv": [38, 2], "mirror": true},
						{"origin": [-2.5, 6.5, 7], "size": [5, 0, 10], "pivot": [0, 6.5, 7], "rotation": [30, 0, 0], "uv": [15, 9]}
					]
				},
				{
					"name": "flying_wings",
					"parent": "body",
					"pivot": [0, 9.5, -2]
				},
				{
					"name": "flying_wing_right",
					"parent": "flying_wings",
					"pivot": [-3.5, 9.5, -3],
					"cubes": [
						{"origin": [-17.5, 9.5, -7.5], "size": [14, 0, 8], "inflate": 0.02, "uv": [0, 0]}
					]
				},
				{
					"name": "flying_wing_left",
					"parent": "flying_wings",
					"pivot": [3.5, 9.5, -3],
					"cubes": [
						{"origin": [3.5, 9.5, -7.5], "size": [14, 0, 8], "inflate": 0.02, "uv": [0, 0], "mirror": true}
					]
				},
				{
					"name": "quiet_wings",
					"parent": "body",
					"pivot": [0, 10, -5]
				},
				{
					"name": "right_wing_quiet",
					"parent": "quiet_wings",
					"pivot": [-3.6, 10, -5],
					"cubes": [
						{"origin": [-3.6, 3, -5.5], "size": [0, 7, 14], "inflate": 0.02, "uv": [0, 9]}
					]
				},
				{
					"name": "left_wing_quiet",
					"parent": "quiet_wings",
					"pivot": [3.6, 10, -5],
					"cubes": [
						{"origin": [3.6, 3, -5.5], "size": [0, 7, 14], "inflate": 0.02, "uv": [0, 9], "mirror": true}
					]
				},
				{
					"name": "legs",
					"parent": "swellow",
					"pivot": [0, 3.5, 0]
				},
				{
					"name": "right_leg",
					"parent": "legs",
					"pivot": [-2.5, 3.5, 0],
					"cubes": [
						{"origin": [-3, 0, -1], "size": [1, 2.5, 1], "pivot": [-2.5, 0, 0], "rotation": [-30, 0, 0], "uv": [0, 31]},
						{"origin": [-3, 1.66506, 0.38397], "size": [1, 3, 1], "pivot": [-2.5, 1.66506, 0.38397], "rotation": [30, 0, 0], "uv": [0, 3]},
						{"origin": [-3, 0, -3], "size": [1, 1, 4], "uv": [0, 53]},
						{"origin": [-3, 0, -3], "size": [1, 1, 3], "pivot": [-2, 0, 0], "rotation": [0, 30, 0], "uv": [15, 9]},
						{"origin": [-3, 0, -3], "size": [1, 1, 3], "pivot": [-3, 0, 0], "rotation": [0, -30, 0], "uv": [15, 9]}
					]
				},
				{
					"name": "left_leg",
					"parent": "legs",
					"pivot": [2.5, 3.5, 0],
					"cubes": [
						{"origin": [2, 0, -1], "size": [1, 2.5, 1], "pivot": [2.5, 0, 0], "rotation": [-30, 0, 0], "uv": [0, 31], "mirror": true},
						{"origin": [2, 1.66506, 0.38397], "size": [1, 3, 1], "pivot": [2.5, 1.66506, 0.38397], "rotation": [30, 0, 0], "uv": [0, 3], "mirror": true},
						{"origin": [2, 0, -3], "size": [1, 1, 4], "uv": [0, 53], "mirror": true},
						{"origin": [2, 0, -3], "size": [1, 1, 3], "pivot": [2, 0, 0], "rotation": [0, -30, 0], "uv": [15, 9], "mirror": true},
						{"origin": [2, 0, -3], "size": [1, 1, 3], "pivot": [3, 0, 0], "rotation": [0, 30, 0], "uv": [15, 9], "mirror": true}
					]
				}
			]
		},
		{
			"description": {
				"identifier": "geometry.serpswellow_aura",
				"texture_width": 80,
				"texture_height": 80,
				"visible_bounds_width": 4,
				"visible_bounds_height": 3,
				"visible_bounds_offset": [0, 0.5, 0]
			},
			"bones": [
				{
					"name": "swellow",
					"pivot": [0, 0, 0]
				},
				{
					"name": "head",
					"parent": "swellow",
					"pivot": [0, 12.5, -2.5],
					"cubes": [
						{"origin": [-0.5, 14.75, -6], "size": [1, 1, 1], "pivot": [0, 14.75, -6], "rotation": [-45, 0, 0], "inflate": 0.25, "uv": [15, 20]},
						{"origin": [-2, 13, -5.5], "size": [4, 4, 1], "inflate": 0.25, "uv": [21, 50]},
						{"origin": [-2.8, 13.75, -7.5], "size": [2.8, 1, 2.8], "pivot": [0, 14, -7.5], "rotation": [0, 45, 0], "inflate": 0.25, "uv": [15, 14]},
						{"origin": [-2.75, 13, -4.5], "size": [1, 4, 4], "inflate": 0.25, "uv": [35, 48]},
						{"origin": [1.75, 13, -4.5], "size": [1, 4, 4], "inflate": 0.25, "uv": [35, 48], "mirror": true},
						{"origin": [-2, 12, -4.5], "size": [4, 1, 4], "inflate": 0.25, "uv": [42, 25]},
						{"origin": [-2.5, 12.5, -5], "size": [5, 5, 5], "inflate": 0.25, "uv": [18, 39]},
						{"origin": [-2.5, 15.5, 0], "size": [5, 2, 6], "pivot": [0, 17.5, 0], "rotation": [-30, 0, 0], "inflate": 0.25, "uv": [0, 33]},
						{"origin": [-2.5, 13.5, 0], "size": [0, 3, 5], "pivot": [-2.5, 16.5, 0], "rotation": [-20, -35, 0], "inflate": 0.25, "uv": [46, 48]},
						{"origin": [2.5, 13.5, 0], "size": [0, 3, 5], "pivot": [2.5, 16.5, 0], "rotation": [-20, 35, 0], "inflate": 0.25, "uv": [46, 48], "mirror": true}
					]
				},
				{
					"name": "open_eyes",
					"parent": "head",
					"pivot": [0, 13, -2],
					"cubes": [
						{"origin": [-3, 14.75, -5.6], "size": [3, 2, 0], "pivot": [-2, 16.25, -5.6], "rotation": [0, 0, 10], "inflate": 0.25, "uv": [0, 58]},
						{"origin": [0, 14.75, -5.6], "size": [3, 2, 0], "pivot": [2, 16.25, -5.6], "rotation": [0, 0, -10], "inflate": 0.25, "uv": [0, 58], "mirror": true}
					]
				},
				{
					"name": "closed_eyes",
					"parent": "head",
					"pivot": [0, 13, -2],
					"cubes": [
						{"origin": [-3, 14.75, -5.6], "size": [3, 2, 0], "pivot": [-2, 16.25, -5.6], "rotation": [0, 0, 10], "inflate": 0.25, "uv": [0, 60]},
						{"origin": [0, 14.75, -5.6], "size": [3, 2, 0], "pivot": [2, 16.25, -5.6], "rotation": [0, 0, -10], "inflate": 0.25, "uv": [0, 60], "mirror": true}
					]
				},
				{
					"name": "closed_eyes2",
					"parent": "head",
					"pivot": [0, 13, -2],
					"cubes": [
						{"origin": [-3, 14.75, -5.6], "size": [3, 2, 0], "pivot": [-2, 16.25, -5.6], "rotation": [0, 0, 10], "inflate": 0.25, "uv": [0, 62]},
						{"origin": [0, 14.75, -5.6], "size": [3, 2, 0], "pivot": [2, 16.25, -5.6], "rotation": [0, 0, -10], "inflate": 0.25, "uv": [0, 62], "mirror": true}
					]
				},
				{
					"name": "body",
					"parent": "swellow",
					"pivot": [0, 3, 0],
					"rotation": [-10, 0, 0],
					"cubes": [
						{"origin": [-2.5, 5.5, 2], "size": [5, 2, 5], "inflate": 0.25, "uv": [0, 45]},
						{"origin": [-3, 3, -6], "size": [6, 7, 8], "inflate": 0.02, "inflate": 0.25, "uv": [21, 23]},
						{"origin": [-2.5, 10, -2], "size": [5, 2.5, 2], "pivot": [0, 10, 0], "rotation": [37, 0, 0], "inflate": 0.25, "uv": [50, 31]},
						{"origin": [-2.5, 10, -5.5], "size": [5, 2, 4], "inflate": 0.25, "uv": [48, 0]},
						{"origin": [-2.5, 3, 2], "size": [5, 3, 5.6], "pivot": [0, 3, 2], "rotation": [26.5, 0, 0], "inflate": 0.25, "uv": [39, 39]},
						{"origin": [-2.5, 7, 2], "size": [5, 3, 5.6], "pivot": [0, 10, 2], "rotation": [-26.5, 0, 0], "inflate": 0.25, "uv": [39, 39]},
						{"origin": [-2.5, 3.5, -6.5], "size": [5, 6, 1], "inflate": 0.25, "uv": [0, 9]},
						{"origin": [-2.5, 9.5, -6.5], "size": [5, 2.7, 1], "pivot": [0, 9.5, -6.5], "rotation": [-22, 0, 0], "inflate": 0.25, "uv": [0, 17]},
						{"origin": [-3.5, 3.5, -5.5], "size": [1, 6, 7], "inflate": 0.25, "uv": [38, 2]},
						{"origin": [2.5, 3.5, -5.5], "size": [1, 6, 7], "inflate": 0.25, "uv": [38, 2], "mirror": true},
						{"origin": [-2.5, 6.5, 7], "size": [5, 0, 10], "pivot": [0, 6.5, 7], "rotation": [30, 0, 0], "inflate": 0.25, "uv": [15, 9]}
					]
				},
				{
					"name": "flying_wings",
					"parent": "body",
					"pivot": [0, 9.5, -2]
				},
				{
					"name": "flying_wing_right",
					"parent": "flying_wings",
					"pivot": [-3.5, 9.5, -3],
					"cubes": [
						{"origin": [-17.5, 9.5, -7.5], "size": [14, 0, 8], "inflate": 0.02, "inflate": 0.25, "uv": [0, 0]}
					]
				},
				{
					"name": "flying_wing_left",
					"parent": "flying_wings",
					"pivot": [3.5, 9.5, -3],
					"cubes": [
						{"origin": [3.5, 9.5, -7.5], "size": [14, 0, 8], "inflate": 0.02, "inflate": 0.25, "uv": [0, 0], "mirror": true}
					]
				},
				{
					"name": "quiet_wings",
					"parent": "body",
					"pivot": [0, 10, -5]
				},
				{
					"name": "right_wing_quiet",
					"parent": "quiet_wings",
					"pivot": [-3.6, 10, -5],
					"cubes": [
						{"origin": [-3.6, 3, -5.5], "size": [0, 7, 14], "inflate": 0.25, "uv": [0, 9]}
					]
				},
				{
					"name": "left_wing_quiet",
					"parent": "quiet_wings",
					"pivot": [3.6, 10, -5],
					"cubes": [
						{"origin": [3.6, 3, -5.5], "size": [0, 7, 14], "inflate": 0.25, "uv": [0, 9], "mirror": true}
					]
				},
				{
					"name": "legs",
					"parent": "swellow",
					"pivot": [0, 3.5, 0]
				},
				{
					"name": "right_leg",
					"parent": "legs",
					"pivot": [-2.5, 3.5, 0],
					"cubes": [
						{"origin": [-3, 0, -1], "size": [1, 2.5, 1], "pivot": [-2.5, 0, 0], "rotation": [-30, 0, 0], "inflate": 0.25, "uv": [0, 31]},
						{"origin": [-3, 1.66506, 0.38397], "size": [1, 3, 1], "pivot": [-2.5, 1.66506, 0.38397], "rotation": [30, 0, 0], "inflate": 0.25, "uv": [0, 3]},
						{"origin": [-3, 0, -3], "size": [1, 1, 4], "inflate": 0.25, "uv": [0, 53]},
						{"origin": [-3, 0, -3], "size": [1, 1, 3], "pivot": [-2, 0, 0], "rotation": [0, 30, 0], "inflate": 0.25, "uv": [15, 9]},
						{"origin": [-3, 0, -3], "size": [1, 1, 3], "pivot": [-3, 0, 0], "rotation": [0, -30, 0], "inflate": 0.25, "uv": [15, 9]}
					]
				},
				{
					"name": "left_leg",
					"parent": "legs",
					"pivot": [2.5, 3.5, 0],
					"cubes": [
						{"origin": [2, 0, -1], "size": [1, 2.5, 1], "pivot": [2.5, 0, 0], "rotation": [-30, 0, 0], "inflate": 0.25, "uv": [0, 31], "mirror": true},
						{"origin": [2, 1.66506, 0.38397], "size": [1, 3, 1], "pivot": [2.5, 1.66506, 0.38397], "rotation": [30, 0, 0], "inflate": 0.25, "uv": [0, 3], "mirror": true},
						{"origin": [2, 0, -3], "size": [1, 1, 4], "inflate": 0.25, "uv": [0, 53], "mirror": true},
						{"origin": [2, 0, -3], "size": [1, 1, 3], "pivot": [2, 0, 0], "rotation": [0, -30, 0], "inflate": 0.25, "uv": [15, 9], "mirror": true},
						{"origin": [2, 0, -3], "size": [1, 1, 3], "pivot": [3, 0, 0], "rotation": [0, 30, 0], "inflate": 0.25, "uv": [15, 9], "mirror": true}
					]
				}
			]
		}
	]
}