{
	"format_version": "1.12.0",
	"minecraft:geometry": [
		{
			"description": {
				"identifier": "geometry.serpmightyena",
				"texture_width": 80,
				"texture_height": 80,
				"visible_bounds_width": 4,
				"visible_bounds_height": 3.5,
				"visible_bounds_offset": [0, 1.25, 0]
			},
			"bones": [
				{
					"name": "mightyena",
					"pivot": [0, 0, 0]
				},
				{
					"name": "body_root",
					"parent": "mightyena",
					"pivot": [0, 9, 6]
				},
				{
					"name": "head",
					"parent": "body_root",
					"pivot": [0, 15, -7],
					"cubes": [
						{"origin": [-3, 15, -12], "size": [6, 6, 6], "uv": [46, 0]},
						{"origin": [-9.5, 20.5, -10.5], "size": [6, 0, 5], "pivot": [-3.5, 20.5, -6.5], "rotation": [0, 0, -75], "uv": [55, 25]},
						{"origin": [3.5, 20.5, -10.5], "size": [6, 0, 5], "pivot": [3.5, 20.5, -6.5], "rotation": [0, 0, 75], "uv": [55, 25], "mirror": true},
						{"origin": [-4, 21, -6], "size": [8, 0, 6], "pivot": [0, 21, -6], "rotation": [-65, 0, 0], "uv": [29, 47]},
						{"origin": [-1.5, 15.5, -15.5], "size": [3, 2.5, 3], "uv": [65, 47]},
						{"origin": [-0.5, 17.2, -15.7], "size": [1, 1, 1], "uv": [62, 59]},
						{"origin": [-1, 18, -13.5], "size": [2, 2, 1], "pivot": [0, 18, -13.5], "rotation": [-30, 0, 0], "uv": [24, 12]},
						{"origin": [-1, 15, -14.5], "size": [2, 1, 3], "pivot": [0, 15, -14.5], "rotation": [-10, 0, 0], "uv": [0, 12]},
						{"origin": [-3.5, 15.5, -11.5], "size": [1, 5, 5], "uv": [0, 24]},
						{"origin": [2.5, 15.5, -11.5], "size": [1, 5, 5], "uv": [0, 24], "mirror": true},
						{"origin": [-6, 19.5, -10.5], "size": [3, 6, 0], "pivot": [-2.5, 20.5, -10.5], "rotation": [-20, 45, -20], "uv": [26, 67]},
						{"origin": [3, 19.5, -10.5], "size": [3, 6, 0], "pivot": [2.5, 20.5, -10.5], "rotation": [-20, -45, 20], "uv": [26, 67], "mirror": true},
						{"origin": [-2.5, 15.5, -12.5], "size": [5, 5, 1], "uv": [29, 30]},
						{"origin": [-2.5, 20.5, -11.5], "size": [5, 1, 5], "uv": [0, 55]}
					]
				},
				{
					"name": "open_eyes",
					"parent": "head",
					"pivot": [0, 15, -7],
					"cubes": [
						{"origin": [-3.5, 18, -12.5], "size": [3, 2, 0], "pivot": [-2.5, 19, -12.5], "rotation": [0, 35, 0], "uv": [0, 72]},
						{"origin": [0.5, 18, -12.5], "size": [3, 2, 0], "pivot": [2.5, 19, -12.5], "rotation": [0, -35, 0], "uv": [0, 72], "mirror": true}
					]
				},
				{
					"name": "closed_eyes",
					"parent": "head",
					"pivot": [0, 15, -7],
					"cubes": [
						{"origin": [-3.5, 18, -12.5], "size": [3, 2, 0], "pivot": [-2.5, 19, -12.5], "rotation": [0, 35, 0], "uv": [0, 74]},
						{"origin": [0.5, 18, -12.5], "size": [3, 2, 0], "pivot": [2.5, 19, -12.5], "rotation": [0, -35, 0], "uv": [0, 74], "mirror": true}
					]
				},
				{
					"name": "angry_eyes",
					"parent": "head",
					"pivot": [0, 15, -7],
					"cubes": [
						{"origin": [-3.5, 18, -12.5], "size": [3, 2, 0], "pivot": [-2.5, 19, -12.5], "rotation": [0, 35, 0], "uv": [0, 76]},
						{"origin": [0.5, 18, -12.5], "size": [3, 2, 0], "pivot": [2.5, 19, -12.5], "rotation": [0, -35, 0], "uv": [0, 76], "mirror": true}
					]
				},
				{
					"name": "body",
					"parent": "body_root",
					"pivot": [0, 6, 0],
					"cubes": [
						{"origin": [-4, 6, -8], "size": [8, 8, 6], "uv": [0, 40]},
						{"origin": [-3.5, 13.5, -7.5], "size": [7, 1, 14], "uv": [0, 24]},
						{"origin": [-4.5, 8.5, -7.5], "size": [1, 5, 14], "pivot": [-4.5, 13.5, -7.5], "rotation": [0, 2, 0], "uv": [29, 10]},
						{"origin": [3.5, 8.5, -7.5], "size": [1, 5, 14], "pivot": [4.5, 13.5, -7.5], "rotation": [0, -2, 0], "uv": [29, 10], "mirror": true},
						{"origin": [-3.5, 6.5, -8.5], "size": [7, 7, 1], "uv": [45, 59]},
						{"origin": [-2.5, 8.5, -8.5], "size": [5, 7, 5], "pivot": [0, 8.5, -8.5], "rotation": [20, 0, 0], "uv": [24, 54]},
						{"origin": [-4, 6, -2], "size": [8, 2, 6], "pivot": [0, 6, -2], "rotation": [20, 0, 0], "uv": [46, 13]},
						{"origin": [-4, 8, -2], "size": [8, 6, 9], "uv": [34, 31]},
						{"origin": [-5, 9, -8], "size": [3, 6, 17], "pivot": [-5, 15, 0], "rotation": [0, 0, 10], "uv": [0, 0]},
						{"origin": [2, 9, -8], "size": [3, 6, 17], "pivot": [5, 15, 0], "rotation": [0, 0, -10], "uv": [0, 0], "mirror": true}
					]
				},
				{
					"name": "tail",
					"parent": "body",
					"pivot": [0, 14, 6],
					"rotation": [60, 0, 0],
					"cubes": [
						{"origin": [-1.5, 12, 6], "size": [3, 3, 8], "uv": [50, 47]},
						{"origin": [-2, 8, 10], "size": [4, 7, 4], "pivot": [0, 15, 14], "rotation": [30, 0, 0], "uv": [0, 0]},
						{"origin": [-2, 12, 10], "size": [4, 0, 4], "pivot": [0, 15, 14], "rotation": [30, 0, 0], "uv": [56, 35]}
					]
				},
				{
					"name": "front_legs",
					"parent": "body_root",
					"pivot": [0, 10, -6]
				},
				{
					"name": "right_front_leg",
					"parent": "front_legs",
					"pivot": [-4, 10, -6],
					"cubes": [
						{"origin": [-5, 5.79555, -6.44709], "size": [3, 6, 3], "pivot": [-4, 5.79555, -3.44709], "rotation": [10, 0, 0], "uv": [13, 64]},
						{"origin": [-5, 0, -9], "size": [3, 1.5, 4], "uv": [65, 0]},
						{"origin": [-5, 1.5, -11], "size": [3, 0, 2], "pivot": [-4, 1.5, -9], "rotation": [45, 0, 0], "uv": [67, 44]},
						{"origin": [-5, 0, -8], "size": [3, 6, 3], "pivot": [-4, 0, -5], "rotation": [-15, 0, 0], "uv": [0, 62]}
					]
				},
				{
					"name": "left_front_leg",
					"parent": "front_legs",
					"pivot": [4, 10, -6],
					"cubes": [
						{"origin": [2, 5.79555, -6.44709], "size": [3, 6, 3], "pivot": [4, 5.79555, -3.44709], "rotation": [10, 0, 0], "uv": [13, 64], "mirror": true},
						{"origin": [2, 0, -9], "size": [3, 1.5, 4], "uv": [65, 0], "mirror": true},
						{"origin": [2, 1.5, -11], "size": [3, 0, 2], "pivot": [4, 1.5, -9], "rotation": [45, 0, 0], "uv": [67, 44], "mirror": true},
						{"origin": [2, 0, -8], "size": [3, 6, 3], "pivot": [4, 0, -5], "rotation": [-15, 0, 0], "uv": [0, 62], "mirror": true}
					]
				},
				{
					"name": "back_legs",
					"parent": "mightyena",
					"pivot": [0, 11, 5.5]
				},
				{
					"name": "right_back_leg",
					"parent": "back_legs",
					"pivot": [-4, 11, 5.5],
					"cubes": [
						{"origin": [-5, 5.79555, 4.55291], "size": [4, 7, 4], "pivot": [-4, 5.79555, 8.55291], "rotation": [10, 0, 0], "uv": [24, 0]},
						{"origin": [-4.5, 0, 3], "size": [3, 1.5, 4], "uv": [65, 0]},
						{"origin": [-4.5, 1.5, 1], "size": [3, 0, 2], "pivot": [-3, 1.5, 3], "rotation": [45, 0, 0], "uv": [67, 44]},
						{"origin": [-4.5, 0, 4], "size": [3, 6, 3], "pivot": [-4, 0, 7], "rotation": [-15, 0, 0], "uv": [0, 62]}
					]
				},
				{
					"name": "left_back_leg",
					"parent": "back_legs",
					"pivot": [4, 11, 5.5],
					"cubes": [
						{"origin": [1, 5.79555, 4.55291], "size": [4, 7, 4], "pivot": [4, 5.79555, 8.55291], "rotation": [10, 0, 0], "uv": [24, 0], "mirror": true},
						{"origin": [1.5, 0, 3], "size": [3, 1.5, 4], "uv": [65, 0], "mirror": true},
						{"origin": [1.5, 1.5, 1], "size": [3, 0, 2], "pivot": [3, 1.5, 3], "rotation": [45, 0, 0], "uv": [67, 44], "mirror": true},
						{"origin": [1.5, 0, 4], "size": [3, 6, 3], "pivot": [4, 0, 7], "rotation": [-15, 0, 0], "uv": [0, 62], "mirror": true}
					]
				}
			]
		},
		{
			"description": {
				"identifier": "geometry.serpmightyena_aura",
				"texture_width": 80,
				"texture_height": 80,
				"visible_bounds_width": 4,
				"visible_bounds_height": 3.5,
				"visible_bounds_offset": [0, 1.25, 0]
			},
			"bones": [
				{
					"name": "mightyena",
					"pivot": [0, 0, 0]
				},
				{
					"name": "body_root",
					"parent": "mightyena",
					"pivot": [0, 9, 6]
				},
				{
					"name": "head",
					"parent": "body_root",
					"pivot": [0, 15, -7],
					"cubes": [
						{"origin": [-3, 15, -12], "size": [6, 6, 6], "inflate": 0.25, "uv": [46, 0]},
						{"origin": [-9.5, 20.5, -10.5], "size": [6, 0, 5], "inflate": 0.25, "pivot": [-3.5, 20.5, -6.5], "rotation": [0, 0, -75], "uv": [55, 25]},
						{"origin": [3.5, 20.5, -10.5], "size": [6, 0, 5], "inflate": 0.25, "pivot": [3.5, 20.5, -6.5], "rotation": [0, 0, 75], "uv": [55, 25], "mirror": true},
						{"origin": [-4, 21, -6], "size": [8, 0, 6], "inflate": 0.25, "pivot": [0, 21, -6], "rotation": [-65, 0, 0], "uv": [29, 47]},
						{"origin": [-1.5, 15.5, -15.5], "size": [3, 2.5, 3], "inflate": 0.25, "uv": [65, 47]},
						{"origin": [-0.5, 17.2, -15.7], "size": [1, 1, 1], "inflate": 0.25, "uv": [62, 59]},
						{"origin": [-1, 18, -13.5], "size": [2, 2, 1], "inflate": 0.25, "pivot": [0, 18, -13.5], "rotation": [-30, 0, 0], "uv": [24, 12]},
						{"origin": [-1, 15, -14.5], "size": [2, 1, 3], "inflate": 0.25, "pivot": [0, 15, -14.5], "rotation": [-10, 0, 0], "uv": [0, 12]},
						{"origin": [-3.5, 15.5, -11.5], "size": [1, 5, 5], "inflate": 0.25, "uv": [0, 24]},
						{"origin": [2.5, 15.5, -11.5], "size": [1, 5, 5], "inflate": 0.25, "uv": [0, 24], "mirror": true},
						{"origin": [-6, 19.5, -10.5], "size": [3, 6, 0], "inflate": 0.25, "pivot": [-2.5, 20.5, -10.5], "rotation": [-20, 45, -20], "uv": [26, 67]},
						{"origin": [3, 19.5, -10.5], "size": [3, 6, 0], "inflate": 0.25, "pivot": [2.5, 20.5, -10.5], "rotation": [-20, -45, 20], "uv": [26, 67], "mirror": true},
						{"origin": [-2.5, 15.5, -12.5], "size": [5, 5, 1], "inflate": 0.25, "uv": [29, 30]},
						{"origin": [-2.5, 20.5, -11.5], "size": [5, 1, 5], "inflate": 0.25, "uv": [0, 55]}
					]
				},
				{
					"name": "open_eyes",
					"parent": "head",
					"pivot": [0, 15, -7],
					"cubes": [
						{"origin": [-3.5, 18, -12.5], "size": [3, 2, 0], "inflate": 0.25, "pivot": [-2.5, 19, -12.5], "rotation": [0, 35, 0], "uv": [0, 72]},
						{"origin": [0.5, 18, -12.5], "size": [3, 2, 0], "inflate": 0.25, "pivot": [2.5, 19, -12.5], "rotation": [0, -35, 0], "uv": [0, 72], "mirror": true}
					]
				},
				{
					"name": "closed_eyes",
					"parent": "head",
					"pivot": [0, 15, -7],
					"cubes": [
						{"origin": [-3.5, 18, -12.5], "size": [3, 2, 0], "inflate": 0.25, "pivot": [-2.5, 19, -12.5], "rotation": [0, 35, 0], "uv": [0, 74]},
						{"origin": [0.5, 18, -12.5], "size": [3, 2, 0], "inflate": 0.25, "pivot": [2.5, 19, -12.5], "rotation": [0, -35, 0], "uv": [0, 74], "mirror": true}
					]
				},
				{
					"name": "angry_eyes",
					"parent": "head",
					"pivot": [0, 15, -7],
					"cubes": [
						{"origin": [-3.5, 18, -12.5], "size": [3, 2, 0], "inflate": 0.25, "pivot": [-2.5, 19, -12.5], "rotation": [0, 35, 0], "uv": [0, 76]},
						{"origin": [0.5, 18, -12.5], "size": [3, 2, 0], "inflate": 0.25, "pivot": [2.5, 19, -12.5], "rotation": [0, -35, 0], "uv": [0, 76], "mirror": true}
					]
				},
				{
					"name": "body",
					"parent": "body_root",
					"pivot": [0, 6, 0],
					"cubes": [
						{"origin": [-4, 6, -8], "size": [8, 8, 6], "inflate": 0.25, "uv": [0, 40]},
						{"origin": [-3.5, 13.5, -7.5], "size": [7, 1, 14], "inflate": 0.25, "uv": [0, 24]},
						{"origin": [-4.5, 8.5, -7.5], "size": [1, 5, 14], "inflate": 0.25, "pivot": [-4.5, 13.5, -7.5], "rotation": [0, 2, 0], "uv": [29, 10]},
						{"origin": [3.5, 8.5, -7.5], "size": [1, 5, 14], "inflate": 0.25, "pivot": [4.5, 13.5, -7.5], "rotation": [0, -2, 0], "uv": [29, 10], "mirror": true},
						{"origin": [-3.5, 6.5, -8.5], "size": [7, 7, 1], "inflate": 0.25, "uv": [45, 59]},
						{"origin": [-2.5, 8.5, -8.5], "size": [5, 7, 5], "inflate": 0.25, "pivot": [0, 8.5, -8.5], "rotation": [20, 0, 0], "uv": [24, 54]},
						{"origin": [-4, 6, -2], "size": [8, 2, 6], "inflate": 0.25, "pivot": [0, 6, -2], "rotation": [20, 0, 0], "uv": [46, 13]},
						{"origin": [-4, 8, -2], "size": [8, 6, 9], "inflate": 0.25, "uv": [34, 31]},
						{"origin": [-5, 9, -8], "size": [3, 6, 17], "inflate": 0.25, "pivot": [-5, 15, 0], "rotation": [0, 0, 10], "uv": [0, 0]},
						{"origin": [2, 9, -8], "size": [3, 6, 17], "inflate": 0.25, "pivot": [5, 15, 0], "rotation": [0, 0, -10], "uv": [0, 0], "mirror": true}
					]
				},
				{
					"name": "tail",
					"parent": "body",
					"pivot": [0, 14, 6],
					"rotation": [60, 0, 0],
					"cubes": [
						{"origin": [-1.5, 12, 6], "size": [3, 3, 8], "inflate": 0.25, "uv": [50, 47]},
						{"origin": [-2, 8, 10], "size": [4, 7, 4], "inflate": 0.25, "pivot": [0, 15, 14], "rotation": [30, 0, 0], "uv": [0, 0]},
						{"origin": [-2, 12, 10], "size": [4, 0, 4], "inflate": 0.25, "pivot": [0, 15, 14], "rotation": [30, 0, 0], "uv": [56, 35]}
					]
				},
				{
					"name": "front_legs",
					"parent": "body_root",
					"pivot": [0, 10, -6]
				},
				{
					"name": "right_front_leg",
					"parent": "front_legs",
					"pivot": [-4, 10, -6],
					"cubes": [
						{"origin": [-5, 5.79555, -6.44709], "size": [3, 6, 3], "inflate": 0.25, "pivot": [-4, 5.79555, -3.44709], "rotation": [10, 0, 0], "uv": [13, 64]},
						{"origin": [-5, 0, -9], "size": [3, 1.5, 4], "inflate": 0.25, "uv": [65, 0]},
						{"origin": [-5, 1.5, -11], "size": [3, 0, 2], "inflate": 0.25, "pivot": [-4, 1.5, -9], "rotation": [45, 0, 0], "uv": [67, 44]},
						{"origin": [-5, 0, -8], "size": [3, 6, 3], "inflate": 0.25, "pivot": [-4, 0, -5], "rotation": [-15, 0, 0], "uv": [0, 62]}
					]
				},
				{
					"name": "left_front_leg",
					"parent": "front_legs",
					"pivot": [4, 10, -6],
					"cubes": [
						{"origin": [2, 5.79555, -6.44709], "size": [3, 6, 3], "inflate": 0.25, "pivot": [4, 5.79555, -3.44709], "rotation": [10, 0, 0], "uv": [13, 64], "mirror": true},
						{"origin": [2, 0, -9], "size": [3, 1.5, 4], "inflate": 0.25, "uv": [65, 0], "mirror": true},
						{"origin": [2, 1.5, -11], "size": [3, 0, 2], "inflate": 0.25, "pivot": [4, 1.5, -9], "rotation": [45, 0, 0], "uv": [67, 44], "mirror": true},
						{"origin": [2, 0, -8], "size": [3, 6, 3], "inflate": 0.25, "pivot": [4, 0, -5], "rotation": [-15, 0, 0], "uv": [0, 62], "mirror": true}
					]
				},
				{
					"name": "back_legs",
					"parent": "mightyena",
					"pivot": [0, 11, 5.5]
				},
				{
					"name": "right_back_leg",
					"parent": "back_legs",
					"pivot": [-4, 11, 5.5],
					"cubes": [
						{"origin": [-5, 5.79555, 4.55291], "size": [4, 7, 4], "inflate": 0.25, "pivot": [-4, 5.79555, 8.55291], "rotation": [10, 0, 0], "uv": [24, 0]},
						{"origin": [-4.5, 0, 3], "size": [3, 1.5, 4], "inflate": 0.25, "uv": [65, 0]},
						{"origin": [-4.5, 1.5, 1], "size": [3, 0, 2], "inflate": 0.25, "pivot": [-3, 1.5, 3], "rotation": [45, 0, 0], "uv": [67, 44]},
						{"origin": [-4.5, 0, 4], "size": [3, 6, 3], "inflate": 0.25, "pivot": [-4, 0, 7], "rotation": [-15, 0, 0], "uv": [0, 62]}
					]
				},
				{
					"name": "left_back_leg",
					"parent": "back_legs",
					"pivot": [4, 11, 5.5],
					"cubes": [
						{"origin": [1, 5.79555, 4.55291], "size": [4, 7, 4], "inflate": 0.25, "pivot": [4, 5.79555, 8.55291], "rotation": [10, 0, 0], "uv": [24, 0], "mirror": true},
						{"origin": [1.5, 0, 3], "size": [3, 1.5, 4], "inflate": 0.25, "uv": [65, 0], "mirror": true},
						{"origin": [1.5, 1.5, 1], "size": [3, 0, 2], "inflate": 0.25, "pivot": [3, 1.5, 3], "rotation": [45, 0, 0], "uv": [67, 44], "mirror": true},
						{"origin": [1.5, 0, 4], "size": [3, 6, 3], "inflate": 0.25, "pivot": [4, 0, 7], "rotation": [-15, 0, 0], "uv": [0, 62], "mirror": true}
					]
				}
			]
		}
	]
}