{
	"format_version": "1.12.0",
	"minecraft:geometry": [
		{
			"description": {
				"identifier": "geometry.serppoochyena",
				"texture_width": 64,
				"texture_height": 64,
				"visible_bounds_width": 3,
				"visible_bounds_height": 2.5,
				"visible_bounds_offset": [0, 0.75, 0]
			},
			"bones": [
				{
					"name": "poochyena",
					"pivot": [0, 0, 0]
				},
				{
					"name": "body_root",
					"parent": "poochyena",
					"pivot": [0, 4.5, 5]
				},
				{
					"name": "head",
					"parent": "body_root",
					"pivot": [0, 9, -5],
					"cubes": [
						{"origin": [-2.5, 8, -9], "size": [5, 5, 5], "uv": [0, 29]},
						{"origin": [-4, 11.5, -6], "size": [3, 5, 0], "inflate": 0.02, "pivot": [-1, 13, -6], "rotation": [0, 0, -10], "uv": [24, 46]},
						{"origin": [1, 11.5, -6], "size": [3, 5, 0], "inflate": 0.02, "pivot": [1, 13, -6], "rotation": [0, 0, 10], "uv": [24, 46], "mirror": true},
						{"origin": [-1, 9, -12], "size": [2, 2, 3], "uv": [40, 45]},
						{"origin": [-1, 11, -11], "size": [2, 2.12, 1], "pivot": [0, 11, -11], "rotation": [-45, 0, 0], "uv": [20, 22]},
						{"origin": [-1, 8, -11], "size": [2, 1, 2], "uv": [20, 18]},
						{"origin": [-1, 9, -12], "size": [2, 2, 3.35], "pivot": [-1, 10, -12], "rotation": [0, -26.5, 0], "uv": [43, 33]},
						{"origin": [-1, 9, -12], "size": [2, 2, 3.35], "pivot": [1, 10, -12], "rotation": [0, 26.5, 0], "uv": [43, 33], "mirror": true},
						{"origin": [-1, 8.25, -12], "size": [0, 2, 3.35], "pivot": [-1, 9, -12], "rotation": [4.9482, -26.06682, -11.1461], "uv": [23, 4]},
						{"origin": [1, 8.25, -12], "size": [0, 2, 3.35], "pivot": [1, 9, -12], "rotation": [4.9482, 26.06682, 11.1461], "uv": [23, 4], "mirror": true},
						{"origin": [-1, 8, -11], "size": [1, 1, 2.3], "pivot": [-1, 9, -11], "rotation": [0, -26.5, 0], "uv": [45, 13]},
						{"origin": [0, 8, -11], "size": [1, 1, 2.3], "pivot": [1, 9, -11], "rotation": [0, 26.5, 0], "uv": [45, 13], "mirror": true},
						{"origin": [-3, 8.5, -8.5], "size": [1, 4, 4], "uv": [41, 24]},
						{"origin": [2, 8.5, -8.5], "size": [1, 4, 4], "uv": [41, 24], "mirror": true},
						{"origin": [-2, 8.5, -9.5], "size": [4, 4, 1], "uv": [43, 39]},
						{"origin": [-2, 8.5, -4.5], "size": [4, 4, 1], "uv": [43, 39]},
						{"origin": [-2, 12.5, -8.5], "size": [4, 1, 4], "uv": [33, 6]}
					]
				},
				{
					"name": "open_eyes",
					"parent": "head",
					"pivot": [0, 9, -5],
					"cubes": [
						{"origin": [-2.5, 11, -11.5], "size": [0, 2, 3], "pivot": [-2.5, 12, -9], "rotation": [15, -45, 0], "uv": [0, 44]},
						{"origin": [2.5, 11, -11.5], "size": [0, 2, 3], "pivot": [2.5, 12, -9], "rotation": [15, 45, 0], "uv": [0, 44], "mirror": true}
					]
				},
				{
					"name": "closed_eyes",
					"parent": "head",
					"pivot": [0, 9, -5],
					"cubes": [
						{"origin": [-2.5, 11, -11.5], "size": [0, 2, 3], "pivot": [-2.5, 12, -9], "rotation": [15, -45, 0], "uv": [0, 46]},
						{"origin": [2.5, 11, -11.5], "size": [0, 2, 3], "pivot": [2.5, 12, -9], "rotation": [15, 45, 0], "uv": [0, 46], "mirror": true}
					]
				},
				{
					"name": "angry_eyes",
					"parent": "head",
					"pivot": [0, 9, -5],
					"cubes": [
						{"origin": [-2.5, 11, -11.5], "size": [0, 2, 3], "pivot": [-2.5, 12, -9], "rotation": [15, -45, 0], "uv": [0, 48]},
						{"origin": [2.5, 11, -11.5], "size": [0, 2, 3], "pivot": [2.5, 12, -9], "rotation": [15, 45, 0], "uv": [0, 48], "mirror": true}
					]
				},
				{
					"name": "body",
					"parent": "body_root",
					"pivot": [0, 7, 0.5],
					"cubes": [
						{"origin": [-4.5, 9.5, 3], "size": [9, 0, 5], "pivot": [0, 9.5, 3], "rotation": [45, 0, 0], "uv": [25, 0]},
						{"origin": [-2.5, 9.5, -4], "size": [5, 1, 9], "uv": [0, 17]},
						{"origin": [-2.5, 3.5, -4], "size": [5, 1, 9], "uv": [0, 17]},
						{"origin": [-3.5, 4.5, -4], "size": [1, 5, 9], "uv": [20, 19]},
						{"origin": [2.5, 4.5, -4], "size": [1, 5, 9], "uv": [20, 19], "mirror": true},
						{"origin": [-2.5, 4.5, -5], "size": [5, 5, 1], "uv": [0, 40]},
						{"origin": [-2.5, 4.5, 5], "size": [5, 5, 1], "uv": [0, 40]},
						{"origin": [-3, 4, -4.5], "size": [6, 6, 10], "uv": [0, 0]}
					]
				},
				{
					"name": "tail",
					"parent": "body",
					"pivot": [0, 10, 6],
					"rotation": [45, 0, 0],
					"cubes": [
						{"origin": [-1, 1, 5], "size": [2, 10, 2], "uv": [34, 34]},
						{"origin": [-2, 3, 4], "size": [4, 6, 4], "uv": [32, 13]},
						{"origin": [-1.5, 2, 4.5], "size": [3, 8, 3], "uv": [21, 34]}
					]
				},
				{
					"name": "front_legs",
					"parent": "body_root",
					"pivot": [0, 6, -3.5]
				},
				{
					"name": "right_front_leg",
					"parent": "front_legs",
					"pivot": [-2.5, 6, -3.5],
					"cubes": [
						{"origin": [-3.5, 0, -4.5], "size": [2, 6, 2], "uv": [0, 0]}
					]
				},
				{
					"name": "left_front_leg",
					"parent": "front_legs",
					"pivot": [2.5, 6, -3.5],
					"cubes": [
						{"origin": [1.5, 0, -4.5], "size": [2, 6, 2], "uv": [0, 0], "mirror": true}
					]
				},
				{
					"name": "back_legs",
					"parent": "poochyena",
					"pivot": [0, 6, 3.5]
				},
				{
					"name": "back_right_leg",
					"parent": "back_legs",
					"pivot": [-3, 6, 3.5],
					"cubes": [
						{"origin": [-4, 0, 3], "size": [2, 3, 2], "uv": [0, 17]},
						{"origin": [-4, 3, 2], "size": [2, 4, 3], "uv": [13, 43]}
					]
				},
				{
					"name": "back_left_leg",
					"parent": "back_legs",
					"pivot": [3, 6, 3.5],
					"cubes": [
						{"origin": [2, 0, 3], "size": [2, 3, 2], "uv": [0, 17], "mirror": true},
						{"origin": [2, 3, 2], "size": [2, 4, 3], "uv": [13, 43], "mirror": true}
					]
				}
			]
		},
		{
			"description": {
				"identifier": "geometry.serppoochyena_aura",
				"texture_width": 64,
				"texture_height": 64,
				"visible_bounds_width": 3,
				"visible_bounds_height": 2.5,
				"visible_bounds_offset": [0, 0.75, 0]
			},
			"bones": [
				{
					"name": "poochyena",
					"pivot": [0, 0, 0]
				},
				{
					"name": "body_root",
					"parent": "poochyena",
					"pivot": [0, 4.5, 5]
				},
				{
					"name": "head",
					"parent": "body_root",
					"pivot": [0, 9, -5],
					"cubes": [
						{"origin": [-2.5, 8, -9], "size": [5, 5, 5], "inflate": 0.25, "uv": [0, 29]},
						{"origin": [-4, 11.5, -6], "size": [3, 5, 0], "inflate": 0.25, "pivot": [-1, 13, -6], "rotation": [0, 0, -10], "uv": [24, 46]},
						{"origin": [1, 11.5, -6], "size": [3, 5, 0], "inflate": 0.25, "pivot": [1, 13, -6], "rotation": [0, 0, 10], "uv": [24, 46], "mirror": true},
						{"origin": [-1, 9, -12], "size": [2, 2, 3], "inflate": 0.25, "uv": [40, 45]},
						{"origin": [-1, 11, -11], "size": [2, 2.12, 1], "inflate": 0.25, "pivot": [0, 11, -11], "rotation": [-45, 0, 0], "uv": [20, 22]},
						{"origin": [-1, 8, -11], "size": [2, 1, 2], "inflate": 0.25, "uv": [20, 18]},
						{"origin": [-1, 9, -12], "size": [2, 2, 3.35], "inflate": 0.25, "pivot": [-1, 10, -12], "rotation": [0, -26.5, 0], "uv": [43, 33]},
						{"origin": [-1, 9, -12], "size": [2, 2, 3.35], "inflate": 0.25, "pivot": [1, 10, -12], "rotation": [0, 26.5, 0], "uv": [43, 33], "mirror": true},
						{"origin": [-1, 8.25, -12], "size": [0, 2, 3.35], "inflate": 0.25, "pivot": [-1, 9, -12], "rotation": [4.9482, -26.06682, -11.1461], "uv": [23, 4]},
						{"origin": [1, 8.25, -12], "size": [0, 2, 3.35], "inflate": 0.25, "pivot": [1, 9, -12], "rotation": [4.9482, 26.06682, 11.1461], "uv": [23, 4], "mirror": true},
						{"origin": [-1, 8, -11], "size": [1, 1, 2.3], "inflate": 0.25, "pivot": [-1, 9, -11], "rotation": [0, -26.5, 0], "uv": [45, 13]},
						{"origin": [0, 8, -11], "size": [1, 1, 2.3], "inflate": 0.25, "pivot": [1, 9, -11], "rotation": [0, 26.5, 0], "uv": [45, 13], "mirror": true},
						{"origin": [-3, 8.5, -8.5], "size": [1, 4, 4], "inflate": 0.25, "uv": [41, 24]},
						{"origin": [2, 8.5, -8.5], "size": [1, 4, 4], "inflate": 0.25, "uv": [41, 24], "mirror": true},
						{"origin": [-2, 8.5, -9.5], "size": [4, 4, 1], "inflate": 0.25, "uv": [43, 39]},
						{"origin": [-2, 8.5, -4.5], "size": [4, 4, 1], "inflate": 0.25, "uv": [43, 39]},
						{"origin": [-2, 12.5, -8.5], "size": [4, 1, 4], "inflate": 0.25, "uv": [33, 6]}
					]
				},
				{
					"name": "open_eyes",
					"parent": "head",
					"pivot": [0, 9, -5],
					"cubes": [
						{"origin": [-2.5, 11, -11.5], "size": [0, 2, 3], "inflate": 0.25, "pivot": [-2.5, 12, -9], "rotation": [15, -45, 0], "uv": [0, 44]},
						{"origin": [2.5, 11, -11.5], "size": [0, 2, 3], "inflate": 0.25, "pivot": [2.5, 12, -9], "rotation": [15, 45, 0], "uv": [0, 44], "mirror": true}
					]
				},
				{
					"name": "closed_eyes",
					"parent": "head",
					"pivot": [0, 9, -5],
					"cubes": [
						{"origin": [-2.5, 11, -11.5], "size": [0, 2, 3], "inflate": 0.25, "pivot": [-2.5, 12, -9], "rotation": [15, -45, 0], "uv": [0, 46]},
						{"origin": [2.5, 11, -11.5], "size": [0, 2, 3], "inflate": 0.25, "pivot": [2.5, 12, -9], "rotation": [15, 45, 0], "uv": [0, 46], "mirror": true}
					]
				},
				{
					"name": "angry_eyes",
					"parent": "head",
					"pivot": [0, 9, -5],
					"cubes": [
						{"origin": [-2.5, 11, -11.5], "size": [0, 2, 3], "inflate": 0.25, "pivot": [-2.5, 12, -9], "rotation": [15, -45, 0], "uv": [0, 48]},
						{"origin": [2.5, 11, -11.5], "size": [0, 2, 3], "inflate": 0.25, "pivot": [2.5, 12, -9], "rotation": [15, 45, 0], "uv": [0, 48], "mirror": true}
					]
				},
				{
					"name": "body",
					"parent": "body_root",
					"pivot": [0, 7, 0.5],
					"cubes": [
						{"origin": [-4.5, 9.5, 3], "size": [9, 0, 5], "inflate": 0.25, "pivot": [0, 9.5, 3], "rotation": [45, 0, 0], "uv": [25, 0]},
						{"origin": [-2.5, 9.5, -4], "size": [5, 1, 9], "inflate": 0.25, "uv": [0, 17]},
						{"origin": [-2.5, 3.5, -4], "size": [5, 1, 9], "inflate": 0.25, "uv": [0, 17]},
						{"origin": [-3.5, 4.5, -4], "size": [1, 5, 9], "inflate": 0.25, "uv": [20, 19]},
						{"origin": [2.5, 4.5, -4], "size": [1, 5, 9], "inflate": 0.25, "uv": [20, 19], "mirror": true},
						{"origin": [-2.5, 4.5, -5], "size": [5, 5, 1], "inflate": 0.25, "uv": [0, 40]},
						{"origin": [-2.5, 4.5, 5], "size": [5, 5, 1], "inflate": 0.25, "uv": [0, 40]},
						{"origin": [-3, 4, -4.5], "size": [6, 6, 10], "inflate": 0.25, "uv": [0, 0]}
					]
				},
				{
					"name": "tail",
					"parent": "body",
					"pivot": [0, 10, 6],
					"rotation": [45, 0, 0],
					"cubes": [
						{"origin": [-1, 1, 5], "size": [2, 10, 2], "inflate": 0.25, "uv": [34, 34]},
						{"origin": [-2, 3, 4], "size": [4, 6, 4], "inflate": 0.25, "uv": [32, 13]},
						{"origin": [-1.5, 2, 4.5], "size": [3, 8, 3], "inflate": 0.25, "uv": [21, 34]}
					]
				},
				{
					"name": "front_legs",
					"parent": "body_root",
					"pivot": [0, 6, -3.5]
				},
				{
					"name": "right_front_leg",
					"parent": "front_legs",
					"pivot": [-2.5, 6, -3.5],
					"cubes": [
						{"origin": [-3.5, 0, -4.5], "size": [2, 6, 2], "inflate": 0.25, "uv": [0, 0]}
					]
				},
				{
					"name": "left_front_leg",
					"parent": "front_legs",
					"pivot": [2.5, 6, -3.5],
					"cubes": [
						{"origin": [1.5, 0, -4.5], "size": [2, 6, 2], "inflate": 0.25, "uv": [0, 0], "mirror": true}
					]
				},
				{
					"name": "back_legs",
					"parent": "poochyena",
					"pivot": [0, 6, 3.5]
				},
				{
					"name": "back_right_leg",
					"parent": "back_legs",
					"pivot": [-3, 6, 3.5],
					"cubes": [
						{"origin": [-4, 0, 3], "size": [2, 3, 2], "inflate": 0.25, "uv": [0, 17]},
						{"origin": [-4, 3, 2], "size": [2, 4, 3], "inflate": 0.25, "uv": [13, 43]}
					]
				},
				{
					"name": "back_left_leg",
					"parent": "back_legs",
					"pivot": [3, 6, 3.5],
					"cubes": [
						{"origin": [2, 0, 3], "size": [2, 3, 2], "inflate": 0.25, "uv": [0, 17], "mirror": true},
						{"origin": [2, 3, 2], "size": [2, 4, 3], "inflate": 0.25, "uv": [13, 43], "mirror": true}
					]
				}
			]
		}
	]
}