{
	"format_version": "1.8.0",
	"animations": {
		"animation.torchic.quiet": {
			"loop": true,
			"animation_length": 0.8,
			"bones": {
				"body_root": {
					"rotation": {
						"0.0": [0, 0, 0],
						"0.2": [15, 20, 5],
						"0.4": [0, 0, 0],
						"0.6": [15, -20, -5],
						"0.8": [0, 0, 0]
					}
				}
			}
		},
		"animation.torchic.walk": {
			"loop": true,
			"animation_length": 0.6,
			"bones": {
				"torchic": {
					"rotation": {
						"0.0": [0, 0, 5],
						"0.3": [0, 0, -5],
						"0.6": [0, 0, 5]
					},
					"position": {
						"0.0": [0, 2, 0],
						"0.2": [0, 0, 0],
						"0.3": [0, 2, 0],
						"0.5": [0, 0, 0],
						"0.6": [0, 2, 0]
					}
				},
				"right_leg": {
					"rotation": {
						"0.0": [-45, 0, 0],
						"0.3": [45, 0, 0],
						"0.6": [-45, 0, 0]
					},
					"position": {
						"0.0": [0, 1, -3],
						"0.3": [0, 0, 2],
						"0.6": [0, 1, -3]
					}
				},
				"left_leg": {
					"rotation": {
						"0.0": [45, 0, 0],
						"0.3": [-45, 0, 0],
						"0.6": [45, 0, 0]
					},
					"position": {
						"0.0": [0, 0, 2],
						"0.3": [0, 1, -3],
						"0.6": [0, 0, 2]
					}
				}
			}
		},
		"animation.torchic.sitting": {
			"loop": true,
			"bones": {
				"torchic": {
					"position": [0, -2, 0]
				},
				"legs": {
					"rotation": [-90, 0, 0],
					"position": [0, 1, -2]
				},
				"right_leg": {
					"rotation": [0, 0, 25]
				},
				"left_leg": {
					"rotation": [0, 0, -25]
				}
			}
		},
		"animation.torchic.jump": {
			"loop": true,
			"bones": {
				"torchic": {
					"position": [0, 1, 0]
				},
				"legs": {
					"rotation": [40, 0, 0],
					"position": [0, 1, 0]
				}
			}
		},
		"animation.torchic.attack": {
			"loop": true,
			"bones": {
				"torchic": {
					"rotation": [0, -35, 0]
				},
				"head": {
					"rotation": [0, 35, 0]
				},
				"right_leg": {
					"rotation": [-45, 25, 20],
					"position": [-1, 1, -2]
				}
			}
		},
		"animation.torchic.swimming": {
			"loop": true,
			"animation_length": 0.6,
			"bones": {
				"torchic": {
					"position": {
						"0.0": [0, 0, 0],
						"0.3": [0, -2, 0],
						"0.6": [0, 0, 0]
					}
				},
				"right_leg": {
					"rotation": {
						"0.0": [-30, 0, 0],
						"0.3": [30, 0, 0],
						"0.6": [-30, 0, 0]
					}
				},
				"left_leg": {
					"rotation": {
						"0.0": [30, 0, 0],
						"0.3": [-30, 0, 0],
						"0.6": [30, 0, 0]
					}
				}
			}
		},
        "animation.torchic.health_bar":{
            "loop":true,
            "bones":{
                "health_hover":{
    "rotation":["q.camera_rotation(0)","q.camera_rotation(1)-q.body_y_rotation",0],
	"position": [0,28,0],
    "scale":"query.is_in_ui?0:1.5"
                },
				"bar_green": {
					"scale": ["query.health/query.max_health*1", 1, 1]
				},
				"bar_black": {
					"scale": ["(1)+(query.health/query.max_health*-1)", 1, 1]
				}
			}
        }
	}
}