{
	"format_version": "1.8.0",
	"animations": {
		"animation.combusken.quiet": {
			"loop": true,
			"animation_length": 1.6,
			"bones": {
				"head": {
					"position": {
						"0.0": [0, 0, 0],
						"0.8": [0, -0.5, -3],
						"1.6": [0, 0, 0]
					}
				},
				"body": {
					"rotation": {
						"0.0": [0, 0, 0],
						"0.8": [10, 0, 0],
						"1.6": [0, 0, 0]
					}
				},
				"arms": {
					"rotation": {
						"0.0": [-10, 0, 0],
						"1.0": [-15, 0, 0],
						"1.6": [-10, 0, 0]
					},
					"position": {
						"0.0": [0, 0, 0],
						"0.8": [0, 0, -2],
						"1.6": [0, 0, 0]
					}
				},
				"right_leg": {
					"rotation": [0, 10, 0]
				},
				"left_leg": {
					"rotation": [0, -10, 0]
				}
			}
		},
		"animation.combusken.walk": {
			"loop": true,
			"animation_length": 0.8,
			"bones": {
				"combusken": {
					"position": {
						"0.0": [0, 1, 0],
						"0.2": [0, 0, 0],
						"0.4": [0, 1, 0],
						"0.6": [0, 0, 0],
						"0.8": [0, 1, 0]
					}
				},
				"body_root": {
					"rotation": {
						"0.0": [0, -15, -5],
						"0.4": [0, 15, 5],
						"0.8": [0, -15, -5]
					}
				},
				"right_arm": {
					"rotation": {
						"0.0": [0, -40, 0],
						"0.4": [0, 20, 0],
						"0.8": [0, -40, 0]
					}
				},
				"left_arm": {
					"rotation": {
						"0.0": [0, -20, 0],
						"0.4": [0, 40, 0],
						"0.8": [0, -20, 0]
					}
				},
				"right_leg": {
					"rotation": {
						"0.0": [30, 0, 0],
						"0.4": [-65, 0, 0],
						"0.8": [30, 0, 0]
					},
					"position": {
						"0.0": [0, 0, 1],
						"0.4": [0, 0, -2],
						"0.8": [0, 0, 1]
					}
				},
				"left_leg": {
					"rotation": {
						"0.0": [-65, 0, 0],
						"0.4": [30, 0, 0],
						"0.8": [-65, 0, 0]
					},
					"position": {
						"0.0": [0, 0, -2],
						"0.4": [0, 0, 1],
						"0.8": [0, 0, -2]
					}
				}
			}
		},
		"animation.combusken.sitting": {
			"loop": true,
			"bones": {
				"combusken": {
					"position": [0, -8, 0]
				},
				"arms": {
					"rotation": [5, 0, 0]
				},
				"right_arm": {
					"rotation": [40, -50, 0]
				},
				"left_arm": {
					"rotation": [40, 50, 0]
				},
				"legs": {
					"rotation": [-80, 0, 0]
				}
			}
		},
		"animation.combusken.jump": {
			"loop": true,
			"bones": {
				"head": {
					"position": [0, -0.5, -3]
				},
				"body": {
					"rotation": [10, 0, 0]
				},
				"arms": {
					"position": [0, -1, -2]
				},
				"right_arm": {
					"rotation": [0, 15, 35]
				},
				"left_arm": {
					"rotation": [0, -15, -30]
				},
				"right_leg": {
					"rotation": [-65, 15, -10]
				},
				"left_leg": {
					"rotation": [-65, -15, 10]
				}
			}
		},
		"animation.combusken.attack": {
			"loop": true,
			"animation_length": 0.1,
			"bones": {
				"head": {
					"position": [0, -2, -7]
				},
				"body": {
					"rotation": [25, 0, 0]
				},
				"arms": {
					"position": [0, -1, -5]
				},
				"right_arm": {
					"rotation": [0, -70, 55],
					"position": [0, -1, 0]
				},
				"left_arm": {
					"rotation": [10, -50, -15],
					"position": [0, -1, 0]
				},
				"right_leg": {
					"rotation": [40, 0, 15]
				},
				"left_leg": {
					"rotation": [0, -35, 0]
				}
			}
		},
		"animation.combusken.swimming": {
			"loop": true,
			"animation_length": 0.6,
			"bones": {
				"combusken": {
					"position": {
						"0.0": [0, -2, 0],
						"0.3": [0, -1, 0],
						"0.6": [0, -2, 0]
					}
				},
				"right_arm": {
					"rotation": {
						"0.0": [0, 0, 55],
						"0.2": [0, -60, 55],
						"0.6": [0, 0, 55]
					}
				},
				"left_arm": {
					"rotation": {
						"0.0": [0, 0, -55],
						"0.2": [0, 60, -55],
						"0.6": [0, 0, -55]
					}
				},
				"right_leg": {
					"rotation": {
						"0.0": [-45, 0, 0],
						"0.3": [45, 0, 0],
						"0.6": [-45, 0, 0]
					}
				},
				"left_leg": {
					"rotation": {
						"0.0": [45, 0, 0],
						"0.3": [-45, 0, 0],
						"0.6": [45, 0, 0]
					}
				}
			}
		},
        "animation.combusken.health_bar":{
            "loop":true,
            "bones":{
                "health_hover":{
    "rotation":["q.camera_rotation(0)","q.camera_rotation(1)-q.body_y_rotation",0],
	"position": [0,41,0],
    "scale":"query.is_in_ui?0:1.5"
                },
				"bar_green": {
					"scale": ["query.health/query.max_health*1", 1, 1]
				},
				"bar_black": {
					"scale": ["(1)+(query.health/query.max_health*-1)", 1, 1]
				}
			}
        }
	}
}