{
	"format_version": "1.8.0",
	"animations": {
		"animation.blaziken.quiet": {
			"loop": true,
			"animation_length": 0.8,
			"bones": {
				"blaziken": {
					"position": [0, -3, 0]
				},
				"head": {
					"position": {
						"0.0": [0, -1, -3],
						"0.4": [0, -2, -5],
						"0.8": [0, -1, -3]
					}
				},
				"body": {
					"rotation": {
						"0.0": [10, 0, 0],
						"0.4": [20, 0, 0],
						"0.8": [10, 0, 0]
					}
				},
				"arms": {
					"rotation": {
						"0.0": [0, 0, 0],
						"0.3": [-10, 0, 0],
						"0.8": [0, 0, 0]
					},
					"position": {
						"0.0": [0, 0, -2],
						"0.4": [0, -1, -4],
						"0.8": [0, 0, -2]
					}
				},
				"right_leg": {
					"rotation": [-35, 30, 0]
				},
				"right_foot": {
					"rotation": [35, 0, 0]
				},
				"left_leg": {
					"rotation": [-35, -30, 0]
				},
				"left_foot": {
					"rotation": [35, 0, 0]
				}
			}
		},
		"animation.blaziken.walk": {
			"loop": true,
			"animation_length": 0.8,
			"bones": {
				"blaziken": {
					"position": {
						"0.0": [0, -2, 0],
						"0.2": [0, 0, 0],
						"0.4": [0, -2, 0],
						"0.6": [0, 0, 0],
						"0.8": [0, -2, 0]
					}
				},
				"body_root": {
					"rotation": {
						"0.0": [0, 0, 0],
						"0.2": [10, 0, 0],
						"0.4": [0, 0, 0],
						"0.6": [10, 0, 0],
						"0.8": [0, 0, 0]
					}
				},
				"head": {
					"position": [0, -2, -4]
				},
				"body": {
					"rotation": [15, 0, 0]
				},
				"arms": {
					"position": [0, -1, -2]
				},
				"right_arm": {
					"rotation": {
						"0.0": [0, 60, -15],
						"0.4": [0, -60, -15],
						"0.8": [0, 60, -15]
					}
				},
				"right_leg": {
					"rotation": {
						"0.0": [-45, 0, 0],
						"0.4": [35, 0, 0],
						"0.8": [-45, 0, 0]
					}
				},
				"right_foot": {
					"rotation": {
						"0.0": [60, 0, 0],
						"0.3": [0, 0, 0],
						"0.8": [60, 0, 0]
					}
				},
				"left_leg": {
					"rotation": {
						"0.0": [35, 0, 0],
						"0.4": [-45, 0, 0],
						"0.8": [35, 0, 0]
					}
				},
				"left_foot": {
					"rotation": {
						"0.0": [0, 0, 0],
						"0.3": [60, 0, 0],
						"0.8": [0, 0, 0]
					}
				},
				"right_hand": {
					"rotation": [0, -15, 0]
				},
				"left_arm": {
					"rotation": {
						"0.0": [0, 60, 15],
						"0.4": [0, -60, 15],
						"0.8": [0, 60, 15]
					}
				},
				"left_hand": {
					"rotation": [0, 15, 0]
				}
			}
		},
		"animation.blaziken.sitting": {
			"loop": true,
			"bones": {
				"blaziken": {
					"position": [0, -19, 5]
				},
				"legs": {
					"rotation": [-100, 0, 0]
				},
				"right_leg": {
					"rotation": [-10, 45, 15]
				},
				"right_foot": {
					"rotation": [60, 0, 0]
				},
				"left_leg": {
					"rotation": [-10, -45, -15]
				},
				"left_foot": {
					"rotation": [60, 0, 0]
				},
				"arms": {
					"rotation": [20, 0, 0],
					"position": [0, 1, 0]
				},
				"right_arm": {
					"rotation": [-10, -40, 10]
				},
				"right_hand": {
					"rotation": [0, -25, 0]
				},
				"left_arm": {
					"rotation": [-10, 40, -10]
				},
				"left_hand": {
					"rotation": [0, 25, 0]
				}
			}
		},
		"animation.blaziken.jump": {
			"loop": true,
			"bones": {
				"right_arm": {
					"rotation": [0, 20, -15]
				},
				"right_leg": {
					"rotation": [15, 0, 0]
				},
				"left_leg": {
					"rotation": [-55, 0, 0]
				},
				"left_foot": {
					"rotation": [70, 0, 0]
				},
				"right_hand": {
					"rotation": [0, 45, 0]
				},
				"left_arm": {
					"rotation": [0, -20, 15]
				},
				"left_hand": {
					"rotation": [0, -45, 0]
				}
			}
		},
		"animation.blaziken.attack": {
			"loop": true,
			"bones": {
				"body": {
					"rotation": [0, 25, 0]
				},
				"right_arm": {
					"rotation": [0, 55, 0],
					"position": [0, 0, 2]
				},
				"right_leg": {
					"rotation": [-80, 50, 0],
					"position": [-1, 0, 2]
				},
				"right_foot": {
					"rotation": [70, 0, 0]
				},
				"left_leg": {
					"rotation": [0, 0, 0],
					"position": [-1, 0, -1]
				},
				"left_foot": {
					"rotation": [0, 0, 0]
				},
				"left_arm": {
					"rotation": [0, 35, 0],
					"position": [-1, 0, -2]
				},
				"left_hand": {
					"rotation": [0, 30, 0]
				}
			}
		},
		"animation.blaziken.swimming": {
			"loop": true,
			"animation_length": 0.6,
			"bones": {
				"blaziken": {
					"position": {
						"0.0": [0, -5, 0],
						"0.3": [0, -4, 0],
						"0.6": [0, -5, 0]
					}
				},
				"right_arm": {
					"rotation": {
						"0.0": [0, 0, 45],
						"0.2": [0, -25, 45],
						"0.6": [0, 0, 45]
					}
				},
				"right_leg": {
					"rotation": {
						"0.0": [-30, 0, 0],
						"0.3": [30, 0, 0],
						"0.6": [-30, 0, 0]
					}
				},
				"left_leg": {
					"rotation": {
						"0.0": [30, 0, 0],
						"0.3": [-30, 0, 0],
						"0.6": [30, 0, 0]
					}
				},
				"left_arm": {
					"rotation": {
						"0.0": [0, 0, -45],
						"0.2": [0, 25, -45],
						"0.6": [0, 0, -45]
					}
				}
			}
		},
		"animation.blaziken.health_bar": {
			"loop": true,
			"bones": {
				"health_hover": {
					"rotation": ["q.camera_rotation(0)", "q.camera_rotation(1)-q.body_y_rotation", 0],
					"position": [0, 42, 0],
					"scale": "query.is_in_ui?0:1.5"
				},
				"bar_green": {
					"scale": ["query.health/query.max_health*1", 1, 1]
				},
				"bar_black": {
					"scale": ["(1)+(query.health/query.max_health*-1)", 1, 1]
				}
			}
		},
		"animation.blaziken.health_bar_mega": {
			"loop": true,
			"bones": {
				"health_hover": {
					"rotation": ["q.camera_rotation(0)", "q.camera_rotation(1)-q.body_y_rotation", 0],
					"position": [0, 44, 0],
					"scale": "query.is_in_ui?0:1.5"
				},
				"bar_green": {
					"scale": ["query.health/query.max_health*1", 1, 1]
				},
				"bar_black": {
					"scale": ["(1)+(query.health/query.max_health*-1)", 1, 1]
				}
			}
		}
	}
}