{
	"format_version": "1.12.0",
	"minecraft:geometry": [
		{
			"description": {
				"identifier": "geometry.serppc_box",
				"texture_width": 96,
				"texture_height": 96,
				"visible_bounds_width": 3,
				"visible_bounds_height": 3.5,
				"visible_bounds_offset": [0, 1.25, 0]
			},
			"bones": [
				{
					"name": "pc",
					"pivot": [0, 0, 0]
				},
				{
					"name": "base",
					"parent": "pc",
					"pivot": [0, 0, 0],
					"cubes": [
						{"origin": [-6, 0, -3], "size": [12, 17, 11], "uv": [0, 0]},
						{"origin": [-8, 17, -5], "size": [16, 2, 8], "uv": [36, 0]},
						{"origin": [-8, 28, -5], "size": [16, 2, 8], "uv": [36, 0]},
						{"origin": [-8, 19, -5], "size": [2, 9, 8], "uv": [0, 59]},
						{"origin": [6, 19, -5], "size": [2, 9, 8], "uv": [0, 59], "mirror": true},
						{"origin": [-6, 19, -4], "size": [12, 9, 0], "uv": [63, 40]},
						{"origin": [-3, 17, 3], "size": [6, 2, 3], "uv": [77, 0]},
						{"origin": [-5, 19, 3], "size": [10, 9, 5], "uv": [47, 11]},
						{"origin": [3, 19, 2], "size": [2, 9, 6], "pivot": [5, 24, 8], "rotation": [0, -20, 0], "uv": [49, 68]},
						{"origin": [-5, 19, 2], "size": [2, 9, 6], "pivot": [-5, 24, 8], "rotation": [0, 20, 0], "uv": [49, 68], "mirror": true},
						{"origin": [-6, 0, -8], "size": [12, 13, 5], "uv": [0, 40]},
						{"origin": [-8, 13, -8], "size": [16, 6, 2], "pivot": [0, 13, -8], "rotation": [-60, 0, 0], "uv": [54, 26]},
						{"origin": [-8, 11, -8], "size": [16, 2, 2], "uv": [54, 35]},
						{"origin": [-8, 0, -3], "size": [2, 17, 9], "uv": [26, 50]},
						{"origin": [6, 0, -3], "size": [2, 17, 9], "uv": [26, 50]},
						{"origin": [6, 0, -6], "size": [2, 14, 3], "uv": [18, 74]},
						{"origin": [-8, 0, -6], "size": [2, 14, 3], "uv": [18, 74]},
						{"origin": [6, 0, 6], "size": [2, 17, 2.83], "pivot": [8, 5, 6], "rotation": [0, -45, 0], "uv": [0, 77]},
						{"origin": [-8, 0, 6], "size": [2, 17, 2.83], "pivot": [-8, 5, 6], "rotation": [0, 45, 0], "uv": [0, 77]},
						{"origin": [-8, 0, -8.83], "size": [2, 13, 2.83], "pivot": [-8, 5, -6], "rotation": [0, -45, 0], "uv": [29, 77]},
						{"origin": [6, 0, -8.83], "size": [2, 13, 2.83], "pivot": [8, 5, -6], "rotation": [0, 45, 0], "uv": [29, 77]}
					]
				}
			]
		}
	]
}