{
	"format_version": "1.12.0",
	"minecraft:geometry": [
		{
			"description": {
				"identifier": "geometry.serphealer",
				"texture_width": 176,
				"texture_height": 176,
				"visible_bounds_width": 4,
				"visible_bounds_height": 3.5,
				"visible_bounds_offset": [0, 1.25, 0]
			},
			"bones": [
				{
					"name": "healer",
					"pivot": [0, 0, 0]
				},
				{
					"name": "machine",
					"parent": "healer",
					"pivot": [0, 0, 0],
					"cubes": [
						{"origin": [-12, 0, -13], "size": [24, 12, 29], "uv": [0, 0]},
						{"origin": [-16, 0, -13.05], "size": [9, 12, 0], "uv": [0, 0]},
						{"origin": [7, 0, -13.05], "size": [9, 12, 0], "uv": [0, 0], "mirror": true},
						{"origin": [-7, 0, -16], "size": [14, 10, 3], "uv": [78, 125]},
						{"origin": [-7, 8.8508, -16.37357], "size": [14, 1, 3], "inflate": 0.02, "uv": [70, 86]},
						{"origin": [-7, 9.8508, -16.37357], "size": [14, 4, 3], "pivot": [-5, 9.8508, -16.37357], "rotation": [-57.5, 0, 0], "uv": [113, 125]},
						{"origin": [-10, 15, -13], "size": [20, 4, 4], "uv": [29, 125]},
						{"origin": [-10, 15, 11], "size": [20, 4, 5], "uv": [108, 55]},
						{"origin": [-8, 19, 12.5], "size": [16, 3, 2], "uv": [108, 65]},
						{"origin": [-8, 19, 12.45], "size": [16, 5, 0], "uv": [113, 133]},
						{"origin": [-8, 22, 12.5], "size": [1, 1.41, 2], "pivot": [-8, 22, 14], "rotation": [0, 0, 45], "uv": [19, 4]},
						{"origin": [7, 22, 12.5], "size": [1, 1.41, 2], "pivot": [8, 22, 14], "rotation": [0, 0, -45], "uv": [19, 0]},
						{"origin": [-7, 22, 12.5], "size": [14, 1, 2], "uv": [78, 25]},
						{"origin": [-4, 23, 12.5], "size": [8, 1, 2], "uv": [0, 13]},
						{"origin": [-7.16, 23, 12.5], "size": [3.16, 1, 2], "pivot": [-4, 24, 12], "rotation": [0, 0, -18.45], "uv": [11, 17]},
						{"origin": [4, 23, 12.5], "size": [3.16, 1, 2], "pivot": [4, 24, 12], "rotation": [0, 0, 18.45], "uv": [0, 17]},
						{"origin": [-6, 18, -9], "size": [11, 0, 20], "uv": [108, 34]},
						{"origin": [5, 15, -9], "size": [5, 4, 20], "uv": [78, 0]},
						{"origin": [-10, 15, -9], "size": [5, 4, 20], "uv": [78, 0], "mirror": true},
						{"origin": [-10, 15, -13], "size": [1, 4, 29], "pivot": [-10, 19, 0], "rotation": [0, 0, 20], "uv": [107, 0]},
						{"origin": [-10, 15, -13], "size": [1, 4, 29], "pivot": [-10, 19, 0], "rotation": [0, 0, 10], "uv": [70, 91]},
						{"origin": [9, 15, -13], "size": [1, 4, 29], "pivot": [10, 19, 0], "rotation": [0, 0, -10], "uv": [38, 86]},
						{"origin": [9, 15, -13], "size": [1, 4, 29], "pivot": [10, 19, 0], "rotation": [0, 0, -20], "uv": [102, 86]},
						{"origin": [-11, 12, -12], "size": [22, 3, 27], "uv": [0, 42]},
						{"origin": [8, 0, -13], "size": [4, 12, 29], "pivot": [11.96472, 11.8637, 0], "rotation": [0, 0, -20], "uv": [0, 73]},
						{"origin": [-12, 0, -13], "size": [4, 12, 29], "pivot": [-11.96472, 11.8637, 0], "rotation": [0, 0, 20], "uv": [70, 44]}
					]
				}
			]
		},
		{
			"description": {
				"identifier": "geometry.serphealer_lights",
				"texture_width": 32,
				"texture_height": 32,
				"visible_bounds_width": 5,
				"visible_bounds_height": 3.5,
				"visible_bounds_offset": [0, 1.25, 0]
			},
			"bones": [
				{
					"name": "lights",
					"pivot": [2.5, 12, 2],
				"locators": {
		"ball": [2.5, 18, -0],
		"ball2": [-2.5, 18, -0],
		"ball3": [2.5, 18, 6.5],
		"ball4": [-2.5, 18, 6.5],
		"ball5": [2.5, 18, -8.5],
		"ball6": [-2.5, 18, -8.5]
					}
				},
				{
					"name": "1",
					"parent": "lights",
					"pivot": [2.5, 18, 1],
					"cubes": [
					{"origin": [0.5, 18, -1], "size": [4, 5, 4], "uv": [0, 0]}
					]
				},
				{
					"name": "2",
					"parent": "lights",
					"pivot": [-2.5, 18, 1],
					"cubes": [
					{"origin": [-4.5, 18, -1], "size": [4, 5, 4], "uv": [0, 0]}
					]
				},
				{
					"name": "3",
					"parent": "lights",
					"pivot": [2.5, 18, 8.5],
					"cubes": [
					{"origin": [0.5, 18, 6.5], "size": [4, 5, 4], "uv": [0, 0]}
					]
				},
				{
					"name": "4",
					"parent": "lights",
					"pivot": [-2.5, 18, 8.5],
					"cubes": [
					{"origin": [-4.5, 18, 6.5], "size": [4, 5, 4], "uv": [0, 0]}
					]
				},
				{
					"name": "5",
					"parent": "lights",
					"pivot": [2.5, 18, -6.5],
					"cubes": [
					{"origin": [0.5, 18, -8.5], "size": [4, 5, 4], "uv": [0, 0]}
					]
				},
				{
					"name": "6",
					"parent": "lights",
					"pivot": [-2.5, 18, -6.5],
					"cubes": [
					{"origin": [-4.5, 18, -8.5], "size": [4, 5, 4], "uv": [0, 0]}
					]
				}
			]
		},
		{
			"description": {
				"identifier": "geometry.serphealer_sparks",
				"texture_width": 128,
				"texture_height": 128,
				"visible_bounds_width": 5,
				"visible_bounds_height": 3.5,
				"visible_bounds_offset": [0, 1.25, 0]
			},
			"bones": [
				{
					"name": "healing_machine",
					"pivot": [0, 0, 0]
				}
			]
		}
	]
}