{
	"format_version": "1.12.0",
	"minecraft:geometry": [
		{
			"description": {
				"identifier": "geometry.serpjigglypuff",
				"texture_width": 128,
				"texture_height": 128,
				"visible_bounds_width": 3,
				"visible_bounds_height": 2.5,
				"visible_bounds_offset": [0, 0.75, 0]
			},
			"bones": [
				{
					"name": "jigglypuff",
					"pivot": [0, 5, 0]
				},
				{
				"name": "pokedex",
				"pivot": [0, 28, 0],
				"locators": {
		"pokedex": [0, 28, 0]
					}
				},
				{
					"name": "body",
					"parent": "jigglypuff",
					"pivot": [0, 5, 0],
					"cubes": [
						{"origin": [-5, 2, -5], "size": [10, 9, 10], "uv": [35, 35]},
						{"origin": [-5, 1, -4], "size": [10, 9, 8], "uv": [37, 38]},
						{"origin": [-6, 10, -1], "size": [4, 4, 0], "inflate": 0.01, "pivot": [-4, 10, 1], "rotation": [0, 0, -45], "uv": [0, 24]},
						{"origin": [2, 10, -1], "size": [4, 4, 0], "inflate": 0.01, "pivot": [4, 10, 1], "rotation": [0, 0, 45], "uv": [0, 6]},
						{"origin": [-3, 8, -5], "size": [6, 6, 0], "pivot": [0, 11, -5], "rotation": [-30, 0, 0], "uv": [0, 0]},
						{"origin": [-4, 2, 5], "size": [8, 9, 1], "uv": [38, 0]},
						{"origin": [5, 2, -4], "size": [1, 8, 8], "uv": [24, 43]},
						{"origin": [-6, 2, -4], "size": [1, 8, 8], "uv": [2, 37]},
						{"origin": [-4, 11, -4], "size": [8, 1, 9], "uv": [33, 31]},
						{"origin": [-4, 1, -4], "size": [8, 1, 9], "uv": [33, 31]}
					]
				},
				{
					"name": "arms",
					"parent": "jigglypuff",
					"pivot": [0, 7, 0]
				},
				{
					"name": "right_arm",
					"parent": "arms",
					"pivot": [-6, 7, 0],
					"cubes": [
						{"origin": [-11, 6, -1], "size": [5, 2, 2], "pivot": [-6, 8, 0], "rotation": [0, 0, -50], "uv": [12, 41]}
					]
				},
				{
					"name": "left_arm",
					"parent": "arms",
					"pivot": [6, 7, 0],
					"cubes": [
						{"origin": [6, 6, -1], "size": [5, 2, 2], "pivot": [6, 8, 0], "rotation": [0, 0, 50], "uv": [23, 35]}
					]
				},
				{
					"name": "legs",
					"parent": "jigglypuff",
					"pivot": [0, 7, 0]
				},
				{
					"name": "right_leg",
					"parent": "legs",
					"pivot": [0, 7, 0],
					"cubes": [
						{"origin": [-4.81908, 0, -4.02606], "size": [3, 1, 5], "pivot": [0, 7, 0], "rotation": [0, 20, 0], "uv": [12, 35]}
					]
				},
				{
					"name": "left_leg",
					"parent": "legs",
					"pivot": [0, 7, 0],
					"cubes": [
						{"origin": [2, 0, -3], "size": [3, 1, 5], "pivot": [3, 7, 0], "rotation": [0, -20, 0], "uv": [30, 24]}
					]
				}
			]
		},
		{
			"description": {
				"identifier": "geometry.serpjigglypuff_aura",
				"texture_width": 128,
				"texture_height": 128,
				"visible_bounds_width": 3,
				"visible_bounds_height": 2.5,
				"visible_bounds_offset": [0, 0.75, 0]
			},
			"bones": [
				{
					"name": "jigglypuff",
					"pivot": [0, 5, 0]
				},
				{
					"name": "body",
					"parent": "jigglypuff",
					"pivot": [0, 5, 0],
					"cubes": [
						{"origin": [-5, 2, -5], "size": [10, 9, 10], "inflate": 0.25, "uv": [35, 35]},
						{"origin": [-5, 1, -4], "size": [10, 9, 8], "inflate": 0.25, "uv": [37, 38]},
						{"origin": [-6, 10, -1], "size": [4, 4, 0], "inflate": 0.25, "pivot": [-4, 10, 1], "rotation": [0, 0, -45], "uv": [0, 24]},
						{"origin": [2, 10, -1], "size": [4, 4, 0], "inflate": 0.25, "pivot": [4, 10, 1], "rotation": [0, 0, 45], "uv": [0, 6]},
						{"origin": [-3, 8, -5], "size": [6, 6, 0], "inflate": 0.25, "pivot": [0, 11, -5], "rotation": [-30, 0, 0], "uv": [0, 0]},
						{"origin": [-4, 2, 5], "size": [8, 9, 1], "inflate": 0.25, "uv": [38, 0]},
						{"origin": [5, 2, -4], "size": [1, 8, 8], "inflate": 0.25, "uv": [24, 43]},
						{"origin": [-6, 2, -4], "size": [1, 8, 8], "inflate": 0.25, "uv": [2, 37]},
						{"origin": [-4, 11, -4], "size": [8, 1, 9], "inflate": 0.25, "uv": [33, 31]},
						{"origin": [-4, 1, -4], "size": [8, 1, 9], "inflate": 0.25, "uv": [33, 31]}
					]
				},
				{
					"name": "arms",
					"parent": "jigglypuff",
					"pivot": [0, 7, 0]
				},
				{
					"name": "right_arm",
					"parent": "arms",
					"pivot": [-6, 7, 0],
					"cubes": [
						{"origin": [-11, 6, -1], "size": [5, 2, 2], "inflate": 0.25, "pivot": [-6, 8, 0], "rotation": [0, 0, -50], "uv": [12, 41]}
					]
				},
				{
					"name": "left_arm",
					"parent": "arms",
					"pivot": [6, 7, 0],
					"cubes": [
						{"origin": [6, 6, -1], "size": [5, 2, 2], "inflate": 0.25, "pivot": [6, 8, 0], "rotation": [0, 0, 50], "uv": [23, 35]}
					]
				},
				{
					"name": "legs",
					"parent": "jigglypuff",
					"pivot": [0, 7, 0]
				},
				{
					"name": "right_leg",
					"parent": "legs",
					"pivot": [0, 7, 0],
					"cubes": [
						{"origin": [-4.81908, 0, -4.02606], "size": [3, 1, 5], "inflate": 0.25, "pivot": [0, 7, 0], "rotation": [0, 20, 0], "uv": [12, 35]}
					]
				},
				{
					"name": "left_leg",
					"parent": "legs",
					"pivot": [0, 7, 0],
					"cubes": [
						{"origin": [2, 0, -3], "size": [3, 1, 5], "inflate": 0.25, "pivot": [3, 7, 0], "rotation": [0, -20, 0], "uv": [30, 24]}
					]
				},
				{
					"name": "pokedex",
					"pivot": [0, 28, 0],
					"locators": {
						"pokedex": [0, 28, 0]
					}
				}
			]
		}
	]
}