{
	"format_version": "1.12.0",
	"minecraft:geometry": [
		{
			"description": {
				"identifier": "geometry.serpwigglytuff",
				"texture_width": 128,
				"texture_height": 128,
				"visible_bounds_width": 3,
				"visible_bounds_height": 3.5,
				"visible_bounds_offset": [0, 1.25, 0]
			},
			"bones": [
				{
					"name": "wigglytuff",
					"pivot": [0, 0, 0]
				},
				{
				"name": "pokedex",
				"pivot": [0, 31, -10],
				"locators": {
		"pokedex": [0, 31, -10]
					}
				},
				{
					"name": "body",
					"parent": "wigglytuff",
					"pivot": [0, 0, 0],
					"cubes": [
						{"origin": [-5, 18, -5], "size": [10, 1, 10], "uv": [30, 30]},
						{"origin": [-5, 1, -5], "size": [10, 1, 10], "uv": [0, 28]},
						{"origin": [-6, 2, -6], "size": [12, 16, 12], "uv": [0, 0]},
						{"origin": [-6, 18, -2], "size": [4, 10, 0], "inflate": 0.01, "pivot": [-2, 18, 0], "rotation": [0, 0, -32.5], "uv": [0, 28]},
						{"origin": [2, 18, -2], "size": [4, 10, 0], "inflate": 0.01, "pivot": [2, 18, 0], "rotation": [0, 0, 32.5], "uv": [0, 0]},
						{"origin": [-3, 14, -6.5], "size": [6, 6, 0], "pivot": [0, 18, -5], "rotation": [-22.5, 0, 0], "uv": [53, 19]},
						{"origin": [-5, 3, 6], "size": [10, 14, 1], "uv": [48, 0]},
						{"origin": [-5, 3, -7], "size": [10, 14, 1], "uv": [44, 44]},
						{"origin": [6, 3, -5], "size": [1, 14, 10], "uv": [22, 41]},
						{"origin": [-7, 3, -5], "size": [1, 14, 10], "uv": [0, 39]}
					]
				},
				{
					"name": "arms",
					"parent": "body",
					"pivot": [0, 12, -4],
					"cubes": [
						{"origin": [-7, 9, -10], "size": [3, 3, 5], "pivot": [-4, 12, -5], "rotation": [40, 27.5, 0], "uv": [60, 25]},
						{"origin": [4, 9, -10], "size": [3, 3, 5], "pivot": [4, 12, -5], "rotation": [40, -27.5, 0], "uv": [54, 59]}
					]
				},
				{
					"name": "legs",
					"parent": "wigglytuff",
					"pivot": [0, 8, 0]
				},
				{
					"name": "right_leg",
					"parent": "legs",
					"pivot": [-5, 8, 0],
					"cubes": [
						{"origin": [-5, 0, -7], "size": [3, 1, 7], "pivot": [-3, 0, -2], "rotation": [0, 15, 0], "uv": [0, 49]}
					]
				},
				{
					"name": "left_leg",
					"parent": "legs",
					"pivot": [5, 8, 0],
					"cubes": [
						{"origin": [2, 0, -7], "size": [3, 1, 7], "pivot": [3, 0, -2], "rotation": [0, -15, 0], "uv": [0, 49]}
					]
				}
			]
		},
		{
			"description": {
				"identifier": "geometry.serpwigglytuff_aura",
				"texture_width": 128,
				"texture_height": 128,
				"visible_bounds_width": 3,
				"visible_bounds_height": 3.5,
				"visible_bounds_offset": [0, 1.25, 0]
			},
			"bones": [
				{
					"name": "wigglytuff",
					"pivot": [0, 0, 0]
				},
				{
					"name": "body",
					"parent": "wigglytuff",
					"pivot": [0, 0, 0],
					"cubes": [
						{"origin": [-5, 18, -5], "size": [10, 1, 10], "inflate": 0.25, "uv": [30, 30]},
						{"origin": [-5, 1, -5], "size": [10, 1, 10], "inflate": 0.25, "uv": [0, 28]},
						{"origin": [-6, 2, -6], "size": [12, 16, 12], "inflate": 0.25, "uv": [0, 0]},
						{"origin": [-6, 18, -2], "size": [4, 10, 0], "inflate": 0.25, "pivot": [-2, 18, 0], "rotation": [0, 0, -32.5], "uv": [0, 28]},
						{"origin": [2, 18, -2], "size": [4, 10, 0], "inflate": 0.25, "pivot": [2, 18, 0], "rotation": [0, 0, 32.5], "uv": [0, 0]},
						{"origin": [-3, 14, -6.5], "size": [6, 6, 0], "inflate": 0.25, "pivot": [0, 18, -5], "rotation": [-22.5, 0, 0], "uv": [53, 19]},
						{"origin": [-5, 3, 6], "size": [10, 14, 1], "inflate": 0.25, "uv": [48, 0]},
						{"origin": [-5, 3, -7], "size": [10, 14, 1], "inflate": 0.25, "uv": [44, 44]},
						{"origin": [6, 3, -5], "size": [1, 14, 10], "inflate": 0.25, "uv": [22, 41]},
						{"origin": [-7, 3, -5], "size": [1, 14, 10], "inflate": 0.25, "uv": [0, 39]}
					]
				},
				{
					"name": "arms",
					"parent": "body",
					"pivot": [0, 12, -4],
					"cubes": [
						{"origin": [-7, 9, -10], "size": [3, 3, 5], "inflate": 0.25, "pivot": [-4, 12, -5], "rotation": [40, 27.5, 0], "uv": [60, 25]},
						{"origin": [4, 9, -10], "size": [3, 3, 5], "inflate": 0.25, "pivot": [4, 12, -5], "rotation": [40, -27.5, 0], "uv": [54, 59]}
					]
				},
				{
					"name": "legs",
					"parent": "wigglytuff",
					"pivot": [0, 8, 0]
				},
				{
					"name": "right_leg",
					"parent": "legs",
					"pivot": [-5, 8, 0],
					"cubes": [
						{"origin": [-5, 0, -7], "size": [3, 1, 7], "inflate": 0.25, "pivot": [-3, 0, -2], "rotation": [0, 15, 0], "uv": [0, 49]}
					]
				},
				{
					"name": "left_leg",
					"parent": "legs",
					"pivot": [5, 8, 0],
					"cubes": [
						{"origin": [2, 0, -7], "size": [3, 1, 7], "inflate": 0.25, "pivot": [3, 0, -2], "rotation": [0, -15, 0], "uv": [0, 49]}
					]
				},
				{
					"name": "pokedex",
					"pivot": [0, 31, -10],
					"locators": {
						"pokedex": [0, 31, -10]
					}
				}
			]
		}
	]
}