{
	"format_version": "1.8.0",
	"animations": {
		"animation.rapidash.quiet": {
			"loop": true,
			"animation_length": 1.6,
			"bones": {
				"head": {
					"rotation": {
						"0.0": [0, 0, 0],
						"0.8": [10, 0, 0],
						"1.6": [0, 0, 0]
					},
					"position": {
						"0.0": [0, 0, 0],
						"0.8": [0, -1, 0],
						"1.6": [0, 0, 0]
					}
				},
				"hair": {
			"position": [-1.5, -1, 0],
			"rotation": [-40, 0, 0]
				},
				"body": {
					"rotation": {
						"0.0": [0, 0, 0],
						"0.8": [5, 0, 0],
						"1.6": [0, 0, 0]
					}
				},
				"tail": {
					"rotation": [-55, 0, 0]
				}
			}
		},
		"animation.rapidash.walk": {
			"loop": true,
			"animation_length": 0.8,
			"bones": {
				"right_front_leg": {
					"rotation": {
						"0.0": [-60, 0, 0],
						"0.2": [30, 0, 0],
						"0.6": [0, 0, 0],
						"0.8": [-60, 0, 0]
					}
				},
				"right_front_paw": {
					"rotation": {
						"0.0": [0, 0, 0],
						"0.2": [45, 0, 0],
						"0.6": [0, 0, 0],
						"0.8": [0, 0, 0]
					}
				},
				"left_front_leg": {
					"rotation": {
						"0.0": [0, 0, 0],
						"0.2": [-60, 0, 0],
						"0.4": [30, 0, 0],
						"0.8": [0, 0, 0]
					}
				},
				"left_front_paw": {
					"rotation": {
						"0.0": [0, 0, 0],
						"0.2": [0, 0, 0],
						"0.4": [45, 0, 0],
						"0.8": [0, 0, 0]
					}
				},
				"right_back_leg": {
					"rotation": {
						"0.0": [-50, 0, 0],
						"0.2": [20, 0, 0],
						"0.8": [-50, 0, 0]
					}
				},
				"right_back_paw": {
					"rotation": {
						"0.0": [15, 0, 0],
						"0.2": [-25, 0, 0],
						"0.4": [-25, 0, 0],
						"0.8": [15, 0, 0]
					}
				},
				"left_back_leg": {
					"rotation": {
						"0.0": [-50, 0, 0],
						"0.4": [20, 0, 0],
						"0.8": [-50, 0, 0]
					}
				},
				"left_back_paw": {
					"rotation": {
						"0.0": [-25, 0, 0],
						"0.2": [15, 0, 0],
						"0.4": [-25, 0, 0],
						"0.8": [-25, 0, 0]
					}
				},
				"head": {
					"rotation": {
						"0.0": [0, 0, 0],
						"0.2": [30, 0, 0],
						"0.8": [0, 0, 0]
					},
					"position": {
						"0.0": [0, 0, 0],
						"0.2": [0, -2, 0],
						"0.4": [0, -2, -0.33],
						"0.8": [0, 0, 0]
					}
				},
				"body": {
					"position": {
						"0.0": [0, 0, 0],
						"0.4": [0, -2, 0],
						"0.8": [0, 0, 0]
					}
				}
			}
		},
		"animation.rapidash.sitting": {
			"loop": true,
			"bones": {
				"ponyta": {
					"position": [0, -7, 0]
				},
				"body": {
					"rotation": [-45, 0, 0],
					"position": [0, -7, -5]
				},
				"right_front_leg": {
					"scale": [1, 0.6, 1]
				},
				"left_front_leg": {
					"scale": [1, 0.6, 1]
				},
				"tail": {
					"rotation": [0, 50, 10],
					"position": [0, -10, 0]
				},
				"back_legs": {
					"rotation": [-90, 0, 0],
					"position": [0, -6, 0]
				},
				"right_back_leg": {
					"rotation": [0, 0, 15]
				},
				"left_back_leg": {
					"rotation": [0, 0, -15]
				}
			}
		},
		"animation.rapidash.jump": {
			"loop": true,
			"bones": {
				"head": {
					"position": [0, 4, 3]
				},
				"hair": {
					"position": [0, 0, -2]
				},
				"body": {
					"rotation": [-20, 0, 0]
				},
				"front_legs": {
					"rotation": [-85, 0, 0],
					"position": [0, 2, 0]
				},
				"right_front_paw": {
					"rotation": [35, 0, 0]
				},
				"left_front_paw": {
					"rotation": [35, 0, 0]
				},
				"tail": {
					"position": [0, -1, -1]
				},
				"back_legs": {
					"rotation": [30, 0, 0]
				}
			}
		},
		"animation.rapidash.attack": {
			"loop": true,
			"bones": {
				"body_root": {
					"rotation": [-35, 0, 0]
				},
				"right_front_leg": {
					"rotation": [-27.5, 0, 0]
				},
				"right_front_paw": {
					"rotation": [40, 0, 0]
				},
				"left_front_leg": {
					"rotation": [-112.5, 0, 0]
				},
				"left_front_paw": {
					"rotation": [65, 0, 0]
				}
			}
		},
		"animation.rapidash.swimming": {
			"loop": true,
			"animation_length": 0.8,
			"bones": {
				"body_root": {
					"rotation": [-20, 0, 0]
				},
				"right_front_leg": {
					"rotation": {
						"0.0": [0, 0, 0],
						"0.4167": [-45, 0, 0],
						"0.7917": [0, 0, 0]
					}
				},
				"right_front_paw": {
					"rotation": [45, 0, 0]
				},
				"left_front_leg": {
					"rotation": {
						"0.0": [-45, 0, 0],
						"0.4167": [0, 0, 0],
						"0.7917": [-45, 0, 0]
					}
				},
				"left_front_paw": {
					"rotation": [45, 0, 0]
				},
				"tail": {
					"rotation": [-45, 0, 0]
				},
				"right_back_leg": {
					"rotation": {
						"0.0": [0, 0, 0],
						"0.2083": [-45, 0, 0],
						"0.4167": [0, 0, 0],
						"0.5833": [-45, 0, 0],
						"0.7917": [0, 0, 0]
					}
				},
				"left_back_leg": {
					"rotation": {
						"0.0": [-45, 0, 0],
						"0.2083": [0, 0, 0],
						"0.4167": [-45, 0, 0],
						"0.5833": [0, 0, 0],
						"0.7917": [-45, 0, 0]
					}
				}
			}
		},
        "animation.rapidash.health_bar":{
            "loop":true,
            "bones":{
                "health_hover":{
    "rotation":["q.camera_rotation(0)","q.camera_rotation(1)-q.body_y_rotation",0],
	"position": [0,44,0],
    "scale":"query.is_in_ui?0:1.5"
                },
				"bar_green": {
					"scale": ["query.health/query.max_health*1", 1, 1]
				},
				"bar_black": {
					"scale": ["(1)+(query.health/query.max_health*-1)", 1, 1]
				}
			}
        }
	}
}