{
	"format_version": "1.10.0",
	"particle_effect": {
		"description": {
			"identifier": "serp:cynda_first_flame",
			"basic_render_parameters": {
				"material": "particles_alpha",
				"texture": "textures/particle/flames/cyndafire"
			}
		},
		"components": {
			"minecraft:emitter_local_space": {
				"position": true,
				"rotation": true
			},
			"minecraft:emitter_rate_steady": {
				"spawn_rate": 1000,
				"max_particles": 2000
			},
			"minecraft:emitter_lifetime_expression": {
				"activation_expression": 1
			},
			"minecraft:emitter_shape_point": {},
			"minecraft:particle_lifetime_expression": {
				"max_lifetime": "Math.random(0.1, 0.2)"
			},
			"minecraft:particle_initial_speed": 1,
			"minecraft:particle_motion_dynamic": {
				"linear_acceleration": [0, -10, 0]
			},
			"minecraft:particle_appearance_billboard": {
				"size": [0.06, 0.12],
				"facing_camera_mode": "lookat_xyz",
				"uv": {
					"texture_width": 4,
					"texture_height": 1,
					"flipbook": {
						"base_UV": [0, 0],
						"size_UV": [1, 1],
						"step_UV": [1, 0],
						"frames_per_second": 4,
						"max_frame": 4
					}
				}
			}
		}
	}
}