{
  "format_version":"1.8.0",
    "minecraft:spawn_rules":{
      "description":{
        "identifier":"serp:pokemon3",
        "population_control":"animal"
      },
      "conditions":[
      {
      "minecraft:spawns_on_surface":{},
      "minecraft:density_limit":{"surface":1},
      "minecraft:spawns_on_block_filter":["minecraft:grass"],
      "minecraft:herd":{"min_size":1,"max_size":2},
      "minecraft:permute_type":[
{"weight":10,"entity_type":"pokemon:p254"},
{"weight":30,"entity_type":"pokemon:p253"},
{"weight":60,"entity_type":"pokemon:p252"}
      ],
      "minecraft:delay_filter":{"min":3,"max":6,"identifier":"serp:despawn","spawn_chance":20},
      "minecraft:biome_filter":{"test":"has_biome_tag","value":"jungle"}
      },
      {
      "minecraft:spawns_on_surface":{},
      "minecraft:density_limit":{"surface":1},
      "minecraft:spawns_on_block_filter":["minecraft:grass","minecraft:sand"],
      "minecraft:herd":{"min_size":1,"max_size":2},
      "minecraft:permute_type":[
{"weight":10,"entity_type":"pokemon:p257"},
{"weight":30,"entity_type":"pokemon:p256"},
{"weight":60,"entity_type":"pokemon:p255"}
      ],
      "minecraft:delay_filter":{"min":3,"max":6,"identifier":"serp:despawn","spawn_chance":20},
      "minecraft:biome_filter":{"test":"has_biome_tag","value":"mesa"}
      },
      {
      "minecraft:spawns_on_surface":{},
      "minecraft:density_limit":{"surface":1},
      "minecraft:spawns_on_block_filter":["minecraft:grass"],
      "minecraft:herd":{"min_size":1,"max_size":2},
      "minecraft:permute_type":[
{"weight":10,"entity_type":"pokemon:p260"},
{"weight":30,"entity_type":"pokemon:p259"},
{"weight":60,"entity_type":"pokemon:p258"}
      ],
      "minecraft:delay_filter":{"min":3,"max":6,"identifier":"serp:despawn","spawn_chance":20},
      "minecraft:biome_filter":{"test":"has_biome_tag","value":"swamp"}
      },
      {
      "minecraft:spawns_on_surface":{},
      "minecraft:density_limit":{"surface":5},
      "minecraft:spawns_on_block_filter":["minecraft:grass","minecraft:sand","minecraft:snow_layer"],
      "minecraft:herd":{"min_size":3,"max_size":4},
      "minecraft:permute_type":[
{"weight":30,"entity_type":"pokemon:p262"},
{"weight":70,"entity_type":"pokemon:p261"}
      ],
      "minecraft:delay_filter":{"min":3,"max":6,"identifier":"serp:despawn","spawn_chance":80},
      "minecraft:biome_filter":{"test":"has_biome_tag","value":"monster"}
      },
      {
      "minecraft:spawns_on_surface":{},
      "minecraft:density_limit":{"surface":5},
      "minecraft:spawns_on_block_filter":["minecraft:grass","minecraft:sand","minecraft:snow_layer"],
      "minecraft:herd":{"min_size":3,"max_size":4},
      "minecraft:permute_type":[
{"weight":30,"entity_type":"pokemon:p264"},
{"weight":70,"entity_type":"pokemon:p263"}
      ],
      "minecraft:delay_filter":{"min":3,"max":6,"identifier":"serp:despawn","spawn_chance":80},
      "minecraft:biome_filter":{"test":"has_biome_tag","value":"monster"}
      },
      {
      "minecraft:spawns_on_surface":{},
      "minecraft:density_limit":{"surface":5},
      "minecraft:spawns_on_block_filter":["minecraft:grass"],
      "minecraft:herd":{"min_size":3,"max_size":4},
      "minecraft:permute_type":[
{"weight":15,"entity_type":"pokemon:p269"},
{"weight":15,"entity_type":"pokemon:p268"},
{"weight":20,"entity_type":"pokemon:p267"},
{"weight":20,"entity_type":"pokemon:p266"},
{"weight":30,"entity_type":"pokemon:p265"}
      ],
      "minecraft:delay_filter":{"min":3,"max":6,"identifier":"serp:despawn","spawn_chance":80},
      "minecraft:biome_filter":{"test":"has_biome_tag","value":"forest"}
      },
      {
      "minecraft:spawns_on_surface":{},
      "minecraft:density_limit":{"surface":3},
      "minecraft:spawns_on_block_filter":["minecraft:grass"],
      "minecraft:herd":{"min_size":3,"max_size":4},
      "minecraft:permute_type":[
{"weight":30,"entity_type":"pokemon:p271"},
{"weight":70,"entity_type":"pokemon:p270"}
      ],
      "minecraft:delay_filter":{"min":3,"max":6,"identifier":"serp:despawn","spawn_chance":60},
      "minecraft:biome_filter":{"all_of":[{"test":"has_biome_tag","value":"swamp"},{"test":"has_biome_tag","value":"river"}]}
      },
      {
      "minecraft:spawns_on_surface":{},
      "minecraft:density_limit":{"surface":3},
      "minecraft:spawns_on_block_filter":["minecraft:grass"],
      "minecraft:herd":{"min_size":3,"max_size":4},
      "minecraft:permute_type":[
{"weight":30,"entity_type":"pokemon:p274"},
{"weight":70,"entity_type":"pokemon:p273"}
      ],
      "minecraft:delay_filter":{"min":3,"max":6,"identifier":"serp:despawn","spawn_chance":60},
      "minecraft:biome_filter":{"all_of":[{"test":"has_biome_tag","value":"roofed"},{"test":"has_biome_tag","value":"forest"}]}
      }
    ]
  }
}