{
	"format_version": "1.8.0",
	"animations": {
		"animation.rocket.quiet": {
			"loop": true,
			"animation_length": 1.6,
			"bones": {
				"rightArm": {
					"rotation": {
						"0.0": [0, 0, 0],
						"0.8": [0, 0, 5],
						"1.6": [0, 0, 0]
					}
				},
				"leftArm": {
					"rotation": {
						"0.0": [0, 0, 0],
						"0.8": [0, 0, -5],
						"1.6": [0, 0, 0]
					}
				}
			}
		}, 
		"animation.rocket.walk": {
			"loop": true,
			"animation_length": 0.8,
			"bones": {
				"rightArm": {
					"rotation": {
						"0.0": [-60, 0, 0],
						"0.4": [60, 0, 0],
						"0.8": [-60, 0, 0]
					}
				},
				"leftArm": {
					"rotation": {
						"0.0": [60, 0, 0],
						"0.4": [-60, 0, 0],
						"0.8": [60, 0, 0]
					}
				},
				"rightLeg": {
					"rotation": {
						"0.0": [60, 0, 0],
						"0.4": [-60, 0, 0],
						"0.8": [60, 0, 0]
					}
				},
				"leftLeg": {
					"rotation": {
						"0.0": [-60, 0, 0],
						"0.4": [60, 0, 0],
						"0.8": [-60, 0, 0]
					}
				}
			}
		}
	}
}