{
	"format_version": "1.8.0",
	"animations": {
		"animation.npc.pre": {
			"loop": true,
			"animation_length": 0.8,
			"bones": {
				"body": {
					"rotation": [0, 20, 0]
				},
				"rightArm": {
					"rotation": {
						"0.0": [0, 0, 40],
						"0.4": [0, 0, 50],
						"0.8": [0, 0, 40]
					}
				},
				"rightLeg": {
					"rotation": [-30, 50, 0],
					"position": [-1, 0, 0]
				},
				"right_hand": {
					"rotation": [-35, 0, 0]
				},
				"right_foot": {
					"rotation": [30, 0, 0]
				},
				"leftLeg": {
					"rotation": [-30, 0, -10],
					"position": [0, 0, 0]
				},
				"leftArm": {
					"rotation": {
						"0.0": [0, 0, -40],
						"0.4": [0, 0, -50],
						"0.8": [0, 0, -40]
					}
				},
				"left_hand": {
					"rotation": [-35, 0, 0]
				},
				"left_foot": {
					"rotation": [30, 0, 0],
					"position": [0, 0, 0]
				},
				"rocket": {
					"position": [0, -2, 0]
				},
				"body_root": {
					"rotation": {
						"0.0": [10, 0, 0],
						"0.4": [15, 0, 0],
						"0.8": [10, 0, 0]
					}
				}
			}
		},
		"animation.npc.battle": {
			"loop": true,
			"animation_length": 0.8,
			"bones": {
				"head": {
					"rotation": [0, 15, 0]
				},
				"rightArm": {
					"rotation": {
						"0.0": [-90, 20, 0],
						"0.4": [-85, 20, 0],
						"0.8": [-90, 20, 0]
					}
				},
				"rightLeg": {
			"rotation": [0, 10, 0],
			"position": [0, 0, -0.5]
				},
				"leftArm": {
					"rotation": {
						"0.0": [0, 0, -25],
						"0.4": [0, 0, -20],
						"0.8": [0, 0, -25]
					}
				},
				"left_hand": {
					"rotation": [-30, 0, 0]
				},
				"leftLeg": {
			"rotation": [0, -20, 0],
			"position": [0, 0, 0.5]
				},
				"body_root": {
					"rotation": {
						"0.0": [0, -15, 0],
						"0.4": [0, -20, 0],
						"0.8": [0, -15, 0]
					}
				}
			}
		},
		"animation.npc.lose": {
			"loop": true,
			"animation_length": 0.8,
			"bones": {
				"head": {
					"rotation": [-10, 0, 0]
				},
				"arms": {
					"position": [0, 0, 0.5]
				},
				"rightArm": {
					"rotation": {
						"0.0": [0, -90, 40],
						"0.4": [0, -90, 45],
						"0.8": [0, -90, 40]
					}
				},
				"right_hand": {
					"rotation": [-65, 0, 0]
				},
				"leftArm": {
					"rotation": {
						"0.0": [0, 90, -40],
						"0.4": [0, 90, -45],
						"0.8": [0, 90, -40]
					}
				},
				"left_hand": {
					"rotation": [-65, 0, 0]
				},
				"body_root": {
					"rotation": [10, 0, 0]
				}
			}
		},
		"animation.npc.end": {
			"loop": true,
			"animation_length": 0.8,
			"bones": {
				"head": {
					"rotation": {
						"0.0": [0, 0, -15],
						"0.4": [0, 0, -10],
						"0.8": [0, 0, -15]
					}
				},
				"rightArm": {
					"rotation": {
						"0.0": [0, 90, 130],
						"0.2": [0, 75, 135],
						"0.4": [0, 90, 140],
						"0.6": [0, 75, 135],
						"0.8": [0, 90, 130]
					}
				},
				"right_hand": {
					"rotation": [-65, 0, 0]
				},
				"leftArm": {
					"rotation": {
						"0.0": [0, 0, -5],
						"0.4": [0, 0, -10],
						"0.8": [0, 0, -5]
					}
				}
			}
		},
		"animation.npc.finish": {
			"loop": true,
			"override_previous_animation": true,
			"bones": {
				"head": {
					"rotation": [25, 0, 0]
				},
				"rightArm": {
					"rotation": [0, -35, 15]
				},
				"right_hand": {
					"rotation": [-50, 0, 0]
				},
				"leftArm": {
					"rotation": [0, 35, -15]
				},
				"left_hand": {
					"rotation": [-50, 0, 0]
				},
				"arms": {
					"rotation": [-120, 0, 0]
				}
			}
		}
	}
}