{
"format_version":"1.8.0",
"render_controllers":{
"controller.render.evolve":{
"geometry":"Geometry.aura",
"part_visibility":[
{"saddle":"query.is_saddled"},
{"right_wing_quiet":"query.is_on_ground&&(!query.is_moving)&&(!query.is_sheared)"},
{"left_wing_quiet":"query.is_on_ground&&(!query.is_moving)&&(!query.is_sheared)"},
{"flying_wing_left":"(!query.is_on_ground)||query.is_moving||query.is_sheared"},
{"flying_wing_right":"(!query.is_on_ground)||query.is_moving||query.is_sheared"},
{"flying_wing_left_top":"(!query.is_on_ground)||query.is_moving||query.is_sheared"},
{"flying_wing_right_top":"(!query.is_on_ground)||query.is_moving||query.is_sheared"}
      ],
"materials":[{"*":"Material.aura"}],
"textures":["Texture.evo_aura"],
"uv_anim":{
"offset":["(query.variant == 1)?(Math.floor(query.life_time*20.0)+query.frame_alpha)*0.01:0.0",
"(query.variant == 1)?(Math.floor(query.life_time*20.0)+query.frame_alpha)*0.01:0.0"],"scale":[1.0,1.0]},
"light_color_multiplier":1,
"ignore_lighting":true
},
"controller.render.max":{
"geometry":"Geometry.aura",
"part_visibility":[
{"saddle":"query.is_saddled"},
{"right_wing_quiet":"query.is_on_ground&&(!query.is_moving)&&(!query.is_sheared)"},
{"left_wing_quiet":"query.is_on_ground&&(!query.is_moving)&&(!query.is_sheared)"},
{"flying_wing_left":"(!query.is_on_ground)||query.is_moving||query.is_sheared"},
{"flying_wing_right":"(!query.is_on_ground)||query.is_moving||query.is_sheared"},
{"flying_wing_left_top":"(!query.is_on_ground)||query.is_moving||query.is_sheared"},
{"flying_wing_right_top":"(!query.is_on_ground)||query.is_moving||query.is_sheared"}
      ],
"materials":[{"*":"Material.aura"}],
"textures":["Texture.max_aura"],
"uv_anim":{
"offset":["(query.variant == 4)?(Math.floor(query.life_time*20.0)+query.frame_alpha)*0.01:0.0",
"(query.variant == 4)?(Math.floor(query.life_time*20.0)+query.frame_alpha)*0.01:0.0"],"scale":[1.0,1.0]},
"light_color_multiplier":0.5,
"ignore_lighting":true
},
"controller.render.totem":{
"geometry":"Geometry.aura",
"part_visibility":[
{"saddle":"query.is_saddled"},
{"right_wing_quiet":"query.is_on_ground&&(!query.is_moving)&&(!query.is_sheared)"},
{"left_wing_quiet":"query.is_on_ground&&(!query.is_moving)&&(!query.is_sheared)"},
{"flying_wing_left":"(!query.is_on_ground)||query.is_moving||query.is_sheared"},
{"flying_wing_right":"(!query.is_on_ground)||query.is_moving||query.is_sheared"},
{"flying_wing_left_top":"(!query.is_on_ground)||query.is_moving||query.is_sheared"},
{"flying_wing_right_top":"(!query.is_on_ground)||query.is_moving||query.is_sheared"}
      ],
"materials":[{"*":"Material.aura"}],
"textures":["Texture.totem_aura"],
"uv_anim":{
"offset":["(query.variant == 5)?(Math.floor(query.life_time*20.0)+query.frame_alpha)*0.01:0.0",
"(query.variant == 5)?(Math.floor(query.life_time*20.0)+query.frame_alpha)*0.01:0.0"],"scale":[1.0,1.0]},
"light_color_multiplier":0.5,
"ignore_lighting":true
},
"controller.render.pokemon":{
"arrays":{
"textures":{
"Array.variants":["Texture.default","Texture.evolve","Texture.mega1","Texture.mega2","Texture.max","Texture.gmax_s","Texture.default","Texture.variant6"]},
"geometries":{
"Array.geos":["Geometry.default","Geometry.default","Geometry.mega1","Geometry.mega2","Geometry.max","Geometry.gmax","Geometry.default","Geometry.variant6"]}},
"materials":[{"*":"Material.default"}],
"textures":["Array.variants[query.variant]"],
"geometry":"Array.geos[query.variant]",
"part_visibility":[
{"saddle":"query.is_saddled"},
{"right_wing_quiet":"query.is_on_ground&&(!query.is_moving)&&(!query.is_sheared)"},
{"left_wing_quiet":"query.is_on_ground&&(!query.is_moving)&&(!query.is_sheared)"},
{"flying_wing_left":"(!query.is_on_ground)||query.is_moving||query.is_sheared"},
{"flying_wing_right":"(!query.is_on_ground)||query.is_moving||query.is_sheared"},
{"flying_wing_left_top":"(!query.is_on_ground)||query.is_moving||query.is_sheared"},
{"flying_wing_right_top":"(!query.is_on_ground)||query.is_moving||query.is_sheared"}
      ],
"is_hurt_color":{"r":0,"g":0,"b":0,"a":0.35},
"on_fire_color":{"r":0,"g":0,"b":0,"a":0.35}
    },
"controller.render.pokemons":{
"arrays":{
"textures":{
"Array.variants":["Texture.default_s","Texture.evolve","Texture.mega_s1","Texture.mega_s2","Texture.max_s","Texture.gmax_s","Texture.default_s","Texture.variant6"]},
"geometries":{
"Array.geos":["Geometry.default","Geometry.default","Geometry.mega1","Geometry.mega2","Geometry.max","Geometry.gmax","Geometry.default","Geometry.variant6"]}},
"materials":[{"*":"Material.default"}],
"textures":["Array.variants[query.variant]"],
"geometry":"Array.geos[query.variant]",
"part_visibility":[
{"saddle":"query.is_saddled"},
{"right_wing_quiet":"query.is_on_ground&&(!query.is_moving)&&(!query.is_sheared)"},
{"left_wing_quiet":"query.is_on_ground&&(!query.is_moving)&&(!query.is_sheared)"},
{"flying_wing_left":"(!query.is_on_ground)||query.is_moving||query.is_sheared"},
{"flying_wing_right":"(!query.is_on_ground)||query.is_moving||query.is_sheared"},
{"flying_wing_left_top":"(!query.is_on_ground)||query.is_moving||query.is_sheared"},
{"flying_wing_right_top":"(!query.is_on_ground)||query.is_moving||query.is_sheared"}
      ],
"is_hurt_color":{"r":0,"g":0,"b":0,"a":0.35},
"on_fire_color":{"r":0,"g":0,"b":0,"a":0.35}
    }
  }
}