{
  "pools": [
        {
            "rolls": 1,
            "entries": [
{"type":"item","name":"serp:fire_stone"},
{"type":"item","name":"serp:thunder_stone"},
{"type":"item","name":"serp:water_stone"},
{"type":"item","name":"serp:moon_stone"},
{"type":"item","name":"serp:leaf_stone"},
{"type":"item","name":"serp:sun_stone"},
{"type":"item","name":"serp:kings_rock"}
            ]
        },
        {
            "rolls": 1,
            "entries": [
{"type":"item","name":"minecraft:cobblestone"}
            ]
        }
    ]
}