{
	"format_version": "1.12.0",
	"minecraft:geometry": [
		{
			"description": {
				"identifier": "geometry.serppc_box",
				"texture_width": 96,
				"texture_height": 96,
				"visible_bounds_width": 3,
				"visible_bounds_height": 3.5,
				"visible_bounds_offset": [0, 1.25, 0]
			},
			"bones": [
				{
					"name": "PC",
					"pivot": [0, 0, 0],
					"cubes": [
						{"origin": [-8, 0, -4], "size": [16, 18, 9], "uv": [0, 0]},
						{"origin": [-1, 18, -0.5], "size": [2, 3, 2], "uv": [0, 0]},
						{"origin": [-8, 21, -2.5], "size": [16, 2, 6], "uv": [42, 0]},
						{"origin": [-9, 23, -1.5], "size": [18, 11, 7], "uv": [0, 28]},
						{"origin": [-10.82843, 23.82843, -2.5], "size": [2, 9.35, 6], "uv": [0, 68]},
						{"origin": [8.82843, 23.82843, -2.5], "size": [2, 9.35, 6], "uv": [0, 68]},
						{"origin": [-12, 21, -2.5], "size": [4, 2, 6], "pivot": [-8, 21, 0], "rotation": [0, 0, 45], "uv": [51, 9]},
						{"origin": [8, 21, -2.5], "size": [4, 2, 6], "pivot": [8, 21, 0], "rotation": [0, 0, -45], "uv": [51, 9]},
						{"origin": [-8, 34, -2.5], "size": [16, 2, 6], "uv": [42, 0]},
						{"origin": [-12, 34, -2.5], "size": [4, 2, 6], "pivot": [-8, 36, 0], "rotation": [0, 0, -45], "uv": [51, 9]},
						{"origin": [8, 34, -2.5], "size": [4, 2, 6], "pivot": [8, 36, 0], "rotation": [0, 0, 45], "uv": [51, 9]},
						{"origin": [-4, 0, -8], "size": [8, 17, 4], "uv": [27, 47]},
						{"origin": [-7, 17.05, -8], "size": [14, 0, 4], "uv": [48, 43]},
						{"origin": [-9, 0, -8], "size": [5, 17, 3], "pivot": [-4, 9, -8], "rotation": [0, 55, 0], "uv": [52, 48]},
						{"origin": [4, 0, -8], "size": [5, 17, 3], "pivot": [4, 9, -8], "rotation": [0, -55, 0], "uv": [52, 48]},
						{"origin": [-5, 0, 5], "size": [10, 17, 3], "uv": [0, 47]},
						{"origin": [5, 0, 7], "size": [4, 17, 1], "pivot": [5, 10, 8], "rotation": [0, 75, 0], "uv": [34, 69]},
						{"origin": [-9, 0, 7], "size": [4, 17, 1], "pivot": [-5, 10, 8], "rotation": [0, -75, 0], "uv": [34, 69]}
					]
				}
			]
		}
	]
}