{
	"format_version": "1.12.0",
	"minecraft:geometry": [
		{
			"description": {
				"identifier": "geometry.serpsandshrew",
				"texture_width": 80,
				"texture_height": 80,
				"visible_bounds_width": 3,
				"visible_bounds_height": 2.5,
				"visible_bounds_offset": [0, 0.75, 0]
			},
			"bones": [
				{
					"name": "sandshrew",
					"pivot": [0, 10, 0]
				},
				{
					"name": "head",
					"parent": "sandshrew",
					"pivot": [0, 15, -3],
					"cubes": [
						{"origin": [-3.5, 14, -6], "size": [7, 5, 6], "uv": [0, 20]},
						{"origin": [-4.5, 19.5, -4], "size": [3, 3, 0], "inflate": 0.01, "pivot": [-1, 19, -4], "rotation": [0, 0, -40], "uv": [0, 0]},
						{"origin": [1.5, 19.5, -4], "size": [3, 3, 0], "inflate": 0.01, "pivot": [1, 19, -4], "rotation": [0, 0, 40], "uv": [0, 0], "mirror": true},
						{"origin": [-1.5, 14, -8], "size": [3, 2, 2], "pivot": [0, 16, -6], "rotation": [45, 0, 0], "uv": [24, 0]},
						{"origin": [-3, 18.5, -5.5], "size": [6, 1, 5], "uv": [36, 29]},
						{"origin": [-3, 13.5, -5.5], "size": [6, 1, 5], "uv": [30, 22]},
						{"origin": [-3, 14.5, -6.5], "size": [6, 4, 1], "uv": [46, 46]},
						{"origin": [-3, 14.5, -0.5], "size": [6, 4, 1], "uv": [44, 12]},
						{"origin": [-4, 14.5, -5.5], "size": [1, 4, 5], "uv": [0, 45]},
						{"origin": [3, 14.5, -5.5], "size": [1, 4, 5], "uv": [0, 45], "mirror": true}
					]
				},
				{
					"name": "open_eyes",
					"parent": "head",
					"pivot": [0, 16, -7],
					"cubes": [
						{"origin": [-3.5, 15.5, -6.55], "size": [7, 2, 0], "uv": [0, 62]}
					]
				},
				{
					"name": "closed_eyes",
					"parent": "head",
					"pivot": [0, 16, -7],
					"cubes": [
						{"origin": [-3.5, 15.5, -6.55], "size": [7, 2, 0], "uv": [0, 65]}
					]
				},
				{
					"name": "angry_eyes",
					"parent": "head",
					"pivot": [0, 16, -7],
					"cubes": [
						{"origin": [-3.5, 15.5, -6.55], "size": [7, 2, 0], "uv": [0, 68]}
					]
				},
				{
					"name": "body",
					"parent": "sandshrew",
					"pivot": [0, 8, 2],
					"cubes": [
						{"origin": [-4, 2, -2], "size": [8, 12, 7], "uv": [0, 0]},
						{"origin": [-3, 14, -2], "size": [6, 1, 6], "uv": [25, 14]},
						{"origin": [-4.5, 2.5, -1.5], "size": [1, 11, 6], "uv": [21, 26]},
						{"origin": [3.5, 2.5, -1.5], "size": [1, 11, 6], "uv": [21, 26], "mirror": true},
						{"origin": [-3.5, 3, 5], "size": [7, 10, 1], "uv": [16, 44]},
						{"origin": [-3.5, 2.5, -2.5], "size": [7, 11, 1], "inflate": -0.02, "uv": [0, 32]}
					]
				},
				{
					"name": "tail",
					"parent": "body",
					"pivot": [0, 5.64769, 5.79186],
					"cubes": [
						{"origin": [-2, 2.64769, 3.79186], "size": [4, 4, 5], "pivot": [0, 4.64769, 3.79186], "rotation": [15, 0, 0], "uv": [36, 36]},
						{"origin": [-1.5, 4.63787, 8.14034], "size": [3, 3, 3], "pivot": [-0.5, 5.63787, 8.14034], "rotation": [27.5, 0, 0], "uv": [46, 52]},
						{"origin": [-1, 5.9929, 10.50869], "size": [2, 2, 3], "pivot": [-0.5, 5.9929, 9.50869], "rotation": [37.5, 0, 0], "uv": [54, 27]}
					]
				},
				{
					"name": "arms",
					"parent": "sandshrew",
					"pivot": [0, 13, 1.5]
				},
				{
					"name": "right_arm",
					"parent": "arms",
					"pivot": [-4, 13, 1.5],
					"rotation": [-40, 0, -25],
					"cubes": [
						{"origin": [-6.96593, 7.19827, -0.16637], "size": [3, 6, 3], "uv": [33, 46]},
						{"origin": [-6.96593, 6.19827, -0.16637], "size": [3, 1, 3], "uv": [50, 36]}
					]
				},
				{
					"name": "left_arm",
					"parent": "arms",
					"pivot": [4, 13, 1.5],
					"rotation": [-40, 0, 25],
					"cubes": [
						{"origin": [3.96593, 7.19827, -0.16637], "size": [3, 6, 3], "uv": [33, 46], "mirror": true},
						{"origin": [3.96593, 6.19827, -0.16637], "size": [3, 1, 3], "uv": [50, 36], "mirror": true}
					]
				},
				{
					"name": "legs",
					"parent": "sandshrew",
					"pivot": [0, 7, 1]
				},
				{
					"name": "right_leg",
					"parent": "legs",
					"pivot": [-4, 7, 1],
					"cubes": [
						{"origin": [-6, 0, 0], "size": [4, 6, 5], "pivot": [-6, 6, 4], "rotation": [-35, 0, 0], "uv": [31, 0]},
						{"origin": [-5.5, 0.5, -0.5], "size": [3, 5, 1], "pivot": [-6, 6, 4], "rotation": [-35, 0, 0], "uv": [0, 55]},
						{"origin": [-6.5, 0.5, 0.5], "size": [1, 5, 4], "pivot": [-6, 6, 4], "rotation": [-35, 0, 0], "uv": [50, 0]},
						{"origin": [-5.5, 5.5, 0.5], "size": [3, 1, 4], "pivot": [-6, 6, 4], "rotation": [-35, 0, 0], "uv": [48, 18]},
						{"origin": [-5.5, -0.5, 0.5], "size": [3, 1, 4], "pivot": [-6, 6, 4], "rotation": [-35, 0, 0], "uv": [48, 18]},
						{"origin": [-5.5, 0, 0], "size": [3, 1, 2], "uv": [55, 41]},
						{"origin": [-5.5, 0.99906, -2.99966], "size": [3, 0, 3], "pivot": [-4, 0.99906, 0.00034], "rotation": [20, 0, 0], "uv": [21, 22]}
					]
				},
				{
					"name": "left_leg",
					"parent": "legs",
					"pivot": [4, 7, 1],
					"cubes": [
						{"origin": [2, 0, 0], "size": [4, 6, 5], "pivot": [6, 6, 4], "rotation": [-35, 0, 0], "uv": [31, 0], "mirror": true},
						{"origin": [2.5, 0.5, -0.5], "size": [3, 5, 1], "pivot": [6, 6, 4], "rotation": [-35, 0, 0], "uv": [0, 55], "mirror": true},
						{"origin": [5.5, 0.5, 0.5], "size": [1, 5, 4], "pivot": [6, 6, 4], "rotation": [-35, 0, 0], "uv": [50, 0], "mirror": true},
						{"origin": [2.5, 5.5, 0.5], "size": [3, 1, 4], "pivot": [6, 6, 4], "rotation": [-35, 0, 0], "uv": [48, 18], "mirror": true},
						{"origin": [2.5, -0.5, 0.5], "size": [3, 1, 4], "pivot": [6, 6, 4], "rotation": [-35, 0, 0], "uv": [48, 18], "mirror": true},
						{"origin": [2.5, 0, 0], "size": [3, 1, 2], "uv": [55, 41], "mirror": true},
						{"origin": [2.5, 0.99906, -2.99966], "size": [3, 0, 3], "pivot": [4, 0.99906, 0.00034], "rotation": [20, 0, 0], "uv": [21, 22], "mirror": true}
					]
				},
				{
					"name": "pokedex",
					"pivot": [0, 32, 0],
					"locators": {
						"pokedex": [0, 32, 0]
					}
				}
			]
		},
		{
			"description": {
				"identifier": "geometry.serpsandshrew_aura",
				"texture_width": 80,
				"texture_height": 80,
				"visible_bounds_width": 3,
				"visible_bounds_height": 2.5,
				"visible_bounds_offset": [0, 0.75, 0]
			},
			"bones": [
				{
					"name": "sandshrew",
					"pivot": [0, 10, 0]
				},
				{
					"name": "head",
					"parent": "sandshrew",
					"pivot": [0, 15, -3],
					"cubes": [
						{"origin": [-3.5, 14, -6], "size": [7, 5, 6], "inflate": 0.25, "uv": [0, 20]},
						{"origin": [-4.5, 19.5, -4], "size": [3, 3, 0], "inflate": 0.25, "pivot": [-1, 19, -4], "rotation": [0, 0, -40], "uv": [0, 0]},
						{"origin": [1.5, 19.5, -4], "size": [3, 3, 0], "inflate": 0.25, "pivot": [1, 19, -4], "rotation": [0, 0, 40], "uv": [0, 0], "mirror": true},
						{"origin": [-1.5, 14, -8], "size": [3, 2, 2], "inflate": 0.25, "pivot": [0, 16, -6], "rotation": [45, 0, 0], "uv": [24, 0]},
						{"origin": [-3, 18.5, -5.5], "size": [6, 1, 5], "inflate": 0.25, "uv": [36, 29]},
						{"origin": [-3, 13.5, -5.5], "size": [6, 1, 5], "inflate": 0.25, "uv": [30, 22]},
						{"origin": [-3, 14.5, -6.5], "size": [6, 4, 1], "inflate": 0.25, "uv": [46, 46]},
						{"origin": [-3, 14.5, -0.5], "size": [6, 4, 1], "inflate": 0.25, "uv": [44, 12]},
						{"origin": [-4, 14.5, -5.5], "size": [1, 4, 5], "inflate": 0.25, "uv": [0, 45]},
						{"origin": [3, 14.5, -5.5], "size": [1, 4, 5], "inflate": 0.25, "uv": [0, 45], "mirror": true}
					]
				},
				{
					"name": "open_eyes",
					"parent": "head",
					"pivot": [0, 16, -7],
					"cubes": [
						{"origin": [-3.5, 15.5, -6.55], "size": [7, 2, 0], "inflate": 0.25, "uv": [0, 62]}
					]
				},
				{
					"name": "closed_eyes",
					"parent": "head",
					"pivot": [0, 16, -7],
					"cubes": [
						{"origin": [-3.5, 15.5, -6.55], "size": [7, 2, 0], "inflate": 0.25, "uv": [0, 65]}
					]
				},
				{
					"name": "angry_eyes",
					"parent": "head",
					"pivot": [0, 16, -7],
					"cubes": [
						{"origin": [-3.5, 15.5, -6.55], "size": [7, 2, 0], "inflate": 0.25, "uv": [0, 68]}
					]
				},
				{
					"name": "body",
					"parent": "sandshrew",
					"pivot": [0, 8, 2],
					"cubes": [
						{"origin": [-4, 2, -2], "size": [8, 12, 7], "inflate": 0.25, "uv": [0, 0]},
						{"origin": [-3, 14, -2], "size": [6, 1, 6], "inflate": 0.25, "uv": [25, 14]},
						{"origin": [-4.5, 2.5, -1.5], "size": [1, 11, 6], "inflate": 0.25, "uv": [21, 26]},
						{"origin": [3.5, 2.5, -1.5], "size": [1, 11, 6], "inflate": 0.25, "uv": [21, 26], "mirror": true},
						{"origin": [-3.5, 3, 5], "size": [7, 10, 1], "inflate": 0.25, "uv": [16, 44]},
						{"origin": [-3.5, 2.5, -2.5], "size": [7, 11, 1], "inflate": 0.25, "uv": [0, 32]}
					]
				},
				{
					"name": "tail",
					"parent": "body",
					"pivot": [0, 5.64769, 5.79186],
					"cubes": [
						{"origin": [-2, 2.64769, 3.79186], "size": [4, 4, 5], "inflate": 0.25, "pivot": [0, 4.64769, 3.79186], "rotation": [15, 0, 0], "uv": [36, 36]},
						{"origin": [-1.5, 4.63787, 8.14034], "size": [3, 3, 3], "inflate": 0.25, "pivot": [-0.5, 5.63787, 8.14034], "rotation": [27.5, 0, 0], "uv": [46, 52]},
						{"origin": [-1, 5.9929, 10.50869], "size": [2, 2, 3], "inflate": 0.25, "pivot": [-0.5, 5.9929, 9.50869], "rotation": [37.5, 0, 0], "uv": [54, 27]}
					]
				},
				{
					"name": "arms",
					"parent": "sandshrew",
					"pivot": [0, 13, 1.5]
				},
				{
					"name": "right_arm",
					"parent": "arms",
					"pivot": [-4, 13, 1.5],
					"rotation": [-40, 0, -25],
					"cubes": [
						{"origin": [-6.96593, 7.19827, -0.16637], "size": [3, 6, 3], "inflate": 0.25, "uv": [33, 46]},
						{"origin": [-6.96593, 6.19827, -0.16637], "size": [3, 1, 3], "inflate": 0.25, "uv": [50, 36]}
					]
				},
				{
					"name": "left_arm",
					"parent": "arms",
					"pivot": [4, 13, 1.5],
					"rotation": [-40, 0, 25],
					"cubes": [
						{"origin": [3.96593, 7.19827, -0.16637], "size": [3, 6, 3], "inflate": 0.25, "uv": [33, 46], "mirror": true},
						{"origin": [3.96593, 6.19827, -0.16637], "size": [3, 1, 3], "inflate": 0.25, "uv": [50, 36], "mirror": true}
					]
				},
				{
					"name": "legs",
					"parent": "sandshrew",
					"pivot": [0, 7, 1]
				},
				{
					"name": "right_leg",
					"parent": "legs",
					"pivot": [-4, 7, 1],
					"cubes": [
						{"origin": [-6, 0, 0], "size": [4, 6, 5], "inflate": 0.25, "pivot": [-6, 6, 4], "rotation": [-35, 0, 0], "uv": [31, 0]},
						{"origin": [-5.5, 0.5, -0.5], "size": [3, 5, 1], "inflate": 0.25, "pivot": [-6, 6, 4], "rotation": [-35, 0, 0], "uv": [0, 55]},
						{"origin": [-6.5, 0.5, 0.5], "size": [1, 5, 4], "inflate": 0.25, "pivot": [-6, 6, 4], "rotation": [-35, 0, 0], "uv": [50, 0]},
						{"origin": [-5.5, 5.5, 0.5], "size": [3, 1, 4], "inflate": 0.25, "pivot": [-6, 6, 4], "rotation": [-35, 0, 0], "uv": [48, 18]},
						{"origin": [-5.5, -0.5, 0.5], "size": [3, 1, 4], "inflate": 0.25, "pivot": [-6, 6, 4], "rotation": [-35, 0, 0], "uv": [48, 18]},
						{"origin": [-5.5, 0, 0], "size": [3, 1, 2], "inflate": 0.25, "uv": [55, 41]},
						{"origin": [-5.5, 0.99906, -2.99966], "size": [3, 0, 3], "inflate": 0.25, "pivot": [-4, 0.99906, 0.00034], "rotation": [20, 0, 0], "uv": [21, 22]}
					]
				},
				{
					"name": "left_leg",
					"parent": "legs",
					"pivot": [4, 7, 1],
					"cubes": [
						{"origin": [2, 0, 0], "size": [4, 6, 5], "inflate": 0.25, "pivot": [6, 6, 4], "rotation": [-35, 0, 0], "uv": [31, 0], "mirror": true},
						{"origin": [2.5, 0.5, -0.5], "size": [3, 5, 1], "inflate": 0.25, "pivot": [6, 6, 4], "rotation": [-35, 0, 0], "uv": [0, 55], "mirror": true},
						{"origin": [5.5, 0.5, 0.5], "size": [1, 5, 4], "inflate": 0.25, "pivot": [6, 6, 4], "rotation": [-35, 0, 0], "uv": [50, 0], "mirror": true},
						{"origin": [2.5, 5.5, 0.5], "size": [3, 1, 4], "inflate": 0.25, "pivot": [6, 6, 4], "rotation": [-35, 0, 0], "uv": [48, 18], "mirror": true},
						{"origin": [2.5, -0.5, 0.5], "size": [3, 1, 4], "inflate": 0.25, "pivot": [6, 6, 4], "rotation": [-35, 0, 0], "uv": [48, 18], "mirror": true},
						{"origin": [2.5, 0, 0], "size": [3, 1, 2], "inflate": 0.25, "uv": [55, 41], "mirror": true},
						{"origin": [2.5, 0.99906, -2.99966], "size": [3, 0, 3], "inflate": 0.25, "pivot": [4, 0.99906, 0.00034], "rotation": [20, 0, 0], "uv": [21, 22], "mirror": true}
					]
				},
				{
					"name": "pokedex",
					"pivot": [0, 32, 0],
					"locators": {
						"pokedex": [0, 32, 0]
					}
				}
			]
		}
	]
}