{
	"format_version": "1.12.0",
	"minecraft:geometry": [
		{
			"description": {
				"identifier": "geometry.serpsandslash",
				"texture_width": 80,
				"texture_height": 80,
				"visible_bounds_width": 3,
				"visible_bounds_height": 3,
				"visible_bounds_offset": [0, 0.5, 0]
			},
			"bones": [
				{
					"name": "sandslash",
					"pivot": [0, 0, 2]
				},
				{
					"name": "body_root",
					"parent": "sandslash",
					"pivot": [0, 4, 2]
				},
				{
					"name": "head",
					"parent": "body_root",
					"pivot": [0, 14, -3],
					"cubes": [
						{"origin": [-3.5, 13, -8], "size": [7, 4, 6], "uv": [23, 21]},
						{"origin": [-5, 16.5, -4], "size": [10, 0, 6], "uv": [22, 9]},
						{"origin": [-3.5, 17.5, -2.5], "size": [7, 0, 6], "pivot": [0, 17.5, -2.5], "rotation": [40, 0, 0], "uv": [0, 27]},
						{"origin": [-3.5, 15.5, -3.5], "size": [7, 0, 6], "uv": [0, 27]},
						{"origin": [-2.5, 12.5, -8], "size": [5, 1, 6], "uv": [33, 0]},
						{"origin": [-1, 17, -8], "size": [2, 3, 0], "pivot": [0, 17, -8], "rotation": [-40, 0, 0], "uv": [0, 9]},
						{"origin": [-4, 17, -6], "size": [2, 4, 0], "pivot": [-2, 17, -6], "rotation": [-25, 0, -30], "uv": [0, 0]},
						{"origin": [2, 17, -6], "size": [2, 4, 0], "pivot": [2, 17, -6], "rotation": [-25, 0, 30], "uv": [0, 0], "mirror": true},
						{"origin": [-1.5, 12.5, -10], "size": [3, 2, 2], "pivot": [0, 14.5, -8], "rotation": [20, 0, 0], "uv": [30, 32]},
						{"origin": [-3, 16.5, -7.5], "size": [6, 1, 5], "uv": [36, 32]},
						{"origin": [-3, 13.5, -8.5], "size": [6, 3, 1], "uv": [52, 39]},
						{"origin": [-3, 13.5, -2.5], "size": [6, 3, 1], "uv": [29, 16]},
						{"origin": [-4, 13.5, -7.5], "size": [1, 3, 5], "uv": [51, 3]},
						{"origin": [3, 13.5, -7.5], "size": [1, 3, 5], "uv": [51, 3], "mirror": true}
					]
				},
				{
					"name": "open_eyes",
					"parent": "head",
					"pivot": [0, 14, -8.52],
					"cubes": [
						{"origin": [-3.5, 14.5, -8.52], "size": [7, 2, 0], "uv": [28, 63]}
					]
				},
				{
					"name": "closed_eyes",
					"parent": "head",
					"pivot": [0, 14, -8.52],
					"cubes": [
						{"origin": [-3.5, 14.5, -8.52], "size": [7, 2, 0], "uv": [28, 66]}
					]
				},
				{
					"name": "angry_eyes",
					"parent": "head",
					"pivot": [0, 14, -8.52],
					"cubes": [
						{"origin": [-3.5, 14.5, -8.52], "size": [7, 2, 0], "uv": [28, 69]}
					]
				},
				{
					"name": "body",
					"parent": "body_root",
					"pivot": [0, 5, 4],
					"rotation": [10, 0, 0],
					"cubes": [
						{"origin": [-3.5, 4, -2], "size": [7, 10, 7], "uv": [0, 9]},
						{"origin": [-2.5, 13.5, -1], "size": [5, 1, 5], "uv": [44, 16]},
						{"origin": [-2.5, 3.5, -1], "size": [5, 1, 5], "uv": [44, 16]},
						{"origin": [-5, 14, 2], "size": [10, 0, 6], "pivot": [0, 14, 2], "rotation": [15, 0, 0], "uv": [22, 9]},
						{"origin": [-5, 4, 2], "size": [10, 0, 6], "pivot": [0, 4, 2], "rotation": [-15, 0, 0], "uv": [22, 9]},
						{"origin": [-6, 13, 2], "size": [12, 0, 8], "uv": [0, 0]},
						{"origin": [-6, 5, 2], "size": [12, 0, 8], "uv": [0, 0]},
						{"origin": [-6, 9, 3], "size": [12, 0, 8], "uv": [0, 0]},
						{"origin": [-6, 11, 3], "size": [12, 0, 8], "uv": [-8, 63]},
						{"origin": [-6, 7, 3], "size": [12, 0, 8], "uv": [-8, 63]},
						{"origin": [-4, 4.5, -1.5], "size": [1, 9, 6], "uv": [21, 32]},
						{"origin": [3, 4.5, -1.5], "size": [1, 9, 6], "uv": [21, 32]},
						{"origin": [-3, 4.5, -2.5], "size": [6, 9, 1], "uv": [36, 46]},
						{"origin": [-2.5, 5, 5], "size": [5, 8, 1], "uv": [51, 46]}
					]
				},
				{
					"name": "tail",
					"parent": "body",
					"pivot": [0, 5, 4],
					"rotation": [-25, 0, 0],
					"cubes": [
						{"origin": [-1, 4, 4], "size": [2, 2, 6], "uv": [0, 46]}
					]
				},
				{
					"name": "arms",
					"parent": "body_root",
					"pivot": [0, 11.5, 1]
				},
				{
					"name": "right_arm",
					"parent": "arms",
					"pivot": [-4.5, 12, 1],
					"rotation": [30, 10, 10],
					"cubes": [
						{"origin": [-5.5, 11, -4], "size": [2, 2, 5], "uv": [50, 23]},
						{"origin": [-6, 10.5, -8], "size": [3, 3, 4], "pivot": [-6, 12, -4], "rotation": [0, -30, 0], "uv": [17, 49]},
						{"origin": [-6, 12.5, -12], "size": [1, 1, 4], "pivot": [-6, 12, -4], "rotation": [0, -30, 0], "uv": [14, 57]},
						{"origin": [-6, 10.5, -12], "size": [1, 1, 4], "pivot": [-6, 12, -4], "rotation": [0, -30, 0], "uv": [14, 57]}
					]
				},
				{
					"name": "left_arm",
					"parent": "arms",
					"pivot": [4.5, 12, 1],
					"rotation": [30, -10, -10],
					"cubes": [
						{"origin": [3.5, 11, -4], "size": [2, 2, 5], "uv": [50, 23], "mirror": true},
						{"origin": [3, 10.5, -8], "size": [3, 3, 4], "pivot": [6, 12, -4], "rotation": [0, 30, 0], "uv": [17, 49], "mirror": true},
						{"origin": [5, 12.5, -12], "size": [1, 1, 4], "pivot": [6, 12, -4], "rotation": [0, 30, 0], "uv": [14, 57], "mirror": true},
						{"origin": [5, 10.5, -12], "size": [1, 1, 4], "pivot": [6, 12, -4], "rotation": [0, 30, 0], "uv": [14, 57], "mirror": true}
					]
				},
				{
					"name": "legs",
					"parent": "sandslash",
					"pivot": [0, 7, 2]
				},
				{
					"name": "right_leg",
					"parent": "legs",
					"pivot": [-4, 7, 2],
					"cubes": [
						{"origin": [-6, 0, 0], "size": [4, 6, 5], "pivot": [-2, 5, 4], "rotation": [-40, 0, 0], "uv": [0, 34]},
						{"origin": [-6.5, 0.5, 0.5], "size": [1, 5, 4], "pivot": [-2, 5, 4], "rotation": [-40, 0, 0], "uv": [28, 53]},
						{"origin": [-5.5, 0.5, -0.5], "size": [3, 5, 1], "pivot": [-2, 5, 4], "rotation": [-40, 0, 0], "uv": [59, 0]},
						{"origin": [-5.5, 5.5, 0.5], "size": [3, 1, 4], "pivot": [-2, 5, 4], "rotation": [-40, 0, 0], "uv": [54, 31]},
						{"origin": [-5, 0, -2], "size": [3, 1, 4], "uv": [0, 55]},
						{"origin": [-5, 0.99903, -5.99974], "size": [3, 0, 4], "pivot": [-3, 0.99903, -1.99974], "rotation": [15, 0, 0], "uv": [47, 56]}
					]
				},
				{
					"name": "left_leg",
					"parent": "legs",
					"pivot": [4, 7, 2],
					"cubes": [
						{"origin": [2, 0, 0], "size": [4, 6, 5], "pivot": [2, 5, 4], "rotation": [-40, 0, 0], "uv": [0, 34], "mirror": true},
						{"origin": [5.5, 0.5, 0.5], "size": [1, 5, 4], "pivot": [2, 5, 4], "rotation": [-40, 0, 0], "uv": [28, 53], "mirror": true},
						{"origin": [2.5, 0.5, -0.5], "size": [3, 5, 1], "pivot": [2, 5, 4], "rotation": [-40, 0, 0], "uv": [59, 0], "mirror": true},
						{"origin": [2.5, 5.5, 0.5], "size": [3, 1, 4], "pivot": [2, 5, 4], "rotation": [-40, 0, 0], "uv": [54, 31], "mirror": true},
						{"origin": [2, 0, -2], "size": [3, 1, 4], "uv": [0, 55], "mirror": true},
						{"origin": [2, 0.99903, -5.99974], "size": [3, 0, 4], "pivot": [3, 0.99903, -1.99974], "rotation": [15, 0, 0], "uv": [47, 56], "mirror": true}
					]
				},
				{
					"name": "pokedex",
					"pivot": [0, 32, -10],
					"locators": {
						"pokedex": [0, 32, -10]
					}
				}
			]
		},
		{
			"description": {
				"identifier": "geometry.serpsandslash_aura",
				"texture_width": 80,
				"texture_height": 80,
				"visible_bounds_width": 3,
				"visible_bounds_height": 3,
				"visible_bounds_offset": [0, 0.5, 0]
			},
			"bones": [
				{
					"name": "sandslash",
					"pivot": [0, 0, 2]
				},
				{
					"name": "body_root",
					"parent": "sandslash",
					"pivot": [0, 4, 2]
				},
				{
					"name": "head",
					"parent": "body_root",
					"pivot": [0, 14, -3],
					"cubes": [
						{"origin": [-3.5, 13, -8], "size": [7, 4, 6], "inflate": 0.25, "uv": [23, 21]},
						{"origin": [-5, 16.5, -4], "size": [10, 0, 6], "inflate": 0.25, "uv": [22, 9]},
						{"origin": [-3.5, 17.5, -2.5], "size": [7, 0, 6], "inflate": 0.25, "pivot": [0, 17.5, -2.5], "rotation": [40, 0, 0], "uv": [0, 27]},
						{"origin": [-3.5, 15.5, -3.5], "size": [7, 0, 6], "inflate": 0.25, "uv": [0, 27]},
						{"origin": [-2.5, 12.5, -8], "size": [5, 1, 6], "inflate": 0.25, "uv": [33, 0]},
						{"origin": [-1, 17, -8], "size": [2, 3, 0], "inflate": 0.25, "pivot": [0, 17, -8], "rotation": [-40, 0, 0], "uv": [0, 9]},
						{"origin": [-4, 17, -6], "size": [2, 4, 0], "inflate": 0.25, "pivot": [-2, 17, -6], "rotation": [-25, 0, -30], "uv": [0, 0]},
						{"origin": [2, 17, -6], "size": [2, 4, 0], "inflate": 0.25, "pivot": [2, 17, -6], "rotation": [-25, 0, 30], "uv": [0, 0], "mirror": true},
						{"origin": [-1.5, 12.5, -10], "size": [3, 2, 2], "inflate": 0.25, "pivot": [0, 14.5, -8], "rotation": [20, 0, 0], "uv": [30, 32]},
						{"origin": [-3, 16.5, -7.5], "size": [6, 1, 5], "inflate": 0.25, "uv": [36, 32]},
						{"origin": [-3, 13.5, -8.5], "size": [6, 3, 1], "inflate": 0.25, "uv": [52, 39]},
						{"origin": [-3, 13.5, -2.5], "size": [6, 3, 1], "inflate": 0.25, "uv": [29, 16]},
						{"origin": [-4, 13.5, -7.5], "size": [1, 3, 5], "inflate": 0.25, "uv": [51, 3]},
						{"origin": [3, 13.5, -7.5], "size": [1, 3, 5], "inflate": 0.25, "uv": [51, 3], "mirror": true}
					]
				},
				{
					"name": "open_eyes",
					"parent": "head",
					"pivot": [0, 14, -8.52],
					"cubes": [
						{"origin": [-3.5, 14.5, -8.52], "size": [7, 2, 0], "inflate": 0.25, "uv": [28, 63]}
					]
				},
				{
					"name": "body",
					"parent": "body_root",
					"pivot": [0, 5, 4],
					"rotation": [10, 0, 0],
					"cubes": [
						{"origin": [-3.5, 4, -2], "size": [7, 10, 7], "inflate": 0.25, "uv": [0, 9]},
						{"origin": [-2.5, 13.5, -1], "size": [5, 1, 5], "inflate": 0.25, "uv": [44, 16]},
						{"origin": [-2.5, 3.5, -1], "size": [5, 1, 5], "inflate": 0.25, "uv": [44, 16]},
						{"origin": [-5, 14, 2], "size": [10, 0, 6], "inflate": 0.25, "pivot": [0, 14, 2], "rotation": [15, 0, 0], "uv": [22, 9]},
						{"origin": [-5, 4, 2], "size": [10, 0, 6], "inflate": 0.25, "pivot": [0, 4, 2], "rotation": [-15, 0, 0], "uv": [22, 9]},
						{"origin": [-6, 13, 2], "size": [12, 0, 8], "inflate": 0.25, "uv": [0, 0]},
						{"origin": [-6, 5, 2], "size": [12, 0, 8], "inflate": 0.25, "uv": [0, 0]},
						{"origin": [-6, 9, 3], "size": [12, 0, 8], "inflate": 0.25, "uv": [0, 0]},
						{"origin": [-6, 11, 3], "size": [12, 0, 8], "inflate": 0.25, "uv": [-8, 63]},
						{"origin": [-6, 7, 3], "size": [12, 0, 8], "inflate": 0.25, "uv": [-8, 63]},
						{"origin": [-4, 4.5, -1.5], "size": [1, 9, 6], "inflate": 0.25, "uv": [21, 32]},
						{"origin": [3, 4.5, -1.5], "size": [1, 9, 6], "inflate": 0.25, "uv": [21, 32]},
						{"origin": [-3, 4.5, -2.5], "size": [6, 9, 1], "inflate": 0.25, "uv": [36, 46]},
						{"origin": [-2.5, 5, 5], "size": [5, 8, 1], "inflate": 0.25, "uv": [51, 46]}
					]
				},
				{
					"name": "tail",
					"parent": "body",
					"pivot": [0, 5, 4],
					"rotation": [-25, 0, 0],
					"cubes": [
						{"origin": [-1, 4, 4], "size": [2, 2, 6], "inflate": 0.25, "uv": [0, 46]}
					]
				},
				{
					"name": "arms",
					"parent": "body_root",
					"pivot": [0, 11.5, 1]
				},
				{
					"name": "right_arm",
					"parent": "arms",
					"pivot": [-4.5, 12, 1],
					"rotation": [30, 10, 10],
					"cubes": [
						{"origin": [-5.5, 11, -4], "size": [2, 2, 5], "inflate": 0.25, "uv": [50, 23]},
						{"origin": [-6, 10.5, -8], "size": [3, 3, 4], "inflate": 0.25, "pivot": [-6, 12, -4], "rotation": [0, -30, 0], "uv": [17, 49]},
						{"origin": [-6, 12.5, -12], "size": [1, 1, 4], "inflate": 0.25, "pivot": [-6, 12, -4], "rotation": [0, -30, 0], "uv": [14, 57]},
						{"origin": [-6, 10.5, -12], "size": [1, 1, 4], "inflate": 0.25, "pivot": [-6, 12, -4], "rotation": [0, -30, 0], "uv": [14, 57]}
					]
				},
				{
					"name": "left_arm",
					"parent": "arms",
					"pivot": [4.5, 12, 1],
					"rotation": [30, -10, -10],
					"cubes": [
						{"origin": [3.5, 11, -4], "size": [2, 2, 5], "inflate": 0.25, "uv": [50, 23], "mirror": true},
						{"origin": [3, 10.5, -8], "size": [3, 3, 4], "inflate": 0.25, "pivot": [6, 12, -4], "rotation": [0, 30, 0], "uv": [17, 49], "mirror": true},
						{"origin": [5, 12.5, -12], "size": [1, 1, 4], "inflate": 0.25, "pivot": [6, 12, -4], "rotation": [0, 30, 0], "uv": [14, 57], "mirror": true},
						{"origin": [5, 10.5, -12], "size": [1, 1, 4], "inflate": 0.25, "pivot": [6, 12, -4], "rotation": [0, 30, 0], "uv": [14, 57], "mirror": true}
					]
				},
				{
					"name": "legs",
					"parent": "sandslash",
					"pivot": [0, 7, 2]
				},
				{
					"name": "right_leg",
					"parent": "legs",
					"pivot": [-4, 7, 2],
					"cubes": [
						{"origin": [-6, 0, 0], "size": [4, 6, 5], "inflate": 0.25, "pivot": [-2, 5, 4], "rotation": [-40, 0, 0], "uv": [0, 34]},
						{"origin": [-6.5, 0.5, 0.5], "size": [1, 5, 4], "inflate": 0.25, "pivot": [-2, 5, 4], "rotation": [-40, 0, 0], "uv": [28, 53]},
						{"origin": [-5.5, 0.5, -0.5], "size": [3, 5, 1], "inflate": 0.25, "pivot": [-2, 5, 4], "rotation": [-40, 0, 0], "uv": [59, 0]},
						{"origin": [-5.5, 5.5, 0.5], "size": [3, 1, 4], "inflate": 0.25, "pivot": [-2, 5, 4], "rotation": [-40, 0, 0], "uv": [54, 31]},
						{"origin": [-5, 0, -2], "size": [3, 1, 4], "inflate": 0.25, "uv": [0, 55]},
						{"origin": [-5, 0.99903, -5.99974], "size": [3, 0, 4], "inflate": 0.25, "pivot": [-3, 0.99903, -1.99974], "rotation": [15, 0, 0], "uv": [47, 56]}
					]
				},
				{
					"name": "left_leg",
					"parent": "legs",
					"pivot": [4, 7, 2],
					"cubes": [
						{"origin": [2, 0, 0], "size": [4, 6, 5], "inflate": 0.25, "pivot": [2, 5, 4], "rotation": [-40, 0, 0], "uv": [0, 34], "mirror": true},
						{"origin": [5.5, 0.5, 0.5], "size": [1, 5, 4], "inflate": 0.25, "pivot": [2, 5, 4], "rotation": [-40, 0, 0], "uv": [28, 53], "mirror": true},
						{"origin": [2.5, 0.5, -0.5], "size": [3, 5, 1], "inflate": 0.25, "pivot": [2, 5, 4], "rotation": [-40, 0, 0], "uv": [59, 0], "mirror": true},
						{"origin": [2.5, 5.5, 0.5], "size": [3, 1, 4], "inflate": 0.25, "pivot": [2, 5, 4], "rotation": [-40, 0, 0], "uv": [54, 31], "mirror": true},
						{"origin": [2, 0, -2], "size": [3, 1, 4], "inflate": 0.25, "uv": [0, 55], "mirror": true},
						{"origin": [2, 0.99903, -5.99974], "size": [3, 0, 4], "inflate": 0.25, "pivot": [3, 0.99903, -1.99974], "rotation": [15, 0, 0], "uv": [47, 56], "mirror": true}
					]
				},
				{
					"name": "pokedex",
					"pivot": [0, 32, -10],
					"locators": {
						"pokedex": [0, 32, -10]
					}
				}
			]
		}
	]
}