{
	"format_version": "1.8.0",
	"animations": {
		"animation.poliwrath.quiet": {
			"loop": true,
			"animation_length": 0.8,
			"bones": {
				"body_root": {
					"rotation": {
						"0.0": [15, 0, -10],
						"0.2": [5, 0, 0],
						"0.4": [15, 0, 10],
						"0.6": [5, 0, 0],
						"0.8": [15, 0, -10]
					}
				},
				"arms": {
					"rotation": {
						"0.0": [10, 0, 0],
						"0.2": [0, 0, 0],
						"0.4": [10, 0, 0],
						"0.6": [0, 0, 0],
						"0.8": [10, 0, 0]
					}
				},
				"right_arm": {
					"rotation": [-40, -10, 25]
				},
				"right_leg": {
					"rotation": [0, 15, 0],
					"position": [-1, 0, 0]
				},
				"left_arm": {
					"rotation": [-40, 10, -25]
				},
				"left_leg": {
					"rotation": [0, -15, 0],
					"position": [1, 0, 0]
				}
			}
		},
		"animation.poliwrath.walk": {
			"loop": true,
			"animation_length": 0.8,
			"bones": {
				"poliwrath": {
					"position": {
						"0.0": [0, 1, 0],
						"0.2": [0, 0, 0],
						"0.4": [0, 1, 0],
						"0.6": [0, 0, 0],
						"0.8": [0, 1, 0]
					}
				},
				"body_root": {
					"rotation": {
						"0.0": [0, 0, -5],
						"0.4": [0, 0, 5],
						"0.8": [0, 0, -5]
					}
				},
				"right_arm": {
					"rotation": {
						"0.0": [50, 0, 25],
						"0.4": [-40, 0, 25],
						"0.8": [50, 0, 25]
					}
				},
				"right_leg": {
					"rotation": {
						"0.0": [40, 0, 0],
						"0.4": [-40, 0, 0],
						"0.8": [40, 0, 0]
					}
				},
				"left_arm": {
					"rotation": {
						"0.0": [-40, 0, -25],
						"0.4": [50, 0, -25],
						"0.8": [-40, 0, -25]
					}
				},
				"left_leg": {
					"rotation": {
						"0.0": [-40, 0, 0],
						"0.4": [40, 0, 0],
						"0.8": [-40, 0, 0]
					}
				}
			}
		},
		"animation.poliwrath.sitting": {
			"loop": true,
			"bones": {
				"poliwrath": {
					"position": [0, -6, 0]
				},
				"right_arm": {
					"rotation": [-30, -25, 50]
				},
				"legs": {
					"rotation": [-90, 0, 0],
					"position": [0, 2, -6]
				},
				"right_leg": {
					"rotation": [0, 0, 15]
				},
				"left_arm": {
					"rotation": [-30, 25, -50]
				},
				"left_leg": {
					"rotation": [0, 0, -15]
				}
			}
		},
		"animation.poliwrath.jump": {
			"loop": true,
			"bones": {
				"poliwrath": {
					"position": [0, 2, 0]
				},
				"arms": {
					"rotation": [-115, 0, 0]
				},
				"right_arm": {
					"rotation": [0, 0, 30]
				},
				"legs": {
					"rotation": [35, 0, 0]
				},
				"left_arm": {
					"rotation": [0, 0, -30]
				}
			}
		},
		"animation.poliwrath.attack": {
			"loop": true,
			"bones": {
				"body_root": {
					"rotation": [15, -35, 0]
				},
				"right_arm": {
					"rotation": [-40, 0, 90],
					"position": [1, 0, -4]
				},
				"right_leg": {
					"position": [1, 0, -4]
				},
				"left_arm": {
					"rotation": [25, 0, -35]
				},
				"left_leg": {
					"rotation": [0, -40, 0],
					"position": [0, 0, 3]
				}
			}
		},
		"animation.poliwrath.swimming": {
			"loop": true,
			"animation_length": 0.8,
			"override_previous_animation": true,
			"bones": {
				"poliwrath": {
					"position": {
						"0.0": [0, -1, 0],
						"0.4": [0, 0, 0],
						"0.8": [0, -1, 0]
					}
				},
				"right_arm": {
					"rotation": {
						"0.0": [0, 0, 90],
						"0.4": [0, 0, 70],
						"0.8": [0, 0, 90]
					}
				},
				"right_leg": {
					"rotation": {
						"0.0": [25, 0, 0],
						"0.2": [-25, 0, 0],
						"0.4": [25, 0, 0],
						"0.6": [-25, 0, 0],
						"0.8": [25, 0, 0]
					}
				},
				"left_arm": {
					"rotation": {
						"0.0": [0, 0, -90],
						"0.4": [0, 0, -70],
						"0.8": [0, 0, -90]
					}
				},
				"left_leg": {
					"rotation": {
						"0.0": [-25, 0, 0],
						"0.2": [25, 0, 0],
						"0.4": [-25, 0, 0],
						"0.6": [25, 0, 0],
						"0.8": [-25, 0, 0]
					}
				}
			}
		},
		"animation.poliwrath.sink": {
			"loop": true,
			"animation_length": 0.8,
			"bones": {
				"poliwrath": {
					"rotation": {
						"0.0": [80, 0, 0],
						"0.6": [90, 0, 0],
						"0.8": [80, 0, 0]
					},
					"position": {
						"0.0": [0, 8, 12],
						"0.6": [0, 9, 12],
						"0.8": [0, 8, 12]
					}
				},
				"right_arm": {
					"rotation": {
						"0.0": [-180, 0, 0],
						"0.4": [0, 0, 40],
						"0.8": [180, 0, 0]
					},
					"position": {
						"0.0": [-2, 0, 0],
						"0.4": [-2, -3, 0],
						"0.8": [-2, 0, 0]
					}
				},
				"right_leg": {
					"rotation": {
						"0.0": [25, 0, 0],
						"0.2": [-25, 0, 0],
						"0.4": [25, 0, 0],
						"0.6": [-25, 0, 0],
						"0.8": [25, 0, 0]
					},
					"position": {
						"0.0": [0, 0, 3],
						"0.2": [0, 0, 0],
						"0.4": [0, 0, 3],
						"0.6": [0, 0, 0],
						"0.8": [0, 0, 3]
					}
				},
				"left_arm": {
					"rotation": {
						"0.0": [0, 0, -40],
						"0.4": [180, 0, 0],
						"0.8": [360, 0, -40]
					},
					"position": {
						"0.0": [2, -3, 0],
						"0.4": [2, 0, 0],
						"0.8": [2, -3, 0]
					}
				},
				"left_leg": {
					"rotation": {
						"0.0": [-25, 0, 0],
						"0.2": [25, 0, 0],
						"0.4": [-25, 0, 0],
						"0.6": [25, 0, 0],
						"0.8": [-25, 0, 0]
					},
					"position": {
						"0.0": [0, 0, 0],
						"0.2": [0, 0, 3],
						"0.4": [0, 0, 0],
						"0.6": [0, 0, 3],
						"0.8": [0, 0, 0]
					}
				}
			}
		},
        "animation.poliwrath.health_bar":{
            "loop":true,
            "bones":{
                "health_hover":{
    "rotation":["q.camera_rotation(0)","q.camera_rotation(1)-q.body_y_rotation",0],
	"position": [0,33,0],
    "scale":"query.is_in_ui?0:1.65"
                },
				"bar_green": {
					"scale": ["query.health/query.max_health*1", 1, 1]
				},
				"bar_black": {
					"scale": ["(1)+(query.health/query.max_health*-1)", 1, 1]
				}
			}
        }
	}
}