{
  "entity_sounds":{
    "entities":{
"pokemon:p252":{"volume":0.5,"pitch":1,"events":{"spawn":"empty","ambient":"mob.pokemon.252","hurt":"mob.pokemon.hut"}},
"pokemon:p253":{"volume":0.5,"pitch":1,"events":{"spawn":"empty","ambient":"mob.pokemon.253","hurt":"mob.pokemon.hut"}},
"pokemon:p254":{"volume":0.5,"pitch":1,"events":{"spawn":"empty","ambient":"mob.pokemon.254","hurt":"mob.pokemon.hut"}},
"pokemon:p255":{"volume":0.5,"pitch":1,"events":{"spawn":"empty","ambient":"mob.pokemon.255","hurt":"mob.pokemon.hut"}},
"pokemon:p256":{"volume":0.5,"pitch":1,"events":{"spawn":"empty","ambient":"mob.pokemon.256","hurt":"mob.pokemon.hut"}},
"pokemon:p257":{"volume":0.5,"pitch":1,"events":{"spawn":"empty","ambient":"mob.pokemon.257","hurt":"mob.pokemon.hut"}},
"pokemon:p258":{"volume":0.5,"pitch":1,"events":{"spawn":"empty","ambient":"mob.pokemon.258","hurt":"mob.pokemon.hut"}},
"pokemon:p259":{"volume":0.5,"pitch":1,"events":{"spawn":"empty","ambient":"mob.pokemon.259","hurt":"mob.pokemon.hut"}},
"pokemon:p260":{"volume":0.5,"pitch":1,"events":{"spawn":"empty","ambient":"mob.pokemon.260","hurt":"mob.pokemon.hut"}},
"pokemon:p261":{"volume":0.5,"pitch":1,"events":{"spawn":"empty","ambient":"mob.pokemon.261","hurt":"mob.pokemon.hut"}},
"pokemon:p262":{"volume":0.5,"pitch":1,"events":{"spawn":"empty","ambient":"mob.pokemon.262","hurt":"mob.pokemon.hut"}},
"pokemon:p263":{"volume":0.5,"pitch":1,"events":{"spawn":"empty","ambient":"mob.pokemon.263","hurt":"mob.pokemon.hut"}},
"pokemon:p264":{"volume":0.5,"pitch":1,"events":{"spawn":"empty","ambient":"mob.pokemon.264","hurt":"mob.pokemon.hut"}},
"pokemon:p265":{"volume":0.5,"pitch":1,"events":{"spawn":"empty","ambient":"mob.pokemon.265","hurt":"mob.pokemon.hut"}},
"pokemon:p266":{"volume":0.5,"pitch":1,"events":{"spawn":"empty","ambient":"mob.pokemon.266","hurt":"mob.pokemon.hut"}},
"pokemon:p267":{"volume":0.5,"pitch":1,"events":{"spawn":"empty","ambient":"mob.pokemon.267","hurt":"mob.pokemon.hut"}},
"pokemon:p268":{"volume":0.5,"pitch":1,"events":{"spawn":"empty","ambient":"mob.pokemon.268","hurt":"mob.pokemon.hut"}},
"pokemon:p269":{"volume":0.5,"pitch":1,"events":{"spawn":"empty","ambient":"mob.pokemon.269","hurt":"mob.pokemon.hut"}},
"pokemon:p270":{"volume":0.5,"pitch":1,"events":{"spawn":"empty","ambient":"mob.pokemon.270","hurt":"mob.pokemon.hut"}},
"pokemon:p271":{"volume":0.5,"pitch":1,"events":{"spawn":"empty","ambient":"mob.pokemon.271","hurt":"mob.pokemon.hut"}},
"pokemon:p272":{"volume":0.5,"pitch":1,"events":{"spawn":"empty","ambient":"mob.pokemon.272","hurt":"mob.pokemon.hut"}},
"pokemon:p273":{"volume":0.5,"pitch":1,"events":{"spawn":"empty","ambient":"mob.pokemon.273","hurt":"mob.pokemon.hut"}},
"pokemon:p274":{"volume":0.5,"pitch":1,"events":{"spawn":"empty","ambient":"mob.pokemon.274","hurt":"mob.pokemon.hut"}},
"pokemon:p275":{"volume":0.5,"pitch":1,"events":{"spawn":"empty","ambient":"mob.pokemon.275","hurt":"mob.pokemon.hut"}},
"pokemon:p276":{"volume":0.5,"pitch":1,"events":{"spawn":"empty","ambient":"mob.pokemon.276","hurt":"mob.pokemon.hut"}},
"pokemon:p277":{"volume":0.5,"pitch":1,"events":{"spawn":"empty","ambient":"mob.pokemon.277","hurt":"mob.pokemon.hut"}},
"pokemon:p278":{"volume":0.5,"pitch":1,"events":{"spawn":"empty","ambient":"mob.pokemon.278","hurt":"mob.pokemon.hut"}},
"pokemon:p279":{"volume":0.5,"pitch":1,"events":{"spawn":"empty","ambient":"mob.pokemon.279","hurt":"mob.pokemon.hut"}},
"pokemon:p280":{"volume":0.5,"pitch":1,"events":{"spawn":"empty","ambient":"mob.pokemon.280","hurt":"mob.pokemon.hut"}},
"pokemon:p281":{"volume":0.5,"pitch":1,"events":{"spawn":"empty","ambient":"mob.pokemon.281","hurt":"mob.pokemon.hut"}},
"pokemon:p282":{"volume":0.5,"pitch":1,"events":{"spawn":"empty","ambient":"mob.pokemon.282","hurt":"mob.pokemon.hut"}},
"pokemon:p283":{"volume":0.5,"pitch":1,"events":{"spawn":"empty","ambient":"mob.pokemon.283","hurt":"mob.pokemon.hut"}},
"pokemon:p284":{"volume":0.5,"pitch":1,"events":{"spawn":"empty","ambient":"mob.pokemon.284","hurt":"mob.pokemon.hut"}},
"pokemon:p285":{"volume":0.5,"pitch":1,"events":{"spawn":"empty","ambient":"mob.pokemon.285","hurt":"mob.pokemon.hut"}},
"pokemon:p286":{"volume":0.5,"pitch":1,"events":{"spawn":"empty","ambient":"mob.pokemon.286","hurt":"mob.pokemon.hut"}},
"pokemon:p287":{"volume":0.5,"pitch":1,"events":{"spawn":"empty","ambient":"mob.pokemon.287","hurt":"mob.pokemon.hut"}},
"pokemon:p288":{"volume":0.5,"pitch":1,"events":{"spawn":"empty","ambient":"mob.pokemon.288","hurt":"mob.pokemon.hut"}},
"pokemon:p289":{"volume":0.5,"pitch":1,"events":{"spawn":"empty","ambient":"mob.pokemon.289","hurt":"mob.pokemon.hut"}},
"pokemon:p290":{"volume":0.5,"pitch":1,"events":{"spawn":"empty","ambient":"mob.pokemon.290","hurt":"mob.pokemon.hut"}},
"pokemon:p291":{"volume":0.5,"pitch":1,"events":{"spawn":"empty","ambient":"mob.pokemon.291","hurt":"mob.pokemon.hut"}},
"pokemon:p292":{"volume":0.5,"pitch":1,"events":{"spawn":"empty","ambient":"mob.pokemon.292","hurt":"mob.pokemon.hut"}},
"pokemon:p293":{"volume":0.5,"pitch":1,"events":{"spawn":"empty","ambient":"mob.pokemon.293","hurt":"mob.pokemon.hut"}},
"pokemon:p294":{"volume":0.5,"pitch":1,"events":{"spawn":"empty","ambient":"mob.pokemon.294","hurt":"mob.pokemon.hut"}},
"pokemon:p295":{"volume":0.5,"pitch":1,"events":{"spawn":"empty","ambient":"mob.pokemon.295","hurt":"mob.pokemon.hut"}},
"pokemon:p296":{"volume":0.5,"pitch":1,"events":{"spawn":"empty","ambient":"mob.pokemon.296","hurt":"mob.pokemon.hut"}},
"pokemon:p297":{"volume":0.5,"pitch":1,"events":{"spawn":"empty","ambient":"mob.pokemon.297","hurt":"mob.pokemon.hut"}},
"pokemon:p298":{"volume":0.5,"pitch":1,"events":{"spawn":"empty","ambient":"mob.pokemon.298","hurt":"mob.pokemon.hut"}},
"pokemon:p299":{"volume":0.5,"pitch":1,"events":{"spawn":"empty","ambient":"mob.pokemon.299","hurt":"mob.pokemon.hut"}},
"pokemon:p300":{"volume":0.5,"pitch":1,"events":{"spawn":"empty","ambient":"mob.pokemon.300","hurt":"mob.pokemon.hut"}},
"pokemon:p301":{"volume":0.5,"pitch":1,"events":{"spawn":"empty","ambient":"mob.pokemon.301","hurt":"mob.pokemon.hut"}},
"pokemon:p302":{"volume":0.5,"pitch":1,"events":{"spawn":"empty","ambient":"mob.pokemon.302","hurt":"mob.pokemon.hut"}},
"pokemon:p303":{"volume":0.5,"pitch":1,"events":{"spawn":"empty","ambient":"mob.pokemon.303","hurt":"mob.pokemon.hut"}},
"pokemon:p304":{"volume":0.5,"pitch":1,"events":{"spawn":"empty","ambient":"mob.pokemon.304","hurt":"mob.pokemon.hut"}},
"pokemon:p305":{"volume":0.5,"pitch":1,"events":{"spawn":"empty","ambient":"mob.pokemon.305","hurt":"mob.pokemon.hut"}},
"pokemon:p306":{"volume":0.5,"pitch":1,"events":{"spawn":"empty","ambient":"mob.pokemon.306","hurt":"mob.pokemon.hut"}},
"pokemon:p307":{"volume":0.5,"pitch":1,"events":{"spawn":"empty","ambient":"mob.pokemon.307","hurt":"mob.pokemon.hut"}},
"pokemon:p308":{"volume":0.5,"pitch":1,"events":{"spawn":"empty","ambient":"mob.pokemon.308","hurt":"mob.pokemon.hut"}},
"pokemon:p309":{"volume":0.5,"pitch":1,"events":{"spawn":"empty","ambient":"mob.pokemon.309","hurt":"mob.pokemon.hut"}},
"pokemon:p310":{"volume":0.5,"pitch":1,"events":{"spawn":"empty","ambient":"mob.pokemon.310","hurt":"mob.pokemon.hut"}},
"pokemon:p311":{"volume":0.5,"pitch":1,"events":{"spawn":"empty","ambient":"mob.pokemon.311","hurt":"mob.pokemon.hut"}},
"pokemon:p312":{"volume":0.5,"pitch":1,"events":{"spawn":"empty","ambient":"mob.pokemon.312","hurt":"mob.pokemon.hut"}},
"pokemon:p313":{"volume":0.5,"pitch":1,"events":{"spawn":"empty","ambient":"mob.pokemon.313","hurt":"mob.pokemon.hut"}},
"pokemon:p314":{"volume":0.5,"pitch":1,"events":{"spawn":"empty","ambient":"mob.pokemon.314","hurt":"mob.pokemon.hut"}},
"pokemon:p315":{"volume":0.5,"pitch":1,"events":{"spawn":"empty","ambient":"mob.pokemon.315","hurt":"mob.pokemon.hut"}},
"pokemon:p316":{"volume":0.5,"pitch":1,"events":{"spawn":"empty","ambient":"mob.pokemon.316","hurt":"mob.pokemon.hut"}},
"pokemon:p317":{"volume":0.5,"pitch":1,"events":{"spawn":"empty","ambient":"mob.pokemon.317","hurt":"mob.pokemon.hut"}},
"pokemon:p318":{"volume":0.5,"pitch":1,"events":{"spawn":"empty","ambient":"mob.pokemon.318","hurt":"mob.pokemon.hut"}},
"pokemon:p319":{"volume":0.5,"pitch":1,"events":{"spawn":"empty","ambient":"mob.pokemon.319","hurt":"mob.pokemon.hut"}},
"pokemon:p320":{"volume":0.5,"pitch":1,"events":{"spawn":"empty","ambient":"mob.pokemon.320","hurt":"mob.pokemon.hut"}},
"pokemon:p321":{"volume":0.5,"pitch":1,"events":{"spawn":"empty","ambient":"mob.pokemon.321","hurt":"mob.pokemon.hut"}},
"pokemon:p322":{"volume":0.5,"pitch":1,"events":{"spawn":"empty","ambient":"mob.pokemon.322","hurt":"mob.pokemon.hut"}},
"pokemon:p323":{"volume":0.5,"pitch":1,"events":{"spawn":"empty","ambient":"mob.pokemon.323","hurt":"mob.pokemon.hut"}},
"pokemon:p324":{"volume":0.5,"pitch":1,"events":{"spawn":"empty","ambient":"mob.pokemon.324","hurt":"mob.pokemon.hut"}},
"pokemon:p325":{"volume":0.5,"pitch":1,"events":{"spawn":"empty","ambient":"mob.pokemon.325","hurt":"mob.pokemon.hut"}},
"pokemon:p326":{"volume":0.5,"pitch":1,"events":{"spawn":"empty","ambient":"mob.pokemon.326","hurt":"mob.pokemon.hut"}},
"pokemon:p327":{"volume":0.5,"pitch":1,"events":{"spawn":"empty","ambient":"mob.pokemon.327","hurt":"mob.pokemon.hut"}},
"pokemon:p328":{"volume":0.5,"pitch":1,"events":{"spawn":"empty","ambient":"mob.pokemon.328","hurt":"mob.pokemon.hut"}},
"pokemon:p329":{"volume":0.5,"pitch":1,"events":{"spawn":"empty","ambient":"mob.pokemon.329","hurt":"mob.pokemon.hut"}},
"pokemon:p330":{"volume":0.5,"pitch":1,"events":{"spawn":"empty","ambient":"mob.pokemon.330","hurt":"mob.pokemon.hut"}},
"pokemon:p331":{"volume":0.5,"pitch":1,"events":{"spawn":"empty","ambient":"mob.pokemon.331","hurt":"mob.pokemon.hut"}},
"pokemon:p332":{"volume":0.5,"pitch":1,"events":{"spawn":"empty","ambient":"mob.pokemon.332","hurt":"mob.pokemon.hut"}},
"pokemon:p333":{"volume":0.5,"pitch":1,"events":{"spawn":"empty","ambient":"mob.pokemon.333","hurt":"mob.pokemon.hut"}},
"pokemon:p334":{"volume":0.5,"pitch":1,"events":{"spawn":"empty","ambient":"mob.pokemon.334","hurt":"mob.pokemon.hut"}},
"pokemon:p335":{"volume":0.5,"pitch":1,"events":{"spawn":"empty","ambient":"mob.pokemon.335","hurt":"mob.pokemon.hut"}},
"pokemon:p336":{"volume":0.5,"pitch":1,"events":{"spawn":"empty","ambient":"mob.pokemon.336","hurt":"mob.pokemon.hut"}},
"pokemon:p337":{"volume":0.5,"pitch":1,"events":{"spawn":"empty","ambient":"mob.pokemon.337","hurt":"mob.pokemon.hut"}},
"pokemon:p338":{"volume":0.5,"pitch":1,"events":{"spawn":"empty","ambient":"mob.pokemon.338","hurt":"mob.pokemon.hut"}},
"pokemon:p339":{"volume":0.5,"pitch":1,"events":{"spawn":"empty","ambient":"mob.pokemon.339","hurt":"mob.pokemon.hut"}},
"pokemon:p340":{"volume":0.5,"pitch":1,"events":{"spawn":"empty","ambient":"mob.pokemon.340","hurt":"mob.pokemon.hut"}},
"pokemon:p341":{"volume":0.5,"pitch":1,"events":{"spawn":"empty","ambient":"mob.pokemon.341","hurt":"mob.pokemon.hut"}},
"pokemon:p342":{"volume":0.5,"pitch":1,"events":{"spawn":"empty","ambient":"mob.pokemon.342","hurt":"mob.pokemon.hut"}},
"pokemon:p343":{"volume":0.5,"pitch":1,"events":{"spawn":"empty","ambient":"mob.pokemon.343","hurt":"mob.pokemon.hut"}},
"pokemon:p344":{"volume":0.5,"pitch":1,"events":{"spawn":"empty","ambient":"mob.pokemon.344","hurt":"mob.pokemon.hut"}},
"pokemon:p345":{"volume":0.5,"pitch":1,"events":{"spawn":"empty","ambient":"mob.pokemon.345","hurt":"mob.pokemon.hut"}},
"pokemon:p346":{"volume":0.5,"pitch":1,"events":{"spawn":"empty","ambient":"mob.pokemon.346","hurt":"mob.pokemon.hut"}},
"pokemon:p347":{"volume":0.5,"pitch":1,"events":{"spawn":"empty","ambient":"mob.pokemon.347","hurt":"mob.pokemon.hut"}},
"pokemon:p348":{"volume":0.5,"pitch":1,"events":{"spawn":"empty","ambient":"mob.pokemon.348","hurt":"mob.pokemon.hut"}},
"pokemon:p349":{"volume":0.5,"pitch":1,"events":{"spawn":"empty","ambient":"mob.pokemon.349","hurt":"mob.pokemon.hut"}},
"pokemon:p350":{"volume":0.5,"pitch":1,"events":{"spawn":"empty","ambient":"mob.pokemon.350","hurt":"mob.pokemon.hut"}},
"pokemon:p351":{"volume":0.5,"pitch":1,"events":{"spawn":"empty","ambient":"mob.pokemon.351","hurt":"mob.pokemon.hut"}},
"pokemon:p352":{"volume":0.5,"pitch":1,"events":{"spawn":"empty","ambient":"mob.pokemon.352","hurt":"mob.pokemon.hut"}},
"pokemon:p353":{"volume":0.5,"pitch":1,"events":{"spawn":"empty","ambient":"mob.pokemon.353","hurt":"mob.pokemon.hut"}},
"pokemon:p354":{"volume":0.5,"pitch":1,"events":{"spawn":"empty","ambient":"mob.pokemon.354","hurt":"mob.pokemon.hut"}},
"pokemon:p355":{"volume":0.5,"pitch":1,"events":{"spawn":"empty","ambient":"mob.pokemon.355","hurt":"mob.pokemon.hut"}},
"pokemon:p356":{"volume":0.5,"pitch":1,"events":{"spawn":"empty","ambient":"mob.pokemon.356","hurt":"mob.pokemon.hut"}},
"pokemon:p357":{"volume":0.5,"pitch":1,"events":{"spawn":"empty","ambient":"mob.pokemon.357","hurt":"mob.pokemon.hut"}},
"pokemon:p358":{"volume":0.5,"pitch":1,"events":{"spawn":"empty","ambient":"mob.pokemon.358","hurt":"mob.pokemon.hut"}},
"pokemon:p359":{"volume":0.5,"pitch":1,"events":{"spawn":"empty","ambient":"mob.pokemon.359","hurt":"mob.pokemon.hut"}},
"pokemon:p360":{"volume":0.5,"pitch":1,"events":{"spawn":"empty","ambient":"mob.pokemon.360","hurt":"mob.pokemon.hut"}},
"pokemon:p361":{"volume":0.5,"pitch":1,"events":{"spawn":"empty","ambient":"mob.pokemon.361","hurt":"mob.pokemon.hut"}},
"pokemon:p362":{"volume":0.5,"pitch":1,"events":{"spawn":"empty","ambient":"mob.pokemon.362","hurt":"mob.pokemon.hut"}},
"pokemon:p363":{"volume":0.5,"pitch":1,"events":{"spawn":"empty","ambient":"mob.pokemon.363","hurt":"mob.pokemon.hut"}},
"pokemon:p364":{"volume":0.5,"pitch":1,"events":{"spawn":"empty","ambient":"mob.pokemon.364","hurt":"mob.pokemon.hut"}},
"pokemon:p365":{"volume":0.5,"pitch":1,"events":{"spawn":"empty","ambient":"mob.pokemon.365","hurt":"mob.pokemon.hut"}},
"pokemon:p366":{"volume":0.5,"pitch":1,"events":{"spawn":"empty","ambient":"mob.pokemon.366","hurt":"mob.pokemon.hut"}},
"pokemon:p367":{"volume":0.5,"pitch":1,"events":{"spawn":"empty","ambient":"mob.pokemon.367","hurt":"mob.pokemon.hut"}},
"pokemon:p368":{"volume":0.5,"pitch":1,"events":{"spawn":"empty","ambient":"mob.pokemon.368","hurt":"mob.pokemon.hut"}},
"pokemon:p369":{"volume":0.5,"pitch":1,"events":{"spawn":"empty","ambient":"mob.pokemon.369","hurt":"mob.pokemon.hut"}},
"pokemon:p370":{"volume":0.5,"pitch":1,"events":{"spawn":"empty","ambient":"mob.pokemon.370","hurt":"mob.pokemon.hut"}},
"pokemon:p371":{"volume":0.5,"pitch":1,"events":{"spawn":"empty","ambient":"mob.pokemon.371","hurt":"mob.pokemon.hut"}},
"pokemon:p372":{"volume":0.5,"pitch":1,"events":{"spawn":"empty","ambient":"mob.pokemon.372","hurt":"mob.pokemon.hut"}},
"pokemon:p373":{"volume":0.5,"pitch":1,"events":{"spawn":"empty","ambient":"mob.pokemon.373","hurt":"mob.pokemon.hut"}},
"pokemon:p374":{"volume":0.5,"pitch":1,"events":{"spawn":"empty","ambient":"mob.pokemon.374","hurt":"mob.pokemon.hut"}},
"pokemon:p375":{"volume":0.5,"pitch":1,"events":{"spawn":"empty","ambient":"mob.pokemon.375","hurt":"mob.pokemon.hut"}},
"pokemon:p376":{"volume":0.5,"pitch":1,"events":{"spawn":"empty","ambient":"mob.pokemon.376","hurt":"mob.pokemon.hut"}},
"pokemon:p377":{"volume":0.5,"pitch":1,"events":{"spawn":"empty","ambient":"mob.pokemon.377","hurt":"mob.pokemon.hut"}},
"pokemon:p378":{"volume":0.5,"pitch":1,"events":{"spawn":"empty","ambient":"mob.pokemon.378","hurt":"mob.pokemon.hut"}},
"pokemon:p379":{"volume":0.5,"pitch":1,"events":{"spawn":"empty","ambient":"mob.pokemon.379","hurt":"mob.pokemon.hut"}},
"pokemon:p380":{"volume":0.5,"pitch":1,"events":{"spawn":"empty","ambient":"mob.pokemon.380","hurt":"mob.pokemon.hut"}},
"pokemon:p381":{"volume":0.5,"pitch":1,"events":{"spawn":"empty","ambient":"mob.pokemon.381","hurt":"mob.pokemon.hut"}},
"pokemon:p382":{"volume":0.5,"pitch":1,"events":{"spawn":"empty","ambient":"mob.pokemon.382","hurt":"mob.pokemon.hut"}},
"pokemon:p383":{"volume":0.5,"pitch":1,"events":{"spawn":"empty","ambient":"mob.pokemon.383","hurt":"mob.pokemon.hut"}},
"pokemon:p384":{"volume":0.5,"pitch":1,"events":{"spawn":"empty","ambient":"mob.pokemon.384","hurt":"mob.pokemon.hut"}},
"pokemon:p385":{"volume":0.5,"pitch":1,"events":{"spawn":"empty","ambient":"mob.pokemon.385","hurt":"mob.pokemon.hut"}},
"pokemon:p386":{"volume":0.5,"pitch":1,"events":{"spawn":"empty","ambient":"mob.pokemon.386","hurt":"mob.pokemon.hut"}}
    }
  }
}