{
  "pools": [
        {
            "rolls": 1,
            "entries": [
                {
                    "type": "item",
                    "name": "serp:poke",
                    "weight": 10,
                    "functions": [
                        {
                            "function": "set_count",
                            "count": {
                                "min": 24,
                                "max": 48
                            }
                        }
                    ]
                }
            ]
        }
    ]
}