{
	"format_version": "1.12.0",
	"minecraft:geometry": [
		{
			"description": {
				"identifier": "geometry.serpwurmple",
				"texture_width": 48,
				"texture_height": 48,
				"visible_bounds_width": 3,
				"visible_bounds_height": 2.5,
				"visible_bounds_offset": [0, 0.75, 0]
			},
			"bones": [
				{
					"name": "wurmple",
					"pivot": [0, 0, 0]
				},
				{
					"name": "body_root",
					"parent": "wurmple",
					"pivot": [0, 0, 0]
				},
				{
					"name": "head",
					"parent": "body_root",
					"pivot": [0, 7, -2],
					"cubes": [
						{"origin": [-2, 7.5, -3.5], "size": [4, 4, 4], "uv": [28, 0]},
						{"origin": [-0.5, 11.5, -0.5], "size": [1, 4, 1], "inflate": 0.1, "pivot": [0, 12, 0], "rotation": [-35, 0, 0], "uv": [0, 0]},
						{"origin": [0, 11.5, -4], "size": [0, 3, 2], "pivot": [0, 11.5, -3], "rotation": [30, 0, 0], "uv": [0, 13]},
						{"origin": [0, 11.5, -4], "size": [0, 3, 2], "pivot": [0, 11.5, -3], "rotation": [90, 60, 90], "uv": [0, 13]},
						{"origin": [-1.99, 8.52785, -6.49509], "size": [4, 3, 3], "inflate": -0.02, "pivot": [0.02, 11.52785, -3.49509], "rotation": [35, 0, 0], "uv": [31, 26]},
						{"origin": [-2.5, 8, -3], "size": [1, 3, 3], "uv": [19, 35]},
						{"origin": [1.5, 8, -3], "size": [1, 3, 3], "uv": [19, 35], "mirror": true},
						{"origin": [-1.5, 8, 0], "size": [3, 3, 1], "uv": [17, 0]},
						{"origin": [-1.5, 11, -3], "size": [3, 1, 3], "uv": [34, 18]},
						{"origin": [-1.5, 7, -3], "size": [3, 1, 3], "uv": [34, 18]}
					]
				},
				{
					"name": "open_eyes",
					"parent": "head",
					"pivot": [0, 7, -2],
					"cubes": [
						{"origin": [-2.6, 8, -3], "size": [0, 3, 3], "uv": [28, 35]},
						{"origin": [2.6, 8, -3], "size": [0, 3, 3], "uv": [28, 35], "mirror": true}
					]
				},
				{
					"name": "closed_eyes",
					"parent": "head",
					"pivot": [0, 7, -2],
					"cubes": [
						{"origin": [-2.6, 8, -3], "size": [0, 3, 3], "uv": [28, 38]},
						{"origin": [2.6, 8, -3], "size": [0, 3, 3], "uv": [28, 38], "mirror": true}
					]
				},
				{
					"name": "angry_eyes",
					"parent": "head",
					"pivot": [0, 7, -2],
					"cubes": [
						{"origin": [-2.6, 8, -3], "size": [0, 3, 3], "uv": [28, 41]},
						{"origin": [2.6, 8, -3], "size": [0, 3, 3], "uv": [28, 41], "mirror": true}
					]
				},
				{
					"name": "body1",
					"parent": "body_root",
					"pivot": [0, 0.5, -1],
					"rotation": [20, 0, 0],
					"cubes": [
						{"origin": [-2, 0.5, -1], "size": [4, 6, 4], "uv": [17, 18]},
						{"origin": [-2.5, 1, -0.5], "size": [1, 5, 3], "inflate": 0.02, "uv": [10, 35]},
						{"origin": [1.5, 1, -0.5], "size": [1, 5, 3], "inflate": 0.02, "uv": [10, 35], "mirror": true},
						{"origin": [-1.5, 6, -0.5], "size": [3, 1, 3], "uv": [30, 33]},
						{"origin": [-3.5, 2, 1.5], "size": [1, 4, 0], "uv": [5, 0]},
						{"origin": [2.5, 2, 1.5], "size": [1, 4, 0], "uv": [5, 0], "mirror": true},
						{"origin": [-4.47913, 1.5, -0.4805], "size": [2, 4, 0], "pivot": [-2.47913, 3.98, -0.4805], "rotation": [0, -60, 0], "uv": [0, 22]},
						{"origin": [2.47913, 1.5, -0.4805], "size": [2, 4, 0], "pivot": [2.47913, 3.98, -0.4805], "rotation": [0, 60, 0], "uv": [0, 22], "mirror": true},
						{"origin": [-1.5, 1, -1.5], "size": [3, 5, 1], "uv": [0, 38]},
						{"origin": [-1.5, 1, 2.5], "size": [3, 5, 1], "uv": [0, 38]}
					]
				},
				{
					"name": "body2",
					"parent": "wurmple",
					"pivot": [0, 0, 0],
					"cubes": [
						{"origin": [-2, 0.5, -1], "size": [4, 4, 8], "uv": [0, 0]},
						{"origin": [-2, 4.5, 7], "size": [4, 0, 5], "pivot": [0, 4.5, 7], "rotation": [35, 0, 0], "uv": [14, 29]},
						{"origin": [-1.5, 0, -0.5], "size": [3, 1, 7], "uv": [0, 13]},
						{"origin": [-1.5, 4, -0.5], "size": [3, 1, 7], "uv": [0, 13]},
						{"origin": [0, 5, 0.5], "size": [0, 1, 6], "pivot": [0, 5, 3.5], "rotation": [0, -30, 0], "uv": [0, 30]},
						{"origin": [0, 5, 0.5], "size": [0, 1, 6], "pivot": [0, 5, 3.5], "rotation": [0, 30, 0], "uv": [0, 30]},
						{"origin": [-2.5, 1, -0.5], "size": [1, 3, 7], "uv": [18, 6]},
						{"origin": [1.5, 1, -0.5], "size": [1, 3, 7], "uv": [18, 6], "mirror": true},
						{"origin": [-4.5, 1, -0.5], "size": [2, 0, 7], "pivot": [-2.5, 1, 0], "rotation": [0, 0, -30], "uv": [0, 22]},
						{"origin": [2.5, 1, -0.5], "size": [2, 0, 7], "pivot": [2.5, 1, 0], "rotation": [0, 0, 30], "uv": [0, 22], "mirror": true},
						{"origin": [-3.5, 3, 0.5], "size": [1, 0, 6], "uv": [29, 11]},
						{"origin": [2.5, 3, 0.5], "size": [1, 0, 6], "uv": [29, 11], "mirror": true},
						{"origin": [-1.5, 1, 6.5], "size": [3, 3, 1], "uv": [38, 9]}
					]
				}
			]
		},
		{
			"description": {
				"identifier": "geometry.serpwurmple_aura",
				"texture_width": 48,
				"texture_height": 48,
				"visible_bounds_width": 3,
				"visible_bounds_height": 2.5,
				"visible_bounds_offset": [0, 0.75, 0]
			},
			"bones": [
				{
					"name": "wurmple",
					"pivot": [0, 0, 0]
				},
				{
					"name": "body_root",
					"parent": "wurmple",
					"pivot": [0, 0, 0]
				},
				{
					"name": "head",
					"parent": "body_root",
					"pivot": [0, 7, -2],
					"cubes": [
						{"origin": [-2, 7.5, -3.5], "size": [4, 4, 4], "inflate": 0.25, "uv": [28, 0]},
						{"origin": [-0.5, 11.5, -0.5], "size": [1, 4, 1], "inflate": 0.25, "pivot": [0, 12, 0], "rotation": [-35, 0, 0], "uv": [0, 0]},
						{"origin": [0, 11.5, -4], "size": [0, 3, 2], "inflate": 0.25, "pivot": [0, 11.5, -3], "rotation": [30, 0, 0], "uv": [0, 13]},
						{"origin": [0, 11.5, -4], "size": [0, 3, 2], "inflate": 0.25, "pivot": [0, 11.5, -3], "rotation": [90, 60, 90], "uv": [0, 13]},
						{"origin": [-1.99, 8.52785, -6.49509], "size": [4, 3, 3], "inflate": 0.25, "pivot": [0.02, 11.52785, -3.49509], "rotation": [35, 0, 0], "uv": [31, 26]},
						{"origin": [-2.5, 8, -3], "size": [1, 3, 3], "inflate": 0.25, "uv": [19, 35]},
						{"origin": [1.5, 8, -3], "size": [1, 3, 3], "inflate": 0.25, "uv": [19, 35], "mirror": true},
						{"origin": [-1.5, 8, 0], "size": [3, 3, 1], "inflate": 0.25, "uv": [17, 0]},
						{"origin": [-1.5, 11, -3], "size": [3, 1, 3], "inflate": 0.25, "uv": [34, 18]},
						{"origin": [-1.5, 7, -3], "size": [3, 1, 3], "inflate": 0.25, "uv": [34, 18]}
					]
				},
				{
					"name": "open_eyes",
					"parent": "head",
					"pivot": [0, 7, -2],
					"cubes": [
						{"origin": [-2.6, 8, -3], "size": [0, 3, 3], "inflate": 0.25, "uv": [28, 35]},
						{"origin": [2.6, 8, -3], "size": [0, 3, 3], "inflate": 0.25, "uv": [28, 35], "mirror": true}
					]
				},
				{
					"name": "closed_eyes",
					"parent": "head",
					"pivot": [0, 7, -2],
					"cubes": [
						{"origin": [-2.6, 8, -3], "size": [0, 3, 3], "inflate": 0.25, "uv": [28, 38]},
						{"origin": [2.6, 8, -3], "size": [0, 3, 3], "inflate": 0.25, "uv": [28, 38], "mirror": true}
					]
				},
				{
					"name": "angry_eyes",
					"parent": "head",
					"pivot": [0, 7, -2],
					"cubes": [
						{"origin": [-2.6, 8, -3], "size": [0, 3, 3], "inflate": 0.25, "uv": [28, 41]},
						{"origin": [2.6, 8, -3], "size": [0, 3, 3], "inflate": 0.25, "uv": [28, 41], "mirror": true}
					]
				},
				{
					"name": "body1",
					"parent": "body_root",
					"pivot": [0, 0.5, -1],
					"rotation": [20, 0, 0],
					"cubes": [
						{"origin": [-2, 0.5, -1], "size": [4, 6, 4], "inflate": 0.25, "uv": [17, 18]},
						{"origin": [-2.5, 1, -0.5], "size": [1, 5, 3], "inflate": 0.25, "uv": [10, 35]},
						{"origin": [1.5, 1, -0.5], "size": [1, 5, 3], "inflate": 0.25, "uv": [10, 35], "mirror": true},
						{"origin": [-1.5, 6, -0.5], "size": [3, 1, 3], "inflate": 0.25, "uv": [30, 33]},
						{"origin": [-3.5, 2, 1.5], "size": [1, 4, 0], "inflate": 0.25, "uv": [5, 0]},
						{"origin": [2.5, 2, 1.5], "size": [1, 4, 0], "inflate": 0.25, "uv": [5, 0], "mirror": true},
						{"origin": [-4.47913, 1.5, -0.4805], "size": [2, 4, 0], "inflate": 0.25, "pivot": [-2.47913, 3.98, -0.4805], "rotation": [0, -60, 0], "uv": [0, 22]},
						{"origin": [2.47913, 1.5, -0.4805], "size": [2, 4, 0], "inflate": 0.25, "pivot": [2.47913, 3.98, -0.4805], "rotation": [0, 60, 0], "uv": [0, 22], "mirror": true},
						{"origin": [-1.5, 1, -1.5], "size": [3, 5, 1], "inflate": 0.25, "uv": [0, 38]},
						{"origin": [-1.5, 1, 2.5], "size": [3, 5, 1], "inflate": 0.25, "uv": [0, 38]}
					]
				},
				{
					"name": "body2",
					"parent": "wurmple",
					"pivot": [0, 0, 0],
					"cubes": [
						{"origin": [-2, 0.5, -1], "size": [4, 4, 8], "inflate": 0.25, "uv": [0, 0]},
						{"origin": [-2, 4.5, 7], "size": [4, 0, 5], "inflate": 0.25, "pivot": [0, 4.5, 7], "rotation": [35, 0, 0], "uv": [14, 29]},
						{"origin": [-1.5, 0, -0.5], "size": [3, 1, 7], "inflate": 0.25, "uv": [0, 13]},
						{"origin": [-1.5, 4, -0.5], "size": [3, 1, 7], "inflate": 0.25, "uv": [0, 13]},
						{"origin": [0, 5, 0.5], "size": [0, 1, 6], "inflate": 0.25, "pivot": [0, 5, 3.5], "rotation": [0, -30, 0], "uv": [0, 30]},
						{"origin": [0, 5, 0.5], "size": [0, 1, 6], "inflate": 0.25, "pivot": [0, 5, 3.5], "rotation": [0, 30, 0], "uv": [0, 30]},
						{"origin": [-2.5, 1, -0.5], "size": [1, 3, 7], "inflate": 0.25, "uv": [18, 6]},
						{"origin": [1.5, 1, -0.5], "size": [1, 3, 7], "inflate": 0.25, "uv": [18, 6], "mirror": true},
						{"origin": [-4.5, 1, -0.5], "size": [2, 0, 7], "inflate": 0.25, "pivot": [-2.5, 1, 0], "rotation": [0, 0, -30], "uv": [0, 22]},
						{"origin": [2.5, 1, -0.5], "size": [2, 0, 7], "inflate": 0.25, "pivot": [2.5, 1, 0], "rotation": [0, 0, 30], "uv": [0, 22], "mirror": true},
						{"origin": [-3.5, 3, 0.5], "size": [1, 0, 6], "inflate": 0.25, "uv": [29, 11]},
						{"origin": [2.5, 3, 0.5], "size": [1, 0, 6], "inflate": 0.25, "uv": [29, 11], "mirror": true},
						{"origin": [-1.5, 1, 6.5], "size": [3, 3, 1], "inflate": 0.25, "uv": [38, 9]}
					]
				}
			]
		}
	]
}