{
	"format_version": "1.12.0",
	"minecraft:geometry": [
		{
			"description": {
				"identifier": "geometry.serpbeautifly",
				"texture_width": 64,
				"texture_height": 64,
				"visible_bounds_width": 4,
				"visible_bounds_height": 2.5,
				"visible_bounds_offset": [0, 0.75, 0]
			},
			"bones": [
				{
					"name": "beautifly",
					"pivot": [0, 0, 0]
				},
				{
					"name": "body_root",
					"parent": "beautifly",
					"pivot": [0, 0, 0]
				},
				{
					"name": "head",
					"parent": "body_root",
					"pivot": [0, 7, -0.5],
					"cubes": [
						{"origin": [-3, 7.5, -3.5], "size": [6, 6, 6], "uv": [0, 25]},
						{"origin": [-2.5, 13, -3], "size": [5, 1, 5], "uv": [37, 0]},
						{"origin": [-2.5, 7, -3], "size": [5, 1, 5], "uv": [37, 0]},
						{"origin": [-3.5, 8, -3], "size": [1, 5, 5], "uv": [37, 7]},
						{"origin": [2.5, 8, -3], "size": [1, 5, 5], "uv": [37, 7], "mirror": true},
						{"origin": [-2.5, 8, -4], "size": [5, 5, 1], "uv": [28, 40]},
						{"origin": [-2.5, 8, 2], "size": [5, 5, 1], "uv": [28, 40]},
						{"origin": [0, 5, -14], "size": [0, 4, 10], "pivot": [0, 9, -4], "rotation": [30, 0, 0], "uv": [25, 25]},
						{"origin": [-1, 13.5, -1], "size": [1, 7, 1], "inflate": -0.2, "pivot": [-0.5, 14, -0.5], "rotation": [-15, 0, -15], "uv": [30, 25]},
						{"origin": [0, 13.5, -1], "size": [1, 7, 1], "inflate": -0.2, "pivot": [0.5, 14, -0.5], "rotation": [-15, 0, 15], "uv": [30, 25], "mirror": true},
						{"origin": [-1, 20, -1], "size": [1, 3, 1], "pivot": [-0.5, 14, -0.5], "rotation": [-15, 0, -15], "uv": [0, 25]},
						{"origin": [0, 20, -1], "size": [1, 3, 1], "pivot": [0.5, 14, -0.5], "rotation": [-15, 0, 15], "uv": [0, 25], "mirror": true}
					]
				},
				{
					"name": "open_eyes",
					"parent": "head",
					"pivot": [0, 10, -1],
					"cubes": [
						{"origin": [-4.5, 8.5, -4], "size": [3, 4, 0], "inflate": 0.01, "pivot": [-2.5, 10, -4], "rotation": [-5, 30, -10], "uv": [0, 44]},
						{"origin": [1.5, 8.5, -4], "size": [3, 4, 0], "inflate": 0.01, "pivot": [2.5, 10, -4], "rotation": [-5, -30, 10], "uv": [0, 44], "mirror": true}
					]
				},
				{
					"name": "closed_eyes",
					"parent": "head",
					"pivot": [0, 10, -1],
					"cubes": [
						{"origin": [-4.5, 8.5, -4], "size": [3, 4, 0], "inflate": 0.01, "pivot": [-2.5, 10, -4], "rotation": [-5, 30, -10], "uv": [0, 48]},
						{"origin": [1.5, 8.5, -4], "size": [3, 4, 0], "inflate": 0.01, "pivot": [2.5, 10, -4], "rotation": [-5, -30, 10], "uv": [0, 48], "mirror": true}
					]
				},
				{
					"name": "angry_eyes",
					"parent": "head",
					"pivot": [0, 10, -1],
					"cubes": [
						{"origin": [-4.5, 8.5, -4], "size": [3, 4, 0], "inflate": 0.01, "pivot": [-2.5, 10, -4], "rotation": [-5, 30, -10], "uv": [0, 52]},
						{"origin": [1.5, 8.5, -4], "size": [3, 4, 0], "inflate": 0.01, "pivot": [2.5, 10, -4], "rotation": [-5, -30, 10], "uv": [0, 52], "mirror": true}
					]
				},
				{
					"name": "body",
					"parent": "body_root",
					"pivot": [0, 1, -0.5],
					"cubes": [
						{"origin": [-2.5, 1, -3], "size": [5, 5.5, 5], "inflate": 0.02, "uv": [36, 20]},
						{"origin": [-2, 1.5, -3.5], "size": [4, 4.5, 1], "uv": [19, 25]},
						{"origin": [-2, 1.5, 1.5], "size": [4, 4.5, 1], "uv": [19, 25]},
						{"origin": [-3, 1.5, -2.5], "size": [1, 4.5, 4], "uv": [17, 38]},
						{"origin": [2, 1.5, -2.5], "size": [1, 4.5, 4], "uv": [17, 38], "mirror": true},
						{"origin": [-2, 6, -2.5], "size": [4, 1, 4], "uv": [0, 38]},
						{"origin": [-2, 0.5, -2.5], "size": [4, 1, 4], "uv": [0, 38]}
					]
				},
				{
					"name": "wings",
					"parent": "body",
					"pivot": [0, 4, 2.5]
				},
				{
					"name": "right_wing",
					"parent": "wings",
					"pivot": [-1, 4, 2.5],
					"rotation": [0, 30, 0],
					"cubes": [
						{"origin": [-19, -5, 2.5], "size": [18, 24, 0], "uv": [0, 0]}
					]
				},
				{
					"name": "left_wing",
					"parent": "wings",
					"pivot": [1, 4, 2.5],
					"rotation": [0, -30, 0],
					"cubes": [
						{"origin": [1, -5, 2.5], "size": [18, 24, 0], "uv": [0, 0], "mirror": true}
					]
				},
				{
					"name": "arms",
					"parent": "body_root",
					"pivot": [0, 5.25, -2.5],
					"cubes": [
						{"origin": [-3.5, 4.5, -5], "size": [1.5, 1.5, 2.5], "inflate": -0.02, "pivot": [-3, 5.5, -2.5], "rotation": [0, -35, 0], "uv": [36, 31]},
						{"origin": [2, 4.5, -5], "size": [1.5, 1.5, 2.5], "inflate": -0.02, "pivot": [3, 5.5, -2.5], "rotation": [0, 35, 0], "uv": [36, 31], "mirror": true}
					]
				},
				{
					"name": "legs",
					"parent": "beautifly",
					"pivot": [0, 1.5, -1.5],
					"cubes": [
						{"origin": [-2.5, 0, -4.5], "size": [1.5, 1.5, 3], "pivot": [-2, 1.5, -1.5], "rotation": [0, 5, 0], "uv": [41, 40]},
						{"origin": [1, 0, -4.5], "size": [1.5, 1.5, 3], "pivot": [2, 1.5, -1.5], "rotation": [0, -5, 0], "uv": [41, 40], "mirror": true}
					]
				}
			]
		},
		{
			"description": {
				"identifier": "geometry.serpbeautifly_aura",
				"texture_width": 64,
				"texture_height": 64,
				"visible_bounds_width": 4,
				"visible_bounds_height": 2.5,
				"visible_bounds_offset": [0, 0.75, 0]
			},
			"bones": [
				{
					"name": "beautifly",
					"pivot": [0, 0, 0]
				},
				{
					"name": "body_root",
					"parent": "beautifly",
					"pivot": [0, 0, 0]
				},
				{
					"name": "head",
					"parent": "body_root",
					"pivot": [0, 7, -0.5],
					"cubes": [
						{"origin": [-3, 7.5, -3.5], "size": [6, 6, 6], "inflate": 0.25, "uv": [0, 25]},
						{"origin": [-2.5, 13, -3], "size": [5, 1, 5], "inflate": 0.25, "uv": [37, 0]},
						{"origin": [-2.5, 7, -3], "size": [5, 1, 5], "inflate": 0.25, "uv": [37, 0]},
						{"origin": [-3.5, 8, -3], "size": [1, 5, 5], "inflate": 0.25, "uv": [37, 7]},
						{"origin": [2.5, 8, -3], "size": [1, 5, 5], "inflate": 0.25, "uv": [37, 7], "mirror": true},
						{"origin": [-2.5, 8, -4], "size": [5, 5, 1], "inflate": 0.25, "uv": [28, 40]},
						{"origin": [-2.5, 8, 2], "size": [5, 5, 1], "inflate": 0.25, "uv": [28, 40]},
						{"origin": [0, 5, -14], "size": [0, 4, 10], "inflate": 0.25, "pivot": [0, 9, -4], "rotation": [30, 0, 0], "uv": [25, 25]},
						{"origin": [-1, 13.5, -1], "size": [1, 7, 1], "inflate": 0.25, "pivot": [-0.5, 14, -0.5], "rotation": [-15, 0, -15], "uv": [30, 25]},
						{"origin": [0, 13.5, -1], "size": [1, 7, 1], "inflate": 0.25, "pivot": [0.5, 14, -0.5], "rotation": [-15, 0, 15], "uv": [30, 25], "mirror": true},
						{"origin": [-1, 20, -1], "size": [1, 3, 1], "inflate": 0.25, "pivot": [-0.5, 14, -0.5], "rotation": [-15, 0, -15], "uv": [0, 25]},
						{"origin": [0, 20, -1], "size": [1, 3, 1], "inflate": 0.25, "pivot": [0.5, 14, -0.5], "rotation": [-15, 0, 15], "uv": [0, 25], "mirror": true}
					]
				},
				{
					"name": "open_eyes",
					"parent": "head",
					"pivot": [0, 10, -1],
					"cubes": [
						{"origin": [-4.5, 8.5, -4], "size": [3, 4, 0], "inflate": 0.25, "pivot": [-2.5, 10, -4], "rotation": [-5, 30, -10], "uv": [0, 44]},
						{"origin": [1.5, 8.5, -4], "size": [3, 4, 0], "inflate": 0.25, "pivot": [2.5, 10, -4], "rotation": [-5, -30, 10], "uv": [0, 44], "mirror": true}
					]
				},
				{
					"name": "closed_eyes",
					"parent": "head",
					"pivot": [0, 10, -1],
					"cubes": [
						{"origin": [-4.5, 8.5, -4], "size": [3, 4, 0], "inflate": 0.25, "pivot": [-2.5, 10, -4], "rotation": [-5, 30, -10], "uv": [0, 48]},
						{"origin": [1.5, 8.5, -4], "size": [3, 4, 0], "inflate": 0.25, "pivot": [2.5, 10, -4], "rotation": [-5, -30, 10], "uv": [0, 48], "mirror": true}
					]
				},
				{
					"name": "angry_eyes",
					"parent": "head",
					"pivot": [0, 10, -1],
					"cubes": [
						{"origin": [-4.5, 8.5, -4], "size": [3, 4, 0], "inflate": 0.25, "pivot": [-2.5, 10, -4], "rotation": [-5, 30, -10], "uv": [0, 52]},
						{"origin": [1.5, 8.5, -4], "size": [3, 4, 0], "inflate": 0.25, "pivot": [2.5, 10, -4], "rotation": [-5, -30, 10], "uv": [0, 52], "mirror": true}
					]
				},
				{
					"name": "body",
					"parent": "body_root",
					"pivot": [0, 1, -0.5],
					"cubes": [
						{"origin": [-2.5, 1, -3], "size": [5, 5.5, 5], "inflate": 0.25, "uv": [36, 20]},
						{"origin": [-2, 1.5, -3.5], "size": [4, 4.5, 1], "inflate": 0.25, "uv": [19, 25]},
						{"origin": [-2, 1.5, 1.5], "size": [4, 4.5, 1], "inflate": 0.25, "uv": [19, 25]},
						{"origin": [-3, 1.5, -2.5], "size": [1, 4.5, 4], "inflate": 0.25, "uv": [17, 38]},
						{"origin": [2, 1.5, -2.5], "size": [1, 4.5, 4], "inflate": 0.25, "uv": [17, 38], "mirror": true},
						{"origin": [-2, 6, -2.5], "size": [4, 1, 4], "inflate": 0.25, "uv": [0, 38]},
						{"origin": [-2, 0.5, -2.5], "size": [4, 1, 4], "inflate": 0.25, "uv": [0, 38]}
					]
				},
				{
					"name": "wings",
					"parent": "body",
					"pivot": [0, 4, 2.5]
				},
				{
					"name": "right_wing",
					"parent": "wings",
					"pivot": [-1, 4, 2.5],
					"rotation": [0, 30, 0],
					"cubes": [
						{"origin": [-19, -5, 2.5], "size": [18, 24, 0], "inflate": 0.25, "uv": [0, 0]}
					]
				},
				{
					"name": "left_wing",
					"parent": "wings",
					"pivot": [1, 4, 2.5],
					"rotation": [0, -30, 0],
					"cubes": [
						{"origin": [1, -5, 2.5], "size": [18, 24, 0], "inflate": 0.25, "uv": [0, 0], "mirror": true}
					]
				},
				{
					"name": "arms",
					"parent": "body_root",
					"pivot": [0, 5.25, -2.5],
					"cubes": [
						{"origin": [-3.5, 4.5, -5], "size": [1.5, 1.5, 2.5], "inflate": 0.25, "pivot": [-3, 5.5, -2.5], "rotation": [0, -35, 0], "uv": [36, 31]},
						{"origin": [2, 4.5, -5], "size": [1.5, 1.5, 2.5], "inflate": 0.25, "pivot": [3, 5.5, -2.5], "rotation": [0, 35, 0], "uv": [36, 31], "mirror": true}
					]
				},
				{
					"name": "legs",
					"parent": "beautifly",
					"pivot": [0, 1.5, -1.5],
					"cubes": [
						{"origin": [-2.5, 0, -4.5], "size": [1.5, 1.5, 3], "inflate": 0.25, "pivot": [-2, 1.5, -1.5], "rotation": [0, 5, 0], "uv": [41, 40]},
						{"origin": [1, 0, -4.5], "size": [1.5, 1.5, 3], "inflate": 0.25, "pivot": [2, 1.5, -1.5], "rotation": [0, -5, 0], "uv": [41, 40], "mirror": true}
					]
				}
			]
		}
	]
}