{
	"format_version": "1.12.0",
	"minecraft:geometry": [
		{
			"description": {
				"identifier": "geometry.serpdustox",
				"texture_width": 64,
				"texture_height": 64,
				"visible_bounds_width": 4,
				"visible_bounds_height": 2.5,
				"visible_bounds_offset": [0, 0.75, 0]
			},
			"bones": [
				{
					"name": "dustox",
					"pivot": [0, 0, 0]
				},
				{
					"name": "body_root",
					"parent": "dustox",
					"pivot": [0, 0, 0]
				},
				{
					"name": "body",
					"parent": "body_root",
					"pivot": [0, 1, -0.5],
					"cubes": [
						{"origin": [-2.5, 1, -3], "size": [5, 5, 7], "uv": [0, 15]},
						{"origin": [-2.5, 4.5, -6], "size": [5, 0, 3.35], "pivot": [0, 4.5, -6], "rotation": [26.5, 0, 0], "uv": [22, 25]},
						{"origin": [-2.5, 2.5, -6], "size": [5, 0, 3.35], "pivot": [0, 2.5, -6], "rotation": [26.5, 0, -180], "uv": [22, 25]},
						{"origin": [-1.5, 3.5, -6], "size": [5, 0, 3.35], "pivot": [1, 3.5, -6], "rotation": [26.5, 0, 90], "uv": [22, 25]},
						{"origin": [-3.5, 3.5, -6], "size": [5, 0, 3.35], "pivot": [-1, 3.5, -6], "rotation": [26.5, 0, -90], "uv": [22, 25], "mirror": true},
						{"origin": [-1, 2.5, -6], "size": [2, 2, 3], "uv": [11, 28]},
						{"origin": [-2, 3, -8.5], "size": [1, 1, 3], "inflate": 0.1, "pivot": [-1, 3.5, -6], "rotation": [0, 20, 0], "uv": [29, 29]},
						{"origin": [1, 3, -8.5], "size": [1, 1, 3], "inflate": 0.1, "pivot": [1, 3.5, -6], "rotation": [0, -20, 0], "uv": [29, 29], "mirror": true},
						{"origin": [-2, 1.5, 3.5], "size": [4, 4, 1], "uv": [0, 28]},
						{"origin": [-2.5, 5.5, 4.5], "size": [5, 0, 2], "pivot": [0, 5.5, 4.5], "rotation": [30, 0, 0], "uv": [-1, 10]},
						{"origin": [-2.5, 1.5, 4.5], "size": [5, 0, 2], "pivot": [0, 1.5, 4.5], "rotation": [30, 0, -180], "uv": [-1, 10]},
						{"origin": [-2, 1, 4.5], "size": [0, 5, 2], "pivot": [-2, 3.5, 4.5], "rotation": [0, -30, 0], "uv": [0, 34]},
						{"origin": [2, 1, 4.5], "size": [0, 5, 2], "pivot": [2, 3.5, 4.5], "rotation": [0, 30, 0], "uv": [0, 34], "mirror": true},
						{"origin": [-3, 1.5, -1.5], "size": [1, 4, 5], "uv": [0, 0]},
						{"origin": [2, 1.5, -1.5], "size": [1, 4, 5], "uv": [0, 0], "mirror": true},
						{"origin": [-2, 0.5, -1.5], "size": [4, 1, 5], "uv": [18, 15]},
						{"origin": [-2, 5.5, -1.5], "size": [4, 1, 5], "uv": [18, 15]}
					]
				},
				{
					"name": "wings",
					"parent": "body",
					"pivot": [0, 6.5, 3.5]
				},
				{
					"name": "right_wing",
					"parent": "wings",
					"pivot": [0, 6.5, 1.5],
					"cubes": [
						{"origin": [-14, 6.5, -1.5], "size": [14, 0, 11], "uv": [5, 0]}
					]
				},
				{
					"name": "left_wing",
					"parent": "wings",
					"pivot": [0, 6.5, 1.5],
					"cubes": [
						{"origin": [0, 6.5, -1.5], "size": [14, 0, 11], "uv": [5, 0], "mirror": true}
					]
				},
				{
					"name": "open_eyes",
					"parent": "body",
					"pivot": [0, 1, -0.5],
					"cubes": [
						{"origin": [2.5, -1.5, -4.5], "size": [0, 3, 3], "pivot": [2.5, 1, -3], "rotation": [0, 0, 65], "uv": [0, 10], "mirror": true},
						{"origin": [-2.5, -1.5, -4.5], "size": [0, 3, 3], "pivot": [-2.5, 1, -3], "rotation": [0, 0, -65], "uv": [0, 10]}
					]
				},
				{
					"name": "closed_eyes",
					"parent": "body",
					"pivot": [0, 1, -0.5],
					"cubes": [
						{"origin": [2.5, -1.5, -4.5], "size": [0, 3, 3], "pivot": [2.5, 1, -3], "rotation": [0, 0, 65], "uv": [0, 13], "mirror": true},
						{"origin": [-2.5, -1.5, -4.5], "size": [0, 3, 3], "pivot": [-2.5, 1, -3], "rotation": [0, 0, -65], "uv": [0, 13]}
					]
				},
				{
					"name": "angry_eyes",
					"parent": "body",
					"pivot": [0, 1, -0.5],
					"cubes": [
						{"origin": [2.5, -1.5, -4.5], "size": [0, 3, 3], "pivot": [2.5, 1, -3], "rotation": [0, 0, 65], "uv": [0, 16], "mirror": true},
						{"origin": [-2.5, -1.5, -4.5], "size": [0, 3, 3], "pivot": [-2.5, 1, -3], "rotation": [0, 0, -65], "uv": [0, 16]}
					]
				},
				{
					"name": "right_legs",
					"parent": "body_root",
					"pivot": [-2.5, 1.5, 1],
					"cubes": [
						{"origin": [-3.5, 0, 0], "size": [1, 2, 1], "uv": [0, 0]},
						{"origin": [-3.5, 0, 1.5], "size": [1, 2, 1], "uv": [0, 0]}
					]
				},
				{
					"name": "left_legs",
					"parent": "body_root",
					"pivot": [2.5, 1.5, 1],
					"cubes": [
						{"origin": [2.5, 0, 0], "size": [1, 2, 1], "uv": [0, 0], "mirror": true},
						{"origin": [2.5, 0, 1.5], "size": [1, 2, 1], "uv": [0, 0], "mirror": true}
					]
				}
			]
		},
		{
			"description": {
				"identifier": "geometry.serpdustox_aura",
				"texture_width": 64,
				"texture_height": 64,
				"visible_bounds_width": 4,
				"visible_bounds_height": 2.5,
				"visible_bounds_offset": [0, 0.75, 0]
			},
			"bones": [
				{
					"name": "dustox",
					"pivot": [0, 0, 0]
				},
				{
					"name": "body_root",
					"parent": "dustox",
					"pivot": [0, 0, 0]
				},
				{
					"name": "body",
					"parent": "body_root",
					"pivot": [0, 1, -0.5],
					"cubes": [
						{"origin": [-2.5, 1, -3], "size": [5, 5, 7], "inflate": 0.25, "uv": [0, 15]},
						{"origin": [-2.5, 4.5, -6], "size": [5, 0, 3.35], "inflate": 0.25, "pivot": [0, 4.5, -6], "rotation": [26.5, 0, 0], "uv": [22, 25]},
						{"origin": [-2.5, 2.5, -6], "size": [5, 0, 3.35], "inflate": 0.25, "pivot": [0, 2.5, -6], "rotation": [26.5, 0, -180], "uv": [22, 25]},
						{"origin": [-1.5, 3.5, -6], "size": [5, 0, 3.35], "inflate": 0.25, "pivot": [1, 3.5, -6], "rotation": [26.5, 0, 90], "uv": [22, 25]},
						{"origin": [-3.5, 3.5, -6], "size": [5, 0, 3.35], "inflate": 0.25, "pivot": [-1, 3.5, -6], "rotation": [26.5, 0, -90], "uv": [22, 25], "mirror": true},
						{"origin": [-1, 2.5, -6], "size": [2, 2, 3], "inflate": 0.25, "uv": [11, 28]},
						{"origin": [-2, 3, -8.5], "size": [1, 1, 3], "inflate": 0.25, "pivot": [-1, 3.5, -6], "rotation": [0, 20, 0], "uv": [29, 29]},
						{"origin": [1, 3, -8.5], "size": [1, 1, 3], "inflate": 0.25, "pivot": [1, 3.5, -6], "rotation": [0, -20, 0], "uv": [29, 29], "mirror": true},
						{"origin": [-2, 1.5, 3.5], "size": [4, 4, 1], "inflate": 0.25, "uv": [0, 28]},
						{"origin": [-2.5, 5.5, 4.5], "size": [5, 0, 2], "inflate": 0.25, "pivot": [0, 5.5, 4.5], "rotation": [30, 0, 0], "uv": [-1, 10]},
						{"origin": [-2.5, 1.5, 4.5], "size": [5, 0, 2], "inflate": 0.25, "pivot": [0, 1.5, 4.5], "rotation": [30, 0, -180], "uv": [-1, 10]},
						{"origin": [-2, 1, 4.5], "size": [0, 5, 2], "inflate": 0.25, "pivot": [-2, 3.5, 4.5], "rotation": [0, -30, 0], "uv": [0, 34]},
						{"origin": [2, 1, 4.5], "size": [0, 5, 2], "inflate": 0.25, "pivot": [2, 3.5, 4.5], "rotation": [0, 30, 0], "uv": [0, 34], "mirror": true},
						{"origin": [-3, 1.5, -1.5], "size": [1, 4, 5], "inflate": 0.25, "uv": [0, 0]},
						{"origin": [2, 1.5, -1.5], "size": [1, 4, 5], "inflate": 0.25, "uv": [0, 0], "mirror": true},
						{"origin": [-2, 0.5, -1.5], "size": [4, 1, 5], "inflate": 0.25, "uv": [18, 15]},
						{"origin": [-2, 5.5, -1.5], "size": [4, 1, 5], "inflate": 0.25, "uv": [18, 15]}
					]
				},
				{
					"name": "wings",
					"parent": "body",
					"pivot": [0, 6.5, 3.5]
				},
				{
					"name": "right_wing",
					"parent": "wings",
					"pivot": [0, 6.5, 1.5],
					"cubes": [
						{"origin": [-14, 6.5, -1.5], "size": [14, 0, 11], "inflate": 0.25, "uv": [5, 0]}
					]
				},
				{
					"name": "left_wing",
					"parent": "wings",
					"pivot": [0, 6.5, 1.5],
					"cubes": [
						{"origin": [0, 6.5, -1.5], "size": [14, 0, 11], "inflate": 0.25, "uv": [5, 0], "mirror": true}
					]
				},
				{
					"name": "open_eyes",
					"parent": "body",
					"pivot": [0, 1, -0.5],
					"cubes": [
						{"origin": [2.5, -1.5, -4.5], "size": [0, 3, 3], "inflate": 0.25, "pivot": [2.5, 1, -3], "rotation": [0, 0, 65], "uv": [0, 10], "mirror": true},
						{"origin": [-2.5, -1.5, -4.5], "size": [0, 3, 3], "inflate": 0.25, "pivot": [-2.5, 1, -3], "rotation": [0, 0, -65], "uv": [0, 10]}
					]
				},
				{
					"name": "closed_eyes",
					"parent": "body",
					"pivot": [0, 1, -0.5],
					"cubes": [
						{"origin": [2.5, -1.5, -4.5], "size": [0, 3, 3], "inflate": 0.25, "pivot": [2.5, 1, -3], "rotation": [0, 0, 65], "uv": [0, 13], "mirror": true},
						{"origin": [-2.5, -1.5, -4.5], "size": [0, 3, 3], "inflate": 0.25, "pivot": [-2.5, 1, -3], "rotation": [0, 0, -65], "uv": [0, 13]}
					]
				},
				{
					"name": "angry_eyes",
					"parent": "body",
					"pivot": [0, 1, -0.5],
					"cubes": [
						{"origin": [2.5, -1.5, -4.5], "size": [0, 3, 3], "inflate": 0.25, "pivot": [2.5, 1, -3], "rotation": [0, 0, 65], "uv": [0, 16], "mirror": true},
						{"origin": [-2.5, -1.5, -4.5], "size": [0, 3, 3], "inflate": 0.25, "pivot": [-2.5, 1, -3], "rotation": [0, 0, -65], "uv": [0, 16]}
					]
				},
				{
					"name": "right_legs",
					"parent": "body_root",
					"pivot": [-2.5, 1.5, 1],
					"cubes": [
						{"origin": [-3.5, 0, 0], "size": [1, 2, 1], "inflate": 0.25, "uv": [0, 0]},
						{"origin": [-3.5, 0, 1.5], "size": [1, 2, 1], "inflate": 0.25, "uv": [0, 0]}
					]
				},
				{
					"name": "left_legs",
					"parent": "body_root",
					"pivot": [2.5, 1.5, 1],
					"cubes": [
						{"origin": [2.5, 0, 0], "size": [1, 2, 1], "inflate": 0.25, "uv": [0, 0], "mirror": true},
						{"origin": [2.5, 0, 1.5], "size": [1, 2, 1], "inflate": 0.25, "uv": [0, 0], "mirror": true}
					]
				}
			]
		}
	]
}