{
	"format_version": "1.12.0",
	"minecraft:geometry": [
		{
			"description": {
				"identifier": "geometry.serpbike",
				"texture_width": 64,
				"texture_height": 64,
				"visible_bounds_width": 4,
				"visible_bounds_height": 2.5,
				"visible_bounds_offset": [0, 0.75, 0]
			},
			"bones": [
				{
					"name": "bike_up",
					"pivot": [0, 0, 0]
				},
				{
					"name": "bike",
					"parent": "bike_up",
					"pivot": [0, 13, 0]
				},
				{
					"name": "base",
					"parent": "bike",
					"pivot": [0, 12, -2],
					"cubes": [
						{"origin": [-1, 5, 5], "size": [2, 9, 2], "inflate": -0.01, "pivot": [0, 13, 5], "rotation": [-20, 0, 0], "uv": [0, 18]},
						{"origin": [-1, 8, 13.8], "size": [2, 7, 1], "inflate": 0.1, "pivot": [0, 13, 5], "rotation": [-20, 0, 0], "uv": [56, 23]},
						{"origin": [-0.9, 3, 0], "size": [0, 6, 14], "uv": [0, 18]},
						{"origin": [-1, 9.5, -8.5], "size": [2, 4, 2], "inflate": 0.01, "pivot": [0, 13.5, -6.5], "rotation": [-15, 0, 0], "uv": [34, 0]},
						{"origin": [-0.5, 14, 5.5], "size": [1, 3, 1], "pivot": [0, 13, 5], "rotation": [-20, 0, 0], "uv": [41, 42]},
						{"origin": [-1, 16, 3.5], "size": [2, 1, 3], "uv": [15, 26]},
						{"origin": [0, 16, 3.5], "size": [1, 1, 3.16], "pivot": [1, 17, 3.5], "rotation": [0, 18.4, 0], "uv": [0, 39]},
						{"origin": [-1, 16, 3.5], "size": [1, 1, 3.16], "pivot": [-1, 17, 3.5], "rotation": [0, -18.4, 0], "uv": [34, 12]},
						{"origin": [-2, 16, 6.5], "size": [4, 1, 2], "uv": [19, 6]},
						{"origin": [-1, 16, 8.5], "size": [2, 1, 1], "uv": [34, 42]},
						{"origin": [0.29289, 16, 8.20711], "size": [1, 1, 1.415], "pivot": [1.29289, 17, 9.20711], "rotation": [0, -45, 0], "uv": [43, 15]},
						{"origin": [-1.29289, 16, 8.20711], "size": [1, 1, 1.415], "pivot": [-1.29289, 17, 9.20711], "rotation": [0, 45, 0], "uv": [29, 32]},
						{"origin": [-1, 10, -8], "size": [2, 3, 14], "uv": [0, 0]},
						{"origin": [-4, 11, -15], "size": [8, 6, 6], "inflate": 0.5, "uv": [29, 29]},
						{"origin": [0.2, 12, 6.5], "size": [1, 1, 10], "inflate": -0.2, "pivot": [1, 12.8, 6.8], "rotation": [-50, 0, 0], "uv": [21, 42]},
						{"origin": [-1.2, 12, 6.5], "size": [1, 1, 10], "inflate": -0.2, "pivot": [-1, 12.8, 6.8], "rotation": [-50, 0, 0], "uv": [34, 0]},
						{"origin": [0.2, 4.93691, 3.64686], "size": [1, 1, 9], "inflate": -0.2, "uv": [44, 42]},
						{"origin": [1, 4.93691, 11.64686], "size": [2, 1, 1], "uv": [21, 42]},
						{"origin": [-3, 4.93691, 11.64686], "size": [2, 1, 1], "uv": [6, 0]},
						{"origin": [-1.2, 4.93691, 3.64686], "size": [1, 1, 9], "inflate": -0.2, "uv": [44, 12]}
					]
				},
				{
					"name": "star",
					"parent": "bike",
					"pivot": [-1.1, 6, 3],
					"cubes": [
						{"origin": [-1.1, 3.5, 0.5], "size": [0, 5, 5], "uv": [0, 0]},
						{"origin": [-2.5, 5.5, 2.5], "size": [5, 1, 1], "inflate": -0.3, "uv": [0, 11]},
						{"origin": [-2.5, 5.5, 2.5], "size": [1, 4, 1], "inflate": -0.3, "uv": [16, 42]},
						{"origin": [1.5, 2.5, 2.5], "size": [1, 4, 1], "inflate": -0.3, "uv": [16, 42]},
						{"origin": [2, 2.8, 2], "size": [3, 0, 2], "uv": [24, 29]},
						{"origin": [-5, 9.2, 2], "size": [3, 0, 2], "uv": [24, 29], "mirror": true}
					]
				},
				{
					"name": "back_wheel",
					"parent": "bike",
					"pivot": [0, 5, 12],
					"cubes": [
						{"origin": [0, 0, 7], "size": [0, 10, 10], "uv": [23, 8], "mirror": true}
					]
				},
				{
					"name": "handle",
					"parent": "bike",
					"pivot": [0, 12, -8],
					"rotation": [-15, 0, 0]
				},
				{
					"name": "front",
					"parent": "handle",
					"pivot": [0, 12, -8],
					"cubes": [
						{"origin": [1, 7.93185, -8.51764], "size": [1, 2.2, 1], "pivot": [2, 7.93185, -8.51764], "rotation": [0, 0, -45], "uv": [0, 44]},
						{"origin": [-2, 7.93185, -8.51764], "size": [1, 2.2, 1], "pivot": [-2, 7.93185, -8.51764], "rotation": [0, 0, 45], "uv": [0, 44], "mirror": true},
						{"origin": [1, 2.93185, -8.51764], "size": [1, 5, 1], "uv": [15, 18]},
						{"origin": [-2, 2.93185, -8.51764], "size": [1, 5, 1], "uv": [15, 18], "mirror": true},
						{"origin": [2.8, 16.73185, -8.51764], "size": [3, 1.2, 1], "uv": [20, 39]},
						{"origin": [-5.8, 16.73185, -8.51764], "size": [3, 1.2, 1], "uv": [40, 12]},
						{"origin": [-5.8, 3.8, -8.51764], "size": [3, 1.2, 1], "uv": [11, 39]},
						{"origin": [2.8, 3.8, -8.51764], "size": [3, 1.2, 1], "uv": [11, 39], "mirror": true},
						{"origin": [-3, 16.73185, -8.51764], "size": [6, 1.2, 1], "inflate": -0.2, "uv": [19, 3]},
						{"origin": [-3, 3.8, -8.51764], "size": [6, 1.2, 1], "inflate": -0.2, "uv": [19, 3]},
						{"origin": [-0.5, 13.93185, -8.51764], "size": [1, 3.2, 1], "inflate": -0.2, "uv": [0, 0]},
						{"origin": [-0.5, 8.93185, -8.51764], "size": [1, 6, 1], "uv": [9, 18]}
					]
				},
				{
					"name": "front_wheel",
					"parent": "front",
					"pivot": [0, 4.8, -8],
					"rotation": [15, 0, 0],
					"cubes": [
						{"origin": [0, -0.2, -13], "size": [0, 10, 10], "uv": [23, 8]}
					]
				}
			]
		}
	]
}