{
  "format_version": "1.12.0",
  "minecraft:geometry": [
    {
      "description": {
        "identifier": "geometry.hooparing",
			"texture_width": 16,
			"texture_height": 16,
			"visible_bounds_width": 3,
			"visible_bounds_height": 3.5,
			"visible_bounds_offset": [0, 1.25, 0]
			},
			"bones": [
				{
					"name": "body",
					"pivot": [0, 24, 0],
					"cubes": [
						{
							"origin": [-8, 16, 0],
							"size": [16, 16, 0],
							"uv": {
								"south": {"uv": [0, 0], "uv_size": [16, 16]}
							}
						}
					]
				}
			]
		}
    ]
}
