{
	"format_version": "1.12.0",
	"minecraft:geometry": [
		{
			"description": {
				"identifier": "geometry.apricorn_stem",
				"texture_width": 16,
				"texture_height": 16,
				"visible_bounds_width": 3,
				"visible_bounds_height": 4.5,
				"visible_bounds_offset": [0, 1.75, 0]
			},
			"bones": [
				{
					"name": "stem",
					"pivot": [0, -1, 0],
					"rotation": [0, -45, 0],
					"cubes": [
						{
							"origin": [-6, -1, 0],
							"size": [12, 6, 0],
							"uv": {
								"north": {"uv": [0, 0], "uv_size": [16, 10]},
								"east": {"uv": [0, 0], "uv_size": [0, 0]},
								"south": {"uv": [0, 0], "uv_size": [0, 0]},
								"west": {"uv": [0, 0], "uv_size": [0, 0]},
								"up": {"uv": [0, 0], "uv_size": [0, 0]},
								"down": {"uv": [0, 0], "uv_size": [0, 0]}
							}
						},
						{
							"origin": [0, -1, -6],
							"size": [0, 6, 12],
							"uv": {
								"north": {"uv": [0, 0], "uv_size": [0, 0]},
								"east": {"uv": [0, 0], "uv_size": [16, 10]},
								"south": {"uv": [0, 0], "uv_size": [0, 0]},
								"west": {"uv": [0, 0], "uv_size": [0, 0]},
								"up": {"uv": [0, 0], "uv_size": [0, 0]},
								"down": {"uv": [0, 0], "uv_size": [0, 0]}
							}
						}
					]
				}
			]
		},
		{
			"description": {
				"identifier": "geometry.apricorn_plant",
				"texture_width": 24,
				"texture_height": 24,
				"visible_bounds_width": 3,
				"visible_bounds_height": 4.5,
				"visible_bounds_offset": [0, 1.75, 0]
			},
			"bones": [
				{
					"name": "apricorn_tree",
					"pivot": [0, 0, 0]
				},
				{
					"name": "foliage",
					"parent": "apricorn_tree",
					"pivot": [0, 4, 0],
					"cubes": [
						{"origin": [0, 4, -5], "size": [0, 7, 10], "inflate": 0.03, "uv": [0, 0]},
						{"origin": [-1.5, 11, -2.5], "size": [0, 3, 5], "inflate": 0.03, "pivot": [-1.5, 11, 0], "rotation": [0, 0, -35], "uv": [13, 16]},
						{"origin": [1.5, 11, -2.5], "size": [0, 3, 5], "inflate": 0.03, "pivot": [1.5, 11, 0], "rotation": [0, 0, 35], "uv": [13, 16]},
						{"origin": [-2.5, 11, -1.5], "size": [5, 3, 0], "inflate": 0.03, "pivot": [0, 11, -1.5], "rotation": [35, 0, 0], "uv": [13, 21]},
						{"origin": [-2.5, 11, 1.5], "size": [5, 3, 0], "inflate": 0.03, "pivot": [0, 11, 1.5], "rotation": [-35, 0, 0], "uv": [13, 21]},
						{"origin": [0, 4, -5], "size": [0, 7, 10], "inflate": 0.03, "pivot": [0, 5, 0], "rotation": [0, -45, 0], "uv": [0, 0]},
						{"origin": [0, 4, -5], "size": [0, 7, 10], "inflate": 0.03, "pivot": [0, 5, 0], "rotation": [0, -90, 0], "uv": [0, 0]},
						{"origin": [0, 4, -5], "size": [0, 7, 10], "inflate": 0.03, "pivot": [0, 5, 0], "rotation": [0, 45, 0], "uv": [0, 0]},
						{"origin": [-2, 11.01, -2], "size": [4, 0, 4], "uv": [16, 9]},
						{"origin": [-2, 4.02, -2], "size": [4, 0, 4], "uv": [16, 9]}
					]
				},
				{
					"name": "log",
					"parent": "apricorn_tree",
					"pivot": [0, 0, 0],
					"cubes": [
						{"origin": [-1.5, -1.45, -1.5], "size": [3, 5.6, 3], "inflate": -0.2, "uv": [11, 0]}
					]
				},
				{
					"name": "fruit",
					"parent": "apricorn_tree",
					"pivot": [0, 11, 0],
					"cubes": [
						{"origin": [-1, 12, -2], "size": [2, 2, 1], "uv": [4, 3]},
						{"origin": [-1, 12, 1], "size": [2, 2, 1], "uv": [4, 3]},
						{"origin": [-2, 12, -1], "size": [1, 2, 2], "uv": [0, 4]},
						{"origin": [1, 12, -1], "size": [1, 2, 2], "uv": [0, 4]},
						{"origin": [-1, 11, -1], "size": [2, 1, 2], "uv": [0, 0]},
						{"origin": [-1, 14, -1], "size": [2, 1, 2], "uv": [0, 0]},
						{"origin": [-1.5, 11.5, -1.5], "size": [3, 3, 3], "uv": [0, 18]}
					]
				}
			]
		}
	]
}