{
  "format_version": "1.12.0",
  "minecraft:geometry": [
		{
			"description": {
				"identifier": "geometry.blockcross",
				"texture_width": 16,
				"texture_height": 16,
				"visible_bounds_width": 3,
				"visible_bounds_height": 2.5,
				"visible_bounds_offset": [0, 0.75, 0]
			},
			"bones": [
				{
					"name": "body",
					"pivot": [0, 0, 0],
					"cubes": [
						{
							"origin": [-8, 0, 0],
							"size": [16, 16, 0],
							"uv": {
								"south": {"uv": [0, 0], "uv_size": [16, 16]}
							}
						},
						{
							"origin": [0, 0, -8],
							"size": [0, 16, 16],
							"pivot": [0, 0, 0],
							"rotation": [0, 0, 0],
							"uv": {
								"west": {"uv": [0, 0], "uv_size": [16, 16]}
							}
						}
					]
				}
			]
		}
  ]
}
