{
	"format_version": "1.12.0",
	"minecraft:geometry": [
		{
			"description": {
				"identifier": "geometry.serpoak",
				"texture_width": 64,
				"texture_height": 64,
				"visible_bounds_width": 3,
				"visible_bounds_height": 4,
				"visible_bounds_offset": [0, 1, 0]
			},
			"bones": [
				{
				"name": "dialog",
				"parent": "head",
				"pivot": [0, 45, -5],
				"locators": {
		"dialog": [0, 45, -5]
					}
				},
				{
				"name": "starter",
				"parent": "head",
				"pivot": [0, 26, -15],
				"locators": {
		"starter": [0, 26, -15]
					}
				},
				{
					"name": "body",
					"pivot": [0, 24, 0],
					"cubes": [
						{"origin": [-4, 12, -2], "size": [8, 12, 4], "uv": [0, 27]},
						{"origin": [-4.5, 6.5, -2.5], "size": [9, 18, 5], "uv": [0, 0]}
					]
				},
				{
					"name": "head",
					"pivot": [0, 24, 1],
					"cubes": [
						{"origin": [-4, 24, -4], "size": [8, 8, 8], "uv": [20, 15]},
						{"origin": [-6, 28, -2], "size": [7, 5, 0], "uv": [28, 9]},
						{"origin": [1, 27, -1], "size": [4, 5, 0], "uv": [16, 47]},
						{"origin": [-4, 32, -4], "size": [5, 2, 0], "pivot": [0, 32, -4], "rotation": [-40, 0, 0], "uv": [44, 31]},
						{"origin": [-1.5, 29, -4], "size": [3, 2, 0], "pivot": [0, 31, -4], "rotation": [-15, 0, 0], "uv": [28, 4]},
						{"origin": [-6, 27, 0], "size": [2, 2, 0], "pivot": [-4, 28, 0], "rotation": [0, 70, 0], "uv": [0, 0]},
						{"origin": [4, 27, 0], "size": [2, 2, 0], "pivot": [4, 28, 0], "rotation": [0, -70, 0], "uv": [0, 0], "mirror": true},
						{"origin": [-4, 29, 4], "size": [8, 0, 2], "pivot": [0, 29, 4], "rotation": [-40, 0, 0], "uv": [0, 25]},
						{"origin": [-4, 28, 4], "size": [8, 0, 2], "pivot": [0, 28, 4], "rotation": [-40, 0, 0], "uv": [0, 25]},
						{"origin": [-4, 27, 4], "size": [8, 0, 2], "pivot": [0, 27, 4], "rotation": [-40, 0, 0], "uv": [0, 25]},
						{"origin": [-4, 26, 4], "size": [8, 0, 2], "pivot": [0, 26, 4], "rotation": [-40, 0, 0], "uv": [0, 25]},
						{"origin": [-4, 26, 4], "size": [8, 0, 2], "pivot": [0, 26, 4], "rotation": [-40, 0, 0], "uv": [0, 23]}
					]
				},
				{
					"name": "rightArm",
					"pivot": [-5, 22, -1],
					"rotation": [-40, 9.5, 11],
					"cubes": [
						{"origin": [-7, 15, -3], "size": [3, 9, 4], "uv": [40, 43]},
						{"origin": [-7, 15, -3], "size": [8, 4, 4], "inflate": 0.01, "pivot": [-7, 15, -1], "rotation": [0, 0, 15], "uv": [20, 39]},
						{"origin": [-5, 19, -9], "size": [6, 1, 8], "pivot": [-7, 15, -1], "rotation": [0, 0, 15], "uv": [28, 0]},
						{"origin": [-7, 18, -3], "size": [3, 0, 4], "uv": [19, 0]}
					]
				},
				{
					"name": "leftArm",
					"pivot": [5, 22, 1],
					"rotation": [20, 3.5, -10],
					"mirror": true,
					"cubes": [
						{"origin": [4, 16, -1], "size": [3, 8, 4], "uv": [44, 9], "mirror": false},
						{"origin": [-1, 16, -1], "size": [8, 4, 4], "inflate": -0.01, "pivot": [7, 16, 1], "rotation": [0, 0, -30], "uv": [24, 31], "mirror": false}
					]
				},
				{
					"name": "rightLeg",
					"pivot": [-1.9, 12, 0],
					"rotation": [0, 10, 0],
					"cubes": [
						{"origin": [-4, 0, -2], "size": [4, 12, 4], "uv": [0, 43]},
						{"origin": [-4, 0, -2], "size": [4, 3, 4], "inflate": 0.1, "uv": [44, 35]}
					]
				},
				{
					"name": "rightLegging",
					"parent": "rightLeg",
					"pivot": [-1.9, 12, 0]
				},
				{
					"name": "rightBoot",
					"parent": "rightLeg",
					"pivot": [-1.9, 12, 0]
				},
				{
					"name": "rightSock",
					"parent": "rightLeg",
					"pivot": [-1.9, 12, 0]
				},
				{
					"name": "leftLeg",
					"pivot": [1.9, 12, 0],
					"rotation": [0, -10, 0],
					"cubes": [
						{"origin": [0, 0, -2], "size": [4, 12, 4], "uv": [0, 43], "mirror": true},
						{"origin": [0, 0, -2], "size": [4, 3, 4], "inflate": 0.1, "uv": [44, 35], "mirror": true}
					]
				},
				{
					"name": "leftLegging",
					"parent": "leftLeg",
					"pivot": [1.9, 12, 0]
				},
				{
					"name": "leftBoot",
					"parent": "leftLeg",
					"pivot": [1.9, 12, 0]
				},
				{
					"name": "leftSock",
					"parent": "leftLeg",
					"pivot": [1.9, 12, 0]
				}
			]
		},
		{
			"description": {
				"identifier": "geometry.serpelm",
				"texture_width": 80,
				"texture_height": 80,
				"visible_bounds_width": 3,
				"visible_bounds_height": 4,
				"visible_bounds_offset": [0, 1, 0]
			},
			"bones": [
				{
					"name": "body",
					"pivot": [0, 24, 0],
					"cubes": [
						{"origin": [-4, 12, -2], "size": [8, 12, 4], "uv": [29, 13]},
						{"origin": [-4.5, 10.5, -2.5], "size": [9, 14, 5], "uv": [0, 17]}
					]
				},
				{
					"name": "head",
					"pivot": [0, 24, 1],
					"cubes": [
						{"origin": [-4, 24, -4], "size": [8, 8, 8], "uv": [0, 0]},
						{"origin": [-4, 27, -4.2], "size": [8, 3, 6], "inflate": 0.1, "uv": [29, 30]},
						{"origin": [-2.5, 30, -4.05], "size": [5, 5, 0], "pivot": [0, 32, -4], "rotation": [-30, 0, 0], "uv": [51, 48]},
						{"origin": [-6, 27, 0], "size": [2, 2, 0], "pivot": [-4, 28, 0], "rotation": [0, 65, 0], "uv": [0, 0]},
						{"origin": [4, 27, 0], "size": [2, 2, 0], "pivot": [4, 28, 0], "rotation": [0, -65, 0], "uv": [0, 0], "mirror": true},
						{"origin": [-4, 25, 4], "size": [8, 0, 2], "pivot": [0, 25, 4], "rotation": [25, 0, 0], "uv": [50, 12]}
					]
				},
				{
					"name": "dialog",
					"parent": "head",
					"pivot": [0, 45, -5],
					"locators": {
						"dialog": [0, 45, -5]
					}
				},
				{
					"name": "starter",
					"parent": "head",
					"pivot": [0, 26, -15],
					"locators": {
						"starter": [0, 26, -15]
					}
				},
				{
					"name": "rightArm",
					"pivot": [-4, 24, 0],
					"rotation": [-40, 0, 10],
					"cubes": [
						{"origin": [-8, 16, -2], "size": [4, 8, 4], "uv": [33, 0]},
						{"origin": [-8, 9, -2], "size": [4, 7, 4], "inflate": 0.02, "pivot": [-8, 16, 1], "rotation": [0, 0, -65], "uv": [50, 0]},
						{"origin": [-3.9, 7, -6], "size": [0, 6, 8], "pivot": [-8, 16, 1], "rotation": [0, 0, -65], "uv": [34, 40]}
					]
				},
				{
					"name": "leftArm",
					"pivot": [4, 24, 0],
					"rotation": [0, 0, -10],
					"cubes": [
						{"origin": [4, 12, -2], "size": [4, 12, 4], "uv": [0, 37]}
					]
				},
				{
					"name": "rightLeg",
					"pivot": [-1.9, 12, 0],
					"rotation": [0, 10, 0],
					"cubes": [
						{"origin": [-4, 0, -2], "size": [4, 12, 4], "uv": [17, 40]},
						{"origin": [-4, 0, -2], "size": [4, 3, 4], "inflate": 0.1, "uv": [43, 40]}
					]
				},
				{
					"name": "leftLeg",
					"pivot": [1.9, 12, 0],
					"rotation": [0, -10, 0],
					"cubes": [
						{"origin": [0, 0, -2], "size": [4, 12, 4], "uv": [17, 40], "mirror": true},
						{"origin": [0, 0, -2], "size": [4, 3, 4], "inflate": 0.1, "uv": [43, 40], "mirror": true}
					]
				}
			]
		}
	]
}