{
	"format_version": "1.12.0",
	"minecraft:geometry": [
		{
			"description": {
				"identifier": "geometry.berry_top",
				"texture_width": 16,
				"texture_height": 16,
				"visible_bounds_width": 2,
				"visible_bounds_height": 2.5,
				"visible_bounds_offset": [0, 0.75, 0]
			},
			"bones": [
				{
					"name": "bb_main",
					"pivot": [0, 0, 0],
					"rotation": [0, -45, 0],
					"cubes": [
						{
							"origin": [-11, 0, 0],
							"size": [22, 16, 0],
							"uv": {
								"north": {"uv": [0, 0], "uv_size": [16, 16]},
								"east": {"uv": [0, 0], "uv_size": [0, 0]},
								"south": {"uv": [12, 0], "uv_size": [0, 0]},
								"west": {"uv": [0, 0], "uv_size": [0, 0]},
								"up": {"uv": [0, 0], "uv_size": [0, 0]},
								"down": {"uv": [8, 0], "uv_size": [0, 0]}
							}
						},
						{
							"origin": [0, 0, -11],
							"size": [0, 16, 22],
							"uv": {
								"north": {"uv": [1, 0], "uv_size": [0, 0]},
								"east": {"uv": [0, 0], "uv_size": [16, 16]},
								"south": {"uv": [12, 0], "uv_size": [0, 0]},
								"west": {"uv": [0, 0], "uv_size": [0, 0]},
								"up": {"uv": [0, 0], "uv_size": [0, 0]},
								"down": {"uv": [8, 0], "uv_size": [0, 0]}
							}
						}
					]
				}
			]
		},
		{
			"description": {
				"identifier": "geometry.berry_leaves",
				"texture_width": 16,
				"texture_height": 16,
				"visible_bounds_width": 3,
				"visible_bounds_height": 2.5,
				"visible_bounds_offset": [0, 0.75, 0]
			},
			"bones": [
				{
					"name": "bb_main",
					"pivot": [0, 8, 0],
					"rotation": [-2, -2, 2],
					"cubes": [
						{
							"origin": [-10, -2, 0],
							"size": [20, 20, 0],
							"pivot": [0, 8, 0],
							"rotation": [-45, 0, 0],
							"uv": {
								"north": {"uv": [0, 16], "uv_size": [16, -16]},
								"east": {"uv": [0, 0], "uv_size": [0, 0]},
								"south": {"uv": [0, 0], "uv_size": [0, 0]},
								"west": {"uv": [0, 0], "uv_size": [0, 0]},
								"up": {"uv": [0, 0], "uv_size": [0, 0]},
								"down": {"uv": [0, 0], "uv_size": [0, 0]}
							}
						},
						{
							"origin": [-10, -2, 0],
							"size": [20, 20, 0],
							"pivot": [0, 8, 0],
							"rotation": [45, 0, 0],
							"uv": {
								"north": {"uv": [0, 0], "uv_size": [0, 0]},
								"east": {"uv": [0, 0], "uv_size": [0, 0]},
								"south": {"uv": [0, 0], "uv_size": [16, 16]},
								"west": {"uv": [0, 0], "uv_size": [0, 0]},
								"up": {"uv": [0, 0], "uv_size": [0, 0]},
								"down": {"uv": [0, 0], "uv_size": [0, 0]}
							}
						},
						{
							"origin": [-10, -2, 0],
							"size": [20, 20, 0],
							"uv": {
								"north": {"uv": [0, 0], "uv_size": [0, 0]},
								"east": {"uv": [0, 0], "uv_size": [0, 0]},
								"south": {"uv": [0, 0], "uv_size": [16, 16]},
								"west": {"uv": [0, 0], "uv_size": [0, 0]},
								"up": {"uv": [0, 0], "uv_size": [0, 0]},
								"down": {"uv": [0, 0], "uv_size": [0, 0]}
							}
						},
						{
							"origin": [0, -2, -10],
							"size": [0, 20, 20],
							"pivot": [0, 8, 0],
							"rotation": [0, 0, -45],
							"uv": {
								"north": {"uv": [0, 0], "uv_size": [0, 0]},
								"east": {"uv": [0, 0], "uv_size": [0, 0]},
								"south": {"uv": [0, 0], "uv_size": [0, 0]},
								"west": {"uv": [0, 16], "uv_size": [16, -16]},
								"up": {"uv": [0, 0], "uv_size": [0, 0]},
								"down": {"uv": [0, 0], "uv_size": [0, 0]}
							}
						},
						{
							"origin": [0, -2, -10],
							"size": [0, 20, 20],
							"pivot": [0, 8, 0],
							"rotation": [0, 0, 45],
							"uv": {
								"north": {"uv": [0, 0], "uv_size": [0, 0]},
								"east": {"uv": [0, 16], "uv_size": [16, -16]},
								"south": {"uv": [0, 0], "uv_size": [0, 0]},
								"west": {"uv": [0, 0], "uv_size": [0, 0]},
								"up": {"uv": [0, 0], "uv_size": [0, 0]},
								"down": {"uv": [0, 0], "uv_size": [0, 0]}
							}
						},
						{
							"origin": [0, -2, -10],
							"size": [0, 20, 20],
							"uv": {
								"north": {"uv": [0, 0], "uv_size": [0, 0]},
								"east": {"uv": [0, 16], "uv_size": [16, -16]},
								"south": {"uv": [0, 0], "uv_size": [0, 0]},
								"west": {"uv": [0, 0], "uv_size": [0, 0]},
								"up": {"uv": [0, 0], "uv_size": [0, 0]},
								"down": {"uv": [0, 0], "uv_size": [0, 0]}
							}
						}
					]
				}
			]
		},
		{
			"description": {
				"identifier": "geometry.serpberrytree",
				"texture_width": 64,
				"texture_height": 64,
				"visible_bounds_width": 3,
				"visible_bounds_height": 4.5,
				"visible_bounds_offset": [0, 1.75, 0]
			},
			"bones": [
				{
					"name": "berry_tree",
					"pivot": [0, 0, 0]
				},
				{
					"name": "tree",
					"parent": "berry_tree",
					"pivot": [0, 12, 0],
					"cubes": [
						{"origin": [-8, 21, 0], "size": [16, 10, 0], "pivot": [0, 26, 0], "rotation": [0, -45, 0], "uv": [0, 10]},
						{"origin": [-8, 21, 0], "size": [16, 10, 0], "pivot": [0, 26, 0], "rotation": [0, -22.5, 0], "uv": [0, 10]},
						{"origin": [-8, 21, 0], "size": [16, 10, 0], "pivot": [0, 26, 0], "rotation": [0, 22.5, 0], "uv": [0, 10]},
						{"origin": [-8, 21, 0], "size": [16, 10, 0], "pivot": [0, 26, 0], "rotation": [0, 45, 0], "uv": [0, 10]},
						{"origin": [-8, 21, 0], "size": [16, 10, 0], "uv": [0, 10]},
						{"origin": [-8, 21, 0], "size": [16, 10, 0], "pivot": [0, 26, 0], "rotation": [0, -90, 0], "uv": [0, 10]},
						{"origin": [-8, 21, 0], "size": [16, 10, 0], "pivot": [0, 26, 0], "rotation": [0, -67.5, 0], "uv": [0, 10]},
						{"origin": [-8, 21, 0], "size": [16, 10, 0], "pivot": [0, 26, 0], "rotation": [0, 67.5, 0], "uv": [0, 10]},
						{"origin": [-11, 12, 0], "size": [22, 9, 0], "uv": [0, 0]},
						{"origin": [-11, 12, 0], "size": [22, 9, 0], "pivot": [0, 26, 0], "rotation": [0, 45, 0], "uv": [0, 0]},
						{"origin": [-11, 12, 0], "size": [22, 9, 0], "pivot": [0, 26, 0], "rotation": [0, 22.5, 0], "uv": [0, 0]},
						{"origin": [-11, 12, 0], "size": [22, 9, 0], "pivot": [0, 26, 0], "rotation": [0, -22.5, 0], "uv": [0, 0]},
						{"origin": [-11, 12, 0], "size": [22, 9, 0], "pivot": [0, 26, 0], "rotation": [0, -45, 0], "uv": [0, 0]},
						{"origin": [-11, 12, 0], "size": [22, 9, 0], "pivot": [0, 26, 0], "rotation": [0, -67.5, 0], "uv": [0, 0]},
						{"origin": [-11, 12, 0], "size": [22, 9, 0], "pivot": [0, 26, 0], "rotation": [0, 67.5, 0], "uv": [0, 0]},
						{"origin": [-11, 12, 0], "size": [22, 9, 0], "pivot": [0, 26, 0], "rotation": [0, -90, 0], "uv": [0, 0]},
						{"origin": [-3, 31, 0], "size": [6, 7, 0], "uv": [13, 35]},
						{"origin": [0, 31, -3], "size": [0, 7, 6], "uv": [0, 35]}
					]
				},
				{
					"name": "fruit",
					"parent": "tree",
					"pivot": [0, 21, 0],
					"cubes": [
						{"origin": [2, 17, -10], "size": [3, 3, 3], "uv": [13, 43]},
						{"origin": [5, 23, -5], "size": [3, 3, 3], "uv": [42, 14]},
						{"origin": [7, 17, -6], "size": [3, 3, 3], "uv": [42, 22]},
						{"origin": [-10, 17, -6], "size": [3, 3, 3], "uv": [42, 14]},
						{"origin": [7, 14, 3], "size": [3, 3, 3], "uv": [42, 14]},
						{"origin": [-11, 14, 3], "size": [3, 3, 3], "uv": [42, 22]},
						{"origin": [-7, 26, -3.5], "size": [3, 3, 3], "uv": [42, 22]},
						{"origin": [-6, 14, -11], "size": [3, 3, 3], "uv": [42, 7]},
						{"origin": [-5, 17, 7], "size": [3, 3, 3], "uv": [13, 43]},
						{"origin": [4, 26, 0.5], "size": [3, 3, 3], "uv": [13, 43]},
						{"origin": [3, 14, 7], "size": [3, 3, 3], "uv": [42, 7]},
						{"origin": [-7, 23, 3], "size": [3, 3, 3], "uv": [42, 7]}
					]
				},
				{
					"name": "log",
					"parent": "berry_tree",
					"pivot": [0, 0, 0],
					"cubes": [
						{"origin": [-2, -1, -2], "size": [4, 13, 4], "uv": [29, 26]},
						{"origin": [5, 9, -1], "size": [4, 2, 2], "pivot": [5, 9, 0], "rotation": [0, 0, -70], "uv": [26, 44]},
						{"origin": [-5, 9, -1], "size": [3, 2, 2], "uv": [39, 44], "mirror": true},
						{"origin": [2, 9, -1], "size": [3, 2, 2], "uv": [39, 44]},
						{"origin": [-9, 9, -1], "size": [4, 2, 2], "pivot": [-5, 9, 0], "rotation": [0, 0, 70], "uv": [26, 44]}
					]
				},
				{
					"name": "dirt",
					"pivot": [0, -1, 0],
					"cubes": [
						{"origin": [3.15, -0.8, -5.4], "size": [5, 3, 0], "pivot": [6, -1, -5.5], "rotation": [-50, -45, 0], "uv": [25, 22]},
						{"origin": [-8.15, -0.8, -5.4], "size": [5, 3, 0], "pivot": [-6, -1, -5.5], "rotation": [-50, 45, 0], "uv": [25, 22]},
						{"origin": [-8.75, -0.8, 5.6], "size": [5, 3, 0], "pivot": [-6, -1, 5.5], "rotation": [-50, 135, 0], "uv": [25, 22]},
						{"origin": [3.75, -0.8, 5.6], "size": [5, 3, 0], "pivot": [6, -1, 5.5], "rotation": [-50, -135, 0], "uv": [25, 22]},
						{"origin": [-4, 1, -4], "size": [8, 0, 8], "uv": [0, 21]},
						{"origin": [-8, 1, -4], "size": [4, 0, 8], "pivot": [-4, 1, 0], "rotation": [0, 0, -30], "uv": [25, 13]},
						{"origin": [4, 1, -4], "size": [4, 0, 8], "pivot": [4, 1, 0], "rotation": [0, 0, 30], "uv": [25, 13]},
						{"origin": [-4, 1, -8], "size": [8, 0, 4], "pivot": [0, 1, -4], "rotation": [30, 0, 0], "uv": [0, 30]},
						{"origin": [-4, 1, 4], "size": [8, 0, 4], "pivot": [0, 1, 4], "rotation": [-30, 0, 0], "uv": [0, 30]}
					]
				}
			]
		}
	]
}