{
	"format_version": "1.12.0",
	"minecraft:geometry": [
		{
			"description": {
				"identifier": "geometry.serp_joy",
				"texture_width": 64,
				"texture_height": 64,
				"visible_bounds_width": 3,
				"visible_bounds_height": 3.5,
				"visible_bounds_offset": [0, 1.25, 0]
			},
			"bones": [
				{
					"name": "waist",
					"pivot": [0, 12, 0]
				},
				{
					"name": "dialog",
					"parent": "head",
					"pivot": [0, 45, -5],
					"locators": {
						"dialog": [0, 45, -5]
					}
				},
				{
					"name": "head",
					"parent": "waist",
					"pivot": [0, 24, 0],
					"cubes": [
						{"origin": [-4, 24, -4], "size": [8, 8, 8], "uv": [0, 0]},
						{"origin": [-5, 26, -4.1], "size": [10, 6, 0], "uv": [21, 34]},
						{"origin": [-5, 32, -3], "size": [10, 5, 0], "pivot": [0, 32, -3], "rotation": [-20, 0, 0], "uv": [0, 35]},
						{"origin": [-9, 22, 4], "size": [7, 7, 0], "pivot": [-2, 28, 4], "rotation": [0, 45, 0], "uv": [42, 17]},
						{"origin": [2, 22, 4], "size": [7, 7, 0], "pivot": [2, 28, 4], "rotation": [0, -45, 0], "uv": [42, 17], "mirror": true}
					]
				},
				{
					"name": "body",
					"parent": "waist",
					"pivot": [0, 25, 0],
					"cubes": [
						{"origin": [-4, 12, -2], "size": [8, 12, 4], "uv": [0, 17]},
						{"origin": [0, 15, 2], "size": [0, 3, 5], "pivot": [0, 16, 2], "rotation": [0, -50, 0], "uv": [42, 25]},
						{"origin": [0, 15, 2], "size": [0, 3, 5], "pivot": [0, 16, 2], "rotation": [0, 50, 0], "uv": [42, 25], "mirror": true},
						{"origin": [-4, 8, -2], "size": [8, 8, 0], "pivot": [0, 16, -2], "rotation": [-30, 0, 0], "uv": [17, 41]},
						{"origin": [-4, 8, 2], "size": [8, 8, 0], "pivot": [0, 16, 2], "rotation": [30, 0, 0], "uv": [0, 41]},
						{"origin": [-4, 8, -2], "size": [0, 8, 4], "pivot": [-4, 16, 0], "rotation": [0, 0, 30], "uv": [34, 44]},
						{"origin": [4, 8, -2], "size": [0, 8, 4], "pivot": [4, 16, 0], "rotation": [0, 0, -30], "uv": [34, 44], "mirror": true},
						{"origin": [-4, 9, -4], "size": [0, 7, 4], "pivot": [-4, 16, -2], "rotation": [-18.88172, -41.64114, 27.23631], "uv": [43, 44]},
						{"origin": [4, 9, -4], "size": [0, 7, 4], "pivot": [4, 16, -2], "rotation": [-18.88172, 41.64114, -27.23631], "uv": [43, 44], "mirror": true},
						{"origin": [-4, 9, 0], "size": [0, 7, 4], "pivot": [-4, 16, 2], "rotation": [18.88172, 41.64114, 27.23631], "uv": [43, 44]},
						{"origin": [4, 9, 0], "size": [0, 7, 4], "pivot": [4, 16, 2], "rotation": [18.88172, -41.64114, -27.23631], "uv": [43, 44], "mirror": true}
					]
				},
				{
					"name": "rightArm",
					"parent": "waist",
					"pivot": [-5, 22, 0],
					"cubes": [
						{"origin": [-7, 12, -2], "size": [3, 12, 4], "uv": [33, 0]},
						{"origin": [-7.5, 16, -2.5], "size": [4, 2, 5], "uv": [37, 36]}
					]
				},
				{
					"name": "rightItem",
					"parent": "rightArm",
					"pivot": [-6, 15, 1]
				},
				{
					"name": "leftArm",
					"parent": "waist",
					"pivot": [5, 22, 0],
					"cubes": [
						{"origin": [4, 12, -2], "size": [3, 12, 4], "uv": [33, 0], "mirror": true},
						{"origin": [3.5, 16, -2.5], "size": [4, 2, 5], "uv": [37, 36], "mirror": true}
					]
				},
				{
					"name": "leftItem",
					"parent": "leftArm",
					"pivot": [6, 15, 1]
				},
				{
					"name": "rightLeg",
					"parent": "waist",
					"pivot": [-1.9, 12, 0],
					"cubes": [
						{"origin": [-4, 0, -2], "size": [4, 12, 4], "uv": [25, 17]}
					]
				},
				{
					"name": "leftLeg",
					"parent": "waist",
					"pivot": [1.9, 12, 0],
					"cubes": [
						{"origin": [0, 0, -2], "size": [4, 12, 4], "uv": [25, 17], "mirror": true}
					]
				}
			]
		},
		{
			"description": {
				"identifier": "geometry.serp_jenny",
				"texture_width": 64,
				"texture_height": 64,
				"visible_bounds_width": 3,
				"visible_bounds_height": 3.5,
				"visible_bounds_offset": [0, 1.25, 0]
			},
			"bones": [
				{
					"name": "waist",
					"pivot": [0, 12, 0]
				},
				{
					"name": "head",
					"parent": "waist",
					"pivot": [0, 24, 0],
					"cubes": [
						{"origin": [-4, 24, -4], "size": [8, 8, 8], "uv": [0, 13]},
						{"origin": [-6.4, 22, 4], "size": [12.8, 6, 0], "pivot": [0, 28, 4], "rotation": [15, 0, 0], "uv": [28, 0]},
						{"origin": [-4, 24, 0], "size": [0, 6, 2], "pivot": [-4, 27, 0], "rotation": [0, -40, 0], "uv": [0, 0]},
						{"origin": [4, 24, 0], "size": [0, 6, 2], "pivot": [4, 27, 0], "rotation": [0, 40, 0], "uv": [0, 0], "mirror": true},
						{"origin": [-4.5, 30, -4.5], "size": [9, 3, 9], "uv": [0, 0]},
						{"origin": [-4.5, 30, -7.5], "size": [9, 0, 3], "pivot": [0, 30, -4.5], "rotation": [-15, 0, 0], "uv": [26, 14]},
						{"origin": [-1.5, 27, -4], "size": [2, 3, 0], "pivot": [-3, 30, -4], "rotation": [-20, 0, 0], "uv": [0, 13]}
					]
				},
				{
					"name": "dialog",
					"parent": "head",
					"pivot": [0, 45, -5],
					"locators": {
						"dialog": [0, 45, -5]
					}
				},
				{
					"name": "body",
					"parent": "waist",
					"pivot": [0, 25, 0],
					"cubes": [
						{"origin": [-4, 12, -2], "size": [8, 12, 4], "uv": [29, 26]},
						{"origin": [-4, 9.75, -2], "size": [8, 7, 0], "pivot": [0, 16, -2], "rotation": [-22.5, 0, 0], "uv": [0, 48]},
						{"origin": [-4, 9.75, 2], "size": [8, 7, 0], "pivot": [0, 16, 2], "rotation": [22.5, 0, 0], "uv": [32, 44]},
						{"origin": [-4, 9.75, -2], "size": [0, 7, 4], "pivot": [-4, 16, 0], "rotation": [0, 0, 22.5], "uv": [45, 49]},
						{"origin": [4, 9.75, -2], "size": [0, 7, 4], "pivot": [4, 16, 0], "rotation": [0, 0, -22.5], "uv": [45, 49], "mirror": true},
						{"origin": [-4, 10, -4], "size": [0, 6, 4], "pivot": [-4, 16, -2], "rotation": [-14.51082, -43.07951, 20.75357], "uv": [50, 40]},
						{"origin": [4, 10, -4], "size": [0, 6, 4], "pivot": [4, 16, -2], "rotation": [-14.51082, 43.07951, -20.75357], "uv": [50, 40], "mirror": true},
						{"origin": [-4, 10, 0], "size": [0, 6, 4], "pivot": [-4, 16, 2], "rotation": [14.51082, 43.07951, 20.75357], "uv": [50, 40]},
						{"origin": [4, 10, 0], "size": [0, 6, 4], "pivot": [4, 16, 2], "rotation": [14.51082, -43.07951, -20.75357], "uv": [50, 40], "mirror": true}
					]
				},
				{
					"name": "rightArm",
					"parent": "waist",
					"pivot": [-5, 22, 0],
					"rotation": [0, 0, 5],
					"cubes": [
						{"origin": [-7, 12, -2], "size": [3, 12, 4], "uv": [17, 39]},
						{"origin": [-7.5, 21, -2.5], "size": [4, 1, 5], "uv": [33, 18]}
					]
				},
				{
					"name": "leftArm",
					"parent": "waist",
					"pivot": [5, 22, 0],
					"rotation": [0, 0, -5],
					"cubes": [
						{"origin": [4, 12, -2], "size": [3, 12, 4], "uv": [17, 39], "mirror": true},
						{"origin": [3.5, 21, -2.5], "size": [4, 1, 5], "uv": [33, 18], "mirror": true}
					]
				},
				{
					"name": "rightLeg",
					"parent": "waist",
					"pivot": [-1.9, 12, 0],
					"cubes": [
						{"origin": [-4, 0, -2], "size": [4, 12, 4], "uv": [0, 30]}
					]
				},
				{
					"name": "leftLeg",
					"parent": "waist",
					"pivot": [1.9, 12, 0],
					"cubes": [
						{"origin": [0, 0, -2], "size": [4, 12, 4], "uv": [0, 30], "mirror": true}
					]
				}
			]
		},
		{
			"description": {
				"identifier": "geometry.serp_store",
				"texture_width": 64,
				"texture_height": 64,
				"visible_bounds_width": 3,
				"visible_bounds_height": 3.5,
				"visible_bounds_offset": [0, 1.25, 0]
			},
			"bones": [
				{
					"name": "waist",
					"pivot": [0, 12, 0]
				},
				{
					"name": "head",
					"parent": "waist",
					"pivot": [0, 24, 0],
					"cubes": [
						{"origin": [-4, 24, -4], "size": [8, 8, 8], "uv": [0, 0]},
						{"origin": [-2, 32, 0], "size": [4, 4, 0], "pivot": [0, 32, 0], "rotation": [0, 45, 0], "uv": [28, 17]},
						{"origin": [-4, 24, 0], "size": [0, 6, 2], "pivot": [-4, 27, 0], "rotation": [0, -40, 0], "uv": [0, 17]},
						{"origin": [4, 24, 0], "size": [0, 6, 2], "pivot": [4, 27, 0], "rotation": [0, 40, 0], "uv": [0, 17], "mirror": true},
						{"origin": [-4.5, 30, -4.5], "size": [9, 1, 9], "uv": [0, 17]},
						{"origin": [-4.5, 30, -7.5], "size": [9, 0, 3], "pivot": [0, 30, -4.5], "rotation": [-15, 0, 0], "uv": [-3, 45]},
						{"origin": [-1.5, 28, -4], "size": [3, 2, 0], "pivot": [-3, 30, -4], "rotation": [-20, 0, 0], "uv": [0, 0]}
					]
				},
				{
					"name": "body",
					"parent": "waist",
					"pivot": [0, 25, 0],
					"cubes": [
						{"origin": [-4, 12, -2], "size": [8, 12, 4], "uv": [0, 28]},
						{"origin": [-4, 14, -2], "size": [8, 10, 4], "inflate": 0.3, "uv": [36, 50]}
					]
				},
				{
					"name": "rightArm",
					"parent": "waist",
					"pivot": [-5, 22, 0],
					"rotation": [0, 0, 5],
					"cubes": [
						{"origin": [-7, 12, -2], "size": [3, 12, 4], "uv": [21, 41]},
						{"origin": [-7.5, 20.5, -2.5], "size": [4, 4, 5], "uv": [37, 17]}
					]
				},
				{
					"name": "leftArm",
					"parent": "waist",
					"pivot": [5, 22, 0],
					"rotation": [0, 0, -5],
					"cubes": [
						{"origin": [4, 12, -2], "size": [3, 12, 4], "uv": [21, 41], "mirror": true},
						{"origin": [3.5, 20.5, -2.5], "size": [4, 4, 5], "uv": [37, 17], "mirror": true}
					]
				},
				{
					"name": "rightLeg",
					"parent": "waist",
					"pivot": [-1.9, 12, 0],
					"cubes": [
						{"origin": [-4, 0, -2], "size": [4, 12, 4], "uv": [33, 0]}
					]
				},
				{
					"name": "leftLeg",
					"parent": "waist",
					"pivot": [1.9, 12, 0],
					"cubes": [
						{"origin": [0, 0, -2], "size": [4, 12, 4], "uv": [33, 0], "mirror": true}
					]
				}
			]
		},
		{
			"description": {
				"identifier": "geometry.serprocket_male",
				"texture_width": 64,
				"texture_height": 64,
				"visible_bounds_width": 3,
				"visible_bounds_height": 4,
				"visible_bounds_offset": [0, 1, 0]
			},
			"bones": [
				{
					"name": "rocket",
					"pivot": [0, 0, 0]
				},
				{
					"name": "body_root",
					"parent": "rocket",
					"pivot": [0, 12, 0]
				},
				{
					"name": "head",
					"parent": "body_root",
					"pivot": [0, 24, 1],
					"cubes": [
						{"origin": [-4, 24, -4], "size": [8, 8, 8], "uv": [0, 0]},
						{"origin": [-4, 27, -4], "size": [8, 3, 0], "pivot": [0, 30, -4], "rotation": [-15, 0, 0], "uv": [42, 40]},
						{"origin": [-6, 27, 0], "size": [2, 2, 0], "pivot": [-4, 28, 0], "rotation": [0, 70, 0], "uv": [0, 0]},
						{"origin": [4, 27, 0], "size": [2, 2, 0], "pivot": [4, 28, 0], "rotation": [0, -70, 0], "uv": [0, 0], "mirror": true},
						{"origin": [-4, 29, 4], "size": [8, 0, 2], "pivot": [0, 29, 4], "rotation": [-40, 0, 0], "uv": [42, 37]},
						{"origin": [-4, 28, 4], "size": [8, 0, 2], "pivot": [0, 28, 4], "rotation": [-40, 0, 0], "uv": [42, 37]},
						{"origin": [-4, 27, 4], "size": [8, 0, 2], "pivot": [0, 27, 4], "rotation": [-40, 0, 0], "uv": [42, 37]},
						{"origin": [-4, 26, 4], "size": [8, 0, 2], "pivot": [0, 26, 4], "rotation": [-40, 0, 0], "uv": [42, 37]},
						{"origin": [-4, 26, 4], "size": [8, 0, 2], "pivot": [0, 26, 4], "rotation": [-40, 0, 0], "uv": [42, 34]},
						{"origin": [-4, 30, -4], "size": [8, 2, 8], "inflate": 0.5, "uv": [0, 17]},
						{"origin": [-3, 29.5, -5.5], "size": [6, 1, 1], "uv": [42, 44]}
					]
				},
				{
					"name": "body",
					"parent": "body_root",
					"pivot": [0, 24, 0],
					"cubes": [
						{"origin": [-4, 12, -2], "size": [8, 12, 4], "uv": [0, 28]},
						{"origin": [-4.5, 13.5, -2.5], "size": [9, 2, 5], "uv": [25, 0]}
					]
				},
				{
					"name": "arms",
					"parent": "body_root",
					"pivot": [0, 22, 0]
				},
				{
					"name": "rightArm",
					"parent": "arms",
					"pivot": [-5, 22, 0],
					"cubes": [
						{"origin": [-7, 18, -2], "size": [3, 6, 4], "uv": [36, 8]}
					]
				},
				{
					"name": "right_hand",
					"parent": "rightArm",
					"pivot": [-5, 18, 2],
					"cubes": [
						{"origin": [-7, 12, -2], "size": [3, 6, 4], "inflate": 0.01, "uv": [38, 23]}
					]
				},
				{
					"name": "leftArm",
					"parent": "arms",
					"pivot": [5, 22, 0],
					"cubes": [
						{"origin": [4, 18, -2], "size": [3, 6, 4], "uv": [36, 8], "mirror": true}
					]
				},
				{
					"name": "left_hand",
					"parent": "leftArm",
					"pivot": [5, 18, 2],
					"cubes": [
						{"origin": [4, 12, -2], "size": [3, 6, 4], "inflate": 0.01, "uv": [38, 23], "mirror": true}
					]
				},
				{
					"name": "legs",
					"parent": "rocket",
					"pivot": [0, 12, 0]
				},
				{
					"name": "rightLeg",
					"parent": "legs",
					"pivot": [-1.9, 12, 0],
					"cubes": [
						{"origin": [-4, 6, -2], "size": [4, 6, 4], "uv": [25, 30]}
					]
				},
				{
					"name": "right_foot",
					"parent": "rightLeg",
					"pivot": [-1.9, 6, -2],
					"cubes": [
						{"origin": [-4, 0, -2], "size": [4, 6, 4], "inflate": 0.01, "uv": [0, 45]}
					]
				},
				{
					"name": "leftLeg",
					"parent": "legs",
					"pivot": [1.9, 12, 0],
					"cubes": [
						{"origin": [0, 6, -2], "size": [4, 6, 4], "uv": [25, 30], "mirror": true}
					]
				},
				{
					"name": "left_foot",
					"parent": "leftLeg",
					"pivot": [1.9, 6, -2],
					"cubes": [
						{"origin": [0, 0, -2], "size": [4, 6, 4], "inflate": 0.01, "uv": [0, 45], "mirror": true}
					]
				}
			]
		},
		{
			"description": {
				"identifier": "geometry.serpnpc_youngster",
				"texture_width": 64,
				"texture_height": 64,
				"visible_bounds_width": 3,
				"visible_bounds_height": 6,
				"visible_bounds_offset": [0, 2, 0]
			},
			"bones": [
				{
					"name": "rocket",
					"pivot": [0, 0, 0]
				},
				{
					"name": "body_root",
					"parent": "rocket",
					"pivot": [0, 12, 0]
				},
				{
					"name": "head",
					"parent": "body_root",
					"pivot": [0, 24, 1],
					"cubes": [
						{"origin": [-4, 24, -4], "size": [8, 8, 8], "uv": [0, 13]},
						{"origin": [-4, 27.5, -4], "size": [8, 3, 0], "pivot": [0, 30, -4], "rotation": [-15, 0, 0], "uv": [33, 20]},
						{"origin": [-6, 27, 0], "size": [2, 2, 0], "pivot": [-4, 28, 0], "rotation": [0, 70, 0], "uv": [0, 0]},
						{"origin": [4, 27, 0], "size": [2, 2, 0], "pivot": [4, 28, 0], "rotation": [0, -70, 0], "uv": [0, 0], "mirror": true},
						{"origin": [-4, 29, 4], "size": [8, 0, 2], "pivot": [0, 29, 4], "rotation": [-40, 0, 0], "uv": [28, 4]},
						{"origin": [-4, 27, 4], "size": [8, 0, 2], "pivot": [0, 27, 4], "rotation": [-45, 0, 0], "uv": [28, 4]},
						{"origin": [-4.5, 30, -4.5], "size": [9, 3, 9], "pivot": [0, 30, -4], "rotation": [-5, 0, 0], "uv": [0, 0]},
						{"origin": [-4, 30, -7.5], "size": [8, 0, 3], "pivot": [0, 30, -4.5], "rotation": [-15, 0, 0], "uv": [28, 0]}
					]
				},
				{
					"name": "body",
					"parent": "body_root",
					"pivot": [0, 24, 0],
					"cubes": [
						{"origin": [-4, 12, -2], "size": [8, 12, 4], "uv": [0, 30]},
						{"origin": [-4.5, 15.1, -2.5], "size": [9, 9, 5], "uv": [28, 25]}
					]
				},
				{
					"name": "arms",
					"parent": "body_root",
					"pivot": [0, 22, 0]
				},
				{
					"name": "rightArm",
					"parent": "arms",
					"pivot": [-5, 22, 0],
					"cubes": [
						{"origin": [-7, 18, -2], "size": [3, 6, 4], "uv": [0, 47]},
						{"origin": [-7, 20, -2], "size": [3, 4, 4], "inflate": 0.2, "uv": [46, 4]}
					]
				},
				{
					"name": "right_hand",
					"parent": "rightArm",
					"pivot": [-5, 18, 2],
					"cubes": [
						{"origin": [-7, 12, -2], "size": [3, 6, 4], "inflate": 0.01, "uv": [42, 40]}
					]
				},
				{
					"name": "leftArm",
					"parent": "arms",
					"pivot": [5, 22, 0],
					"cubes": [
						{"origin": [4, 18, -2], "size": [3, 6, 4], "uv": [0, 47], "mirror": true},
						{"origin": [4, 20, -2], "size": [3, 4, 4], "inflate": 0.2, "uv": [46, 4], "mirror": true}
					]
				},
				{
					"name": "left_hand",
					"parent": "leftArm",
					"pivot": [5, 18, 2],
					"cubes": [
						{"origin": [4, 12, -2], "size": [3, 6, 4], "inflate": 0.01, "uv": [42, 40], "mirror": true}
					]
				},
				{
					"name": "legs",
					"parent": "rocket",
					"pivot": [0, 12, 0]
				},
				{
					"name": "rightLeg",
					"parent": "legs",
					"pivot": [-1.9, 12, 0],
					"cubes": [
						{"origin": [-4, 6, -2], "size": [4, 6, 4], "uv": [25, 40]},
						{"origin": [-4.5, 8.5, -1.5], "size": [2, 3, 3], "uv": [15, 48]}
					]
				},
				{
					"name": "right_foot",
					"parent": "rightLeg",
					"pivot": [-1.9, 6, -2],
					"cubes": [
						{"origin": [-4, 0, -2], "size": [4, 6, 4], "inflate": 0.01, "uv": [33, 9]}
					]
				},
				{
					"name": "leftLeg",
					"parent": "legs",
					"pivot": [1.9, 12, 0],
					"cubes": [
						{"origin": [0, 6, -2], "size": [4, 6, 4], "uv": [25, 40], "mirror": true},
						{"origin": [2.5, 8.5, -1.5], "size": [2, 3, 3], "uv": [15, 48], "mirror": true}
					]
				},
				{
					"name": "left_foot",
					"parent": "leftLeg",
					"pivot": [1.9, 6, -2],
					"cubes": [
						{"origin": [0, 0, -2], "size": [4, 6, 4], "inflate": 0.01, "uv": [33, 9], "mirror": true}
					]
				}
			]
		},
		{
			"description": {
				"identifier": "geometry.serpnpc_ace_male",
				"texture_width": 64,
				"texture_height": 64,
				"visible_bounds_width": 3,
				"visible_bounds_height": 4,
				"visible_bounds_offset": [0, 1, 0]
			},
			"bones": [
				{
					"name": "rocket",
					"pivot": [0, 0, 0]
				},
				{
					"name": "body_root",
					"parent": "rocket",
					"pivot": [0, 12, 0]
				},
				{
					"name": "head",
					"parent": "body_root",
					"pivot": [0, 24, 1],
					"cubes": [
						{"origin": [-4, 24, -4], "size": [8, 8, 8], "uv": [0, 0]},
						{"origin": [-4, 32, -3], "size": [8, 3, 0], "pivot": [0, 32, -3], "rotation": [-40, 0, 0], "uv": [38, 28]},
						{"origin": [-4, 32, -1], "size": [8, 3, 0], "pivot": [0, 32, -1], "rotation": [-45, 0, 0], "uv": [38, 28]},
						{"origin": [-4, 32, 1], "size": [8, 3, 0], "pivot": [0, 32, 1], "rotation": [-50, 0, 0], "uv": [38, 28]},
						{"origin": [-4, 32, 3], "size": [8, 3, 0], "pivot": [0, 32, 3], "rotation": [-55, 0, 0], "uv": [38, 28]},
						{"origin": [-4, 24, 1], "size": [0, 8, 4], "pivot": [-4, 28, 1], "rotation": [0, -15, 0], "uv": [15, 34]},
						{"origin": [4, 24, 1], "size": [0, 8, 4], "pivot": [4, 28, 1], "rotation": [0, 15, 0], "uv": [15, 34], "mirror": true},
						{"origin": [-4, 27, -4], "size": [8, 5, 0], "pivot": [0, 32, -4], "rotation": [-15, 0, 0], "uv": [38, 14]},
						{"origin": [-6, 27, 0], "size": [2, 2, 0], "pivot": [-4, 28, 0], "rotation": [0, 70, 0], "uv": [0, 0]},
						{"origin": [4, 27, 0], "size": [2, 2, 0], "pivot": [4, 28, 0], "rotation": [0, -70, 0], "uv": [0, 0], "mirror": true},
						{"origin": [-4, 32, 4], "size": [8, 0, 2], "pivot": [0, 32, 4], "rotation": [-45, 0, 0], "uv": [33, 11]},
						{"origin": [-4, 31, 4], "size": [8, 0, 2], "pivot": [0, 31, 4], "rotation": [-45, 0, 0], "uv": [33, 11]},
						{"origin": [-4, 30, 4], "size": [8, 0, 2], "pivot": [0, 30, 4], "rotation": [-45, 0, 0], "uv": [33, 11]},
						{"origin": [-4, 29, 4], "size": [8, 0, 2], "pivot": [0, 29, 4], "rotation": [-45, 0, 0], "uv": [33, 11]},
						{"origin": [-4, 28, 4], "size": [8, 0, 2], "pivot": [0, 28, 4], "rotation": [-45, 0, 0], "uv": [33, 11]},
						{"origin": [-4, 27, 4], "size": [8, 0, 2], "pivot": [0, 27, 4], "rotation": [-45, 0, 0], "uv": [33, 11]},
						{"origin": [-4, 26, 4], "size": [8, 0, 2], "pivot": [0, 26, 4], "rotation": [-45, 0, 0], "uv": [33, 11]}
					]
				},
				{
					"name": "body",
					"parent": "body_root",
					"pivot": [0, 24, 0],
					"cubes": [
						{"origin": [-4, 12, -2], "size": [8, 12, 4], "uv": [0, 17]},
						{"origin": [3, 13, -1.5], "size": [3, 3, 3], "uv": [0, 45]}
					]
				},
				{
					"name": "arms",
					"parent": "body_root",
					"pivot": [0, 22, 0]
				},
				{
					"name": "rightArm",
					"parent": "arms",
					"pivot": [-5, 22, 0],
					"cubes": [
						{"origin": [-7, 18, -2], "size": [3, 6, 4], "uv": [0, 34]}
					]
				},
				{
					"name": "right_hand",
					"parent": "rightArm",
					"pivot": [-5, 18, 2],
					"cubes": [
						{"origin": [-7, 12, -2], "size": [3, 6, 4], "inflate": 0.01, "uv": [33, 0]}
					]
				},
				{
					"name": "leftArm",
					"parent": "arms",
					"pivot": [5, 22, 0],
					"cubes": [
						{"origin": [4, 18, -2], "size": [3, 6, 4], "uv": [0, 34], "mirror": true}
					]
				},
				{
					"name": "left_hand",
					"parent": "leftArm",
					"pivot": [5, 18, 2],
					"cubes": [
						{"origin": [4, 12, -2], "size": [3, 6, 4], "inflate": 0.01, "uv": [33, 0], "mirror": true}
					]
				},
				{
					"name": "legs",
					"parent": "rocket",
					"pivot": [0, 12, 0]
				},
				{
					"name": "rightLeg",
					"parent": "legs",
					"pivot": [-1.9, 12, 0],
					"cubes": [
						{"origin": [-4, 6, -2], "size": [4, 6, 4], "uv": [25, 28]},
						{"origin": [-4.5, 8.5, -1.5], "size": [2, 3, 3], "uv": [24, 39]}
					]
				},
				{
					"name": "right_foot",
					"parent": "rightLeg",
					"pivot": [-1.9, 6, -2],
					"cubes": [
						{"origin": [-4, 0, -2], "size": [4, 6, 4], "inflate": 0.01, "uv": [25, 17]}
					]
				},
				{
					"name": "leftLeg",
					"parent": "legs",
					"pivot": [1.9, 12, 0],
					"cubes": [
						{"origin": [0, 6, -2], "size": [4, 6, 4], "uv": [25, 28], "mirror": true},
						{"origin": [2.5, 8.5, -1.5], "size": [2, 3, 3], "uv": [24, 39], "mirror": true}
					]
				},
				{
					"name": "left_foot",
					"parent": "leftLeg",
					"pivot": [1.9, 6, -2],
					"cubes": [
						{"origin": [0, 0, -2], "size": [4, 6, 4], "inflate": 0.01, "uv": [25, 17], "mirror": true}
					]
				}
			]
		},
		{
			"description": {
				"identifier": "geometry.serpnpc_picnicker",
				"texture_width": 64,
				"texture_height": 64,
				"visible_bounds_width": 3,
				"visible_bounds_height": 4,
				"visible_bounds_offset": [0, 1, 0]
			},
			"bones": [
				{
					"name": "rocket",
					"pivot": [0, 0, 0]
				},
				{
					"name": "body_root",
					"parent": "rocket",
					"pivot": [0, 12, 0]
				},
				{
					"name": "head",
					"parent": "body_root",
					"pivot": [0, 24, 1],
					"cubes": [
						{"origin": [-4, 24, -4], "size": [8, 8, 8], "uv": [0, 13]},
						{"origin": [-4, 23.5, -4], "size": [0, 6, 8], "pivot": [-4, 29.5, -4], "rotation": [0, 0, 7], "uv": [29, 5]},
						{"origin": [4, 23.5, -4], "size": [0, 6, 8], "pivot": [4, 29.5, -4], "rotation": [0, 0, -7], "uv": [29, 5], "mirror": true},
						{"origin": [-4, 23.5, 4], "size": [8, 6, 0], "pivot": [0, 29.5, 4], "rotation": [10, 0, 0], "uv": [46, 11]},
						{"origin": [-4.5, 29.5, -4.5], "size": [9, 3, 9], "uv": [0, 0]},
						{"origin": [-4, 29.5, -7.5], "size": [8, 0, 3], "uv": [33, 20]}
					]
				},
				{
					"name": "body",
					"parent": "body_root",
					"pivot": [0, 24, 0],
					"cubes": [
						{"origin": [-4, 12, -2], "size": [8, 12, 4], "uv": [29, 26]},
						{"origin": [2, 14, -1.5], "size": [3, 3, 3], "uv": [0, 41]}
					]
				},
				{
					"name": "arms",
					"parent": "body_root",
					"pivot": [0, 22, 0]
				},
				{
					"name": "rightArm",
					"parent": "arms",
					"pivot": [-5, 22, 0],
					"cubes": [
						{"origin": [-7, 18, -2], "size": [3, 6, 4], "uv": [28, 43]},
						{"origin": [-7, 20, -2], "size": [3, 4, 4], "inflate": 0.2, "uv": [43, 43]}
					]
				},
				{
					"name": "right_hand",
					"parent": "rightArm",
					"pivot": [-5, 18, 2],
					"cubes": [
						{"origin": [-7, 12, -2], "size": [3, 6, 4], "inflate": 0.01, "uv": [13, 37]}
					]
				},
				{
					"name": "leftArm",
					"parent": "arms",
					"pivot": [5, 22, 0],
					"cubes": [
						{"origin": [4, 18, -2], "size": [3, 6, 4], "uv": [28, 43], "mirror": true},
						{"origin": [4, 20, -2], "size": [3, 4, 4], "inflate": 0.2, "uv": [43, 43], "mirror": true}
					]
				},
				{
					"name": "left_hand",
					"parent": "leftArm",
					"pivot": [5, 18, 2],
					"cubes": [
						{"origin": [4, 12, -2], "size": [3, 6, 4], "inflate": 0.01, "uv": [13, 37], "mirror": true}
					]
				},
				{
					"name": "legs",
					"parent": "rocket",
					"pivot": [0, 12, 0]
				},
				{
					"name": "rightLeg",
					"parent": "legs",
					"pivot": [-1.9, 12, 0],
					"cubes": [
						{"origin": [-4, 6, -2], "size": [4, 6, 4], "uv": [38, 0]}
					]
				},
				{
					"name": "right_foot",
					"parent": "rightLeg",
					"pivot": [-1.9, 6, -2],
					"cubes": [
						{"origin": [-4, 0, -2], "size": [4, 6, 4], "inflate": 0.01, "uv": [0, 30]}
					]
				},
				{
					"name": "leftLeg",
					"parent": "legs",
					"pivot": [1.9, 12, 0],
					"cubes": [
						{"origin": [0, 6, -2], "size": [4, 6, 4], "uv": [38, 0], "mirror": true}
					]
				},
				{
					"name": "left_foot",
					"parent": "leftLeg",
					"pivot": [1.9, 6, -2],
					"cubes": [
						{"origin": [0, 0, -2], "size": [4, 6, 4], "inflate": 0.01, "uv": [0, 30], "mirror": true}
					]
				}
			]
		},
		{
			"description": {
				"identifier": "geometry.serpnpc_sailor",
				"texture_width": 64,
				"texture_height": 64,
				"visible_bounds_width": 4,
				"visible_bounds_height": 5,
				"visible_bounds_offset": [0, 1.5, 0]
			},
			"bones": [
				{
					"name": "rocket",
					"pivot": [0, 0, 0]
				},
				{
					"name": "body_root",
					"parent": "rocket",
					"pivot": [0, 12, 0]
				},
				{
					"name": "head",
					"parent": "body_root",
					"pivot": [0, 24, 1],
					"cubes": [
						{"origin": [-4, 24, -4], "size": [8, 8, 8], "uv": [0, 13]},
						{"origin": [-6, 26, 0], "size": [2, 2, 0], "pivot": [-4, 28, 0], "rotation": [0, 70, 0], "uv": [0, 0]},
						{"origin": [4, 26, 0], "size": [2, 2, 0], "pivot": [4, 28, 0], "rotation": [0, -70, 0], "uv": [0, 0], "mirror": true},
						{"origin": [-4.5, 30.5, -4.5], "size": [9, 3, 9], "pivot": [0, 31, -4], "rotation": [-10, 0, 0], "uv": [0, 0]}
					]
				},
				{
					"name": "body",
					"parent": "body_root",
					"pivot": [0, 24, 0],
					"cubes": [
						{"origin": [-4, 12, -2], "size": [8, 12, 4], "uv": [29, 26]}
					]
				},
				{
					"name": "arms",
					"parent": "body_root",
					"pivot": [0, 22, 0]
				},
				{
					"name": "rightArm",
					"parent": "arms",
					"pivot": [-5, 22, 0],
					"cubes": [
						{"origin": [-8, 18, -2], "size": [4, 6, 4], "uv": [0, 41]},
						{"origin": [-8, 21, -2], "size": [4, 3, 4], "inflate": 0.2, "uv": [28, 0]}
					]
				},
				{
					"name": "right_hand",
					"parent": "rightArm",
					"pivot": [-5, 18, 2],
					"cubes": [
						{"origin": [-8, 12, -2], "size": [4, 6, 4], "inflate": 0.01, "uv": [13, 48]}
					]
				},
				{
					"name": "leftArm",
					"parent": "arms",
					"pivot": [5, 22, 0],
					"cubes": [
						{"origin": [4, 18, -2], "size": [4, 6, 4], "uv": [0, 41], "mirror": true},
						{"origin": [4, 21, -2], "size": [4, 3, 4], "inflate": 0.2, "uv": [28, 0], "mirror": true}
					]
				},
				{
					"name": "left_hand",
					"parent": "leftArm",
					"pivot": [5, 18, 2],
					"cubes": [
						{"origin": [4, 12, -2], "size": [4, 6, 4], "inflate": 0.01, "uv": [13, 48], "mirror": true}
					]
				},
				{
					"name": "legs",
					"parent": "rocket",
					"pivot": [0, 12, 0]
				},
				{
					"name": "rightLeg",
					"parent": "legs",
					"pivot": [-1.9, 12, 0],
					"cubes": [
						{"origin": [-4, 6, -2], "size": [4, 6, 4], "uv": [33, 9]}
					]
				},
				{
					"name": "right_foot",
					"parent": "rightLeg",
					"pivot": [-1.9, 6, -2],
					"cubes": [
						{"origin": [-4, 0, -2], "size": [4, 6, 4], "inflate": 0.01, "uv": [0, 30]}
					]
				},
				{
					"name": "leftLeg",
					"parent": "legs",
					"pivot": [1.9, 12, 0],
					"cubes": [
						{"origin": [0, 6, -2], "size": [4, 6, 4], "uv": [33, 9], "mirror": true}
					]
				},
				{
					"name": "left_foot",
					"parent": "leftLeg",
					"pivot": [1.9, 6, -2],
					"cubes": [
						{"origin": [0, 0, -2], "size": [4, 6, 4], "inflate": 0.01, "uv": [0, 30], "mirror": true}
					]
				}
			]
		},
		{
			"description": {
				"identifier": "geometry.serpnpc_school_kid_male",
				"texture_width": 64,
				"texture_height": 64,
				"visible_bounds_width": 4,
				"visible_bounds_height": 5,
				"visible_bounds_offset": [0, 1.5, 0]
			},
			"bones": [
				{
					"name": "rocket",
					"pivot": [0, 0, 0]
				},
				{
					"name": "body_root",
					"parent": "rocket",
					"pivot": [0, 12, 0]
				},
				{
					"name": "head",
					"parent": "body_root",
					"pivot": [0, 24, 1],
					"cubes": [
						{"origin": [-4, 24, -4], "size": [8, 8, 8], "uv": [0, 0]},
						{"origin": [-4, 27, -4], "size": [8, 3, 6], "inflate": 0.1, "uv": [0, 50]},
						{"origin": [-3, 32, 0], "size": [4, 4, 0], "pivot": [0, 32, 0], "rotation": [0, 45, 0], "uv": [39, 40]},
						{"origin": [-4, 24, 0], "size": [0, 8, 4], "pivot": [-4, 28, 0], "rotation": [0, -20, 0], "uv": [30, 40]},
						{"origin": [4, 24, 0], "size": [0, 8, 4], "pivot": [4, 28, 0], "rotation": [0, 20, 0], "uv": [30, 40], "mirror": true},
						{"origin": [-3.5, 31.5, -3.5], "size": [7, 1, 7], "uv": [25, 17]},
						{"origin": [-5, 29, -4], "size": [10, 5, 0], "pivot": [0, 32, -4], "rotation": [-15, 0, 0], "uv": [33, 11]},
						{"origin": [-6, 27, 0], "size": [2, 2, 0], "pivot": [-4, 28, 0], "rotation": [0, 65, 0], "uv": [0, 0]},
						{"origin": [4, 27, 0], "size": [2, 2, 0], "pivot": [4, 28, 0], "rotation": [0, -65, 0], "uv": [0, 0], "mirror": true},
						{"origin": [-4, 32, 4], "size": [8, 0, 2], "pivot": [0, 32, 4], "rotation": [-45, 0, 0], "uv": [26, 37]}
					]
				},
				{
					"name": "dialog",
					"parent": "head",
					"pivot": [0, 45, -5],
					"locators": {
						"dialog": [0, 45, -5]
					}
				},
				{
					"name": "body",
					"parent": "body_root",
					"pivot": [0, 24, 0],
					"cubes": [
						{"origin": [-4, 12, -2], "size": [8, 12, 4], "uv": [0, 17]}
					]
				},
				{
					"name": "arms",
					"parent": "body_root",
					"pivot": [0, 22, 0]
				},
				{
					"name": "rightArm",
					"parent": "arms",
					"pivot": [-5, 22, 0],
					"cubes": [
						{"origin": [-7, 18, -2], "size": [3, 6, 4], "uv": [15, 37]}
					]
				},
				{
					"name": "right_hand",
					"parent": "rightArm",
					"pivot": [-5, 18, 2],
					"cubes": [
						{"origin": [-7, 12, -2], "size": [3, 6, 4], "inflate": 0.01, "uv": [0, 34]}
					]
				},
				{
					"name": "leftArm",
					"parent": "arms",
					"pivot": [5, 22, 0],
					"cubes": [
						{"origin": [4, 18, -2], "size": [3, 6, 4], "uv": [15, 37], "mirror": true}
					]
				},
				{
					"name": "left_hand",
					"parent": "leftArm",
					"pivot": [5, 18, 2],
					"cubes": [
						{"origin": [4, 12, -2], "size": [3, 6, 4], "inflate": 0.01, "uv": [0, 34], "mirror": true}
					]
				},
				{
					"name": "legs",
					"parent": "rocket",
					"pivot": [0, 12, 0]
				},
				{
					"name": "rightLeg",
					"parent": "legs",
					"pivot": [-1.9, 12, 0],
					"cubes": [
						{"origin": [-4, 6, -2], "size": [4, 6, 4], "uv": [33, 0]}
					]
				},
				{
					"name": "right_foot",
					"parent": "rightLeg",
					"pivot": [-1.9, 6, -2],
					"cubes": [
						{"origin": [-4, 0, -2], "size": [4, 6, 4], "inflate": 0.01, "uv": [25, 26]}
					]
				},
				{
					"name": "leftLeg",
					"parent": "legs",
					"pivot": [1.9, 12, 0],
					"cubes": [
						{"origin": [0, 6, -2], "size": [4, 6, 4], "uv": [33, 0], "mirror": true}
					]
				},
				{
					"name": "left_foot",
					"parent": "leftLeg",
					"pivot": [1.9, 6, -2],
					"cubes": [
						{"origin": [0, 0, -2], "size": [4, 6, 4], "inflate": 0.01, "uv": [25, 26], "mirror": true}
					]
				}
			]
		},
		{
			"description": {
				"identifier": "geometry.serpnpc_bug_catcher",
				"texture_width": 80,
				"texture_height": 80,
				"visible_bounds_width": 3,
				"visible_bounds_height": 6,
				"visible_bounds_offset": [0, 2, 0]
			},
			"bones": [
				{
					"name": "rocket",
					"pivot": [0, 0, 0]
				},
				{
					"name": "body_root",
					"parent": "rocket",
					"pivot": [0, 12, 0]
				},
				{
					"name": "head",
					"parent": "body_root",
					"pivot": [0, 24, 1],
					"cubes": [
						{"origin": [-4, 24, -4], "size": [8, 8, 8], "uv": [0, 41]},
						{"origin": [-5, 28, -4], "size": [10, 3, 0], "pivot": [0, 30.5, -4], "rotation": [-30, 0, 0], "uv": [58, 0]},
						{"origin": [-6, 27, 0], "size": [2, 2, 0], "pivot": [-4, 28, 0], "rotation": [0, 70, 0], "uv": [8, 11]},
						{"origin": [4, 27, 0], "size": [2, 2, 0], "pivot": [4, 28, 0], "rotation": [0, -70, 0], "uv": [8, 11], "mirror": true},
						{"origin": [-4, 28, 4], "size": [8, 0, 2], "pivot": [0, 28, 4], "rotation": [-35, 0, 0], "uv": [28, 20]},
						{"origin": [-4, 26, 4], "size": [8, 0, 2], "pivot": [0, 26, 4], "rotation": [-45, 0, 0], "uv": [28, 20]},
						{"origin": [-4.5, 30.5, -4.5], "size": [9, 4, 9], "pivot": [0, 30.5, -4], "rotation": [-15, 0, 0], "uv": [40, 20]},
						{"origin": [-9.5, 30.5, -9.5], "size": [19, 0, 19], "pivot": [0, 30.5, -4], "rotation": [-15, 0, 0], "uv": [0, 0]}
					]
				},
				{
					"name": "body",
					"parent": "body_root",
					"pivot": [0, 24, 0],
					"cubes": [
						{"origin": [-4, 12, -2], "size": [8, 12, 4], "uv": [33, 41]}
					]
				},
				{
					"name": "arms",
					"parent": "body_root",
					"pivot": [0, 22, 0]
				},
				{
					"name": "rightArm",
					"parent": "arms",
					"pivot": [-5, 22, 0],
					"cubes": [
						{"origin": [-7, 18, -2], "size": [3, 6, 4], "uv": [0, 58]}
					]
				},
				{
					"name": "right_hand",
					"parent": "rightArm",
					"pivot": [-5, 18, 2],
					"cubes": [
						{"origin": [-7, 12, -2], "size": [3, 6, 4], "inflate": 0.01, "uv": [56, 34]},
						{"origin": [-6, 13, -10], "size": [1, 1, 16], "uv": [21, 23]},
						{"origin": [-13, 9, -18], "size": [8, 8, 8], "uv": [0, 22]}
					]
				},
				{
					"name": "leftArm",
					"parent": "arms",
					"pivot": [5, 22, 0],
					"cubes": [
						{"origin": [4, 18, -2], "size": [3, 6, 4], "uv": [0, 58], "mirror": true}
					]
				},
				{
					"name": "left_hand",
					"parent": "leftArm",
					"pivot": [5, 18, 2],
					"cubes": [
						{"origin": [4, 12, -2], "size": [3, 6, 4], "inflate": 0.01, "uv": [56, 34], "mirror": true}
					]
				},
				{
					"name": "legs",
					"parent": "rocket",
					"pivot": [0, 12, 0]
				},
				{
					"name": "rightLeg",
					"parent": "legs",
					"pivot": [-1.9, 12, 0],
					"cubes": [
						{"origin": [-4, 6, -2], "size": [4, 6, 4], "uv": [54, 54]},
						{"origin": [-4.5, 8.5, -1.5], "size": [2, 3, 3], "uv": [0, 11]}
					]
				},
				{
					"name": "right_foot",
					"parent": "rightLeg",
					"pivot": [-1.9, 6, -2],
					"cubes": [
						{"origin": [-4, 0, -2], "size": [4, 6, 4], "inflate": 0.01, "uv": [0, 0]}
					]
				},
				{
					"name": "leftLeg",
					"parent": "legs",
					"pivot": [1.9, 12, 0],
					"cubes": [
						{"origin": [0, 6, -2], "size": [4, 6, 4], "uv": [54, 54], "mirror": true},
						{"origin": [2.5, 8.5, -1.5], "size": [2, 3, 3], "uv": [0, 11], "mirror": true}
					]
				},
				{
					"name": "left_foot",
					"parent": "leftLeg",
					"pivot": [1.9, 6, -2],
					"cubes": [
						{"origin": [0, 0, -2], "size": [4, 6, 4], "inflate": 0.01, "uv": [0, 0], "mirror": true}
					]
				}
			]
		}
	]
}