{
	"format_version": "1.12.0",
	"minecraft:geometry": [
		{
			"description": {
				"identifier": "geometry.serppokeball",
				"texture_width": 96,
				"texture_height": 96,
				"visible_bounds_width": 3,
				"visible_bounds_height": 2.5,
				"visible_bounds_offset": [0, 0.75, 0]
			},
			"bones": [
				{
					"name": "body",
					"pivot": [0, 5.5, 0]
				},
				{
					"name": "pokeball",
					"parent": "body",
					"pivot": [0, 0, 0]
				},
				{
					"name": "top",
					"parent": "pokeball",
					"pivot": [0, 5, 5],
					"cubes": [
						{"origin": [-5, 5, -5], "size": [10, 1, 10], "uv": [0, 14]},
						{"origin": [-6, 6, -4], "size": [1, 3, 8], "uv": [32, 52]},
						{"origin": [-9, 9, -7], "size": [7, 0, 14], "pivot": [-6, 9, 0], "rotation": [0, 0, 45], "uv": [-14, 68]},
						{"origin": [2, 9, -7], "size": [7, 0, 14], "pivot": [6, 9, 0], "rotation": [0, 0, -45], "uv": [-14, 68], "mirror": true},
						{"origin": [5, 6, -4], "size": [1, 3, 8], "uv": [50, 23]},
						{"origin": [4, 9, -4], "size": [2, 2.83, 8], "pivot": [6, 9, 0], "rotation": [0, 0, -45], "uv": [19, 49]},
						{"origin": [6, 8.9, -3], "size": [1, 2, 2], "pivot": [6, 9, 0], "rotation": [0, 0, -45], "uv": [40, 38]},
						{"origin": [-7, 8.9, -3], "size": [1, 2, 2], "pivot": [-6, 9, 0], "rotation": [0, 0, 45], "uv": [40, 38], "mirror": true},
						{"origin": [-6, 9, -4], "size": [2, 2.83, 8], "pivot": [-6, 9, 0], "rotation": [0, 0, 45], "uv": [48, 0]},
						{"origin": [-6.5, 7.9, -3], "size": [2, 5, 6], "pivot": [-6, 9, 0], "rotation": [0, 0, 45], "uv": [53, 35]},
						{"origin": [4.5, 7.9, -3], "size": [2, 5, 6], "pivot": [6, 9, 0], "rotation": [0, 0, -45], "uv": [51, 52]},
						{"origin": [-7, 8.9, -5], "size": [3, 3, 10], "pivot": [-6, 9, 0], "rotation": [0, 0, 45], "uv": [0, 36]},
						{"origin": [4, 8.9, -5], "size": [3, 3, 10], "pivot": [6, 9, 0], "rotation": [0, 0, -45], "uv": [31, 4]},
						{"origin": [-4, 6, 5], "size": [8, 3, 1], "uv": [19, 64]},
						{"origin": [-4, 6, -6], "size": [8, 3, 1], "uv": [62, 52]},
						{"origin": [-3, 7, -7], "size": [1, 1, 1], "uv": [5, 6]},
						{"origin": [2, 7, -7], "size": [1, 1, 1], "uv": [5, 6]},
						{"origin": [-4, 9, -6], "size": [8, 2.83, 2], "pivot": [0, 9, -6], "rotation": [-45, 0, 0], "uv": [61, 47]},
						{"origin": [-1.5, 7.9, -6.5], "size": [3, 6, 2], "pivot": [0, 9, -6], "rotation": [-45, 0, 0], "uv": [38, 64]},
						{"origin": [-4, 9, 4], "size": [8, 2.83, 2], "pivot": [0, 9, 6], "rotation": [45, 0, 0], "uv": [61, 23]},
						{"origin": [3.17, 6, -4], "size": [2.83, 3, 2], "pivot": [6, 7.5, -4], "rotation": [0, -45, 0], "uv": [0, 36]},
						{"origin": [-6.83, 6, -6], "size": [2.83, 3, 2], "pivot": [-4, 7.5, -6], "rotation": [0, 45, 0], "uv": [31, 0]},
						{"origin": [-6.83, 6, 4], "size": [2.83, 3, 2], "pivot": [-4, 7.5, 6], "rotation": [0, -45, 0], "uv": [0, 14]},
						{"origin": [3.17, 6, 2], "size": [2.83, 3, 2], "pivot": [6, 7.5, 4], "rotation": [0, 45, 0], "uv": [0, 0]},
						{"origin": [-0.5, 5, -6.3], "size": [1, 1, 1], "inflate": 0.3, "uv": [0, 6]},
						{"origin": [-4, 10, -4], "size": [8, 1, 8], "uv": [25, 28]}
					]
				},
				{
					"name": "base",
					"parent": "pokeball",
					"pivot": [0, 2, 0],
					"cubes": [
						{"origin": [-5, 2, -5], "size": [10, 3, 10], "uv": [0, 0]},
						{"origin": [-4, 0, -4], "size": [2, 2.83, 8], "pivot": [-4, 0, 0], "rotation": [0, 0, -45], "uv": [40, 41]},
						{"origin": [2, 0, -4], "size": [2, 2.83, 8], "pivot": [4, 0, 0], "rotation": [0, 0, 45], "uv": [27, 38]},
						{"origin": [-6, 2, -4], "size": [1, 3, 8], "uv": [50, 11]},
						{"origin": [-9, 2, -7], "size": [7, 0, 14], "pivot": [-6, 2, 0], "rotation": [0, 0, -45], "uv": [-14, 68]},
						{"origin": [2, 2, -7], "size": [7, 0, 14], "pivot": [6, 2, 0], "rotation": [0, 0, 45], "uv": [-14, 68], "mirror": true},
						{"origin": [5, 2, -4], "size": [1, 3, 8], "uv": [0, 50]},
						{"origin": [-4, 2, 5], "size": [8, 3, 1], "uv": [0, 62]},
						{"origin": [-4, 0, -4], "size": [8, 2.83, 2], "pivot": [0, 0, -4], "rotation": [45, 0, 0], "uv": [61, 11]},
						{"origin": [-4, 0, 2], "size": [8, 2.83, 2], "pivot": [0, 0, 4], "rotation": [-45, 0, 0], "uv": [61, 0]},
						{"origin": [-4, 2, -6], "size": [8, 3, 1], "uv": [31, 18]},
						{"origin": [-4, 0, -4], "size": [8, 1, 8], "uv": [0, 26]},
						{"origin": [-6.83, 2, -6], "size": [2.83, 3, 1], "pivot": [-4, 3.5, -6], "rotation": [0, 45, 0], "uv": [24, 38]},
						{"origin": [3.17, 2, -4], "size": [2.83, 3, 1], "pivot": [6, 3.5, -4], "rotation": [0, -45, 0], "uv": [17, 36]},
						{"origin": [3.17, 2, 3], "size": [2.83, 3, 1], "pivot": [6, 3.5, 4], "rotation": [0, 45, 0], "uv": [25, 26]},
						{"origin": [-6.83, 2, 5], "size": [2.83, 3, 1], "pivot": [-4, 3.5, 6], "rotation": [0, -45, 0], "uv": [0, 26]}
					]
				}
			]
		}
	]
}