{
	"format_version": "1.12.0",
	"minecraft:geometry": [
		{
			"description": {
				"identifier": "geometry.serpmagneton",
				"texture_width": 48,
				"texture_height": 48,
				"visible_bounds_width": 3,
				"visible_bounds_height": 2.5,
				"visible_bounds_offset": [0, 0.75, 0]
			},
			"bones": [
				{
					"name": "magneton",
					"pivot": [0, 0, 0]
				},
				{
					"name": "magnemite1",
					"parent": "magneton",
					"pivot": [0, 8, 0]
				},
				{
					"name": "body",
					"parent": "magnemite1",
					"pivot": [0, 8, 0],
					"cubes": [
						{"origin": [-3, 8.5, -3], "size": [6, 6, 6], "uv": [0, 0]},
						{"origin": [-2.5, 14, -2.5], "size": [5, 1, 5], "uv": [0, 13]},
						{"origin": [-2.5, 8, -2.5], "size": [5, 1, 5], "uv": [0, 13]},
						{"origin": [-3.5, 9, -2.5], "size": [1, 5, 5], "uv": [16, 15]},
						{"origin": [2.5, 9, -2.5], "size": [1, 5, 5], "uv": [16, 15]},
						{"origin": [-2.5, 9, -3.5], "size": [5, 5, 1], "uv": [0, 20]},
						{"origin": [-2.5, 9, 2.5], "size": [5, 5, 1], "uv": [0, 20]}
					]
				},
				{
					"name": "screw1",
					"parent": "body",
					"pivot": [0, 15, 0],
					"cubes": [
						{"origin": [-0.5, 14.5, -0.5], "size": [1, 3, 1], "uv": [0, 0]},
						{"origin": [-1.5, 17.55, -1.5], "size": [3, 0, 3], "uv": [24, 6]}
					]
				},
				{
					"name": "screw2",
					"parent": "body",
					"pivot": [-2, 10, -2],
					"rotation": [100, 35, 0],
					"cubes": [
						{"origin": [-2.5, 10, -2.5], "size": [1, 3, 1], "uv": [0, 0]},
						{"origin": [-3.5, 13.05, -3.5], "size": [3, 0, 3], "uv": [24, 6]}
					]
				},
				{
					"name": "screw3",
					"parent": "body",
					"pivot": [2, 10, -2],
					"rotation": [100, -35, 0],
					"cubes": [
						{"origin": [1.5, 10, -2.5], "size": [1, 3, 1], "uv": [0, 0], "mirror": true},
						{"origin": [0.5, 13.05, -3.5], "size": [3, 0, 3], "uv": [24, 6], "mirror": true}
					]
				},
				{
					"name": "open_eyes",
					"parent": "body",
					"pivot": [0, 8, 0],
					"cubes": [
						{"origin": [-2, 9.5, -3.6], "size": [4, 4, 0], "uv": [0, 27]}
					]
				},
				{
					"name": "closed_eyes",
					"parent": "body",
					"pivot": [0, 8, 0],
					"cubes": [
						{"origin": [-2, 9.5, -3.6], "size": [4, 4, 0], "uv": [0, 32]}
					]
				},
				{
					"name": "angry_eyes",
					"parent": "body",
					"pivot": [0, 8, 0],
					"cubes": [
						{"origin": [-2, 9.5, -3.6], "size": [4, 4, 0], "uv": [0, 37]}
					]
				},
				{
					"name": "right_magnet",
					"parent": "magnemite1",
					"pivot": [-3.5, 11.5, 0],
					"rotation": [0, 0, 25],
					"cubes": [
						{"origin": [-5, 10.5, -0.5], "size": [1.5, 2, 1], "uv": [0, 13]},
						{"origin": [-5, 12.5, -0.5], "size": [1.5, 2.12, 1], "pivot": [-3.5, 12.5, 0], "rotation": [0, 0, -45], "uv": [0, 13]},
						{"origin": [-5, 8.38, -0.5], "size": [1.5, 2.12, 1], "pivot": [-3.5, 10.5, 0], "rotation": [0, 0, 45], "uv": [0, 13]},
						{"origin": [-10, 12.5, -0.5], "size": [5, 1.5, 1], "uv": [19, 3]},
						{"origin": [-10, 9, -0.5], "size": [5, 1.5, 1], "uv": [19, 0]}
					]
				},
				{
					"name": "left_magnet",
					"parent": "magnemite1",
					"pivot": [3.5, 11.5, 0],
					"rotation": [0, 0, -25],
					"cubes": [
						{"origin": [3.5, 10.5, -0.5], "size": [1.5, 2, 1], "uv": [0, 13], "mirror": true},
						{"origin": [3.5, 12.5, -0.5], "size": [1.5, 2.12, 1], "pivot": [3.5, 12.5, 0], "rotation": [0, 0, 45], "uv": [0, 13], "mirror": true},
						{"origin": [3.5, 8.38, -0.5], "size": [1.5, 2.12, 1], "pivot": [3.5, 10.5, 0], "rotation": [0, 0, -45], "uv": [0, 13], "mirror": true},
						{"origin": [5, 9, -0.5], "size": [5, 1.5, 1], "uv": [19, 3], "mirror": true},
						{"origin": [5, 12.5, -0.5], "size": [5, 1.5, 1], "uv": [19, 0], "mirror": true}
					]
				},
				{
					"name": "magnemite2",
					"parent": "magneton",
					"pivot": [-5, 1, -3],
					"rotation": [0, 45, 0]
				},
				{
					"name": "body2",
					"parent": "magnemite2",
					"pivot": [-5, 1, -3],
					"cubes": [
						{"origin": [-8, 1.5, -6], "size": [6, 6, 6], "uv": [0, 0]},
						{"origin": [-7.5, 7, -5.5], "size": [5, 1, 5], "uv": [0, 13]},
						{"origin": [-7.5, 1, -5.5], "size": [5, 1, 5], "uv": [0, 13]},
						{"origin": [-8.5, 2, -5.5], "size": [1, 5, 5], "uv": [16, 15]},
						{"origin": [-2.5, 2, -5.5], "size": [1, 5, 5], "uv": [16, 15]},
						{"origin": [-7.5, 2, -6.5], "size": [5, 5, 1], "uv": [0, 20]},
						{"origin": [-7.5, 2, -0.5], "size": [5, 5, 1], "uv": [0, 20]}
					]
				},
				{
					"name": "screw4",
					"parent": "body2",
					"pivot": [-7, 3, -5],
					"rotation": [125, 35, 0],
					"cubes": [
						{"origin": [-7.5, 3, -5.5], "size": [1, 3, 1], "uv": [0, 0]},
						{"origin": [-8.5, 6.05, -6.5], "size": [3, 0, 3], "uv": [24, 6]}
					]
				},
				{
					"name": "screw5",
					"parent": "body2",
					"pivot": [-3, 3, -5],
					"rotation": [125, -35, 0],
					"cubes": [
						{"origin": [-3.5, 3, -5.5], "size": [1, 3, 1], "uv": [0, 0], "mirror": true},
						{"origin": [-4.5, 6.05, -6.5], "size": [3, 0, 3], "uv": [24, 6], "mirror": true}
					]
				},
				{
					"name": "open_eyes2",
					"parent": "body2",
					"pivot": [-5, 1, -3],
					"cubes": [
						{"origin": [-7, 2.5, -6.6], "size": [4, 4, 0], "uv": [0, 27]}
					]
				},
				{
					"name": "closed_eyes2",
					"parent": "body2",
					"pivot": [-5, 1, -3],
					"cubes": [
						{"origin": [-7, 2.5, -6.6], "size": [4, 4, 0], "uv": [0, 32]}
					]
				},
				{
					"name": "angry_eyes2",
					"parent": "body2",
					"pivot": [-5, 1, -3],
					"cubes": [
						{"origin": [-7, 2.5, -6.6], "size": [4, 4, 0], "uv": [0, 37]}
					]
				},
				{
					"name": "right_magnet2",
					"parent": "magnemite2",
					"pivot": [-8.5, 4.5, -3],
					"rotation": [0, 0, 25],
					"cubes": [
						{"origin": [-10, 3.5, -3.5], "size": [1.5, 2, 1], "uv": [0, 13]},
						{"origin": [-10, 5.5, -3.5], "size": [1.5, 2.12, 1], "pivot": [-8.5, 5.5, -3], "rotation": [0, 0, -45], "uv": [0, 13]},
						{"origin": [-10, 1.38, -3.5], "size": [1.5, 2.12, 1], "pivot": [-8.5, 3.5, -3], "rotation": [0, 0, 45], "uv": [0, 13]},
						{"origin": [-15, 5.5, -3.5], "size": [5, 1.5, 1], "uv": [19, 3]},
						{"origin": [-15, 2, -3.5], "size": [5, 1.5, 1], "uv": [19, 0]}
					]
				},
				{
					"name": "left_magnet2",
					"parent": "magnemite2",
					"pivot": [-1.5, 4.5, -3],
					"rotation": [0, 45, 0],
					"cubes": [
						{"origin": [-1.5, 3.5, -3.5], "size": [1.5, 2, 1], "uv": [0, 13], "mirror": true},
						{"origin": [-1.5, 5.5, -3.5], "size": [1.5, 2.12, 1], "pivot": [-1.5, 5.5, -3], "rotation": [0, 0, 45], "uv": [0, 13], "mirror": true},
						{"origin": [-1.5, 1.38, -3.5], "size": [1.5, 2.12, 1], "pivot": [-1.5, 3.5, -3], "rotation": [0, 0, -45], "uv": [0, 13], "mirror": true},
						{"origin": [0, 2, -3.5], "size": [5, 1.5, 1], "uv": [19, 3], "mirror": true},
						{"origin": [0, 5.5, -3.5], "size": [5, 1.5, 1], "uv": [19, 0], "mirror": true}
					]
				},
				{
					"name": "magnemite3",
					"parent": "magneton",
					"pivot": [5, 1, -3],
					"rotation": [0, -45, 0]
				},
				{
					"name": "body3",
					"parent": "magnemite3",
					"pivot": [5, 1, -3],
					"cubes": [
						{"origin": [2, 1.5, -6], "size": [6, 6, 6], "uv": [0, 0], "mirror": true},
						{"origin": [2.5, 7, -5.5], "size": [5, 1, 5], "uv": [0, 13], "mirror": true},
						{"origin": [2.5, 1, -5.5], "size": [5, 1, 5], "uv": [0, 13], "mirror": true},
						{"origin": [7.5, 2, -5.5], "size": [1, 5, 5], "uv": [16, 15], "mirror": true},
						{"origin": [1.5, 2, -5.5], "size": [1, 5, 5], "uv": [16, 15], "mirror": true},
						{"origin": [2.5, 2, -6.5], "size": [5, 5, 1], "uv": [0, 20], "mirror": true},
						{"origin": [2.5, 2, -0.5], "size": [5, 5, 1], "uv": [0, 20], "mirror": true}
					]
				},
				{
					"name": "screw6",
					"parent": "body3",
					"pivot": [7, 3, -5],
					"rotation": [125, -35, 0],
					"cubes": [
						{"origin": [6.5, 3, -5.5], "size": [1, 3, 1], "uv": [0, 0], "mirror": true},
						{"origin": [5.5, 6.05, -6.5], "size": [3, 0, 3], "uv": [24, 6], "mirror": true}
					]
				},
				{
					"name": "screw7",
					"parent": "body3",
					"pivot": [3, 3, -5],
					"rotation": [125, 35, 0],
					"cubes": [
						{"origin": [2.5, 3, -5.5], "size": [1, 3, 1], "uv": [0, 0]},
						{"origin": [1.5, 6.05, -6.5], "size": [3, 0, 3], "uv": [24, 6]}
					]
				},
				{
					"name": "open_eyes3",
					"parent": "body3",
					"pivot": [5, 1, -3],
					"cubes": [
						{"origin": [3, 2.5, -6.6], "size": [4, 4, 0], "uv": [0, 27], "mirror": true}
					]
				},
				{
					"name": "closed_eyes3",
					"parent": "body3",
					"pivot": [5, 1, -3],
					"cubes": [
						{"origin": [3, 2.5, -6.6], "size": [4, 4, 0], "uv": [0, 32], "mirror": true}
					]
				},
				{
					"name": "angry_eyes3",
					"parent": "body3",
					"pivot": [5, 1, -3],
					"cubes": [
						{"origin": [3, 2.5, -6.6], "size": [4, 4, 0], "uv": [0, 37], "mirror": true}
					]
				},
				{
					"name": "right_magnet3",
					"parent": "magnemite3",
					"pivot": [8.5, 4.5, -3],
					"rotation": [0, 0, -25],
					"cubes": [
						{"origin": [8.5, 3.5, -3.5], "size": [1.5, 2, 1], "uv": [0, 13], "mirror": true},
						{"origin": [8.5, 5.5, -3.5], "size": [1.5, 2.12, 1], "pivot": [8.5, 5.5, -3], "rotation": [0, 0, 45], "uv": [0, 13], "mirror": true},
						{"origin": [8.5, 1.38, -3.5], "size": [1.5, 2.12, 1], "pivot": [8.5, 3.5, -3], "rotation": [0, 0, -45], "uv": [0, 13], "mirror": true},
						{"origin": [10, 5.5, -3.5], "size": [5, 1.5, 1], "uv": [19, 3], "mirror": true},
						{"origin": [10, 2, -3.5], "size": [5, 1.5, 1], "uv": [19, 0], "mirror": true}
					]
				},
				{
					"name": "left_magnet3",
					"parent": "magnemite3",
					"pivot": [1.5, 4.5, -3],
					"rotation": [0, -45, 0],
					"cubes": [
						{"origin": [0, 3.5, -3.5], "size": [1.5, 2, 1], "uv": [0, 13]},
						{"origin": [0, 5.5, -3.5], "size": [1.5, 2.12, 1], "pivot": [1.5, 5.5, -3], "rotation": [0, 0, -45], "uv": [0, 13]},
						{"origin": [0, 1.38, -3.5], "size": [1.5, 2.12, 1], "pivot": [1.5, 3.5, -3], "rotation": [0, 0, 45], "uv": [0, 13]},
						{"origin": [-5, 2, -3.5], "size": [5, 1.5, 1], "uv": [19, 3]},
						{"origin": [-5, 5.5, -3.5], "size": [5, 1.5, 1], "uv": [19, 0]}
					]
				}
			]
		},
		{
			"description": {
				"identifier": "geometry.serpmagneton_aura",
				"texture_width": 48,
				"texture_height": 48,
				"visible_bounds_width": 3,
				"visible_bounds_height": 2.5,
				"visible_bounds_offset": [0, 0.75, 0]
			},
			"bones": [
				{
					"name": "magneton",
					"pivot": [0, 0, 0]
				},
				{
					"name": "magnemite1",
					"parent": "magneton",
					"pivot": [0, 8, 0]
				},
				{
					"name": "body",
					"parent": "magnemite1",
					"pivot": [0, 8, 0],
					"cubes": [
						{"origin": [-3, 8.5, -3], "size": [6, 6, 6], "inflate": 0.25, "uv": [0, 0]},
						{"origin": [-2.5, 14, -2.5], "size": [5, 1, 5], "inflate": 0.25, "uv": [0, 13]},
						{"origin": [-2.5, 8, -2.5], "size": [5, 1, 5], "inflate": 0.25, "uv": [0, 13]},
						{"origin": [-3.5, 9, -2.5], "size": [1, 5, 5], "inflate": 0.25, "uv": [16, 15]},
						{"origin": [2.5, 9, -2.5], "size": [1, 5, 5], "inflate": 0.25, "uv": [16, 15]},
						{"origin": [-2.5, 9, -3.5], "size": [5, 5, 1], "inflate": 0.25, "uv": [0, 20]},
						{"origin": [-2.5, 9, 2.5], "size": [5, 5, 1], "inflate": 0.25, "uv": [0, 20]}
					]
				},
				{
					"name": "screw1",
					"parent": "body",
					"pivot": [0, 15, 0],
					"cubes": [
						{"origin": [-0.5, 14.5, -0.5], "size": [1, 3, 1], "inflate": 0.25, "uv": [0, 0]},
						{"origin": [-1.5, 17.55, -1.5], "size": [3, 0, 3], "inflate": 0.25, "uv": [24, 6]}
					]
				},
				{
					"name": "screw2",
					"parent": "body",
					"pivot": [-2, 10, -2],
					"rotation": [100, 35, 0],
					"cubes": [
						{"origin": [-2.5, 10, -2.5], "size": [1, 3, 1], "inflate": 0.25, "uv": [0, 0]},
						{"origin": [-3.5, 13.05, -3.5], "size": [3, 0, 3], "inflate": 0.25, "uv": [24, 6]}
					]
				},
				{
					"name": "screw3",
					"parent": "body",
					"pivot": [2, 10, -2],
					"rotation": [100, -35, 0],
					"cubes": [
						{"origin": [1.5, 10, -2.5], "size": [1, 3, 1], "inflate": 0.25, "uv": [0, 0], "mirror": true},
						{"origin": [0.5, 13.05, -3.5], "size": [3, 0, 3], "inflate": 0.25, "uv": [24, 6], "mirror": true}
					]
				},
				{
					"name": "open_eyes",
					"parent": "body",
					"pivot": [0, 8, 0],
					"cubes": [
						{"origin": [-2, 9.5, -3.6], "size": [4, 4, 0], "inflate": 0.25, "uv": [0, 27]}
					]
				},
				{
					"name": "closed_eyes",
					"parent": "body",
					"pivot": [0, 8, 0],
					"cubes": [
						{"origin": [-2, 9.5, -3.6], "size": [4, 4, 0], "inflate": 0.25, "uv": [0, 32]}
					]
				},
				{
					"name": "angry_eyes",
					"parent": "body",
					"pivot": [0, 8, 0],
					"cubes": [
						{"origin": [-2, 9.5, -3.6], "size": [4, 4, 0], "inflate": 0.25, "uv": [0, 37]}
					]
				},
				{
					"name": "right_magnet",
					"parent": "magnemite1",
					"pivot": [-3.5, 11.5, 0],
					"rotation": [0, 0, 25],
					"cubes": [
						{"origin": [-5, 10.5, -0.5], "size": [1.5, 2, 1], "inflate": 0.25, "uv": [0, 13]},
						{"origin": [-5, 12.5, -0.5], "size": [1.5, 2.12, 1], "inflate": 0.25, "pivot": [-3.5, 12.5, 0], "rotation": [0, 0, -45], "uv": [0, 13]},
						{"origin": [-5, 8.38, -0.5], "size": [1.5, 2.12, 1], "inflate": 0.25, "pivot": [-3.5, 10.5, 0], "rotation": [0, 0, 45], "uv": [0, 13]},
						{"origin": [-10, 12.5, -0.5], "size": [5, 1.5, 1], "inflate": 0.25, "uv": [19, 3]},
						{"origin": [-10, 9, -0.5], "size": [5, 1.5, 1], "inflate": 0.25, "uv": [19, 0]}
					]
				},
				{
					"name": "left_magnet",
					"parent": "magnemite1",
					"pivot": [3.5, 11.5, 0],
					"rotation": [0, 0, -25],
					"cubes": [
						{"origin": [3.5, 10.5, -0.5], "size": [1.5, 2, 1], "inflate": 0.25, "uv": [0, 13], "mirror": true},
						{"origin": [3.5, 12.5, -0.5], "size": [1.5, 2.12, 1], "inflate": 0.25, "pivot": [3.5, 12.5, 0], "rotation": [0, 0, 45], "uv": [0, 13], "mirror": true},
						{"origin": [3.5, 8.38, -0.5], "size": [1.5, 2.12, 1], "inflate": 0.25, "pivot": [3.5, 10.5, 0], "rotation": [0, 0, -45], "uv": [0, 13], "mirror": true},
						{"origin": [5, 9, -0.5], "size": [5, 1.5, 1], "inflate": 0.25, "uv": [19, 3], "mirror": true},
						{"origin": [5, 12.5, -0.5], "size": [5, 1.5, 1], "inflate": 0.25, "uv": [19, 0], "mirror": true}
					]
				},
				{
					"name": "magnemite2",
					"parent": "magneton",
					"pivot": [-5, 1, -3],
					"rotation": [0, 45, 0]
				},
				{
					"name": "body2",
					"parent": "magnemite2",
					"pivot": [-5, 1, -3],
					"cubes": [
						{"origin": [-8, 1.5, -6], "size": [6, 6, 6], "inflate": 0.25, "uv": [0, 0]},
						{"origin": [-7.5, 7, -5.5], "size": [5, 1, 5], "inflate": 0.25, "uv": [0, 13]},
						{"origin": [-7.5, 1, -5.5], "size": [5, 1, 5], "inflate": 0.25, "uv": [0, 13]},
						{"origin": [-8.5, 2, -5.5], "size": [1, 5, 5], "inflate": 0.25, "uv": [16, 15]},
						{"origin": [-2.5, 2, -5.5], "size": [1, 5, 5], "inflate": 0.25, "uv": [16, 15]},
						{"origin": [-7.5, 2, -6.5], "size": [5, 5, 1], "inflate": 0.25, "uv": [0, 20]},
						{"origin": [-7.5, 2, -0.5], "size": [5, 5, 1], "inflate": 0.25, "uv": [0, 20]}
					]
				},
				{
					"name": "screw4",
					"parent": "body2",
					"pivot": [-7, 3, -5],
					"rotation": [125, 35, 0],
					"cubes": [
						{"origin": [-7.5, 3, -5.5], "size": [1, 3, 1], "inflate": 0.25, "uv": [0, 0]},
						{"origin": [-8.5, 6.05, -6.5], "size": [3, 0, 3], "inflate": 0.25, "uv": [24, 6]}
					]
				},
				{
					"name": "screw5",
					"parent": "body2",
					"pivot": [-3, 3, -5],
					"rotation": [125, -35, 0],
					"cubes": [
						{"origin": [-3.5, 3, -5.5], "size": [1, 3, 1], "inflate": 0.25, "uv": [0, 0], "mirror": true},
						{"origin": [-4.5, 6.05, -6.5], "size": [3, 0, 3], "inflate": 0.25, "uv": [24, 6], "mirror": true}
					]
				},
				{
					"name": "open_eyes2",
					"parent": "body2",
					"pivot": [-5, 1, -3],
					"cubes": [
						{"origin": [-7, 2.5, -6.6], "size": [4, 4, 0], "inflate": 0.25, "uv": [0, 27]}
					]
				},
				{
					"name": "closed_eyes2",
					"parent": "body2",
					"pivot": [-5, 1, -3],
					"cubes": [
						{"origin": [-7, 2.5, -6.6], "size": [4, 4, 0], "inflate": 0.25, "uv": [0, 32]}
					]
				},
				{
					"name": "angry_eyes2",
					"parent": "body2",
					"pivot": [-5, 1, -3],
					"cubes": [
						{"origin": [-7, 2.5, -6.6], "size": [4, 4, 0], "inflate": 0.25, "uv": [0, 37]}
					]
				},
				{
					"name": "right_magnet2",
					"parent": "magnemite2",
					"pivot": [-8.5, 4.5, -3],
					"rotation": [0, 0, 25],
					"cubes": [
						{"origin": [-10, 3.5, -3.5], "size": [1.5, 2, 1], "inflate": 0.25, "uv": [0, 13]},
						{"origin": [-10, 5.5, -3.5], "size": [1.5, 2.12, 1], "inflate": 0.25, "pivot": [-8.5, 5.5, -3], "rotation": [0, 0, -45], "uv": [0, 13]},
						{"origin": [-10, 1.38, -3.5], "size": [1.5, 2.12, 1], "inflate": 0.25, "pivot": [-8.5, 3.5, -3], "rotation": [0, 0, 45], "uv": [0, 13]},
						{"origin": [-15, 5.5, -3.5], "size": [5, 1.5, 1], "inflate": 0.25, "uv": [19, 3]},
						{"origin": [-15, 2, -3.5], "size": [5, 1.5, 1], "inflate": 0.25, "uv": [19, 0]}
					]
				},
				{
					"name": "left_magnet2",
					"parent": "magnemite2",
					"pivot": [-1.5, 4.5, -3],
					"rotation": [0, 45, 0],
					"cubes": [
						{"origin": [-1.5, 3.5, -3.5], "size": [1.5, 2, 1], "inflate": 0.25, "uv": [0, 13], "mirror": true},
						{"origin": [-1.5, 5.5, -3.5], "size": [1.5, 2.12, 1], "inflate": 0.25, "pivot": [-1.5, 5.5, -3], "rotation": [0, 0, 45], "uv": [0, 13], "mirror": true},
						{"origin": [-1.5, 1.38, -3.5], "size": [1.5, 2.12, 1], "inflate": 0.25, "pivot": [-1.5, 3.5, -3], "rotation": [0, 0, -45], "uv": [0, 13], "mirror": true},
						{"origin": [0, 2, -3.5], "size": [5, 1.5, 1], "inflate": 0.25, "uv": [19, 3], "mirror": true},
						{"origin": [0, 5.5, -3.5], "size": [5, 1.5, 1], "inflate": 0.25, "uv": [19, 0], "mirror": true}
					]
				},
				{
					"name": "magnemite3",
					"parent": "magneton",
					"pivot": [5, 1, -3],
					"rotation": [0, -45, 0]
				},
				{
					"name": "body3",
					"parent": "magnemite3",
					"pivot": [5, 1, -3],
					"cubes": [
						{"origin": [2, 1.5, -6], "size": [6, 6, 6], "inflate": 0.25, "uv": [0, 0], "mirror": true},
						{"origin": [2.5, 7, -5.5], "size": [5, 1, 5], "inflate": 0.25, "uv": [0, 13], "mirror": true},
						{"origin": [2.5, 1, -5.5], "size": [5, 1, 5], "inflate": 0.25, "uv": [0, 13], "mirror": true},
						{"origin": [7.5, 2, -5.5], "size": [1, 5, 5], "inflate": 0.25, "uv": [16, 15], "mirror": true},
						{"origin": [1.5, 2, -5.5], "size": [1, 5, 5], "inflate": 0.25, "uv": [16, 15], "mirror": true},
						{"origin": [2.5, 2, -6.5], "size": [5, 5, 1], "inflate": 0.25, "uv": [0, 20], "mirror": true},
						{"origin": [2.5, 2, -0.5], "size": [5, 5, 1], "inflate": 0.25, "uv": [0, 20], "mirror": true}
					]
				},
				{
					"name": "screw6",
					"parent": "body3",
					"pivot": [7, 3, -5],
					"rotation": [125, -35, 0],
					"cubes": [
						{"origin": [6.5, 3, -5.5], "size": [1, 3, 1], "inflate": 0.25, "uv": [0, 0], "mirror": true},
						{"origin": [5.5, 6.05, -6.5], "size": [3, 0, 3], "inflate": 0.25, "uv": [24, 6], "mirror": true}
					]
				},
				{
					"name": "screw7",
					"parent": "body3",
					"pivot": [3, 3, -5],
					"rotation": [125, 35, 0],
					"cubes": [
						{"origin": [2.5, 3, -5.5], "size": [1, 3, 1], "inflate": 0.25, "uv": [0, 0]},
						{"origin": [1.5, 6.05, -6.5], "size": [3, 0, 3], "inflate": 0.25, "uv": [24, 6]}
					]
				},
				{
					"name": "open_eyes3",
					"parent": "body3",
					"pivot": [5, 1, -3],
					"cubes": [
						{"origin": [3, 2.5, -6.6], "size": [4, 4, 0], "inflate": 0.25, "uv": [0, 27], "mirror": true}
					]
				},
				{
					"name": "closed_eyes3",
					"parent": "body3",
					"pivot": [5, 1, -3],
					"cubes": [
						{"origin": [3, 2.5, -6.6], "size": [4, 4, 0], "inflate": 0.25, "uv": [0, 32], "mirror": true}
					]
				},
				{
					"name": "angry_eyes3",
					"parent": "body3",
					"pivot": [5, 1, -3],
					"cubes": [
						{"origin": [3, 2.5, -6.6], "size": [4, 4, 0], "inflate": 0.25, "uv": [0, 37], "mirror": true}
					]
				},
				{
					"name": "right_magnet3",
					"parent": "magnemite3",
					"pivot": [8.5, 4.5, -3],
					"rotation": [0, 0, -25],
					"cubes": [
						{"origin": [8.5, 3.5, -3.5], "size": [1.5, 2, 1], "inflate": 0.25, "uv": [0, 13], "mirror": true},
						{"origin": [8.5, 5.5, -3.5], "size": [1.5, 2.12, 1], "inflate": 0.25, "pivot": [8.5, 5.5, -3], "rotation": [0, 0, 45], "uv": [0, 13], "mirror": true},
						{"origin": [8.5, 1.38, -3.5], "size": [1.5, 2.12, 1], "inflate": 0.25, "pivot": [8.5, 3.5, -3], "rotation": [0, 0, -45], "uv": [0, 13], "mirror": true},
						{"origin": [10, 5.5, -3.5], "size": [5, 1.5, 1], "inflate": 0.25, "uv": [19, 3], "mirror": true},
						{"origin": [10, 2, -3.5], "size": [5, 1.5, 1], "inflate": 0.25, "uv": [19, 0], "mirror": true}
					]
				},
				{
					"name": "left_magnet3",
					"parent": "magnemite3",
					"pivot": [1.5, 4.5, -3],
					"rotation": [0, -45, 0],
					"cubes": [
						{"origin": [0, 3.5, -3.5], "size": [1.5, 2, 1], "inflate": 0.25, "uv": [0, 13]},
						{"origin": [0, 5.5, -3.5], "size": [1.5, 2.12, 1], "inflate": 0.25, "pivot": [1.5, 5.5, -3], "rotation": [0, 0, -45], "uv": [0, 13]},
						{"origin": [0, 1.38, -3.5], "size": [1.5, 2.12, 1], "inflate": 0.25, "pivot": [1.5, 3.5, -3], "rotation": [0, 0, 45], "uv": [0, 13]},
						{"origin": [-5, 2, -3.5], "size": [5, 1.5, 1], "inflate": 0.25, "uv": [19, 3]},
						{"origin": [-5, 5.5, -3.5], "size": [5, 1.5, 1], "inflate": 0.25, "uv": [19, 0]}
					]
				}
			]
		}
	]
}