{
	"format_version": "1.12.0",
	"minecraft:geometry": [
		{
			"description": {
				"identifier": "geometry.serpmagnemite",
				"texture_width": 48,
				"texture_height": 48,
				"visible_bounds_width": 3,
				"visible_bounds_height": 2.5,
				"visible_bounds_offset": [0, 0.75, 0]
			},
			"bones": [
				{
					"name": "magnemite",
					"pivot": [0, 0, 0]
				},
				{
					"name": "body",
					"parent": "magnemite",
					"pivot": [0, 0, 0],
					"cubes": [
						{"origin": [-3, 0.5, -3], "size": [6, 6, 6], "uv": [0, 0]},
						{"origin": [-2.5, 6, -2.5], "size": [5, 1, 5], "uv": [0, 13]},
						{"origin": [-2.5, 0, -2.5], "size": [5, 1, 5], "uv": [0, 13]},
						{"origin": [-3.5, 1, -2.5], "size": [1, 5, 5], "uv": [16, 15]},
						{"origin": [2.5, 1, -2.5], "size": [1, 5, 5], "uv": [16, 15]},
						{"origin": [-2.5, 1, -3.5], "size": [5, 5, 1], "uv": [0, 20]},
						{"origin": [-2.5, 1, 2.5], "size": [5, 5, 1], "uv": [0, 20]}
					]
				},
				{
					"name": "screw1",
					"parent": "body",
					"pivot": [0, 7, 0],
					"cubes": [
						{"origin": [-0.5, 6.5, -0.5], "size": [1, 3, 1], "uv": [0, 0]},
						{"origin": [-1.5, 9.55, -1.5], "size": [3, 0, 3], "uv": [24, 6]}
					]
				},
				{
					"name": "screw2",
					"parent": "body",
					"pivot": [-2, 2, -2],
					"rotation": [125, 35, 0],
					"cubes": [
						{"origin": [-2.5, 2, -2.5], "size": [1, 3, 1], "uv": [0, 0]},
						{"origin": [-3.5, 5.05, -3.5], "size": [3, 0, 3], "uv": [24, 6]}
					]
				},
				{
					"name": "screw3",
					"parent": "body",
					"pivot": [2, 2, -2],
					"rotation": [125, -35, 0],
					"cubes": [
						{"origin": [1.5, 2, -2.5], "size": [1, 3, 1], "uv": [0, 0], "mirror": true},
						{"origin": [0.5, 5.05, -3.5], "size": [3, 0, 3], "uv": [24, 6], "mirror": true}
					]
				},
				{
					"name": "open_eyes",
					"parent": "body",
					"pivot": [0, 0, 0],
					"cubes": [
						{"origin": [-2, 1.5, -3.6], "size": [4, 4, 0], "uv": [0, 27]}
					]
				},
				{
					"name": "closed_eyes",
					"parent": "body",
					"pivot": [0, 0, 0],
					"cubes": [
						{"origin": [-2, 1.5, -3.6], "size": [4, 4, 0], "uv": [0, 32]}
					]
				},
				{
					"name": "angry_eyes",
					"parent": "body",
					"pivot": [0, 0, 0],
					"cubes": [
						{"origin": [-2, 1.5, -3.6], "size": [4, 4, 0], "uv": [0, 37]}
					]
				},
				{
					"name": "right_magnet",
					"parent": "magnemite",
					"pivot": [-3.5, 3.5, 0],
					"cubes": [
						{"origin": [-5, 2.5, -0.5], "size": [1.5, 2, 1], "uv": [0, 13]},
						{"origin": [-5, 4.5, -0.5], "size": [1.5, 2.12, 1], "pivot": [-3.5, 4.5, 0], "rotation": [0, 0, -45], "uv": [0, 13]},
						{"origin": [-5, 0.38, -0.5], "size": [1.5, 2.12, 1], "pivot": [-3.5, 2.5, 0], "rotation": [0, 0, 45], "uv": [0, 13]},
						{"origin": [-10, 4.5, -0.5], "size": [5, 1.5, 1], "uv": [19, 3]},
						{"origin": [-10, 1, -0.5], "size": [5, 1.5, 1], "uv": [19, 0]}
					]
				},
				{
					"name": "left_magnet",
					"parent": "magnemite",
					"pivot": [3.5, 3.5, 0],
					"cubes": [
						{"origin": [3.5, 2.5, -0.5], "size": [1.5, 2, 1], "uv": [0, 13], "mirror": true},
						{"origin": [3.5, 4.5, -0.5], "size": [1.5, 2.12, 1], "pivot": [3.5, 4.5, 0], "rotation": [0, 0, 45], "uv": [0, 13], "mirror": true},
						{"origin": [3.5, 0.38, -0.5], "size": [1.5, 2.12, 1], "pivot": [3.5, 2.5, 0], "rotation": [0, 0, -45], "uv": [0, 13], "mirror": true},
						{"origin": [5, 1, -0.5], "size": [5, 1.5, 1], "uv": [19, 3], "mirror": true},
						{"origin": [5, 4.5, -0.5], "size": [5, 1.5, 1], "uv": [19, 0], "mirror": true}
					]
				}
			]
		},
		{
			"description": {
				"identifier": "geometry.serpmagnemite_aura",
				"texture_width": 48,
				"texture_height": 48,
				"visible_bounds_width": 3,
				"visible_bounds_height": 2.5,
				"visible_bounds_offset": [0, 0.75, 0]
			},
			"bones": [
				{
					"name": "magnemite",
					"pivot": [0, 0, 0]
				},
				{
					"name": "body",
					"parent": "magnemite",
					"pivot": [0, 0, 0],
					"cubes": [
						{"origin": [-3, 0.5, -3], "size": [6, 6, 6], "inflate": 0.25, "uv": [0, 0]},
						{"origin": [-2.5, 6, -2.5], "size": [5, 1, 5], "inflate": 0.25, "uv": [0, 13]},
						{"origin": [-2.5, 0, -2.5], "size": [5, 1, 5], "inflate": 0.25, "uv": [0, 13]},
						{"origin": [-3.5, 1, -2.5], "size": [1, 5, 5], "inflate": 0.25, "uv": [16, 15]},
						{"origin": [2.5, 1, -2.5], "size": [1, 5, 5], "inflate": 0.25, "uv": [16, 15]},
						{"origin": [-2.5, 1, -3.5], "size": [5, 5, 1], "inflate": 0.25, "uv": [0, 20]},
						{"origin": [-2.5, 1, 2.5], "size": [5, 5, 1], "inflate": 0.25, "uv": [0, 20]}
					]
				},
				{
					"name": "screw1",
					"parent": "body",
					"pivot": [0, 7, 0],
					"cubes": [
						{"origin": [-0.5, 6.5, -0.5], "size": [1, 3, 1], "inflate": 0.25, "uv": [0, 0]},
						{"origin": [-1.5, 9.55, -1.5], "size": [3, 0, 3], "inflate": 0.25, "uv": [24, 6]}
					]
				},
				{
					"name": "screw2",
					"parent": "body",
					"pivot": [-2, 2, -2],
					"rotation": [125, 35, 0],
					"cubes": [
						{"origin": [-2.5, 2, -2.5], "size": [1, 3, 1], "inflate": 0.25, "uv": [0, 0]},
						{"origin": [-3.5, 5.05, -3.5], "size": [3, 0, 3], "inflate": 0.25, "uv": [24, 6]}
					]
				},
				{
					"name": "screw3",
					"parent": "body",
					"pivot": [2, 2, -2],
					"rotation": [125, -35, 0],
					"cubes": [
						{"origin": [1.5, 2, -2.5], "size": [1, 3, 1], "inflate": 0.25, "uv": [0, 0], "mirror": true},
						{"origin": [0.5, 5.05, -3.5], "size": [3, 0, 3], "inflate": 0.25, "uv": [24, 6], "mirror": true}
					]
				},
				{
					"name": "open_eyes",
					"parent": "body",
					"pivot": [0, 0, 0],
					"cubes": [
						{"origin": [-2, 1.5, -3.6], "size": [4, 4, 0], "inflate": 0.25, "uv": [0, 27]}
					]
				},
				{
					"name": "closed_eyes",
					"parent": "body",
					"pivot": [0, 0, 0],
					"cubes": [
						{"origin": [-2, 1.5, -3.6], "size": [4, 4, 0], "inflate": 0.25, "uv": [0, 32]}
					]
				},
				{
					"name": "angry_eyes",
					"parent": "body",
					"pivot": [0, 0, 0],
					"cubes": [
						{"origin": [-2, 1.5, -3.6], "size": [4, 4, 0], "inflate": 0.25, "uv": [0, 37]}
					]
				},
				{
					"name": "right_magnet",
					"parent": "magnemite",
					"pivot": [-3.5, 3.5, 0],
					"cubes": [
						{"origin": [-5, 2.5, -0.5], "size": [1.5, 2, 1], "inflate": 0.25, "uv": [0, 13]},
						{"origin": [-5, 4.5, -0.5], "size": [1.5, 2.12, 1], "inflate": 0.25, "pivot": [-3.5, 4.5, 0], "rotation": [0, 0, -45], "uv": [0, 13]},
						{"origin": [-5, 0.38, -0.5], "size": [1.5, 2.12, 1], "inflate": 0.25, "pivot": [-3.5, 2.5, 0], "rotation": [0, 0, 45], "uv": [0, 13]},
						{"origin": [-10, 4.5, -0.5], "size": [5, 1.5, 1], "inflate": 0.25, "uv": [19, 3]},
						{"origin": [-10, 1, -0.5], "size": [5, 1.5, 1], "inflate": 0.25, "uv": [19, 0]}
					]
				},
				{
					"name": "left_magnet",
					"parent": "magnemite",
					"pivot": [3.5, 3.5, 0],
					"cubes": [
						{"origin": [3.5, 2.5, -0.5], "size": [1.5, 2, 1], "inflate": 0.25, "uv": [0, 13], "mirror": true},
						{"origin": [3.5, 4.5, -0.5], "size": [1.5, 2.12, 1], "inflate": 0.25, "pivot": [3.5, 4.5, 0], "rotation": [0, 0, 45], "uv": [0, 13], "mirror": true},
						{"origin": [3.5, 0.38, -0.5], "size": [1.5, 2.12, 1], "inflate": 0.25, "pivot": [3.5, 2.5, 0], "rotation": [0, 0, -45], "uv": [0, 13], "mirror": true},
						{"origin": [5, 1, -0.5], "size": [5, 1.5, 1], "inflate": 0.25, "uv": [19, 3], "mirror": true},
						{"origin": [5, 4.5, -0.5], "size": [5, 1.5, 1], "inflate": 0.25, "uv": [19, 0], "mirror": true}
					]
				}
			]
		}
	]
}