{
	"format_version": "1.8.0",
	"animations": {
		"animation.nidorina.quiet": {
			"loop": true,
			"animation_length": 1.6,
			"bones": {
				"body_root": {
					"rotation": {
						"0.0": [5, 0, 0],
						"0.8": [0, 0, 0],
						"1.6": [5, 0, 0]
					}
				},
				"tail": {
					"rotation": {
						"0.0": [0, 35, 0],
						"0.8": [0, 15, 0],
						"1.6": [0, 35, 0]
					}
				},
				"arms": {
					"rotation": {
						"0.0": [-15, 0, 0],
						"0.6": [0, 0, 0],
						"1.6": [-15, 0, 0]
					}
				}
			}
		},
		"animation.nidorina.walk": {
			"loop": true,
			"animation_length": 0.8,
			"bones": {
				"nidorina": {
					"position": {
						"0.0": [0, 1, 0],
						"0.2": [0, 0, 0],
						"0.4": [0, 1, 0],
						"0.6": [0, 0, 0],
						"0.8": [0, 1, 0]
					}
				},
				"body_root": {
					"rotation": {
						"0.0": [0, 0, -5],
						"0.4": [0, 0, 5],
						"0.8": [0, 0, -5]
					}
				},
				"tail": {
					"rotation": {
						"0.0": [0, 25, 0],
						"0.2": [-15, 0, 0],
						"0.4": [0, -25, 0],
						"0.6": [-15, 0, 0],
						"0.8": [0, 25, 0]
					}
				},
				"arms": {
					"rotation": {
						"0.0": [-20, 0, 0],
						"0.2": [-5, 0, 0],
						"0.4": [-20, 0, 0],
						"0.6": [-5, 0, 0],
						"0.8": [-20, 0, 0]
					}
				},
				"right_leg": {
					"rotation": {
						"0.0": [50, 0, 0],
						"0.4": [-50, 0, 0],
						"0.8": [50, 0, 0]
					},
					"position": {
						"0.0": [0, -1, 1],
						"0.4": [0, 0, -1],
						"0.8": [0, -1, 1]
					}
				},
				"left_leg": {
					"rotation": {
						"0.0": [-50, 0, 0],
						"0.4": [50, 0, 0],
						"0.8": [-50, 0, 0]
					},
					"position": {
						"0.0": [0, 0, -1],
						"0.4": [0, -1, 1],
						"0.8": [0, 0, -1]
					}
				}
			}
		},
		"animation.nidorina.sitting": {
			"loop": true,
			"animation_length": 0.12,
			"bones": {
				"nidorina": {
					"position": [0, -1, 0]
				},
				"tail": {
					"rotation": [15, 35, 0]
				},
				"legs": {
					"rotation": [-90, 0, 0],
					"position": [0, -1, -1]
				}
			}
		},
		"animation.nidorina.jump": {
			"loop": true,
			"bones": {
				"nidorina": {
					"position": [0, 1, 0]
				},
				"tail": {
					"rotation": [-45, 0, 0]
				},
				"arms": {
					"rotation": [-105, 0, 0],
					"position": [0, 1, 0]
				},
				"legs": {
					"rotation": [20, 0, 0],
					"position": [0, -1, 0]
				}
			}
		},
		"animation.nidorina.attack": {
			"loop": true,
			"bones": {
				"body_root": {
					"rotation": [0, -25, 0]
				},
				"tail": {
					"rotation": [0, 35, 0],
					"position": [2, 0, 0]
				},
				"right_arm": {
					"rotation": [-45, 0, 0]
				},
				"left_arm": {
					"rotation": [50, 30, -35],
					"position": [0, 2, 2]
				},
				"right_leg": {
					"position": [0, 0, -3]
				},
				"left_leg": {
					"rotation": [0, -35, 0],
					"position": [0, 0, 2]
				}
			}
		},
		"animation.nidorina.swimming": {
			"loop": true,
			"animation_length": 0.8,
			"bones": {
				"nidorina": {
					"position": {
						"0.0": [0, 0, 0],
						"0.6": [0, 1, 0],
						"0.8": [0, 0, 0]
					}
				},
				"tail": {
					"rotation": {
						"0.0": [-35, 10, 0],
						"0.4": [-35, -10, 0],
						"0.8": [-35, 10, 0]
					}
				},
				"arms": {
					"rotation": [20, 0, 0],
					"position": [0, 1, 2]
				},
				"right_arm": {
					"rotation": {
						"0.0": [0, 0, 80],
						"0.4": [0, 0, 60],
						"0.8": [0, 0, 80]
					},
					"position": [0, 0, 0]
				},
				"left_arm": {
					"rotation": {
						"0.0": [0, 0, -80],
						"0.4": [0, 0, -60],
						"0.8": [0, 0, -80]
					},
					"position": [0, 0, 0]
				},
				"right_leg": {
					"rotation": {
						"0.0": [25, 0, 0],
						"0.2": [-35, 0, 0],
						"0.4": [25, 0, 0],
						"0.6": [-35, 0, 0],
						"0.8": [25, 0, 0]
					}
				},
				"left_leg": {
					"rotation": {
						"0.0": [-35, 0, 0],
						"0.2": [25, 0, 0],
						"0.4": [-35, 0, 0],
						"0.6": [25, 0, 0],
						"0.8": [-35, 0, 0]
					}
				}
			}
		},
        "animation.nidorina.health_bar":{
            "loop":true,
            "bones":{
                "health_hover":{
    "rotation":["q.camera_rotation(0)","q.camera_rotation(1)-q.body_y_rotation",0],
	"position": [0,29,0],
    "scale":"query.is_in_ui?0:1.5"
                },
				"bar_green": {
					"scale": ["query.health/query.max_health*1", 1, 1]
				},
				"bar_black": {
					"scale": ["(1)+(query.health/query.max_health*-1)", 1, 1]
				}
			}
        }
    }
}