{
	"format_version": "1.12.0",
	"minecraft:geometry": [
		{
			"description": {
				"identifier": "geometry.serpgrovyle",
				"texture_width": 80,
				"texture_height": 80,
				"visible_bounds_width": 3,
				"visible_bounds_height": 3.5,
				"visible_bounds_offset": [0, 1.25, 0]
			},
			"bones": [
				{
					"name": "grovyle",
					"pivot": [0, 0, 0]
				},
				{
					"name": "body_root",
					"parent": "grovyle",
					"pivot": [0, 7, 0]
				},
				{
					"name": "head",
					"parent": "body_root",
					"pivot": [0, 26, 0],
					"cubes": [
						{"origin": [-3, 26, -3], "size": [6, 5.5, 6], "uv": [21, 26]},
						{"origin": [-1.5, 27, -7.5], "size": [3, 2, 4], "uv": [56, 37]},
						{"origin": [-1.5, 26, -7.5], "size": [3, 1, 0], "uv": [0, 0]},
						{"origin": [-1, 26, -7], "size": [2, 1, 4], "uv": [0, 60]},
						{"origin": [-1.5, 27, -7.5], "size": [3, 2, 5.15], "pivot": [0, 29, -7.5], "rotation": [29, 0, 0], "uv": [47, 3]},
						{"origin": [-1.5, 27, -7.5], "size": [2, 2, 5.385], "pivot": [-1.5, 28, -7.5], "rotation": [0, -21.8, 0], "uv": [0, 51]},
						{"origin": [-0.5, 27, -7.5], "size": [2, 2, 5.385], "pivot": [1.5, 28, -7.5], "rotation": [0, 21.8, 0], "uv": [0, 51], "mirror": true},
						{"origin": [-1, 26, -7], "size": [2, 1, 4.48], "pivot": [-1, 27, -7], "rotation": [0, -26.5, 0], "uv": [30, 58]},
						{"origin": [-1, 26, -7], "size": [2, 1, 4.48], "pivot": [1, 27, -7], "rotation": [0, 26.5, 0], "uv": [30, 58], "mirror": true},
						{"origin": [-3.5, 26.5, -2.5], "size": [1, 4.5, 5], "uv": [54, 12]},
						{"origin": [2.5, 26.5, -2.5], "size": [1, 4.5, 5], "uv": [54, 12], "mirror": true},
						{"origin": [-2.5, 31, -2.5], "size": [5, 1, 5], "uv": [42, 24]},
						{"origin": [-1.5, 32.5, -4.5], "size": [3, 0, 5], "pivot": [0, 32.5, -2.5], "rotation": [35, 0, 0], "uv": [49, 31]},
						{"origin": [-1.5, 34.22055, -0.04312], "size": [3, 0, 7], "uv": [33, 8]},
						{"origin": [-1.5, 19.2718, 11.90563], "size": [3, 10, 0], "uv": [17, 64]},
						{"origin": [-1.5, 34.22084, 6.95618], "size": [3, 0, 7], "pivot": [0, 34.22084, 6.95618], "rotation": [-45, 0, 0], "uv": [33, 8]},
						{"origin": [-2.5, 26.5, -3.5], "size": [5, 4, 1], "uv": [59, 0]},
						{"origin": [-2.5, 26.5, 2.5], "size": [5, 4.5, 1], "uv": [59, 0]}
					]
				},
				{
					"name": "open_eyes",
					"parent": "head",
					"pivot": [0, 29, 0],
					"cubes": [
						{"origin": [-3.49913, 29, -5.4995], "size": [0, 2, 3], "pivot": [-3.49913, 30, -2.4995], "rotation": [0, -40, 0], "uv": [0, 29]},
						{"origin": [3.49913, 29, -5.4995], "size": [0, 2, 3], "pivot": [3.49913, 30, -2.4995], "rotation": [0, 40, 0], "uv": [0, 29], "mirror": true}
					]
				},
				{
					"name": "closed_eyes",
					"parent": "head",
					"pivot": [0, 29, 0],
					"cubes": [
						{"origin": [-3.49913, 29, -5.4995], "size": [0, 2, 3], "pivot": [-3.49913, 30, -2.4995], "rotation": [0, -40, 0], "uv": [0, 31]},
						{"origin": [3.49913, 29, -5.4995], "size": [0, 2, 3], "pivot": [3.49913, 30, -2.4995], "rotation": [0, 40, 0], "uv": [0, 31], "mirror": true}
					]
				},
				{
					"name": "angry_eyes",
					"parent": "head",
					"pivot": [0, 29, 0],
					"cubes": [
						{"origin": [-3.49913, 29, -5.4995], "size": [0, 2, 3], "pivot": [-3.49913, 30, -2.4995], "rotation": [0, -40, 0], "uv": [0, 33]},
						{"origin": [3.49913, 29, -5.4995], "size": [0, 2, 3], "pivot": [3.49913, 30, -2.4995], "rotation": [0, 40, 0], "uv": [0, 33], "mirror": true}
					]
				},
				{
					"name": "body",
					"parent": "body_root",
					"pivot": [0, 7, 0],
					"cubes": [
						{"origin": [-4, 7, -4], "size": [8, 8, 8], "uv": [0, 0]},
						{"origin": [-0.5, 7, 3.5], "size": [4, 0, 14], "pivot": [1.5, 7, 4], "rotation": [-30, 15, 0], "uv": [-14, 66], "mirror": true},
						{"origin": [-3.5, 7, 3.5], "size": [4, 0, 14], "pivot": [-1.5, 7, 4], "rotation": [-30, -15, 0], "uv": [-14, 66]},
						{"origin": [-4, 15, -4], "size": [8, 10.2, 0], "pivot": [0, 15, -4], "rotation": [-11.3, 0, 0], "uv": [34, 47]},
						{"origin": [-4, 15, 4], "size": [8, 10.2, 0], "pivot": [0, 15, 4], "rotation": [168.7, 0, 180], "uv": [0, 40]},
						{"origin": [-4, 15, -4], "size": [0, 10.2, 8], "pivot": [-4, 15, 0], "rotation": [0, 0, 11.3], "uv": [0, 32]},
						{"origin": [4, 15, -4], "size": [0, 10.2, 8], "pivot": [4, 15, 0], "rotation": [0, 0, -11.3], "uv": [0, 32], "mirror": true},
						{"origin": [-4.5, 7.5, -3.5], "size": [1, 7, 7], "uv": [39, 32]},
						{"origin": [3.5, 7.5, -3.5], "size": [1, 7, 7], "uv": [39, 32], "mirror": true},
						{"origin": [-3.5, 7.5, -4.5], "size": [7, 7, 1], "uv": [51, 47]},
						{"origin": [-3.5, 7.5, 3.5], "size": [7, 7, 1], "uv": [51, 47]},
						{"origin": [-3.5, 6.5, -3.5], "size": [7, 1, 7], "uv": [18, 17]},
						{"origin": [-2, 15, -2], "size": [4, 11, 4], "uv": [17, 39]}
					]
				},
				{
					"name": "arms",
					"parent": "body_root",
					"pivot": [0, 22, 0]
				},
				{
					"name": "right_arm",
					"parent": "arms",
					"pivot": [-2, 22, 0],
					"rotation": [0, 0, -35],
					"cubes": [
						{"origin": [-8, 21, -1], "size": [6, 2, 2], "uv": [58, 24]},
						{"origin": [-14, 21, -1], "size": [6, 2, 2], "pivot": [-8, 22, 1], "rotation": [0, -45, 0], "uv": [49, 56]},
						{"origin": [-16, 21, -1], "size": [2, 2, 2], "pivot": [-8, 22, 1], "rotation": [0, -45, 0], "uv": [0, 17]},
						{"origin": [-15, 22, 1], "size": [6, 0, 7], "pivot": [-8, 22, 1], "rotation": [0, -45, 0], "uv": [25, 0]},
						{"origin": [-8, 21.5, 0], "size": [2, 1, 1], "pivot": [-8, 22, 1], "rotation": [0, -45, 0], "uv": [0, 22]}
					]
				},
				{
					"name": "left_arm",
					"parent": "arms",
					"pivot": [2, 22, 0],
					"rotation": [0, 0, 35],
					"cubes": [
						{"origin": [2, 21, -1], "size": [6, 2, 2], "uv": [58, 24], "mirror": true},
						{"origin": [8, 21, -1], "size": [6, 2, 2], "pivot": [8, 22, 1], "rotation": [0, 45, 0], "uv": [49, 56], "mirror": true},
						{"origin": [14, 21, -1], "size": [2, 2, 2], "pivot": [8, 22, 1], "rotation": [0, 45, 0], "uv": [0, 17], "mirror": true},
						{"origin": [9, 22, 1], "size": [6, 0, 7], "pivot": [8, 22, 1], "rotation": [0, 45, 0], "uv": [25, 0], "mirror": true},
						{"origin": [6, 21.5, 0], "size": [2, 1, 1], "pivot": [8, 22, 1], "rotation": [0, 45, 0], "uv": [0, 22], "mirror": true}
					]
				},
				{
					"name": "legs",
					"parent": "grovyle",
					"pivot": [0, 11, 0]
				},
				{
					"name": "right_leg",
					"parent": "legs",
					"pivot": [-4, 11, 0],
					"rotation": [0, 20, 0],
					"cubes": [
						{"origin": [-6, 8, -7], "size": [4, 5, 9], "pivot": [-4, 11, 0], "rotation": [45, 0, 0], "uv": [0, 17]},
						{"origin": [-6, -1.36396, -3.53553], "size": [3, 5, 3], "pivot": [-4.5, 4.63604, -3.53553], "rotation": [45, 0, 0], "uv": [17, 55]},
						{"origin": [-5.25, 0, 0.5], "size": [1.5, 1.5, 4], "pivot": [-4.5, 1.5, 0.5], "rotation": [-15, 0, 0], "uv": [61, 29]},
						{"origin": [-5.75, 0, -4], "size": [1.5, 1.5, 4], "pivot": [-4.5, 0, 0], "rotation": [20, 20, 0], "uv": [9, 32]},
						{"origin": [-4.75, 0, -4], "size": [1.5, 1.5, 4], "pivot": [-4.5, 0, 0], "rotation": [20, -20, 0], "uv": [9, 32]}
					]
				},
				{
					"name": "left_leg",
					"parent": "legs",
					"pivot": [4, 11, 0],
					"rotation": [0, -20, 0],
					"cubes": [
						{"origin": [2, 8, -7], "size": [4, 5, 9], "pivot": [4, 11, 0], "rotation": [45, 0, 0], "uv": [0, 17], "mirror": true},
						{"origin": [3, -1.36396, -3.53553], "size": [3, 5, 3], "pivot": [4.5, 4.63604, -3.53553], "rotation": [45, 0, 0], "uv": [17, 55], "mirror": true},
						{"origin": [3.75, 0, 0.5], "size": [1.5, 1.5, 4], "pivot": [4.5, 1.5, 0.5], "rotation": [-15, 0, 0], "uv": [61, 29], "mirror": true},
						{"origin": [4.25, 0, -4], "size": [1.5, 1.5, 4], "pivot": [4.5, 0, 0], "rotation": [20, -20, 0], "uv": [9, 32], "mirror": true},
						{"origin": [3.25, 0, -4], "size": [1.5, 1.5, 4], "pivot": [4.5, 0, 0], "rotation": [20, 20, 0], "uv": [9, 32], "mirror": true}
					]
				}
			]
		},
		{
			"description": {
				"identifier": "geometry.serpgrovyle_aura",
				"texture_width": 80,
				"texture_height": 80,
				"visible_bounds_width": 4,
				"visible_bounds_height": 3.5,
				"visible_bounds_offset": [0, 1.25, 0]
			},
			"bones": [
				{
					"name": "grovyle",
					"pivot": [0, 0, 0]
				},
				{
					"name": "body_root",
					"parent": "grovyle",
					"pivot": [0, 7, 0]
				},
				{
					"name": "head",
					"parent": "body_root",
					"pivot": [0, 26, 0],
					"cubes": [
						{"origin": [-3, 26, -3], "size": [6, 5.5, 6], "inflate": 0.25, "uv": [21, 26]},
						{"origin": [-1.5, 27, -7.5], "size": [3, 2, 4], "inflate": 0.25, "uv": [56, 37]},
						{"origin": [-1.5, 26, -7.5], "size": [3, 1, 0], "inflate": 0.25, "uv": [0, 0]},
						{"origin": [-1, 26, -7], "size": [2, 1, 4], "inflate": 0.25, "uv": [0, 60]},
						{"origin": [-1.5, 27, -7.5], "size": [3, 2, 5.15], "inflate": 0.25, "pivot": [0, 29, -7.5], "rotation": [29, 0, 0], "uv": [47, 3]},
						{"origin": [-1.5, 27, -7.5], "size": [2, 2, 5.385], "inflate": 0.25, "pivot": [-1.5, 28, -7.5], "rotation": [0, -21.8, 0], "uv": [0, 51]},
						{"origin": [-0.5, 27, -7.5], "size": [2, 2, 5.385], "inflate": 0.25, "pivot": [1.5, 28, -7.5], "rotation": [0, 21.8, 0], "uv": [0, 51], "mirror": true},
						{"origin": [-1, 26, -7], "size": [2, 1, 4.48], "inflate": 0.25, "pivot": [-1, 27, -7], "rotation": [0, -26.5, 0], "uv": [30, 58]},
						{"origin": [-1, 26, -7], "size": [2, 1, 4.48], "inflate": 0.25, "pivot": [1, 27, -7], "rotation": [0, 26.5, 0], "uv": [30, 58], "mirror": true},
						{"origin": [-3.5, 26.5, -2.5], "size": [1, 4.5, 5], "inflate": 0.25, "uv": [54, 12]},
						{"origin": [2.5, 26.5, -2.5], "size": [1, 4.5, 5], "inflate": 0.25, "uv": [54, 12], "mirror": true},
						{"origin": [-2.5, 31, -2.5], "size": [5, 1, 5], "inflate": 0.25, "uv": [42, 24]},
						{"origin": [-1.5, 32.5, -4.5], "size": [3, 0, 5], "inflate": 0.25, "pivot": [0, 32.5, -2.5], "rotation": [35, 0, 0], "uv": [49, 31]},
						{"origin": [-1.5, 34.22055, -0.04312], "size": [3, 0, 7], "inflate": 0.25, "uv": [33, 8]},
						{"origin": [-1.5, 19.2718, 11.90563], "size": [3, 10, 0], "inflate": 0.25, "uv": [17, 64]},
						{"origin": [-1.5, 34.22084, 6.95618], "size": [3, 0, 7], "inflate": 0.25, "pivot": [0, 34.22084, 6.95618], "rotation": [-45, 0, 0], "uv": [33, 8]},
						{"origin": [-2.5, 26.5, -3.5], "size": [5, 4, 1], "inflate": 0.25, "uv": [59, 0]},
						{"origin": [-2.5, 26.5, 2.5], "size": [5, 4.5, 1], "inflate": 0.25, "uv": [59, 0]}
					]
				},
				{
					"name": "open_eyes",
					"parent": "head",
					"pivot": [0, 29, 0],
					"cubes": [
						{"origin": [-3.49913, 29, -5.4995], "size": [0, 2, 3], "inflate": 0.25, "pivot": [-3.49913, 30, -2.4995], "rotation": [0, -40, 0], "uv": [0, 29]},
						{"origin": [3.49913, 29, -5.4995], "size": [0, 2, 3], "inflate": 0.25, "pivot": [3.49913, 30, -2.4995], "rotation": [0, 40, 0], "uv": [0, 29], "mirror": true}
					]
				},
				{
					"name": "closed_eyes",
					"parent": "head",
					"pivot": [0, 29, 0],
					"cubes": [
						{"origin": [-3.49913, 29, -5.4995], "size": [0, 2, 3], "inflate": 0.25, "pivot": [-3.49913, 30, -2.4995], "rotation": [0, -40, 0], "uv": [0, 31]},
						{"origin": [3.49913, 29, -5.4995], "size": [0, 2, 3], "inflate": 0.25, "pivot": [3.49913, 30, -2.4995], "rotation": [0, 40, 0], "uv": [0, 31], "mirror": true}
					]
				},
				{
					"name": "angry_eyes",
					"parent": "head",
					"pivot": [0, 29, 0],
					"cubes": [
						{"origin": [-3.49913, 29, -5.4995], "size": [0, 2, 3], "inflate": 0.25, "pivot": [-3.49913, 30, -2.4995], "rotation": [0, -40, 0], "uv": [0, 33]},
						{"origin": [3.49913, 29, -5.4995], "size": [0, 2, 3], "inflate": 0.25, "pivot": [3.49913, 30, -2.4995], "rotation": [0, 40, 0], "uv": [0, 33], "mirror": true}
					]
				},
				{
					"name": "body",
					"parent": "body_root",
					"pivot": [0, 7, 0],
					"cubes": [
						{"origin": [-4, 7, -4], "size": [8, 8, 8], "inflate": 0.25, "uv": [0, 0]},
						{"origin": [-0.5, 7, 3.5], "size": [4, 0, 14], "inflate": 0.25, "pivot": [1.5, 7, 4], "rotation": [-30, 15, 0], "uv": [-14, 66], "mirror": true},
						{"origin": [-3.5, 7, 3.5], "size": [4, 0, 14], "inflate": 0.25, "pivot": [-1.5, 7, 4], "rotation": [-30, -15, 0], "uv": [-14, 66]},
						{"origin": [-4, 15, -4], "size": [8, 10.2, 0], "inflate": 0.25, "pivot": [0, 15, -4], "rotation": [-11.3, 0, 0], "uv": [34, 47]},
						{"origin": [-4, 15, 4], "size": [8, 10.2, 0], "inflate": 0.25, "pivot": [0, 15, 4], "rotation": [168.7, 0, 180], "uv": [0, 40]},
						{"origin": [-4, 15, -4], "size": [0, 10.2, 8], "inflate": 0.25, "pivot": [-4, 15, 0], "rotation": [0, 0, 11.3], "uv": [0, 32]},
						{"origin": [4, 15, -4], "size": [0, 10.2, 8], "inflate": 0.25, "pivot": [4, 15, 0], "rotation": [0, 0, -11.3], "uv": [0, 32], "mirror": true},
						{"origin": [-4.5, 7.5, -3.5], "size": [1, 7, 7], "inflate": 0.25, "uv": [39, 32]},
						{"origin": [3.5, 7.5, -3.5], "size": [1, 7, 7], "inflate": 0.25, "uv": [39, 32], "mirror": true},
						{"origin": [-3.5, 7.5, -4.5], "size": [7, 7, 1], "inflate": 0.25, "uv": [51, 47]},
						{"origin": [-3.5, 7.5, 3.5], "size": [7, 7, 1], "inflate": 0.25, "uv": [51, 47]},
						{"origin": [-3.5, 6.5, -3.5], "size": [7, 1, 7], "inflate": 0.25, "uv": [18, 17]},
						{"origin": [-2, 15, -2], "size": [4, 11, 4], "inflate": 0.25, "uv": [17, 39]}
					]
				},
				{
					"name": "arms",
					"parent": "body_root",
					"pivot": [0, 22, 0]
				},
				{
					"name": "right_arm",
					"parent": "arms",
					"pivot": [-2, 22, 0],
					"rotation": [0, 0, -35],
					"cubes": [
						{"origin": [-8, 21, -1], "size": [6, 2, 2], "inflate": 0.25, "uv": [58, 24]},
						{"origin": [-14, 21, -1], "size": [6, 2, 2], "inflate": 0.25, "pivot": [-8, 22, 1], "rotation": [0, -45, 0], "uv": [49, 56]},
						{"origin": [-16, 21, -1], "size": [2, 2, 2], "inflate": 0.25, "pivot": [-8, 22, 1], "rotation": [0, -45, 0], "uv": [0, 17]},
						{"origin": [-15, 22, 1], "size": [6, 0, 7], "inflate": 0.25, "pivot": [-8, 22, 1], "rotation": [0, -45, 0], "uv": [25, 0]},
						{"origin": [-8, 21.5, 0], "size": [2, 1, 1], "inflate": 0.25, "pivot": [-8, 22, 1], "rotation": [0, -45, 0], "uv": [0, 22]}
					]
				},
				{
					"name": "left_arm",
					"parent": "arms",
					"pivot": [2, 22, 0],
					"rotation": [0, 0, 35],
					"cubes": [
						{"origin": [2, 21, -1], "size": [6, 2, 2], "inflate": 0.25, "uv": [58, 24], "mirror": true},
						{"origin": [8, 21, -1], "size": [6, 2, 2], "inflate": 0.25, "pivot": [8, 22, 1], "rotation": [0, 45, 0], "uv": [49, 56], "mirror": true},
						{"origin": [14, 21, -1], "size": [2, 2, 2], "inflate": 0.25, "pivot": [8, 22, 1], "rotation": [0, 45, 0], "uv": [0, 17], "mirror": true},
						{"origin": [9, 22, 1], "size": [6, 0, 7], "inflate": 0.25, "pivot": [8, 22, 1], "rotation": [0, 45, 0], "uv": [25, 0], "mirror": true},
						{"origin": [6, 21.5, 0], "size": [2, 1, 1], "inflate": 0.25, "pivot": [8, 22, 1], "rotation": [0, 45, 0], "uv": [0, 22], "mirror": true}
					]
				},
				{
					"name": "legs",
					"parent": "grovyle",
					"pivot": [0, 11, 0]
				},
				{
					"name": "right_leg",
					"parent": "legs",
					"pivot": [-4, 11, 0],
					"rotation": [0, 20, 0],
					"cubes": [
						{"origin": [-6, 8, -7], "size": [4, 5, 9], "inflate": 0.25, "pivot": [-4, 11, 0], "rotation": [45, 0, 0], "uv": [0, 17]},
						{"origin": [-6, -1.36396, -3.53553], "size": [3, 5, 3], "inflate": 0.25, "pivot": [-4.5, 4.63604, -3.53553], "rotation": [45, 0, 0], "uv": [17, 55]},
						{"origin": [-5.25, 0, 0.5], "size": [1.5, 1.5, 4], "inflate": 0.25, "pivot": [-4.5, 1.5, 0.5], "rotation": [-15, 0, 0], "uv": [61, 29]},
						{"origin": [-5.75, 0, -4], "size": [1.5, 1.5, 4], "inflate": 0.25, "pivot": [-4.5, 0, 0], "rotation": [20, 20, 0], "uv": [9, 32]},
						{"origin": [-4.75, 0, -4], "size": [1.5, 1.5, 4], "inflate": 0.25, "pivot": [-4.5, 0, 0], "rotation": [20, -20, 0], "uv": [9, 32]}
					]
				},
				{
					"name": "left_leg",
					"parent": "legs",
					"pivot": [4, 11, 0],
					"rotation": [0, -20, 0],
					"cubes": [
						{"origin": [2, 8, -7], "size": [4, 5, 9], "inflate": 0.25, "pivot": [4, 11, 0], "rotation": [45, 0, 0], "uv": [0, 17], "mirror": true},
						{"origin": [3, -1.36396, -3.53553], "size": [3, 5, 3], "inflate": 0.25, "pivot": [4.5, 4.63604, -3.53553], "rotation": [45, 0, 0], "uv": [17, 55], "mirror": true},
						{"origin": [3.75, 0, 0.5], "size": [1.5, 1.5, 4], "inflate": 0.25, "pivot": [4.5, 1.5, 0.5], "rotation": [-15, 0, 0], "uv": [61, 29], "mirror": true},
						{"origin": [4.25, 0, -4], "size": [1.5, 1.5, 4], "inflate": 0.25, "pivot": [4.5, 0, 0], "rotation": [20, -20, 0], "uv": [9, 32], "mirror": true},
						{"origin": [3.25, 0, -4], "size": [1.5, 1.5, 4], "inflate": 0.25, "pivot": [4.5, 0, 0], "rotation": [20, 20, 0], "uv": [9, 32], "mirror": true}
					]
				}
			]
		}
	]
}