{
	"format_version": "1.12.0",
	"minecraft:geometry": [
		{
			"description": {
				"identifier": "geometry.serpsceptile",
				"texture_width": 80,
				"texture_height": 80,
				"visible_bounds_width": 5,
				"visible_bounds_height": 3.5,
				"visible_bounds_offset": [0, 1.25, 0]
			},
			"bones": [
				{
					"name": "sceptile",
					"pivot": [0, 0, 0]
				},
				{
					"name": "body_root",
					"parent": "sceptile",
					"pivot": [0, 9, 0]
				},
				{
					"name": "head",
					"parent": "body_root",
					"pivot": [0, 30, 0],
					"cubes": [
						{"origin": [-3, 30, -3], "size": [6, 6, 6], "uv": [0, 39]},
						{"origin": [-3, 35, -3], "size": [0, 4, 7], "pivot": [-3, 36, -3], "rotation": [0, -14, 0], "uv": [17, 52]},
						{"origin": [3, 35, -3], "size": [0, 4, 7], "pivot": [3, 36, -3], "rotation": [0, 14, 0], "uv": [17, 52], "mirror": true},
						{"origin": [-3, 33, -7], "size": [0, 4, 4], "pivot": [-3, 33, -3], "rotation": [0, -33.5, 0], "uv": [22, 69]},
						{"origin": [3, 33, -7], "size": [0, 4, 4], "pivot": [3, 33, -3], "rotation": [0, 33.5, 0], "uv": [22, 69], "mirror": true},
						{"origin": [-1, 31, -6.5], "size": [2, 2, 3], "uv": [67, 35]},
						{"origin": [-1, 30, -6.5], "size": [2, 1, 0], "uv": [0, 6]},
						{"origin": [-1, 30, -6], "size": [2, 1, 4], "uv": [65, 64]},
						{"origin": [-0.75, 31, -6.5], "size": [1.5, 2, 5.31], "pivot": [0, 33, -6.5], "rotation": [41.2, 0, 0], "uv": [0, 63]},
						{"origin": [-2.75, 33, -5.5], "size": [5.5, 0, 4.31], "pivot": [0, 33, -6.5], "rotation": [41.2, 0, 0], "uv": [23, 17]},
						{"origin": [-1, 31, -6.5], "size": [2, 2, 4.72], "pivot": [-1, 32, -6.5], "rotation": [0, -31.8, 0], "uv": [39, 63]},
						{"origin": [-1, 31, -6.5], "size": [2, 2, 4.72], "pivot": [1, 32, -6.5], "rotation": [0, 31.8, 0], "uv": [39, 63], "mirror": true},
						{"origin": [-1, 30, -6], "size": [2, 1, 3.6], "pivot": [-1, 31, -6], "rotation": [0, -33.7, 0], "uv": [68, 50]},
						{"origin": [-1, 30, -6], "size": [2, 1, 3.6], "pivot": [1, 31, -6], "rotation": [0, 33.7, 0], "uv": [68, 50], "mirror": true},
						{"origin": [-3.5, 30.5, -2.5], "size": [2, 5, 5], "pivot": [-3.5, 32, -2.5], "rotation": [0, -10, 0], "uv": [58, 51]},
						{"origin": [1.5, 30.5, -2.5], "size": [2, 5, 5], "pivot": [3.5, 32, -2.5], "rotation": [0, 10, 0], "uv": [58, 51], "mirror": true},
						{"origin": [-2.5, 35.5, -2.5], "size": [5, 1, 5], "uv": [37, 56]},
						{"origin": [-2.5, 30.5, -3.5], "size": [5, 5, 1], "uv": [13, 64]},
						{"origin": [-2.5, 30.5, 2.5], "size": [5, 5, 1], "uv": [13, 64]}
					]
				},
				{
					"name": "open_eyes",
					"parent": "head",
					"pivot": [0, 33, 0],
					"cubes": [
						{"origin": [-3.3, 33.5, -6], "size": [0, 2, 3], "pivot": [-3.3, 35, -3], "rotation": [12, -38, 0], "uv": [0, 68]},
						{"origin": [3.3, 33.5, -6], "size": [0, 2, 3], "pivot": [3.3, 35, -3], "rotation": [12, 38, 0], "uv": [0, 68], "mirror": true}
					]
				},
				{
					"name": "closed_eyes",
					"parent": "head",
					"pivot": [0, 33, 0],
					"cubes": [
						{"origin": [-3.3, 33.5, -6], "size": [0, 2, 3], "pivot": [-3.3, 35, -3], "rotation": [12, -38, 0], "uv": [0, 70]},
						{"origin": [3.3, 33.5, -6], "size": [0, 2, 3], "pivot": [3.3, 35, -3], "rotation": [12, 38, 0], "uv": [0, 70], "mirror": true}
					]
				},
				{
					"name": "angry_eyes",
					"parent": "head",
					"pivot": [0, 33, 0],
					"cubes": [
						{"origin": [-3.3, 33.5, -6], "size": [0, 2, 3], "pivot": [-3.3, 35, -3], "rotation": [12, -38, 0], "uv": [0, 72]},
						{"origin": [3.3, 33.5, -6], "size": [0, 2, 3], "pivot": [3.3, 35, -3], "rotation": [12, 38, 0], "uv": [0, 72], "mirror": true}
					]
				},
				{
					"name": "body",
					"parent": "body_root",
					"pivot": [0, 9, 0],
					"cubes": [
						{"origin": [-4, 9, -4], "size": [8, 8, 8], "uv": [23, 0]},
						{"origin": [-4, 17, -4], "size": [8, 10, 0], "pivot": [0, 17, -4], "rotation": [-11.4, 0, 0], "uv": [56, 8]},
						{"origin": [-4, 17, 4], "size": [8, 10, 0], "pivot": [0, 17, 4], "rotation": [168.6, 0, 180], "uv": [0, 52]},
						{"origin": [-4, 17, -4], "size": [0, 10, 8], "pivot": [-4, 17, 0], "rotation": [0, 0, 11.4], "uv": [0, 0]},
						{"origin": [4, 17, -4], "size": [0, 10, 8], "pivot": [4, 17, 0], "rotation": [0, 0, -11.4], "uv": [0, 0], "mirror": true},
						{"origin": [-4.5, 9.5, -3.5], "size": [1, 7, 7], "uv": [45, 17]},
						{"origin": [3.5, 9.5, -3.5], "size": [1, 7, 7], "uv": [45, 17], "mirror": true},
						{"origin": [-3.5, 9.5, -4.5], "size": [7, 7, 1], "uv": [62, 19]},
						{"origin": [-3.5, 9.5, 3.5], "size": [7, 7, 1], "uv": [61, 41]},
						{"origin": [-3.5, 8.5, -3.5], "size": [7, 1, 7], "uv": [38, 32]},
						{"origin": [-2, 17, -2], "size": [4, 13, 4], "uv": [25, 39]},
						{"origin": [-2.5, 25, 2], "size": [2, 2, 2], "uv": [61, 70]},
						{"origin": [0.5, 25, 2], "size": [2, 2, 2], "uv": [61, 70], "mirror": true},
						{"origin": [-4, 18, 3], "size": [2, 2, 2], "uv": [61, 70]},
						{"origin": [2, 18, 3], "size": [2, 2, 2], "uv": [61, 70], "mirror": true},
						{"origin": [-3.5, 21.5, 2.5], "size": [2, 2, 2], "uv": [61, 70]},
						{"origin": [1.5, 21.5, 2.5], "size": [2, 2, 2], "uv": [61, 70], "mirror": true}
					]
				},
				{
					"name": "tail",
					"parent": "body",
					"pivot": [0, 12, 4],
					"cubes": [
						{"origin": [0, 4, 4], "size": [0, 16, 22], "pivot": [0, 12, 4], "rotation": [0, 0, 45], "uv": [0, 0]},
						{"origin": [0, 4, 4], "size": [0, 16, 22], "pivot": [0, 12, 4], "rotation": [0, 0, -45], "uv": [0, 0], "mirror": true}
					]
				},
				{
					"name": "arms",
					"parent": "body_root",
					"pivot": [0, 24, 0]
				},
				{
					"name": "right_arm",
					"parent": "arms",
					"pivot": [-2, 24, 0],
					"rotation": [0, 0, -35],
					"cubes": [
						{"origin": [-9, 23, -1], "size": [7, 2, 2], "uv": [62, 0]},
						{"origin": [-16, 23, -1], "size": [7, 2, 2], "pivot": [-9, 24, 1], "rotation": [0, -45, 0], "uv": [60, 30]},
						{"origin": [-18, 23, -1], "size": [2, 2, 2], "pivot": [-9, 24, 1], "rotation": [0, -45, 0], "uv": [42, 17]},
						{"origin": [-16, 24.5, 1], "size": [3, 0, 7], "pivot": [-9, 24.5, 1], "rotation": [30, -45, 0], "uv": [48, 0]},
						{"origin": [-16, 23.5, 1], "size": [3, 0, 7], "pivot": [-9, 23.5, 1], "rotation": [-30, -45, 0], "uv": [48, 0]}
					]
				},
				{
					"name": "left_arm",
					"parent": "arms",
					"pivot": [2, 24, 0],
					"rotation": [0, 0, 35],
					"cubes": [
						{"origin": [2, 23, -1], "size": [7, 2, 2], "uv": [62, 0], "mirror": true},
						{"origin": [9, 23, -1], "size": [7, 2, 2], "pivot": [9, 24, 1], "rotation": [0, 45, 0], "uv": [60, 30], "mirror": true},
						{"origin": [16, 23, -1], "size": [2, 2, 2], "pivot": [9, 24, 1], "rotation": [0, 45, 0], "uv": [42, 17], "mirror": true},
						{"origin": [13, 24.5, 1], "size": [3, 0, 7], "pivot": [9, 24.5, 1], "rotation": [30, 45, 0], "uv": [48, 0], "mirror": true},
						{"origin": [13, 23.5, 1], "size": [3, 0, 7], "pivot": [9, 23.5, 1], "rotation": [-30, 45, 0], "uv": [48, 0], "mirror": true}
					]
				},
				{
					"name": "legs",
					"parent": "sceptile",
					"pivot": [0, 13, 0]
				},
				{
					"name": "right_leg",
					"parent": "legs",
					"pivot": [-4, 13, 0],
					"rotation": [0, 20, 0],
					"cubes": [
						{"origin": [-6, 4, -3], "size": [4, 9, 5], "pivot": [-4, 11, 0], "rotation": [-30, 0, 0], "uv": [42, 41]},
						{"origin": [-6.5, 4.5, -2.5], "size": [1, 8, 4], "pivot": [-4, 11, 0], "rotation": [-30, 0, 0], "uv": [28, 60]},
						{"origin": [-5.5, 4.5, -3.5], "size": [3, 8, 1], "pivot": [-4, 11, 0], "rotation": [-30, 0, 0], "uv": [52, 68]},
						{"origin": [-5.5, 3.5, -2.5], "size": [3, 1, 4], "pivot": [-4, 11, 0], "rotation": [-30, 0, 0], "uv": [54, 62]},
						{"origin": [-5.5, 0.63604, -4.3], "size": [3, 4, 3], "pivot": [-4.5, 6.63604, -4.53553], "rotation": [25, 0, 0], "uv": [9, 0]},
						{"origin": [-5.5, -0.26234, 1.4534], "size": [3, 6, 1.5], "pivot": [-4.5, 5.73766, -0.5466], "rotation": [-65, 0, 0], "uv": [39, 70]},
						{"origin": [-5.5, -2.71549, 1.66471], "size": [3, 2, 1], "pivot": [-4.5, 5.28451, -0.33529], "rotation": [-65, 0, 0], "uv": [19, 39]}
					]
				},
				{
					"name": "left_leg",
					"parent": "legs",
					"pivot": [4, 13, 0],
					"rotation": [0, -20, 0],
					"cubes": [
						{"origin": [2, 4, -3], "size": [4, 9, 5], "pivot": [4, 11, 0], "rotation": [-30, 0, 0], "uv": [42, 41], "mirror": true},
						{"origin": [5.5, 4.5, -2.5], "size": [1, 8, 4], "pivot": [4, 11, 0], "rotation": [-30, 0, 0], "uv": [28, 60], "mirror": true},
						{"origin": [2.5, 4.5, -3.5], "size": [3, 8, 1], "pivot": [4, 11, 0], "rotation": [-30, 0, 0], "uv": [52, 68], "mirror": true},
						{"origin": [2.5, 3.5, -2.5], "size": [3, 1, 4], "pivot": [4, 11, 0], "rotation": [-30, 0, 0], "uv": [54, 62], "mirror": true},
						{"origin": [2.5, 0.63604, -4.3], "size": [3, 4, 3], "pivot": [4.5, 6.63604, -4.53553], "rotation": [25, 0, 0], "uv": [9, 0], "mirror": true},
						{"origin": [2.5, -0.26234, 1.4534], "size": [3, 6, 1.5], "pivot": [4.5, 5.73766, -0.5466], "rotation": [-65, 0, 0], "uv": [39, 70], "mirror": true},
						{"origin": [2.5, -2.71549, 1.66471], "size": [3, 2, 1], "pivot": [4.5, 5.28451, -0.33529], "rotation": [-65, 0, 0], "uv": [19, 39], "mirror": true}
					]
				}
			]
		},
		{
			"description": {
				"identifier": "geometry.serpsceptile_aura",
				"texture_width": 80,
				"texture_height": 80,
				"visible_bounds_width": 5,
				"visible_bounds_height": 3.5,
				"visible_bounds_offset": [0, 1.25, 0]
			},
			"bones": [
				{
					"name": "sceptile",
					"pivot": [0, 0, 0]
				},
				{
					"name": "body_root",
					"parent": "sceptile",
					"pivot": [0, 9, 0]
				},
				{
					"name": "head",
					"parent": "body_root",
					"pivot": [0, 30, 0],
					"cubes": [
						{"origin": [-3, 30, -3], "size": [6, 6, 6], "inflate": 0.25, "uv": [0, 39]},
						{"origin": [-3, 35, -3], "size": [0, 4, 7], "inflate": 0.25, "pivot": [-3, 36, -3], "rotation": [0, -14, 0], "uv": [17, 52]},
						{"origin": [3, 35, -3], "size": [0, 4, 7], "inflate": 0.25, "pivot": [3, 36, -3], "rotation": [0, 14, 0], "uv": [17, 52], "mirror": true},
						{"origin": [-3, 33, -7], "size": [0, 4, 4], "inflate": 0.25, "pivot": [-3, 33, -3], "rotation": [0, -33.5, 0], "uv": [22, 69]},
						{"origin": [3, 33, -7], "size": [0, 4, 4], "inflate": 0.25, "pivot": [3, 33, -3], "rotation": [0, 33.5, 0], "uv": [22, 69], "mirror": true},
						{"origin": [-1, 31, -6.5], "size": [2, 2, 3], "inflate": 0.25, "uv": [67, 35]},
						{"origin": [-1, 30, -6.5], "size": [2, 1, 0], "inflate": 0.25, "uv": [0, 6]},
						{"origin": [-1, 30, -6], "size": [2, 1, 4], "inflate": 0.25, "uv": [65, 64]},
						{"origin": [-0.75, 31, -6.5], "size": [1.5, 2, 5.31], "inflate": 0.25, "pivot": [0, 33, -6.5], "rotation": [41.2, 0, 0], "uv": [0, 63]},
						{"origin": [-2.75, 33, -5.5], "size": [5.5, 0, 4.31], "inflate": 0.25, "pivot": [0, 33, -6.5], "rotation": [41.2, 0, 0], "uv": [23, 17]},
						{"origin": [-1, 31, -6.5], "size": [2, 2, 4.72], "inflate": 0.25, "pivot": [-1, 32, -6.5], "rotation": [0, -31.8, 0], "uv": [39, 63]},
						{"origin": [-1, 31, -6.5], "size": [2, 2, 4.72], "inflate": 0.25, "pivot": [1, 32, -6.5], "rotation": [0, 31.8, 0], "uv": [39, 63], "mirror": true},
						{"origin": [-1, 30, -6], "size": [2, 1, 3.6], "inflate": 0.25, "pivot": [-1, 31, -6], "rotation": [0, -33.7, 0], "uv": [68, 50]},
						{"origin": [-1, 30, -6], "size": [2, 1, 3.6], "inflate": 0.25, "pivot": [1, 31, -6], "rotation": [0, 33.7, 0], "uv": [68, 50], "mirror": true},
						{"origin": [-3.5, 30.5, -2.5], "size": [2, 5, 5], "inflate": 0.25, "pivot": [-3.5, 32, -2.5], "rotation": [0, -10, 0], "uv": [58, 51]},
						{"origin": [1.5, 30.5, -2.5], "size": [2, 5, 5], "inflate": 0.25, "pivot": [3.5, 32, -2.5], "rotation": [0, 10, 0], "uv": [58, 51], "mirror": true},
						{"origin": [-2.5, 35.5, -2.5], "size": [5, 1, 5], "inflate": 0.25, "uv": [37, 56]},
						{"origin": [-2.5, 30.5, -3.5], "size": [5, 5, 1], "inflate": 0.25, "uv": [13, 64]},
						{"origin": [-2.5, 30.5, 2.5], "size": [5, 5, 1], "inflate": 0.25, "uv": [13, 64]}
					]
				},
				{
					"name": "open_eyes",
					"parent": "head",
					"pivot": [0, 33, 0],
					"cubes": [
						{"origin": [-3.3, 33.5, -6], "size": [0, 2, 3], "inflate": 0.25, "pivot": [-3.3, 35, -3], "rotation": [12, -38, 0], "uv": [0, 68]},
						{"origin": [3.3, 33.5, -6], "size": [0, 2, 3], "inflate": 0.25, "pivot": [3.3, 35, -3], "rotation": [12, 38, 0], "uv": [0, 68], "mirror": true}
					]
				},
				{
					"name": "closed_eyes",
					"parent": "head",
					"pivot": [0, 33, 0],
					"cubes": [
						{"origin": [-3.3, 33.5, -6], "size": [0, 2, 3], "inflate": 0.25, "pivot": [-3.3, 35, -3], "rotation": [12, -38, 0], "uv": [0, 70]},
						{"origin": [3.3, 33.5, -6], "size": [0, 2, 3], "inflate": 0.25, "pivot": [3.3, 35, -3], "rotation": [12, 38, 0], "uv": [0, 70], "mirror": true}
					]
				},
				{
					"name": "angry_eyes",
					"parent": "head",
					"pivot": [0, 33, 0],
					"cubes": [
						{"origin": [-3.3, 33.5, -6], "size": [0, 2, 3], "inflate": 0.25, "pivot": [-3.3, 35, -3], "rotation": [12, -38, 0], "uv": [0, 72]},
						{"origin": [3.3, 33.5, -6], "size": [0, 2, 3], "inflate": 0.25, "pivot": [3.3, 35, -3], "rotation": [12, 38, 0], "uv": [0, 72], "mirror": true}
					]
				},
				{
					"name": "body",
					"parent": "body_root",
					"pivot": [0, 9, 0],
					"cubes": [
						{"origin": [-4, 9, -4], "size": [8, 8, 8], "inflate": 0.25, "uv": [23, 0]},
						{"origin": [-4, 17, -4], "size": [8, 10, 0], "inflate": 0.25, "pivot": [0, 17, -4], "rotation": [-11.4, 0, 0], "uv": [56, 8]},
						{"origin": [-4, 17, 4], "size": [8, 10, 0], "inflate": 0.25, "pivot": [0, 17, 4], "rotation": [168.6, 0, 180], "uv": [0, 52]},
						{"origin": [-4, 17, -4], "size": [0, 10, 8], "inflate": 0.25, "pivot": [-4, 17, 0], "rotation": [0, 0, 11.4], "uv": [0, 0]},
						{"origin": [4, 17, -4], "size": [0, 10, 8], "inflate": 0.25, "pivot": [4, 17, 0], "rotation": [0, 0, -11.4], "uv": [0, 0], "mirror": true},
						{"origin": [-4.5, 9.5, -3.5], "size": [1, 7, 7], "inflate": 0.25, "uv": [45, 17]},
						{"origin": [3.5, 9.5, -3.5], "size": [1, 7, 7], "inflate": 0.25, "uv": [45, 17], "mirror": true},
						{"origin": [-3.5, 9.5, -4.5], "size": [7, 7, 1], "inflate": 0.25, "uv": [62, 19]},
						{"origin": [-3.5, 9.5, 3.5], "size": [7, 7, 1], "inflate": 0.25, "uv": [61, 41]},
						{"origin": [-3.5, 8.5, -3.5], "size": [7, 1, 7], "inflate": 0.25, "uv": [38, 32]},
						{"origin": [-2, 17, -2], "size": [4, 13, 4], "inflate": 0.25, "uv": [25, 39]},
						{"origin": [-2.5, 25, 2], "size": [2, 2, 2], "inflate": 0.25, "uv": [61, 70]},
						{"origin": [0.5, 25, 2], "size": [2, 2, 2], "inflate": 0.25, "uv": [61, 70], "mirror": true},
						{"origin": [-4, 18, 3], "size": [2, 2, 2], "inflate": 0.25, "uv": [61, 70]},
						{"origin": [2, 18, 3], "size": [2, 2, 2], "inflate": 0.25, "uv": [61, 70], "mirror": true},
						{"origin": [-3.5, 21.5, 2.5], "size": [2, 2, 2], "inflate": 0.25, "uv": [61, 70]},
						{"origin": [1.5, 21.5, 2.5], "size": [2, 2, 2], "inflate": 0.25, "uv": [61, 70], "mirror": true}
					]
				},
				{
					"name": "tail",
					"parent": "body",
					"pivot": [0, 12, 4],
					"cubes": [
						{"origin": [0, 4, 4], "size": [0, 16, 22], "inflate": 0.25, "pivot": [0, 12, 4], "rotation": [0, 0, 45], "uv": [0, 0]},
						{"origin": [0, 4, 4], "size": [0, 16, 22], "inflate": 0.25, "pivot": [0, 12, 4], "rotation": [0, 0, -45], "uv": [0, 0], "mirror": true}
					]
				},
				{
					"name": "arms",
					"parent": "body_root",
					"pivot": [0, 24, 0]
				},
				{
					"name": "right_arm",
					"parent": "arms",
					"pivot": [-2, 24, 0],
					"rotation": [0, 0, -35],
					"cubes": [
						{"origin": [-9, 23, -1], "size": [7, 2, 2], "inflate": 0.25, "uv": [62, 0]},
						{"origin": [-16, 23, -1], "size": [7, 2, 2], "inflate": 0.25, "pivot": [-9, 24, 1], "rotation": [0, -45, 0], "uv": [60, 30]},
						{"origin": [-18, 23, -1], "size": [2, 2, 2], "inflate": 0.25, "pivot": [-9, 24, 1], "rotation": [0, -45, 0], "uv": [42, 17]},
						{"origin": [-16, 24.5, 1], "size": [3, 0, 7], "inflate": 0.25, "pivot": [-9, 24.5, 1], "rotation": [30, -45, 0], "uv": [48, 0]},
						{"origin": [-16, 23.5, 1], "size": [3, 0, 7], "inflate": 0.25, "pivot": [-9, 23.5, 1], "rotation": [-30, -45, 0], "uv": [48, 0]}
					]
				},
				{
					"name": "left_arm",
					"parent": "arms",
					"pivot": [2, 24, 0],
					"rotation": [0, 0, 35],
					"cubes": [
						{"origin": [2, 23, -1], "size": [7, 2, 2], "inflate": 0.25, "uv": [62, 0], "mirror": true},
						{"origin": [9, 23, -1], "size": [7, 2, 2], "inflate": 0.25, "pivot": [9, 24, 1], "rotation": [0, 45, 0], "uv": [60, 30], "mirror": true},
						{"origin": [16, 23, -1], "size": [2, 2, 2], "inflate": 0.25, "pivot": [9, 24, 1], "rotation": [0, 45, 0], "uv": [42, 17], "mirror": true},
						{"origin": [13, 24.5, 1], "size": [3, 0, 7], "inflate": 0.25, "pivot": [9, 24.5, 1], "rotation": [30, 45, 0], "uv": [48, 0], "mirror": true},
						{"origin": [13, 23.5, 1], "size": [3, 0, 7], "inflate": 0.25, "pivot": [9, 23.5, 1], "rotation": [-30, 45, 0], "uv": [48, 0], "mirror": true}
					]
				},
				{
					"name": "legs",
					"parent": "sceptile",
					"pivot": [0, 13, 0]
				},
				{
					"name": "right_leg",
					"parent": "legs",
					"pivot": [-4, 13, 0],
					"rotation": [0, 20, 0],
					"cubes": [
						{"origin": [-6, 4, -3], "size": [4, 9, 5], "inflate": 0.25, "pivot": [-4, 11, 0], "rotation": [-30, 0, 0], "uv": [42, 41]},
						{"origin": [-6.5, 4.5, -2.5], "size": [1, 8, 4], "inflate": 0.25, "pivot": [-4, 11, 0], "rotation": [-30, 0, 0], "uv": [28, 60]},
						{"origin": [-5.5, 4.5, -3.5], "size": [3, 8, 1], "inflate": 0.25, "pivot": [-4, 11, 0], "rotation": [-30, 0, 0], "uv": [52, 68]},
						{"origin": [-5.5, 3.5, -2.5], "size": [3, 1, 4], "inflate": 0.25, "pivot": [-4, 11, 0], "rotation": [-30, 0, 0], "uv": [54, 62]},
						{"origin": [-5.5, 0.63604, -4.3], "size": [3, 4, 3], "inflate": 0.25, "pivot": [-4.5, 6.63604, -4.53553], "rotation": [25, 0, 0], "uv": [9, 0]},
						{"origin": [-5.5, -0.26234, 1.4534], "size": [3, 6, 1.5], "inflate": 0.25, "pivot": [-4.5, 5.73766, -0.5466], "rotation": [-65, 0, 0], "uv": [39, 70]},
						{"origin": [-5.5, -2.71549, 1.66471], "size": [3, 2, 1], "inflate": 0.25, "pivot": [-4.5, 5.28451, -0.33529], "rotation": [-65, 0, 0], "uv": [19, 39]}
					]
				},
				{
					"name": "left_leg",
					"parent": "legs",
					"pivot": [4, 13, 0],
					"rotation": [0, -20, 0],
					"cubes": [
						{"origin": [2, 4, -3], "size": [4, 9, 5], "inflate": 0.25, "pivot": [4, 11, 0], "rotation": [-30, 0, 0], "uv": [42, 41], "mirror": true},
						{"origin": [5.5, 4.5, -2.5], "size": [1, 8, 4], "inflate": 0.25, "pivot": [4, 11, 0], "rotation": [-30, 0, 0], "uv": [28, 60], "mirror": true},
						{"origin": [2.5, 4.5, -3.5], "size": [3, 8, 1], "inflate": 0.25, "pivot": [4, 11, 0], "rotation": [-30, 0, 0], "uv": [52, 68], "mirror": true},
						{"origin": [2.5, 3.5, -2.5], "size": [3, 1, 4], "inflate": 0.25, "pivot": [4, 11, 0], "rotation": [-30, 0, 0], "uv": [54, 62], "mirror": true},
						{"origin": [2.5, 0.63604, -4.3], "size": [3, 4, 3], "inflate": 0.25, "pivot": [4.5, 6.63604, -4.53553], "rotation": [25, 0, 0], "uv": [9, 0], "mirror": true},
						{"origin": [2.5, -0.26234, 1.4534], "size": [3, 6, 1.5], "inflate": 0.25, "pivot": [4.5, 5.73766, -0.5466], "rotation": [-65, 0, 0], "uv": [39, 70], "mirror": true},
						{"origin": [2.5, -2.71549, 1.66471], "size": [3, 2, 1], "inflate": 0.25, "pivot": [4.5, 5.28451, -0.33529], "rotation": [-65, 0, 0], "uv": [19, 39], "mirror": true}
					]
				}
			]
		},
		{
			"description": {
				"identifier": "geometry.serpsceptile_mega",
				"texture_width": 96,
				"texture_height": 96,
				"visible_bounds_width": 6,
				"visible_bounds_height": 3.5,
				"visible_bounds_offset": [0, 1.25, 0]
			},
			"bones": [
				{
					"name": "sceptile",
					"pivot": [0, 0, 0]
				},
				{
					"name": "body_root",
					"parent": "sceptile",
					"pivot": [0, 9, 0]
				},
				{
					"name": "head",
					"parent": "body_root",
					"pivot": [0, 30, 0],
					"cubes": [
						{"origin": [-3, 30, -3], "size": [6, 5.5, 6], "uv": [46, 46]},
						{"origin": [-2.53066, 35.5, -2.80486], "size": [0, 4, 7], "pivot": [-2.53066, 35.5, -2.80486], "rotation": [0, -5, -10], "uv": [55, 58]},
						{"origin": [2.53066, 35.5, -2.80486], "size": [0, 4, 7], "pivot": [2.53066, 35.5, -2.80486], "rotation": [0, 5, 10], "uv": [55, 58], "mirror": true},
						{"origin": [-1, 32.5, -6.5], "size": [0, 5, 4], "pivot": [-1, 33, -6.5], "rotation": [0, -22.5, 0], "uv": [25, 70]},
						{"origin": [1, 32.5, -6.5], "size": [0, 5, 4], "pivot": [1, 33, -6.5], "rotation": [0, 22.5, 0], "uv": [25, 70], "mirror": true},
						{"origin": [-1, 31, -6.5], "size": [2, 1.5, 3], "uv": [17, 54]},
						{"origin": [-1, 30, -6.5], "size": [2, 1, 0], "uv": [13, 0]},
						{"origin": [-1, 30, -6], "size": [2, 1, 4], "uv": [71, 6]},
						{"origin": [-0.75, 30.5, -6.5], "size": [1.5, 2, 5.31], "pivot": [0.25, 32.5, -6.5], "rotation": [41.2, 0, 0], "uv": [12, 69]},
						{"origin": [-2.75, 32.5, -5.5], "size": [5.5, 0, 4.31], "pivot": [0, 32.5, -6.5], "rotation": [41.2, 0, 0], "uv": [63, 58]},
						{"origin": [-1, 31, -6.5], "size": [2, 1.5, 4.05], "pivot": [-1, 32, -6.5], "rotation": [0, -29.8, 0], "uv": [71, 0]},
						{"origin": [-1, 31, -6.5], "size": [2, 1.5, 4.05], "pivot": [1, 32, -6.5], "rotation": [0, 29.8, 0], "uv": [71, 0], "mirror": true},
						{"origin": [-1, 30, -6], "size": [2, 1, 3.6], "pivot": [-1, 31, -6], "rotation": [0, -31, 0], "uv": [44, 0]},
						{"origin": [-1, 30, -6], "size": [2, 1, 3.6], "pivot": [1, 31, -6], "rotation": [0, 31, 0], "uv": [44, 0], "mirror": true},
						{"origin": [-2.5, 35, -2.5], "size": [5, 1, 5], "uv": [55, 15]},
						{"origin": [-2.5, 30.5, -3.5], "size": [5, 5, 1], "uv": [38, 69]},
						{"origin": [-2.5, 30.5, 2.5], "size": [5, 4.5, 1], "uv": [69, 36]}
					]
				},
				{
					"name": "open_eyes",
					"parent": "head",
					"pivot": [0, 33, 0],
					"cubes": [
						{"origin": [-3, 33, -6.5], "size": [0, 2, 4], "pivot": [-3, 35, -3], "rotation": [10, -30, 0], "uv": [0, 70]},
						{"origin": [3, 33, -6.5], "size": [0, 2, 4], "pivot": [3, 35, -3], "rotation": [10, 30, 0], "uv": [0, 70], "mirror": true}
					]
				},
				{
					"name": "closed_eyes",
					"parent": "head",
					"pivot": [0, 33, 0],
					"cubes": [
						{"origin": [-3, 33, -6.5], "size": [0, 2, 4], "pivot": [-3, 35, -3], "rotation": [10, -30, 0], "uv": [0, 72]},
						{"origin": [3, 33, -6.5], "size": [0, 2, 4], "pivot": [3, 35, -3], "rotation": [10, 30, 0], "uv": [0, 72], "mirror": true}
					]
				},
				{
					"name": "angry_eyes",
					"parent": "head",
					"pivot": [0, 33, 0],
					"cubes": [
						{"origin": [-3, 33, -6.5], "size": [0, 2, 4], "pivot": [-3, 35, -3], "rotation": [10, -30, 0], "uv": [0, 74]},
						{"origin": [3, 33, -6.5], "size": [0, 2, 4], "pivot": [3, 35, -3], "rotation": [10, 30, 0], "uv": [0, 74], "mirror": true}
					]
				},
				{
					"name": "body",
					"parent": "body_root",
					"pivot": [0, 9, 0],
					"cubes": [
						{"origin": [-4, 9, -4], "size": [8, 8, 8], "uv": [19, 0]},
						{"origin": [0, 15, -7], "size": [0, 16, 14], "pivot": [0, 23, 0], "rotation": [0, 0, -50], "uv": [23, 21], "mirror": true},
						{"origin": [0, 15, -7], "size": [0, 16, 14], "pivot": [0, 23, 0], "rotation": [0, 0, 50], "uv": [23, 21]},
						{"origin": [-4, 17, -4], "size": [8, 10, 0], "pivot": [0, 17, -4], "rotation": [-11.4, 0, 0], "uv": [21, 60]},
						{"origin": [-4, 17, 4], "size": [8, 10, 0], "pivot": [0, 17, 4], "rotation": [168.6, 0, 180], "uv": [0, 54]},
						{"origin": [-4, 17, -4], "size": [0, 10, 8], "pivot": [-4, 17, 0], "rotation": [0, 0, 11.4], "uv": [0, 46]},
						{"origin": [4, 17, -4], "size": [0, 10, 8], "pivot": [4, 17, 0], "rotation": [0, 0, -11.4], "uv": [0, 46], "mirror": true},
						{"origin": [-4.5, 9.5, -3.5], "size": [1, 7, 7], "uv": [52, 30]},
						{"origin": [3.5, 9.5, -3.5], "size": [1, 7, 7], "uv": [52, 30], "mirror": true},
						{"origin": [-3.5, 9.5, -4.5], "size": [7, 7, 1], "uv": [0, 65]},
						{"origin": [-3.5, 9.5, 3.5], "size": [7, 7, 1], "uv": [63, 22]},
						{"origin": [-3.5, 8.5, -3.5], "size": [7, 1, 7], "uv": [0, 45]},
						{"origin": [-2, 17, -2], "size": [4, 13, 4], "uv": [0, 0]},
						{"origin": [-2.5, 25, 2], "size": [2, 2, 2], "uv": [71, 50]},
						{"origin": [0.5, 25, 2], "size": [2, 2, 2], "uv": [71, 50], "mirror": true},
						{"origin": [-4, 18, 3], "size": [2, 2, 2], "uv": [71, 50]},
						{"origin": [2, 18, 3], "size": [2, 2, 2], "uv": [71, 50], "mirror": true},
						{"origin": [-3.5, 21.5, 2.5], "size": [2, 2, 2], "uv": [71, 50]},
						{"origin": [1.5, 21.5, 2.5], "size": [2, 2, 2], "uv": [71, 50], "mirror": true}
					]
				},
				{
					"name": "tail",
					"parent": "body",
					"pivot": [0, 11.5, 4.5],
					"cubes": [
						{"origin": [-2, 7, 4], "size": [4, 4, 10], "pivot": [0, 9, 14], "rotation": [-15, 0, 0], "uv": [67, 69]},
						{"origin": [1, 10, 5], "size": [2, 2, 2], "pivot": [0, 9, 14], "rotation": [-15, 0, 0], "uv": [58, 58]},
						{"origin": [-3, 10, 5], "size": [2, 2, 2], "pivot": [0, 9, 14], "rotation": [-15, 0, 0], "uv": [58, 58]},
						{"origin": [-3, 10, 9], "size": [2, 2, 2], "pivot": [0, 9, 14], "rotation": [-15, 0, 0], "uv": [58, 58]},
						{"origin": [1, 10, 9], "size": [2, 2, 2], "pivot": [0, 9, 14], "rotation": [-15, 0, 0], "uv": [58, 58]},
						{"origin": [0, 1, 13.5], "size": [0, 16, 20], "pivot": [0, 9, 4], "rotation": [0, 0, 45], "uv": [0, -2]},
						{"origin": [0, 1, 13.5], "size": [0, 16, 20], "pivot": [0, 9, 4], "rotation": [0, 0, -45], "uv": [0, -2], "mirror": true}
					]
				},
				{
					"name": "arms",
					"parent": "body_root",
					"pivot": [0, 24, 0]
				},
				{
					"name": "right_arm",
					"parent": "arms",
					"pivot": [-2, 24, 0],
					"rotation": [0, 0, -35],
					"cubes": [
						{"origin": [-9, 23, -1], "size": [7, 2, 2], "uv": [62, 31]},
						{"origin": [-16, 23, -1], "size": [7, 2, 2], "pivot": [-9, 24, 1], "rotation": [0, -45, 0], "uv": [73, 64]},
						{"origin": [-18, 23, -1], "size": [2, 2, 2], "pivot": [-9, 24, 1], "rotation": [0, -45, 0], "uv": [14, 35]},
						{"origin": [-16, 24.5, 1], "size": [3, 0, 8], "pivot": [-9, 24.5, 1], "rotation": [30, -45, 0], "uv": [-8, 35]},
						{"origin": [-16, 23.5, 1], "size": [3, 0, 7], "pivot": [-9, 23.5, 1], "rotation": [-30, -45, 0], "uv": [0, 35]}
					]
				},
				{
					"name": "left_arm",
					"parent": "arms",
					"pivot": [2, 24, 0],
					"rotation": [0, 0, 35],
					"cubes": [
						{"origin": [2, 23, -1], "size": [7, 2, 2], "uv": [62, 31], "mirror": true},
						{"origin": [9, 23, -1], "size": [7, 2, 2], "pivot": [9, 24, 1], "rotation": [0, 45, 0], "uv": [73, 64], "mirror": true},
						{"origin": [16, 23, -1], "size": [2, 2, 2], "pivot": [9, 24, 1], "rotation": [0, 45, 0], "uv": [14, 35], "mirror": true},
						{"origin": [13, 24.5, 1], "size": [3, 0, 8], "pivot": [9, 24.5, 1], "rotation": [30, 45, 0], "uv": [-8, 35], "mirror": true},
						{"origin": [13, 23.5, 1], "size": [3, 0, 7], "pivot": [9, 23.5, 1], "rotation": [-30, 45, 0], "uv": [0, 35], "mirror": true}
					]
				},
				{
					"name": "legs",
					"parent": "sceptile",
					"pivot": [0, 13, 0]
				},
				{
					"name": "right_leg",
					"parent": "legs",
					"pivot": [-4, 13, 0],
					"rotation": [0, 20, 0],
					"cubes": [
						{"origin": [-6, 4, -3], "size": [4, 9, 5], "pivot": [-4, 11, 0], "rotation": [-30, 0, 0], "uv": [52, 0]},
						{"origin": [-6.5, 4.5, -2.5], "size": [1, 8, 4], "pivot": [-4, 11, 0], "rotation": [-30, 0, 0], "uv": [66, 66]},
						{"origin": [-5.5, 4.5, -3.5], "size": [3, 8, 1], "pivot": [-4, 11, 0], "rotation": [-30, 0, 0], "uv": [51, 70]},
						{"origin": [-5.5, 3.5, -2.5], "size": [3, 1, 4], "pivot": [-4, 11, 0], "rotation": [-30, 0, 0], "uv": [30, 52]},
						{"origin": [-5.5, 0.63604, -4.3], "size": [3, 4, 3], "pivot": [-4.5, 6.63604, -4.53553], "rotation": [25, 0, 0], "uv": [66, 42]},
						{"origin": [-5.5, -0.26234, 1.4534], "size": [3, 6, 1.5], "pivot": [-4.5, 5.73766, -0.5466], "rotation": [-65, 0, 0], "uv": [71, 12]},
						{"origin": [-5.5, -2.71549, 1.66471], "size": [3, 2, 1], "pivot": [-4.5, 5.28451, -0.33529], "rotation": [-65, 0, 0], "uv": [12, 77]}
					]
				},
				{
					"name": "left_leg",
					"parent": "legs",
					"pivot": [4, 13, 0],
					"rotation": [0, -20, 0],
					"cubes": [
						{"origin": [2, 4, -3], "size": [4, 9, 5], "pivot": [4, 11, 0], "rotation": [-30, 0, 0], "uv": [52, 0], "mirror": true},
						{"origin": [5.5, 4.5, -2.5], "size": [1, 8, 4], "pivot": [4, 11, 0], "rotation": [-30, 0, 0], "uv": [66, 66], "mirror": true},
						{"origin": [2.5, 4.5, -3.5], "size": [3, 8, 1], "pivot": [4, 11, 0], "rotation": [-30, 0, 0], "uv": [51, 70], "mirror": true},
						{"origin": [2.5, 3.5, -2.5], "size": [3, 1, 4], "pivot": [4, 11, 0], "rotation": [-30, 0, 0], "uv": [30, 52], "mirror": true},
						{"origin": [2.5, 0.63604, -4.3], "size": [3, 4, 3], "pivot": [4.5, 6.63604, -4.53553], "rotation": [25, 0, 0], "uv": [66, 42], "mirror": true},
						{"origin": [2.5, -0.26234, 1.4534], "size": [3, 6, 1.5], "pivot": [4.5, 5.73766, -0.5466], "rotation": [-65, 0, 0], "uv": [71, 12], "mirror": true},
						{"origin": [2.5, -2.71549, 1.66471], "size": [3, 2, 1], "pivot": [4.5, 5.28451, -0.33529], "rotation": [-65, 0, 0], "uv": [12, 77], "mirror": true}
					]
				}
			]
		}
	]
}