{
	"format_version": "1.12.0",
	"minecraft:geometry": [
		{
			"description": {
				"identifier": "geometry.serptreecko",
				"texture_width": 80,
				"texture_height": 80,
				"visible_bounds_width": 4,
				"visible_bounds_height": 3.5,
				"visible_bounds_offset": [0, 1.25, 0]
			},
			"bones": [
				{
					"name": "treecko",
					"pivot": [0, 0, 0]
				},
				{
					"name": "body_root",
					"parent": "treecko",
					"pivot": [0, 6, 0]
				},
				{
					"name": "head",
					"parent": "body_root",
					"pivot": [0, 16, 0],
					"cubes": [
						{"origin": [-3, 16.5, -3], "size": [6, 6, 6], "uv": [27, 22]},
						{"origin": [-3, 22.79289, -2.29289], "size": [2.5, 4.24, 4.24], "pivot": [-3, 23.5, -3], "rotation": [-45, 0, 0], "uv": [28, 42]},
						{"origin": [0.5, 22.79289, -2.29289], "size": [2.5, 4.24, 4.24], "pivot": [3, 23.5, -3], "rotation": [-45, 0, 0], "uv": [28, 42], "mirror": true},
						{"origin": [-3.5, 17, -2.5], "size": [1, 5, 5], "uv": [15, 41]},
						{"origin": [-3.5, 22, -2.5], "size": [1, 3.54, 3.54], "pivot": [-3, 22, -2.5], "rotation": [-45, 0, 0], "uv": [17, 43]},
						{"origin": [2.5, 22, -2.5], "size": [1, 3.54, 3.54], "pivot": [3, 22, -2.5], "rotation": [-45, 0, 0], "uv": [17, 43], "mirror": true},
						{"origin": [2.5, 17, -2.5], "size": [1, 5, 5], "uv": [15, 41], "mirror": true},
						{"origin": [-2.5, 17, -3.5], "size": [5, 5, 1], "uv": [13, 52]},
						{"origin": [-1.5, 16.5, -6], "size": [3, 3, 3], "uv": [0, 51]},
						{"origin": [-2.5, 16, -2.5], "size": [5, 1, 5], "uv": [25, 35]},
						{"origin": [-0.5, 22, -2.5], "size": [1, 1, 5], "uv": [49, 50]},
						{"origin": [-2.5, 17, 2.5], "size": [5, 5, 1], "uv": [27, 51]}
					]
				},
				{
					"name": "open_eyes",
					"parent": "head",
					"pivot": [0, 16, 0],
					"cubes": [
						{"origin": [-3.5, 18.5, -5], "size": [0, 3, 3], "pivot": [-3.5, 20, -2.5], "rotation": [0, -45, 0], "uv": [0, 55]},
						{"origin": [3.5, 18.5, -5], "size": [0, 3, 3], "pivot": [3.5, 20, -2.5], "rotation": [0, 45, 0], "uv": [0, 55], "mirror": true}
					]
				},
				{
					"name": "closed_eyes",
					"parent": "head",
					"pivot": [0, 16, 0],
					"cubes": [
						{"origin": [-3.5, 18.5, -5], "size": [0, 3, 3], "pivot": [-3.5, 20, -2.5], "rotation": [0, -45, 0], "uv": [0, 58]},
						{"origin": [3.5, 18.5, -5], "size": [0, 3, 3], "pivot": [3.5, 20, -2.5], "rotation": [0, 45, 0], "uv": [0, 58], "mirror": true}
					]
				},
				{
					"name": "angry_eyes",
					"parent": "head",
					"pivot": [0, 16, 0],
					"cubes": [
						{"origin": [-3.5, 18.5, -5], "size": [0, 3, 3], "pivot": [-3.5, 20, -2.5], "rotation": [0, -45, 0], "uv": [0, 61]},
						{"origin": [3.5, 18.5, -5], "size": [0, 3, 3], "pivot": [3.5, 20, -2.5], "rotation": [0, 45, 0], "uv": [0, 61], "mirror": true}
					]
				},
				{
					"name": "body",
					"parent": "body_root",
					"pivot": [0, 6, 0],
					"cubes": [
						{"origin": [-3, 6, -3], "size": [6, 6, 6], "uv": [0, 28]},
						{"origin": [-2.5, 6.5, -3.5], "size": [5, 5, 1], "uv": [41, 48]},
						{"origin": [-2.5, 6.5, 2.5], "size": [5, 5, 1], "uv": [41, 48]},
						{"origin": [-2, 11.5, -3.5], "size": [4, 4.74, 2], "pivot": [0, 11.5, -3.5], "rotation": [-18.4, 0, 0], "uv": [49, 35]},
						{"origin": [-2, 11.5, 1.5], "size": [4, 4.74, 2], "pivot": [0, 11.5, 3.5], "rotation": [18.4, 0, 0], "uv": [49, 35]},
						{"origin": [-3.5, 6.5, -2.5], "size": [1, 5, 5], "uv": [41, 37]},
						{"origin": [2.5, 6.5, -2.5], "size": [1, 5, 5], "uv": [41, 37], "mirror": true},
						{"origin": [-2.5, 5.5, -2.5], "size": [5, 1, 5], "uv": [40, 0]},
						{"origin": [-3.5, 11.5, -2], "size": [2, 4.74, 4], "pivot": [-3.5, 11.5, 0], "rotation": [0, 0, 18.4], "uv": [46, 16]},
						{"origin": [1.5, 11.5, -2], "size": [2, 4.74, 4], "pivot": [3.5, 11.5, 0], "rotation": [0, 0, -18.4], "uv": [46, 16], "mirror": true},
						{"origin": [-2, 12, -2], "size": [4, 4, 4], "uv": [40, 7]}
					]
				},
				{
					"name": "tail",
					"parent": "body",
					"pivot": [0, 8, 3.5],
					"cubes": [
						{"origin": [-3.5, 6, 4], "size": [7, 4, 11], "uv": [0, 0]},
						{"origin": [-3, 9.5, 4.5], "size": [6, 1, 10], "uv": [0, 16]},
						{"origin": [-3, 5.5, 4.5], "size": [6, 1, 10], "uv": [0, 16]},
						{"origin": [-3, 6.5, 3.5], "size": [6, 3, 1], "uv": [52, 25]},
						{"origin": [-3.5, 6, 11], "size": [3, 5, 4], "pivot": [-2, 6, 15], "rotation": [-30, 0, 0], "uv": [0, 41]},
						{"origin": [0.5, 6, 11], "size": [3, 5, 4], "pivot": [2, 6, 15], "rotation": [-30, 0, 0], "uv": [0, 41], "mirror": true},
						{"origin": [-4, 6.5, 4.5], "size": [1, 3, 10], "uv": [27, 6]},
						{"origin": [3, 6.5, 4.5], "size": [1, 3, 10], "uv": [27, 6], "mirror": true}
					]
				},
				{
					"name": "arms",
					"parent": "body_root",
					"pivot": [0, 14.5, 0]
				},
				{
					"name": "right_arm",
					"parent": "arms",
					"pivot": [-2.5, 14.5, 0],
					"rotation": [0, 0, -35],
					"cubes": [
						{"origin": [-10, 13.75, -0.75], "size": [8, 1.5, 1.5], "uv": [26, 0]},
						{"origin": [-12, 14.25, -0.5], "size": [2, 1, 1], "pivot": [-10, 15.25, 0], "rotation": [0, 0, -30], "uv": [4, 0]},
						{"origin": [-12, 14.25, -1], "size": [2, 1, 1], "pivot": [-10, 15.25, 0], "rotation": [25, -45, -30], "uv": [4, 0]},
						{"origin": [-12, 14.25, 0], "size": [2, 1, 1], "pivot": [-10, 15.25, 0], "rotation": [-25, 45, -30], "uv": [4, 0]}
					]
				},
				{
					"name": "left_arm",
					"parent": "arms",
					"pivot": [2.5, 14.5, 0],
					"rotation": [0, 0, 35],
					"cubes": [
						{"origin": [2, 13.75, -0.75], "size": [8, 1.5, 1.5], "uv": [26, 0], "mirror": true},
						{"origin": [10, 14.25, -0.5], "size": [2, 1, 1], "pivot": [10, 15.25, 0], "rotation": [0, 0, 30], "uv": [4, 0], "mirror": true},
						{"origin": [10, 14.25, -1], "size": [2, 1, 1], "pivot": [10, 15.25, 0], "rotation": [25, 45, 30], "uv": [4, 0], "mirror": true},
						{"origin": [10, 14.25, 0], "size": [2, 1, 1], "pivot": [10, 15.25, 0], "rotation": [-25, -45, 30], "uv": [4, 0], "mirror": true}
					]
				},
				{
					"name": "legs",
					"parent": "treecko",
					"pivot": [0, 7, 0]
				},
				{
					"name": "right_leg",
					"parent": "legs",
					"pivot": [-2.5, 7, 0],
					"cubes": [
						{"origin": [-3.25, 0, -0.75], "size": [1.5, 7, 1.5], "uv": [40, 55]},
						{"origin": [-3, 0, -3.5], "size": [1, 1, 3], "uv": [0, 16]},
						{"origin": [-3.5, 0, -3.5], "size": [1, 1, 3], "pivot": [-2.5, -1, -1], "rotation": [0, 20, 0], "uv": [0, 16]},
						{"origin": [-2.5, 0, -3.5], "size": [1, 1, 3], "pivot": [-2.5, -1, -1], "rotation": [0, -20, 0], "uv": [0, 16]}
					]
				},
				{
					"name": "left_leg",
					"parent": "legs",
					"pivot": [2.5, 7, 0],
					"cubes": [
						{"origin": [1.75, 0, -0.75], "size": [1.5, 7, 1.5], "uv": [40, 55], "mirror": true},
						{"origin": [2, 0, -3.5], "size": [1, 1, 3], "uv": [0, 16], "mirror": true},
						{"origin": [2.5, 0, -3.5], "size": [1, 1, 3], "pivot": [2.5, -1, -1], "rotation": [0, -20, 0], "uv": [0, 16], "mirror": true},
						{"origin": [1.5, 0, -3.5], "size": [1, 1, 3], "pivot": [2.5, -1, -1], "rotation": [0, 20, 0], "uv": [0, 16], "mirror": true}
					]
				}
			]
		},
		{
			"description": {
				"identifier": "geometry.serptreecko_aura",
				"texture_width": 80,
				"texture_height": 80,
				"visible_bounds_width": 4,
				"visible_bounds_height": 3.5,
				"visible_bounds_offset": [0, 1.25, 0]
			},
			"bones": [
				{
					"name": "treecko",
					"pivot": [0, 0, 0]
				},
				{
					"name": "body_root",
					"parent": "treecko",
					"pivot": [0, 6, 0]
				},
				{
					"name": "head",
					"parent": "body_root",
					"pivot": [0, 16, 0],
					"cubes": [
						{"origin": [-3, 16.5, -3], "size": [6, 6, 6], "inflate": 0.25, "uv": [27, 22]},
						{"origin": [-3, 22.79289, -2.29289], "size": [2.5, 4.24, 4.24], "inflate": 0.25, "pivot": [-3, 23.5, -3], "rotation": [-45, 0, 0], "uv": [28, 42]},
						{"origin": [0.5, 22.79289, -2.29289], "size": [2.5, 4.24, 4.24], "inflate": 0.25, "pivot": [3, 23.5, -3], "rotation": [-45, 0, 0], "uv": [28, 42], "mirror": true},
						{"origin": [-3.5, 17, -2.5], "size": [1, 5, 5], "inflate": 0.25, "uv": [15, 41]},
						{"origin": [-3.5, 22, -2.5], "size": [1, 3.54, 3.54], "inflate": 0.25, "pivot": [-3, 22, -2.5], "rotation": [-45, 0, 0], "uv": [17, 43]},
						{"origin": [2.5, 22, -2.5], "size": [1, 3.54, 3.54], "inflate": 0.25, "pivot": [3, 22, -2.5], "rotation": [-45, 0, 0], "uv": [17, 43], "mirror": true},
						{"origin": [2.5, 17, -2.5], "size": [1, 5, 5], "inflate": 0.25, "uv": [15, 41], "mirror": true},
						{"origin": [-2.5, 17, -3.5], "size": [5, 5, 1], "inflate": 0.25, "uv": [13, 52]},
						{"origin": [-1.5, 16.5, -6], "size": [3, 3, 3], "inflate": 0.25, "uv": [0, 51]},
						{"origin": [-2.5, 16, -2.5], "size": [5, 1, 5], "inflate": 0.25, "uv": [25, 35]},
						{"origin": [-0.5, 22, -2.5], "size": [1, 1, 5], "inflate": 0.25, "uv": [49, 50]},
						{"origin": [-2.5, 17, 2.5], "size": [5, 5, 1], "inflate": 0.25, "uv": [27, 51]}
					]
				},
				{
					"name": "open_eyes",
					"parent": "head",
					"pivot": [0, 16, 0],
					"cubes": [
						{"origin": [-3.5, 18.5, -5], "size": [0, 3, 3], "inflate": 0.25, "pivot": [-3.5, 20, -2.5], "rotation": [0, -45, 0], "uv": [0, 55]},
						{"origin": [3.5, 18.5, -5], "size": [0, 3, 3], "inflate": 0.25, "pivot": [3.5, 20, -2.5], "rotation": [0, 45, 0], "uv": [0, 55], "mirror": true}
					]
				},
				{
					"name": "closed_eyes",
					"parent": "head",
					"pivot": [0, 16, 0],
					"cubes": [
						{"origin": [-3.5, 18.5, -5], "size": [0, 3, 3], "inflate": 0.25, "pivot": [-3.5, 20, -2.5], "rotation": [0, -45, 0], "uv": [0, 58]},
						{"origin": [3.5, 18.5, -5], "size": [0, 3, 3], "inflate": 0.25, "pivot": [3.5, 20, -2.5], "rotation": [0, 45, 0], "uv": [0, 58], "mirror": true}
					]
				},
				{
					"name": "angry_eyes",
					"parent": "head",
					"pivot": [0, 16, 0],
					"cubes": [
						{"origin": [-3.5, 18.5, -5], "size": [0, 3, 3], "inflate": 0.25, "pivot": [-3.5, 20, -2.5], "rotation": [0, -45, 0], "uv": [0, 61]},
						{"origin": [3.5, 18.5, -5], "size": [0, 3, 3], "inflate": 0.25, "pivot": [3.5, 20, -2.5], "rotation": [0, 45, 0], "uv": [0, 61], "mirror": true}
					]
				},
				{
					"name": "body",
					"parent": "body_root",
					"pivot": [0, 6, 0],
					"cubes": [
						{"origin": [-3, 6, -3], "size": [6, 6, 6], "inflate": 0.25, "uv": [0, 28]},
						{"origin": [-2.5, 6.5, -3.5], "size": [5, 5, 1], "inflate": 0.25, "uv": [41, 48]},
						{"origin": [-2.5, 6.5, 2.5], "size": [5, 5, 1], "inflate": 0.25, "uv": [41, 48]},
						{"origin": [-2, 11.5, -3.5], "size": [4, 4.74, 2], "inflate": 0.25, "pivot": [0, 11.5, -3.5], "rotation": [-18.4, 0, 0], "uv": [49, 35]},
						{"origin": [-2, 11.5, 1.5], "size": [4, 4.74, 2], "inflate": 0.25, "pivot": [0, 11.5, 3.5], "rotation": [18.4, 0, 0], "uv": [49, 35]},
						{"origin": [-3.5, 6.5, -2.5], "size": [1, 5, 5], "inflate": 0.25, "uv": [41, 37]},
						{"origin": [2.5, 6.5, -2.5], "size": [1, 5, 5], "inflate": 0.25, "uv": [41, 37], "mirror": true},
						{"origin": [-2.5, 5.5, -2.5], "size": [5, 1, 5], "inflate": 0.25, "uv": [40, 0]},
						{"origin": [-3.5, 11.5, -2], "size": [2, 4.74, 4], "inflate": 0.25, "pivot": [-3.5, 11.5, 0], "rotation": [0, 0, 18.4], "uv": [46, 16]},
						{"origin": [1.5, 11.5, -2], "size": [2, 4.74, 4], "inflate": 0.25, "pivot": [3.5, 11.5, 0], "rotation": [0, 0, -18.4], "uv": [46, 16], "mirror": true},
						{"origin": [-2, 12, -2], "size": [4, 4, 4], "inflate": 0.25, "uv": [40, 7]}
					]
				},
				{
					"name": "tail",
					"parent": "body",
					"pivot": [0, 8, 3.5],
					"cubes": [
						{"origin": [-3.5, 6, 4], "size": [7, 4, 11], "inflate": 0.25, "uv": [0, 0]},
						{"origin": [-3, 9.5, 4.5], "size": [6, 1, 10], "inflate": 0.25, "uv": [0, 16]},
						{"origin": [-3, 5.5, 4.5], "size": [6, 1, 10], "inflate": 0.25, "uv": [0, 16]},
						{"origin": [-3, 6.5, 3.5], "size": [6, 3, 1], "inflate": 0.25, "uv": [52, 25]},
						{"origin": [-3.5, 6, 11], "size": [3, 5, 4], "inflate": 0.25, "pivot": [-2, 6, 15], "rotation": [-30, 0, 0], "uv": [0, 41]},
						{"origin": [0.5, 6, 11], "size": [3, 5, 4], "inflate": 0.25, "pivot": [2, 6, 15], "rotation": [-30, 0, 0], "uv": [0, 41], "mirror": true},
						{"origin": [-4, 6.5, 4.5], "size": [1, 3, 10], "inflate": 0.25, "uv": [27, 6]},
						{"origin": [3, 6.5, 4.5], "size": [1, 3, 10], "inflate": 0.25, "uv": [27, 6], "mirror": true}
					]
				},
				{
					"name": "arms",
					"parent": "body_root",
					"pivot": [0, 14.5, 0]
				},
				{
					"name": "right_arm",
					"parent": "arms",
					"pivot": [-2.5, 14.5, 0],
					"rotation": [0, 0, -35],
					"cubes": [
						{"origin": [-10, 13.75, -0.75], "size": [8, 1.5, 1.5], "inflate": 0.25, "uv": [26, 0]},
						{"origin": [-12, 14.25, -0.5], "size": [2, 1, 1], "inflate": 0.25, "pivot": [-10, 15.25, 0], "rotation": [0, 0, -30], "uv": [4, 0]},
						{"origin": [-12, 14.25, -1], "size": [2, 1, 1], "inflate": 0.25, "pivot": [-10, 15.25, 0], "rotation": [25, -45, -30], "uv": [4, 0]},
						{"origin": [-12, 14.25, 0], "size": [2, 1, 1], "inflate": 0.25, "pivot": [-10, 15.25, 0], "rotation": [-25, 45, -30], "uv": [4, 0]}
					]
				},
				{
					"name": "left_arm",
					"parent": "arms",
					"pivot": [2.5, 14.5, 0],
					"rotation": [0, 0, 35],
					"cubes": [
						{"origin": [2, 13.75, -0.75], "size": [8, 1.5, 1.5], "inflate": 0.25, "uv": [26, 0], "mirror": true},
						{"origin": [10, 14.25, -0.5], "size": [2, 1, 1], "inflate": 0.25, "pivot": [10, 15.25, 0], "rotation": [0, 0, 30], "uv": [4, 0], "mirror": true},
						{"origin": [10, 14.25, -1], "size": [2, 1, 1], "inflate": 0.25, "pivot": [10, 15.25, 0], "rotation": [25, 45, 30], "uv": [4, 0], "mirror": true},
						{"origin": [10, 14.25, 0], "size": [2, 1, 1], "inflate": 0.25, "pivot": [10, 15.25, 0], "rotation": [-25, -45, 30], "uv": [4, 0], "mirror": true}
					]
				},
				{
					"name": "legs",
					"parent": "treecko",
					"pivot": [0, 7, 0]
				},
				{
					"name": "right_leg",
					"parent": "legs",
					"pivot": [-2.5, 7, 0],
					"cubes": [
						{"origin": [-3.25, 0, -0.75], "size": [1.5, 7, 1.5], "inflate": 0.25, "uv": [40, 55]},
						{"origin": [-3, 0, -3.5], "size": [1, 1, 3], "inflate": 0.25, "uv": [0, 16]},
						{"origin": [-3.5, 0, -3.5], "size": [1, 1, 3], "inflate": 0.25, "pivot": [-2.5, -1, -1], "rotation": [0, 20, 0], "uv": [0, 16]},
						{"origin": [-2.5, 0, -3.5], "size": [1, 1, 3], "inflate": 0.25, "pivot": [-2.5, -1, -1], "rotation": [0, -20, 0], "uv": [0, 16]}
					]
				},
				{
					"name": "left_leg",
					"parent": "legs",
					"pivot": [2.5, 7, 0],
					"cubes": [
						{"origin": [1.75, 0, -0.75], "size": [1.5, 7, 1.5], "inflate": 0.25, "uv": [40, 55], "mirror": true},
						{"origin": [2, 0, -3.5], "size": [1, 1, 3], "inflate": 0.25, "uv": [0, 16], "mirror": true},
						{"origin": [2.5, 0, -3.5], "size": [1, 1, 3], "inflate": 0.25, "pivot": [2.5, -1, -1], "rotation": [0, -20, 0], "uv": [0, 16], "mirror": true},
						{"origin": [1.5, 0, -3.5], "size": [1, 1, 3], "inflate": 0.25, "pivot": [2.5, -1, -1], "rotation": [0, 20, 0], "uv": [0, 16], "mirror": true}
					]
				}
			]
		}
	]
}