{
	"format_version": "1.12.0",
	"minecraft:geometry": [
		{
			"description": {
				"identifier": "geometry.serppidgeot",
				"texture_width": 96,
				"texture_height": 96,
				"visible_bounds_width": 5,
				"visible_bounds_height": 2.5,
				"visible_bounds_offset": [0, 0.75, 0]
			},
			"bones": [
				{
					"name": "root",
					"pivot": [0, 10, -5]
				},
				{
					"name": "pidgeot",
					"parent": "root",
					"pivot": [0, 10, 2]
				},
				{
					"name": "head",
					"parent": "pidgeot",
					"pivot": [0, 17, -5],
					"cubes": [
						{"origin": [-3, 16, -9], "size": [6, 6, 6], "uv": [58, 62]},
						{"origin": [-4, 20, -9], "size": [0, 3, 8], "pivot": [-4, 21, -6], "rotation": [0, 0, 45], "uv": [40, 73]},
						{"origin": [4, 20, -9], "size": [0, 3, 8], "pivot": [4, 21, -6], "rotation": [0, 0, -45], "uv": [40, 73], "mirror": true},
						{"origin": [-4.7908, 14.30823, -4], "size": [0, 6, 6], "pivot": [-4.7908, 20.06559, -6], "rotation": [0, 0, 20], "uv": [64, 75]},
						{"origin": [4.7908, 14.30823, -4], "size": [0, 6, 6], "pivot": [4.7908, 20.06559, -6], "rotation": [0, 0, -20], "uv": [64, 75], "mirror": true},
						{"origin": [-2.5, 21.5, -8.5], "size": [5, 1, 5], "uv": [74, 55]},
						{"origin": [-2.5, 22.5, -8.5], "size": [5, 0, 5.9], "pivot": [0, 22.5, -8.5], "rotation": [10, 0, 0], "uv": [49, 75]},
						{"origin": [-2.5, 16.46682, 1.9334], "size": [5, 0, 6.7], "pivot": [0, 16.96475, 2.10208], "rotation": [-20, 0, 0], "uv": [68, 0]},
						{"origin": [-2.5, 23.44741, -2.64044], "size": [5, 0, 3.9], "pivot": [0, 23.56398, -2.54275], "rotation": [-35, 0, 0], "uv": [77, 62]},
						{"origin": [-2.5, 21.67809, 0.22985], "size": [5, 0, 4.9], "pivot": [0, 21.3035, 0.11299], "rotation": [-75, 0, 0], "uv": [71, 75]},
						{"origin": [-2.5, 15.5, -8.5], "size": [5, 1, 5], "uv": [74, 48]},
						{"origin": [2.5, 16.5, -8.5], "size": [1, 5, 5], "uv": [77, 80]},
						{"origin": [-3.5, 16.5, -8.5], "size": [1, 5, 5], "uv": [0, 78]},
						{"origin": [-2.5, 16.5, -3.5], "size": [5, 5, 1], "uv": [79, 37]},
						{"origin": [-2.5, 16.5, -9.5], "size": [5, 5, 1], "uv": [79, 23]},
						{"origin": [-0.5, 17.5, -11.5], "size": [1, 2, 2], "uv": [0, 21]},
						{"origin": [-0.5, 17, -11], "size": [1, 1, 2], "uv": [33, 52]},
						{"origin": [-0.5, 17.5, -11.5], "size": [1, 2, 3], "pivot": [0.5, 19, -11.5], "rotation": [0, 20, 0], "uv": [48, 41]},
						{"origin": [-0.5, 17, -11], "size": [1, 1, 2], "pivot": [0.5, 20.5, -11], "rotation": [0, 20, 0], "uv": [39, 6]},
						{"origin": [-0.5, 17, -11], "size": [1, 1, 2], "pivot": [-0.5, 20.5, -11], "rotation": [0, -20, 0], "uv": [32, 22]},
						{"origin": [-0.5, 17.5, -11.5], "size": [1, 2, 3], "pivot": [-0.5, 19, -11.5], "rotation": [0, -20, 0], "uv": [17, 43]}
					]
				},
				{
					"name": "open_eyes",
					"parent": "head",
					"pivot": [0, 17, -5],
					"cubes": [
						{"origin": [-3, 19.5, -9.55], "size": [6, 2, 0], "uv": [0, 89]}
					]
				},
				{
					"name": "closed_eyes",
					"parent": "head",
					"pivot": [0, 17, -5],
					"cubes": [
						{"origin": [-3, 19.5, -9.55], "size": [6, 2, 0], "uv": [0, 91]}
					]
				},
				{
					"name": "angry_eyes",
					"parent": "head",
					"pivot": [0, 17, -5],
					"cubes": [
						{"origin": [-3, 19.5, -9.55], "size": [6, 2, 0], "uv": [0, 93]}
					]
				},
				{
					"name": "body_root",
					"parent": "pidgeot",
					"pivot": [0, 6, 3],
					"rotation": [-10, 0, 0]
				},
				{
					"name": "body",
					"parent": "body_root",
					"pivot": [0, 6, 5],
					"cubes": [
						{"origin": [-5, 4, -6], "size": [10, 10, 11], "uv": [0, 15]},
						{"origin": [-5, 6, -8], "size": [10, 8, 2], "uv": [61, 12]},
						{"origin": [-5, 3.87868, -8.87868], "size": [10, 2, 2.83], "pivot": [0, 3.87868, -5.87868], "rotation": [-45, 0, 0], "uv": [64, 32]},
						{"origin": [-3, 4, 5], "size": [6, 10, 3], "uv": [0, 64]},
						{"origin": [-3, 13.7, 7], "size": [3, 0, 9], "pivot": [0, 14, 8], "rotation": [20, -30, 0], "uv": [63, 23]},
						{"origin": [0, 13.7, 7], "size": [3, 0, 9], "pivot": [0, 14, 8], "rotation": [20, 30, 0], "uv": [63, 23], "mirror": true},
						{"origin": [-2.5, 13.7, 8], "size": [3, 0, 8], "pivot": [0, 14, 8], "rotation": [20, -5, 0], "uv": [64, 23]},
						{"origin": [-0.5, 13.7, 8], "size": [3, 0, 8], "pivot": [0, 14, 8], "rotation": [20, 5, 0], "uv": [64, 23], "mirror": true},
						{"origin": [3.17806, 4, 5.33278], "size": [3.6, 10, 3], "pivot": [2.77806, 9, 8.33278], "rotation": [0, 56.3, 0], "uv": [0, 37]},
						{"origin": [-6.77806, 4, 5.33278], "size": [3.6, 10, 3], "pivot": [-2.77806, 9, 8.33278], "rotation": [0, -56.3, 0], "uv": [0, 0]},
						{"origin": [-4.5, 6.5, -8.5], "size": [9, 7, 1], "uv": [19, 73]},
						{"origin": [4.5, 4.5, -6.5], "size": [1, 9, 11], "uv": [33, 52]},
						{"origin": [-4.5, 13.5, -7.5], "size": [9, 1, 12], "uv": [17, 38]},
						{"origin": [-4.5, 3.5, -5.5], "size": [9, 1, 10], "uv": [39, 0]},
						{"origin": [-5.5, 4.5, -6.5], "size": [1, 9, 11], "uv": [49, 41]}
					]
				},
				{
					"name": "quiet_wings",
					"parent": "body_root",
					"pivot": [0, 12, -6]
				},
				{
					"name": "right_wing_quiet",
					"parent": "quiet_wings",
					"pivot": [-5.51, 12, -6],
					"cubes": [
						{"origin": [-5.51, 4, -8], "size": [0, 10, 16], "inflate": 0.02, "uv": [0, 37]}
					]
				},
				{
					"name": "left_wing_quiet",
					"parent": "quiet_wings",
					"pivot": [5.51, 12, -6],
					"cubes": [
						{"origin": [5.51, 4, -8], "size": [0, 10, 16], "inflate": 0.02, "uv": [0, 37], "mirror": true}
					]
				},
				{
					"name": "flying_wings",
					"parent": "body_root",
					"pivot": [0, 14, -1]
				},
				{
					"name": "flying_wing_right",
					"parent": "flying_wings",
					"pivot": [-5, 14, -1],
					"cubes": [
						{"origin": [-15, 14, -8], "size": [10, 0, 14], "inflate": 0.02, "uv": [29, 23]}
					]
				},
				{
					"name": "flying_wing_right_top",
					"parent": "flying_wing_right",
					"pivot": [-15, 14, -1],
					"cubes": [
						{"origin": [-27, 14, -8], "size": [12, 0, 14], "inflate": 0.02, "uv": [0, 0]}
					]
				},
				{
					"name": "flying_wing_left",
					"parent": "flying_wings",
					"pivot": [5, 14, -1],
					"cubes": [
						{"origin": [5, 14, -8], "size": [10, 0, 14], "inflate": 0.02, "uv": [29, 23], "mirror": true}
					]
				},
				{
					"name": "flying_wing_left_top",
					"parent": "flying_wing_left",
					"pivot": [15, 14, -1],
					"cubes": [
						{"origin": [15, 14, -8], "size": [12, 0, 14], "inflate": 0.02, "uv": [0, 0], "mirror": true}
					]
				},
				{
					"name": "saddle",
					"parent": "body_root",
					"pivot": [0, 6, 3],
					"cubes": [
						{"origin": [-4, 14.52, -5], "size": [8, 0, 6], "uv": [32, 15]},
						{"origin": [-2, 7.5, -8.51], "size": [4, 5, 0], "uv": [35, 57]}
					]
				},
				{
					"name": "legs",
					"parent": "pidgeot",
					"pivot": [0, 4, 0]
				},
				{
					"name": "right_leg",
					"parent": "legs",
					"pivot": [-3.5, 4, 0.5],
					"cubes": [
						{"origin": [-4, 1, 0], "size": [1, 1, 1], "uv": [32, 15]},
						{"origin": [-4.5, 2, -0.5], "size": [2, 3, 2], "uv": [39, 0]},
						{"origin": [-4, 0, -3], "size": [1, 1, 5], "uv": [19, 64]},
						{"origin": [-4, 0, -3], "size": [1, 1, 4], "pivot": [-4, 0, 1], "rotation": [0, 30, 0], "uv": [17, 37]},
						{"origin": [-4, 0, -3], "size": [1, 1, 4], "pivot": [-3, 0, 1], "rotation": [0, -30, 0], "uv": [0, 15]}
					]
				},
				{
					"name": "left_leg",
					"parent": "legs",
					"pivot": [3.5, 4, 0.5],
					"cubes": [
						{"origin": [3, 1, 0], "size": [1, 1, 1], "uv": [32, 15], "mirror": true},
						{"origin": [2.5, 2, -0.5], "size": [2, 3, 2], "uv": [39, 0], "mirror": true},
						{"origin": [3, 0, -3], "size": [1, 1, 5], "uv": [19, 64], "mirror": true},
						{"origin": [3, 0, -3], "size": [1, 1, 4], "pivot": [4, 0, 1], "rotation": [0, -30, 0], "uv": [17, 37], "mirror": true},
						{"origin": [3, 0, -3], "size": [1, 1, 4], "pivot": [3, 0, 1], "rotation": [0, 30, 0], "uv": [0, 15], "mirror": true}
					]
				},
				{
					"name": "pokedex",
					"pivot": [0, 17, -15],
					"locators": {
						"pokedex": [0, 17, -15]
					}
				}
			]
		},
		{
			"description": {
				"identifier": "geometry.serppidgeot_mega",
				"texture_width": 112,
				"texture_height": 112,
				"visible_bounds_width": 5,
				"visible_bounds_height": 3.5,
				"visible_bounds_offset": [0, 1.25, 0]
			},
			"bones": [
				{
					"name": "pidgeot",
					"pivot": [0, 0, 0]
				},
				{
					"name": "head",
					"parent": "pidgeot",
					"pivot": [0, 17, -5],
					"cubes": [
						{"origin": [-3, 16, -9], "size": [6, 6, 6], "uv": [0, 64]},
						{"origin": [-4, 20, -9], "size": [0, 4, 8], "pivot": [-4, 21, -6], "rotation": [0, 0, 45], "uv": [44, 73]},
						{"origin": [4, 20, -9], "size": [0, 4, 8], "pivot": [4, 21, -6], "rotation": [0, 0, -45], "uv": [44, 73], "mirror": true},
						{"origin": [-4.7908, 14.30823, -4], "size": [0, 6, 6], "pivot": [-4.7908, 20.06559, -6], "rotation": [0, 0, 20], "uv": [73, 76]},
						{"origin": [4.7908, 14.30823, -4], "size": [0, 6, 6], "pivot": [4.7908, 20.06559, -6], "rotation": [0, 0, -20], "uv": [73, 76], "mirror": true},
						{"origin": [-2.5, 21.5, -8.5], "size": [5, 1, 5], "uv": [0, 77]},
						{"origin": [0, 15, -4.5], "size": [0, 9, 13], "uv": [58, 59]},
						{"origin": [0, 21.5, -14.5], "size": [0, 5, 6], "uv": [15, 81]},
						{"origin": [-5.5, 22.5, -8.5], "size": [11, 0, 5.9], "pivot": [0, 22.5, -8.5], "rotation": [10, 0, 0], "uv": [63, 38]},
						{"origin": [-5.5, 23.44741, -2.64044], "size": [11, 0, 3.9], "pivot": [0, 23.56398, -2.54275], "rotation": [-35, 0, 0], "uv": [63, 44]},
						{"origin": [-4.5, 21.67809, 0.22985], "size": [9, 0, 4.9], "pivot": [0, 21.3035, 0.11299], "rotation": [-75, 0, 0], "uv": [64, 32]},
						{"origin": [-2.5, 15.5, -8.5], "size": [5, 1, 5], "uv": [76, 9]},
						{"origin": [2.5, 16.5, -8.5], "size": [1, 5, 5], "uv": [0, 84]},
						{"origin": [-3.5, 16.5, -8.5], "size": [1, 5, 5], "uv": [56, 82]},
						{"origin": [-2.5, 16.5, -3.5], "size": [5, 5, 1], "uv": [86, 80]},
						{"origin": [-2.5, 16.5, -9.5], "size": [5, 5, 1], "uv": [43, 86]},
						{"origin": [-0.5, 17.5, -11.5], "size": [1, 2, 2], "uv": [0, 21]},
						{"origin": [-0.5, 17, -11], "size": [1, 1, 2], "uv": [32, 22]},
						{"origin": [-0.5, 17.5, -11.5], "size": [1, 2, 3], "pivot": [0.5, 19, -11.5], "rotation": [0, 20, 0], "uv": [17, 43]},
						{"origin": [-0.5, 17, -11], "size": [1, 1, 2], "pivot": [0.5, 20.5, -11], "rotation": [0, 20, 0], "uv": [39, 6]},
						{"origin": [-0.5, 17, -11], "size": [1, 1, 2], "pivot": [-0.5, 20.5, -11], "rotation": [0, -20, 0], "uv": [32, 22]},
						{"origin": [-0.5, 17.5, -11.5], "size": [1, 2, 3], "pivot": [-0.5, 19, -11.5], "rotation": [0, -20, 0], "uv": [17, 43]}
					]
				},
				{
					"name": "open_eyes",
					"parent": "head",
					"pivot": [0, 17, -5],
					"cubes": [
						{"origin": [-3, 19.5, -9.55], "size": [6, 2, 0], "uv": [0, 94]}
					]
				},
				{
					"name": "closed_eyes",
					"parent": "head",
					"pivot": [0, 17, -5],
					"cubes": [
						{"origin": [-3, 19.5, -9.55], "size": [6, 2, 0], "uv": [0, 96]}
					]
				},
				{
					"name": "angry_eyes",
					"parent": "head",
					"pivot": [0, 17, -5],
					"cubes": [
						{"origin": [-3, 19.5, -9.55], "size": [6, 2, 0], "uv": [0, 98]}
					]
				},
				{
					"name": "body_root",
					"parent": "pidgeot",
					"pivot": [0, 6, 3],
					"rotation": [-10, 0, 0]
				},
				{
					"name": "body",
					"parent": "body_root",
					"pivot": [0, 6, 5],
					"cubes": [
						{"origin": [-5, 4, -6], "size": [10, 10, 11], "uv": [0, 15]},
						{"origin": [-5, 6, -8], "size": [10, 8, 2], "uv": [64, 21]},
						{"origin": [-5, 3.87868, -8.87868], "size": [10, 2, 2.83], "pivot": [0, 3.87868, -5.87868], "rotation": [-45, 0, 0], "uv": [69, 62]},
						{"origin": [-3, 4, 5], "size": [6, 10, 3], "uv": [25, 73]},
						{"origin": [-7.5, 14, 8], "size": [15, 0, 11], "pivot": [0, 14, 8], "rotation": [20, 0, 0], "uv": [32, 95]},
						{"origin": [3.17806, 4, 5.33278], "size": [3.6, 10, 3], "pivot": [2.77806, 9, 8.33278], "rotation": [0, 56.3, 0], "uv": [0, 37]},
						{"origin": [-6.77806, 4, 5.33278], "size": [3.6, 10, 3], "pivot": [-2.77806, 9, 8.33278], "rotation": [0, -56.3, 0], "uv": [0, 0]},
						{"origin": [-4.5, 6.5, -8.5], "size": [9, 7, 1], "uv": [68, 0]},
						{"origin": [4.5, 4.5, -6.5], "size": [1, 9, 11], "uv": [33, 52]},
						{"origin": [-4.5, 13.5, -7.5], "size": [9, 1, 12], "uv": [17, 38]},
						{"origin": [-4.5, 3.5, -5.5], "size": [9, 1, 10], "uv": [39, 0]},
						{"origin": [-5.5, 4.5, -6.5], "size": [1, 9, 11], "uv": [49, 41]}
					]
				},
				{
					"name": "quiet_wings",
					"parent": "body_root",
					"pivot": [0, 12, -6]
				},
				{
					"name": "right_wing_quiet",
					"parent": "quiet_wings",
					"pivot": [-5.51, 12, -6],
					"cubes": [
						{"origin": [-5.51, 4, -8], "size": [0, 10, 16], "inflate": 0.02, "uv": [0, 37]}
					]
				},
				{
					"name": "left_wing_quiet",
					"parent": "quiet_wings",
					"pivot": [5.51, 12, -6],
					"cubes": [
						{"origin": [5.51, 4, -8], "size": [0, 10, 16], "inflate": 0.02, "uv": [0, 37], "mirror": true}
					]
				},
				{
					"name": "flying_wings",
					"parent": "body_root",
					"pivot": [0, 14, -1]
				},
				{
					"name": "flying_wing_right",
					"parent": "flying_wings",
					"pivot": [-5, 14, -1],
					"cubes": [
						{"origin": [-15, 14, -8], "size": [10, 0, 14], "inflate": 0.02, "uv": [29, 23]}
					]
				},
				{
					"name": "flying_wing_right_top",
					"parent": "flying_wing_right",
					"pivot": [-15, 14, -1],
					"cubes": [
						{"origin": [-27, 14, -8], "size": [12, 0, 14], "inflate": 0.02, "uv": [0, 0]}
					]
				},
				{
					"name": "flying_wing_left",
					"parent": "flying_wings",
					"pivot": [5, 14, -1],
					"cubes": [
						{"origin": [5, 14, -8], "size": [10, 0, 14], "inflate": 0.02, "uv": [29, 23], "mirror": true}
					]
				},
				{
					"name": "flying_wing_left_top",
					"parent": "flying_wing_left",
					"pivot": [15, 14, -1],
					"cubes": [
						{"origin": [15, 14, -8], "size": [12, 0, 14], "inflate": 0.02, "uv": [0, 0], "mirror": true}
					]
				},
				{
					"name": "legs",
					"parent": "pidgeot",
					"pivot": [0, 4, 0]
				},
				{
					"name": "right_leg",
					"parent": "legs",
					"pivot": [-3.5, 4, 0.5],
					"cubes": [
						{"origin": [-4, 1, 0], "size": [1, 1, 1], "uv": [32, 15]},
						{"origin": [-5, 2, -1], "size": [3, 3, 3], "uv": [83, 48]},
						{"origin": [-4, 0, -3], "size": [1, 1, 5], "uv": [32, 15]},
						{"origin": [-4, 0, -3], "size": [1, 1, 4], "pivot": [-4, 0, 1], "rotation": [0, 30, 0], "uv": [17, 37]},
						{"origin": [-4, 0, -3], "size": [1, 1, 4], "pivot": [-3, 0, 1], "rotation": [0, -30, 0], "uv": [0, 15]}
					]
				},
				{
					"name": "left_leg",
					"parent": "legs",
					"pivot": [3.5, 4, 0.5],
					"cubes": [
						{"origin": [3, 1, 0], "size": [1, 1, 1], "uv": [32, 15], "mirror": true},
						{"origin": [2, 2, -1], "size": [3, 3, 3], "uv": [83, 48], "mirror": true},
						{"origin": [3, 0, -3], "size": [1, 1, 5], "uv": [32, 15], "mirror": true},
						{"origin": [3, 0, -3], "size": [1, 1, 4], "pivot": [4, 0, 1], "rotation": [0, -30, 0], "uv": [17, 37], "mirror": true},
						{"origin": [3, 0, -3], "size": [1, 1, 4], "pivot": [3, 0, 1], "rotation": [0, 30, 0], "uv": [0, 15], "mirror": true}
					]
				}
			]
		},
		{
			"description": {
				"identifier": "geometry.serppidgeot_aura",
				"texture_width": 96,
				"texture_height": 96,
				"visible_bounds_width": 5,
				"visible_bounds_height": 2.5,
				"visible_bounds_offset": [0, 0.75, 0]
			},
			"bones": [
				{
					"name": "root",
					"pivot": [0, 10, -5]
				},
				{
					"name": "pidgeot",
					"parent": "root",
					"pivot": [0, 10, 2]
				},
				{
					"name": "head",
					"parent": "pidgeot",
					"pivot": [0, 17, -5],
					"cubes": [
						{"origin": [-3, 16, -9], "size": [6, 6, 6], "inflate": 0.25, "uv": [58, 62]},
						{"origin": [-4, 20, -9], "size": [0, 3, 8], "inflate": 0.25, "pivot": [-4, 21, -6], "rotation": [0, 0, 45], "uv": [40, 73]},
						{"origin": [4, 20, -9], "size": [0, 3, 8], "inflate": 0.25, "pivot": [4, 21, -6], "rotation": [0, 0, -45], "uv": [40, 73], "mirror": true},
						{"origin": [-4.7908, 14.30823, -4], "size": [0, 6, 6], "inflate": 0.25, "pivot": [-4.7908, 20.06559, -6], "rotation": [0, 0, 20], "uv": [64, 75]},
						{"origin": [4.7908, 14.30823, -4], "size": [0, 6, 6], "inflate": 0.25, "pivot": [4.7908, 20.06559, -6], "rotation": [0, 0, -20], "uv": [64, 75], "mirror": true},
						{"origin": [-2.5, 21.5, -8.5], "size": [5, 1, 5], "inflate": 0.25, "uv": [74, 55]},
						{"origin": [-2.5, 22.5, -8.5], "size": [5, 0, 5.9], "inflate": 0.25, "pivot": [0, 22.5, -8.5], "rotation": [10, 0, 0], "uv": [49, 75]},
						{"origin": [-2.5, 16.46682, 1.9334], "size": [5, 0, 6.7], "inflate": 0.25, "pivot": [0, 16.96475, 2.10208], "rotation": [-20, 0, 0], "uv": [68, 0]},
						{"origin": [-2.5, 23.44741, -2.64044], "size": [5, 0, 3.9], "inflate": 0.25, "pivot": [0, 23.56398, -2.54275], "rotation": [-35, 0, 0], "uv": [77, 62]},
						{"origin": [-2.5, 21.67809, 0.22985], "size": [5, 0, 4.9], "inflate": 0.25, "pivot": [0, 21.3035, 0.11299], "rotation": [-75, 0, 0], "uv": [71, 75]},
						{"origin": [-2.5, 15.5, -8.5], "size": [5, 1, 5], "inflate": 0.25, "uv": [74, 48]},
						{"origin": [2.5, 16.5, -8.5], "size": [1, 5, 5], "inflate": 0.25, "uv": [77, 80]},
						{"origin": [-3.5, 16.5, -8.5], "size": [1, 5, 5], "inflate": 0.25, "uv": [0, 78]},
						{"origin": [-2.5, 16.5, -3.5], "size": [5, 5, 1], "inflate": 0.25, "uv": [79, 37]},
						{"origin": [-2.5, 16.5, -9.5], "size": [5, 5, 1], "inflate": 0.25, "uv": [79, 23]},
						{"origin": [-3, 19.5, -9.51], "size": [6, 2, 0], "inflate": 0.25, "uv": [48, 38]},
						{"origin": [-0.5, 17.5, -11.5], "size": [1, 2, 2], "inflate": 0.25, "uv": [0, 21]},
						{"origin": [-0.5, 17, -11], "size": [1, 1, 2], "inflate": 0.25, "uv": [33, 52]},
						{"origin": [-0.5, 17.5, -11.5], "size": [1, 2, 3], "inflate": 0.25, "pivot": [0.5, 19, -11.5], "rotation": [0, 20, 0], "uv": [48, 41]},
						{"origin": [-0.5, 17, -11], "size": [1, 1, 2], "inflate": 0.25, "pivot": [0.5, 20.5, -11], "rotation": [0, 20, 0], "uv": [39, 6]},
						{"origin": [-0.5, 17, -11], "size": [1, 1, 2], "inflate": 0.25, "pivot": [-0.5, 20.5, -11], "rotation": [0, -20, 0], "uv": [32, 22]},
						{"origin": [-0.5, 17.5, -11.5], "size": [1, 2, 3], "inflate": 0.25, "pivot": [-0.5, 19, -11.5], "rotation": [0, -20, 0], "uv": [17, 43]}
					]
				},
				{
					"name": "body_root",
					"parent": "pidgeot",
					"pivot": [0, 6, 3],
					"rotation": [-10, 0, 0]
				},
				{
					"name": "body",
					"parent": "body_root",
					"pivot": [0, 6, 5],
					"cubes": [
						{"origin": [-5, 4, -6], "size": [10, 10, 11], "inflate": 0.25, "uv": [0, 15]},
						{"origin": [-5, 6, -8], "size": [10, 8, 2], "inflate": 0.25, "uv": [61, 12]},
						{"origin": [-5, 3.87868, -8.87868], "size": [10, 2, 2.83], "inflate": 0.25, "pivot": [0, 3.87868, -5.87868], "rotation": [-45, 0, 0], "uv": [64, 32]},
						{"origin": [-3, 4, 5], "size": [6, 10, 3], "inflate": 0.25, "uv": [0, 64]},
						{"origin": [-3, 13.7, 7], "size": [3, 0, 9], "inflate": 0.25, "pivot": [0, 14, 8], "rotation": [20, -30, 0], "uv": [63, 23]},
						{"origin": [0, 13.7, 7], "size": [3, 0, 9], "inflate": 0.25, "pivot": [0, 14, 8], "rotation": [20, 30, 0], "uv": [63, 23], "mirror": true},
						{"origin": [-2.5, 13.7, 8], "size": [3, 0, 8], "inflate": 0.25, "pivot": [0, 14, 8], "rotation": [20, -5, 0], "uv": [64, 23]},
						{"origin": [-0.5, 13.7, 8], "size": [3, 0, 8], "inflate": 0.25, "pivot": [0, 14, 8], "rotation": [20, 5, 0], "uv": [64, 23], "mirror": true},
						{"origin": [3.17806, 4, 5.33278], "size": [3.6, 10, 3], "inflate": 0.25, "pivot": [2.77806, 9, 8.33278], "rotation": [0, 56.3, 0], "uv": [0, 37]},
						{"origin": [-6.77806, 4, 5.33278], "size": [3.6, 10, 3], "inflate": 0.25, "pivot": [-2.77806, 9, 8.33278], "rotation": [0, -56.3, 0], "uv": [0, 0]},
						{"origin": [-4.5, 6.5, -8.5], "size": [9, 7, 1], "inflate": 0.25, "uv": [19, 73]},
						{"origin": [4.5, 4.5, -6.5], "size": [1, 9, 11], "inflate": 0.25, "uv": [33, 52]},
						{"origin": [-4.5, 13.5, -7.5], "size": [9, 1, 12], "inflate": 0.25, "uv": [17, 38]},
						{"origin": [-4.5, 3.5, -5.5], "size": [9, 1, 10], "inflate": 0.25, "uv": [39, 0]},
						{"origin": [-5.5, 4.5, -6.5], "size": [1, 9, 11], "inflate": 0.25, "uv": [49, 41]}
					]
				},
				{
					"name": "quiet_wings",
					"parent": "body_root",
					"pivot": [0, 12, -6]
				},
				{
					"name": "right_wing_quiet",
					"parent": "quiet_wings",
					"pivot": [-5.51, 12, -6],
					"cubes": [
						{"origin": [-5.51, 4, -8], "size": [0, 10, 16], "inflate": 0.25, "uv": [0, 37]}
					]
				},
				{
					"name": "left_wing_quiet",
					"parent": "quiet_wings",
					"pivot": [5.51, 12, -6],
					"cubes": [
						{"origin": [5.51, 4, -8], "size": [0, 10, 16], "inflate": 0.25, "uv": [0, 37], "mirror": true}
					]
				},
				{
					"name": "flying_wings",
					"parent": "body_root",
					"pivot": [0, 14, -1]
				},
				{
					"name": "flying_wing_right",
					"parent": "flying_wings",
					"pivot": [-5, 14, -1],
					"cubes": [
						{"origin": [-15, 14, -8], "size": [10, 0, 14], "inflate": 0.25, "uv": [29, 23]}
					]
				},
				{
					"name": "flying_wing_right_top",
					"parent": "flying_wing_right",
					"pivot": [-15, 14, -1],
					"cubes": [
						{"origin": [-27, 14, -8], "size": [12, 0, 14], "inflate": 0.25, "uv": [0, 0]}
					]
				},
				{
					"name": "flying_wing_left",
					"parent": "flying_wings",
					"pivot": [5, 14, -1],
					"cubes": [
						{"origin": [5, 14, -8], "size": [10, 0, 14], "inflate": 0.25, "uv": [29, 23], "mirror": true}
					]
				},
				{
					"name": "flying_wing_left_top",
					"parent": "flying_wing_left",
					"pivot": [15, 14, -1],
					"cubes": [
						{"origin": [15, 14, -8], "size": [12, 0, 14], "inflate": 0.25, "uv": [0, 0], "mirror": true}
					]
				},
				{
					"name": "saddle",
					"parent": "body_root",
					"pivot": [0, 6, 3],
					"cubes": [
						{"origin": [-4, 14.52, -5], "size": [8, 0, 6], "inflate": 0.25, "uv": [32, 15]},
						{"origin": [-2, 7.5, -8.51], "size": [4, 5, 0], "inflate": 0.25, "uv": [35, 57]}
					]
				},
				{
					"name": "legs",
					"parent": "pidgeot",
					"pivot": [0, 4, 0]
				},
				{
					"name": "right_leg",
					"parent": "legs",
					"pivot": [-3.5, 4, 0.5],
					"cubes": [
						{"origin": [-4, 1, 0], "size": [1, 1, 1], "inflate": 0.25, "uv": [32, 15]},
						{"origin": [-4.5, 2, -0.5], "size": [2, 3, 2], "inflate": 0.25, "uv": [39, 0]},
						{"origin": [-4, 0, -3], "size": [1, 1, 5], "inflate": 0.25, "uv": [19, 64]},
						{"origin": [-4, 0, -3], "size": [1, 1, 4], "inflate": 0.25, "pivot": [-4, 0, 1], "rotation": [0, 30, 0], "uv": [17, 37]},
						{"origin": [-4, 0, -3], "size": [1, 1, 4], "inflate": 0.25, "pivot": [-3, 0, 1], "rotation": [0, -30, 0], "uv": [0, 15]}
					]
				},
				{
					"name": "left_leg",
					"parent": "legs",
					"pivot": [3.5, 4, 0.5],
					"cubes": [
						{"origin": [3, 1, 0], "size": [1, 1, 1], "inflate": 0.25, "uv": [32, 15], "mirror": true},
						{"origin": [2.5, 2, -0.5], "size": [2, 3, 2], "inflate": 0.25, "uv": [39, 0], "mirror": true},
						{"origin": [3, 0, -3], "size": [1, 1, 5], "inflate": 0.25, "uv": [19, 64], "mirror": true},
						{"origin": [3, 0, -3], "size": [1, 1, 4], "inflate": 0.25, "pivot": [4, 0, 1], "rotation": [0, -30, 0], "uv": [17, 37], "mirror": true},
						{"origin": [3, 0, -3], "size": [1, 1, 4], "inflate": 0.25, "pivot": [3, 0, 1], "rotation": [0, 30, 0], "uv": [0, 15], "mirror": true}
					]
				},
				{
					"name": "pokedex",
					"pivot": [0, 17, -15],
					"locators": {
						"pokedex": [0, 17, -15]
					}
				}
			]
		}
	]
}