{
	"format_version": "1.12.0",
	"minecraft:geometry": [
		{
			"description": {
				"identifier": "geometry.serppidgeotto",
				"texture_width": 80,
				"texture_height": 80,
				"visible_bounds_width": 4,
				"visible_bounds_height": 3.5,
				"visible_bounds_offset": [0, 1.25, 0]
			},
			"bones": [
				{
					"name": "root",
					"pivot": [0, 26, 0]
				},
				{
					"name": "pidgeotto",
					"parent": "root",
					"pivot": [0, 0, 0]
				},
				{
					"name": "head",
					"parent": "pidgeotto",
					"pivot": [-1, 18, -3],
					"cubes": [
						{"origin": [-2.5, 17, -6], "size": [5, 5, 5], "uv": [42, 29]},
						{"origin": [-2, 21.5, -5.5], "size": [4, 1, 4], "uv": [55, 8]},
						{"origin": [-2, 22.5, -5.5], "size": [4, 0, 4], "pivot": [-1, 22.5, -5.5], "rotation": [15, 0, 0], "uv": [17, 55]},
						{"origin": [-3.9, 22.3, -5.6], "size": [2, 0, 5], "pivot": [-2, 22.5, -5.5], "rotation": [10, 11, -45], "uv": [25, 11]},
						{"origin": [1.9, 22.3, -5.6], "size": [2, 0, 5], "pivot": [2, 22.5, -5.5], "rotation": [10, -11, 45], "uv": [25, 11], "mirror": true},
						{"origin": [-2, 23.48999, -1.67708], "size": [4, 0, 3], "pivot": [-1, 23.42064, -1.55456], "rotation": [-25, 0, 0], "uv": [10, 34]},
						{"origin": [-2, 16.5, -5.5], "size": [4, 1, 4], "uv": [0, 55]},
						{"origin": [2, 17.5, -5.5], "size": [1, 4, 4], "uv": [45, 55]},
						{"origin": [-3, 17.5, -5.5], "size": [1, 4, 4], "uv": [34, 51]},
						{"origin": [-2, 17.5, -6.5], "size": [4, 4, 1], "uv": [56, 55]},
						{"origin": [-1, 18.5, -7], "size": [2, 1, 1], "uv": [33, 20]},
						{"origin": [-0.76855, 18.5, -6.85355], "size": [1.415, 1, 1], "pivot": [1, 19.5, -6.5], "rotation": [0, -45, 0], "uv": [0, 34]},
						{"origin": [-1.12155, 18.5, -7.29345], "size": [1.415, 1, 1], "pivot": [-0.70655, 19.5, -7.29345], "rotation": [0, 45, 0], "uv": [33, 23]},
						{"origin": [-0.5, 18, -7], "size": [1, 1, 1], "uv": [35, 11]},
						{"origin": [-2, 17.5, -1.5], "size": [4, 4, 1], "uv": [56, 20]}
					]
				},
				{
					"name": "open_eyes",
					"parent": "head",
					"pivot": [-1, 18, -3],
					"cubes": [
						{"origin": [-2.5, 19.5, -6.55], "size": [5, 2, 0], "uv": [0, 61]}
					]
				},
				{
					"name": "closed_eyes",
					"parent": "head",
					"pivot": [-1, 18, -3],
					"cubes": [
						{"origin": [-2.5, 19.5, -6.55], "size": [5, 2, 0], "uv": [0, 63]}
					]
				},
				{
					"name": "angry_eyes",
					"parent": "head",
					"pivot": [-1, 18, -3],
					"cubes": [
						{"origin": [-2.5, 19.5, -6.55], "size": [5, 2, 0], "uv": [0, 65]}
					]
				},
				{
					"name": "body_root",
					"parent": "pidgeotto",
					"pivot": [0, 5, 1],
					"rotation": [15, 0, 0]
				},
				{
					"name": "body",
					"parent": "body_root",
					"pivot": [0, 5, 1],
					"cubes": [
						{"origin": [-4, 4, -2], "size": [8, 13, 7], "uv": [1, 12]},
						{"origin": [-1.5, -3, 5], "size": [3, 7, 0], "pivot": [0, 4, 5], "rotation": [35, 0, 0], "uv": [0, 0]},
						{"origin": [-2.8, -3, 4.5], "size": [3, 7, 0], "pivot": [-2, 4, 4.5], "rotation": [32.5, -15, 2.5], "uv": [0, 11]},
						{"origin": [-0.2, -3, 4.5], "size": [3, 7, 0], "pivot": [2, 4, 4.5], "rotation": [32.5, 15, -2.5], "uv": [0, 11], "mirror": true},
						{"origin": [-4, -3, 5], "size": [3, 7, 0], "pivot": [-1.5, 4, 5], "rotation": [35, -30, 0], "uv": [0, 0]},
						{"origin": [1, -3, 5], "size": [3, 7, 0], "pivot": [1.5, 4, 5], "rotation": [35, 30, 0], "uv": [0, 0], "mirror": true},
						{"origin": [-3.5, 4.5, 4.5], "size": [7, 12, 1], "uv": [42, 40]},
						{"origin": [-3.5, 12.5, -2.5], "size": [7, 4, 1], "uv": [17, 48]},
						{"origin": [-3.5, 6.5, -2.5], "size": [7, 6, 1], "pivot": [0, 12.5, -2.5], "rotation": [5, 0, 0], "uv": [43, 0]},
						{"origin": [-4.5, 4.5, -1.5], "size": [1, 12, 6], "pivot": [-4.5, 18.5, 1], "rotation": [0, 0, -2.1], "uv": [1, 35]},
						{"origin": [3.5, 4.5, -1.5], "size": [1, 12, 6], "pivot": [4.5, 18.5, 1], "rotation": [0, 0, 2.1], "uv": [1, 35], "mirror": true},
						{"origin": [-3.5, 3.5, -1.5], "size": [7, 1, 6], "uv": [35, 21]},
						{"origin": [-3.5, 16.5, -1.5], "size": [7, 1, 6], "uv": [34, 12]}
					]
				},
				{
					"name": "quiet_wings",
					"parent": "body_root",
					"pivot": [0, 17.5, 1.5]
				},
				{
					"name": "right_wing_quiet",
					"parent": "quiet_wings",
					"pivot": [-4.5, 17.5, 1.5],
					"cubes": [
						{"origin": [-4.5, 4.5, -2.5], "size": [0, 13, 8], "uv": [25, 26]}
					]
				},
				{
					"name": "left_wing_quiet",
					"parent": "quiet_wings",
					"pivot": [4.5, 17.5, 1.5],
					"cubes": [
						{"origin": [4.5, 4.5, -2.5], "size": [0, 13, 8], "uv": [25, 26], "mirror": true}
					]
				},
				{
					"name": "flying_wings",
					"parent": "body_root",
					"pivot": [0, 17, 1]
				},
				{
					"name": "flying_wing_right",
					"parent": "flying_wings",
					"pivot": [-4, 17, 1],
					"cubes": [
						{"origin": [-20, 17, -4], "size": [16, 0, 10], "inflate": 0.02, "uv": [0, 0]}
					]
				},
				{
					"name": "flying_wing_left",
					"parent": "flying_wings",
					"pivot": [4, 17, 1],
					"cubes": [
						{"origin": [4, 17, -4], "size": [16, 0, 10], "inflate": 0.02, "uv": [0, 0], "mirror": true}
					]
				},
				{
					"name": "legs",
					"parent": "pidgeotto",
					"pivot": [0, 3, -0.5]
				},
				{
					"name": "right_leg",
					"parent": "legs",
					"pivot": [-2.5, 3, -0.5],
					"cubes": [
						{"origin": [-3, 1, -1], "size": [1, 3, 1], "uv": [25, 11]},
						{"origin": [-3, 0, -3.5], "size": [1, 1, 4], "uv": [59, 26]},
						{"origin": [-3, 0, -3], "size": [1, 1, 3], "pivot": [-3, 0, 0], "rotation": [0, 30, 0], "uv": [59, 40]},
						{"origin": [-3, 0, -3], "size": [1, 1, 3], "pivot": [-2, 0, 0], "rotation": [0, -30, 0], "uv": [34, 29]}
					]
				},
				{
					"name": "left_leg",
					"parent": "legs",
					"pivot": [2.5, 3, -0.5],
					"cubes": [
						{"origin": [2, 1, -1], "size": [1, 3, 1], "uv": [25, 11], "mirror": true},
						{"origin": [2, 0, -3.5], "size": [1, 1, 4], "uv": [59, 26], "mirror": true},
						{"origin": [2, 0, -3], "size": [1, 1, 3], "pivot": [3, 0, 0], "rotation": [0, -30, 0], "uv": [59, 40], "mirror": true},
						{"origin": [2, 0, -3], "size": [1, 1, 3], "pivot": [2, 0, 0], "rotation": [0, 30, 0], "uv": [34, 29], "mirror": true}
					]
				}
			]
		},
		{
			"description": {
				"identifier": "geometry.serppidgeotto_aura",
				"texture_width": 80,
				"texture_height": 80,
				"visible_bounds_width": 4,
				"visible_bounds_height": 3.5,
				"visible_bounds_offset": [0, 1.25, 0]
			},
			"bones": [
				{
					"name": "root",
					"pivot": [0, 26, 0]
				},
				{
					"name": "pidgeotto",
					"parent": "root",
					"pivot": [0, 0, 0]
				},
				{
					"name": "head",
					"parent": "pidgeotto",
					"pivot": [-1, 18, -3],
					"cubes": [
						{"origin": [-2.5, 17, -6], "size": [5, 5, 5], "inflate": 0.25, "uv": [42, 29]},
						{"origin": [-2, 21.5, -5.5], "size": [4, 1, 4], "inflate": 0.25, "uv": [55, 8]},
						{"origin": [-2, 22.5, -5.5], "size": [4, 0, 4], "inflate": 0.25, "pivot": [-1, 22.5, -5.5], "rotation": [15, 0, 0], "uv": [17, 55]},
						{"origin": [-3.9, 22.3, -5.6], "size": [2, 0, 5], "inflate": 0.25, "pivot": [-2, 22.5, -5.5], "rotation": [10, 11, -45], "uv": [25, 11]},
						{"origin": [1.9, 22.3, -5.6], "size": [2, 0, 5], "inflate": 0.25, "pivot": [2, 22.5, -5.5], "rotation": [10, -11, 45], "uv": [25, 11], "mirror": true},
						{"origin": [-2, 23.48999, -1.67708], "size": [4, 0, 3], "inflate": 0.25, "pivot": [-1, 23.42064, -1.55456], "rotation": [-25, 0, 0], "uv": [10, 34]},
						{"origin": [-2, 16.5, -5.5], "size": [4, 1, 4], "inflate": 0.25, "uv": [0, 55]},
						{"origin": [2, 17.5, -5.5], "size": [1, 4, 4], "inflate": 0.25, "uv": [45, 55]},
						{"origin": [-3, 17.5, -5.5], "size": [1, 4, 4], "inflate": 0.25, "uv": [34, 51]},
						{"origin": [-2, 17.5, -6.5], "size": [4, 4, 1], "inflate": 0.25, "uv": [56, 55]},
						{"origin": [-1, 18.5, -7], "size": [2, 1, 1], "inflate": 0.25, "uv": [33, 20]},
						{"origin": [-0.76855, 18.5, -6.85355], "size": [1.415, 1, 1], "inflate": 0.25, "pivot": [1, 19.5, -6.5], "rotation": [0, -45, 0], "uv": [0, 34]},
						{"origin": [-1.12155, 18.5, -7.29345], "size": [1.415, 1, 1], "inflate": 0.25, "pivot": [-0.70655, 19.5, -7.29345], "rotation": [0, 45, 0], "uv": [33, 23]},
						{"origin": [-0.5, 18, -7], "size": [1, 1, 1], "inflate": 0.25, "uv": [35, 11]},
						{"origin": [-2, 17.5, -1.5], "size": [4, 4, 1], "inflate": 0.25, "uv": [56, 20]}
					]
				},
				{
					"name": "body_root",
					"parent": "pidgeotto",
					"pivot": [0, 5, 1],
					"rotation": [15, 0, 0]
				},
				{
					"name": "body",
					"parent": "body_root",
					"pivot": [0, 5, 1],
					"cubes": [
						{"origin": [-4, 4, -2], "size": [8, 13, 7], "inflate": 0.25, "uv": [1, 12]},
						{"origin": [-1.5, -3, 5], "size": [3, 7, 0], "inflate": 0.25, "pivot": [0, 4, 5], "rotation": [35, 0, 0], "uv": [0, 0]},
						{"origin": [-2.8, -3, 4.5], "size": [3, 7, 0], "inflate": 0.25, "pivot": [-2, 4, 4.5], "rotation": [32.5, -15, 2.5], "uv": [0, 11]},
						{"origin": [-0.2, -3, 4.5], "size": [3, 7, 0], "inflate": 0.25, "pivot": [2, 4, 4.5], "rotation": [32.5, 15, -2.5], "uv": [0, 11], "mirror": true},
						{"origin": [-4, -3, 5], "size": [3, 7, 0], "inflate": 0.25, "pivot": [-1.5, 4, 5], "rotation": [35, -30, 0], "uv": [0, 0]},
						{"origin": [1, -3, 5], "size": [3, 7, 0], "inflate": 0.25, "pivot": [1.5, 4, 5], "rotation": [35, 30, 0], "uv": [0, 0], "mirror": true},
						{"origin": [-3.5, 4.5, 4.5], "size": [7, 12, 1], "inflate": 0.25, "uv": [42, 40]},
						{"origin": [-3.5, 12.5, -2.5], "size": [7, 4, 1], "inflate": 0.25, "uv": [17, 48]},
						{"origin": [-3.5, 6.5, -2.5], "size": [7, 6, 1], "inflate": 0.25, "pivot": [0, 12.5, -2.5], "rotation": [5, 0, 0], "uv": [43, 0]},
						{"origin": [-4.5, 4.5, -1.5], "size": [1, 12, 6], "inflate": 0.25, "pivot": [-4.5, 18.5, 1], "rotation": [0, 0, -2.1], "uv": [1, 35]},
						{"origin": [3.5, 4.5, -1.5], "size": [1, 12, 6], "inflate": 0.25, "pivot": [4.5, 18.5, 1], "rotation": [0, 0, 2.1], "uv": [1, 35], "mirror": true},
						{"origin": [-3.5, 3.5, -1.5], "size": [7, 1, 6], "inflate": 0.25, "uv": [35, 21]},
						{"origin": [-3.5, 16.5, -1.5], "size": [7, 1, 6], "inflate": 0.25, "uv": [34, 12]}
					]
				},
				{
					"name": "quiet_wings",
					"parent": "body_root",
					"pivot": [0, 17.5, 1.5]
				},
				{
					"name": "right_wing_quiet",
					"parent": "quiet_wings",
					"pivot": [-4.5, 17.5, 1.5],
					"cubes": [
						{"origin": [-4.5, 4.5, -2.5], "size": [0, 13, 8], "inflate": 0.25, "uv": [25, 26]}
					]
				},
				{
					"name": "left_wing_quiet",
					"parent": "quiet_wings",
					"pivot": [4.5, 17.5, 1.5],
					"cubes": [
						{"origin": [4.5, 4.5, -2.5], "size": [0, 13, 8], "inflate": 0.25, "uv": [25, 26], "mirror": true}
					]
				},
				{
					"name": "flying_wings",
					"parent": "body_root",
					"pivot": [0, 17, 1]
				},
				{
					"name": "flying_wing_right",
					"parent": "flying_wings",
					"pivot": [-4, 17, 1],
					"cubes": [
						{"origin": [-20, 17, -4], "size": [16, 0, 10], "inflate": 0.25, "uv": [0, 0]}
					]
				},
				{
					"name": "flying_wing_left",
					"parent": "flying_wings",
					"pivot": [4, 17, 1],
					"cubes": [
						{"origin": [4, 17, -4], "size": [16, 0, 10], "inflate": 0.25, "uv": [0, 0], "mirror": true}
					]
				},
				{
					"name": "legs",
					"parent": "pidgeotto",
					"pivot": [0, 3, -0.5]
				},
				{
					"name": "right_leg",
					"parent": "legs",
					"pivot": [-2.5, 3, -0.5],
					"cubes": [
						{"origin": [-3, 1, -1], "size": [1, 3, 1], "inflate": 0.25, "uv": [25, 11]},
						{"origin": [-3, 0, -3.5], "size": [1, 1, 4], "inflate": 0.25, "uv": [59, 26]},
						{"origin": [-3, 0, -3], "size": [1, 1, 3], "inflate": 0.25, "pivot": [-3, 0, 0], "rotation": [0, 30, 0], "uv": [59, 40]},
						{"origin": [-3, 0, -3], "size": [1, 1, 3], "inflate": 0.25, "pivot": [-2, 0, 0], "rotation": [0, -30, 0], "uv": [34, 29]}
					]
				},
				{
					"name": "left_leg",
					"parent": "legs",
					"pivot": [2.5, 3, -0.5],
					"cubes": [
						{"origin": [2, 1, -1], "size": [1, 3, 1], "inflate": 0.25, "uv": [25, 11], "mirror": true},
						{"origin": [2, 0, -3.5], "size": [1, 1, 4], "inflate": 0.25, "uv": [59, 26], "mirror": true},
						{"origin": [2, 0, -3], "size": [1, 1, 3], "inflate": 0.25, "pivot": [3, 0, 0], "rotation": [0, -30, 0], "uv": [59, 40], "mirror": true},
						{"origin": [2, 0, -3], "size": [1, 1, 3], "inflate": 0.25, "pivot": [2, 0, 0], "rotation": [0, 30, 0], "uv": [34, 29], "mirror": true}
					]
				},
				{
					"name": "pokedex",
					"pivot": [0, 16, -10],
					"locators": {
						"pokedex": [0, 16, -10]
					}
				}
			]
		}
	]
}