{
    "format_version": "1.12",
    "minecraft:recipe_shaped": {
    "description": {
      "identifier": "serp:healing_machine"
    },
    "tags": [ "crafting_table" ],
    "group": "poke_machines",
    "pattern": [
      "rcr",
      "ggg",
      "hhh"
    ],
    "key": {
      "r": {
        "item": "minecraft:redstone"
      },
        "c": {
        "item": "minecraft:coal_block"
      },
      "g": {
        "item": "minecraft:stained_glass",
        "data": 11
      },
      "h": {
        "item": "minecraft:iron_ingot"
      }
    },
    "result": {
      "item": "serp:healing_machine"
    }
  }
}