{
  "format_version": "1.12",
  "minecraft:recipe_shaped": {
    "description": {
    "identifier": "minecraft:compass"
  },
    "tags": [ "crafting_table" ],
    "pattern": [
      "###",
      "#X#",
      "#B#"
    ],
    "key": {
      "#": {
        "item": "minecraft:redstone"
      },
      "B": {
        "item": "minecraft:stone_button"
      },
      "X": {
      "item": "minecraft:stained_glass",
      "data": 11
      }
    },
    "result": {
      "item": "minecraft:compass"
    }
  }
}
