{
    "format_version": "1.12",
    "minecraft:recipe_shaped": {
    "description": {
      "identifier": "serp:rotomarket"
    },
    "tags": [ "crafting_table" ],
    "group": "poke_machines",
    "pattern": [
      "ccc",
      "cgc",
      "cic"
    ],
    "key": {
      "c": {
        "item": "minecraft:copper_ingot"
      },
      "g": {
        "item": "minecraft:glass"
      },
      "i": {
        "item": "minecraft:gold_ingot"
      }
    },
    "result": {
      "item": "serp:rotomarket"
    }
  }
}