{
  "format_version": "1.12",
  "minecraft:recipe_shaped": {
    "description": {
    "identifier": "serp:slot_machine"
    },

    
    "tags": [ "crafting_table" ],
    "group": "poke_machines",
    "pattern": [
      "###",
      "#p#",
      "#r#"
    ],
    "key": {
      "#": {
        "item": "minecraft:gold_ingot"
      },
      "p": {
        "item": "minecraft:dropper"
      },
      "r": {
        "item": "minecraft:redstone"
      }
    },
    "result": {
      "item": "serp:slot_machine"
    }
  }
}