{
    "format_version": "1.12",
    "minecraft:recipe_shaped": {
    "description": {
      "identifier": "serp:trade_machine"
    },
    "tags": [ "crafting_table" ],
    "group": "vehicle",
    "pattern": [
      " r ",
      "qbq",
      "rqr"
    ],
    "key": {
      "b": {
        "item": "minecraft:repeater"
      },
      "r": {
        "item": "minecraft:redstone"
      },
      "q": {
        "item": "minecraft:quartz_block"
      }
    },
    "result": {
      "item": "serp:trade_machine"
    }
  }
}