{
  "format_version":"1.10.0",
  "minecraft:client_entity":{
    "description":{
      "identifier":"pokemon:p15",
      "materials":{"default":"entity_emissive_alpha","aura":"charged_creeper"},
      "textures":{
    "hp":"textures/ui/hp",
    "max_aura":"textures/entity/aura/max",
    "totem_aura":"textures/entity/aura/totem",
    "default":"textures/entity/normal/weedle/beedrill",
    "default_s":"textures/entity/shiny/weedle/beedrill",
    "mega1":"textures/entity/normal/weedle/beedrill_mega",
    "mega_s1":"textures/entity/shiny/weedle/beedrill_mega",
    "max":"textures/entity/normal/weedle/beedrill",
    "max_s":"textures/entity/shiny/weedle/beedrill"
      },
      "geometry":{
    "hp":"geometry.health_bar",
    "aura":"geometry.serpbeedrill_aura",
    "default":"geometry.serpbeedrill",
    "mega1":"geometry.serpbeedrill_mega",
    "max":"geometry.serpbeedrill"
      },
      "animations":{
    "health_bar":"animation.beedrill.health_bar",
    "health_bar_mega":"animation.beedrill.health_bar_mega",
    "eyes_controller":"controller.animation.eyes",
    "open":"animation.serpmob.open",
    "close":"animation.serpmob.close",
    "angry":"animation.serpmob.angry",
    "fainted":"animation.serpmob.fainted",
    "quiet":"animation.beedrill.quiet",
    "walk":"animation.beedrill.walk",
    "sit":"animation.beedrill.sitting",
    "attack":"animation.beedrill.attack",
    "look_at_target":"animation.common.look_at_target",
    "direction":"animation.beedrill.direction",
    "main_controller":"controller.animation.pokemon_fly",
    "effects_controller":"controller.animation.effects"
      },
      "particle_effects":{
    "shiny":"serp:shiny"
      },
      "scripts":{
        "scale":"1",
        "animate":["effects_controller","main_controller",{"health_bar_mega":"query.variant==2"}]
      },
      "render_controllers":[{"controller.render.beedrill":"query.property('serp:v')>=0&&query.property('serp:v')<=2"},{"controller.render.beedrills":"query.property('serp:v')>=3&&query.property('serp:v')<=5"},{"controller.render.max":"query.variant==4"},{"controller.render.totem":"query.variant==6"},"controller.render.hp"]
    }
  }
}