{
	"format_version": "1.12.0",
	"minecraft:geometry": [
		{
			"description": {
				"identifier": "geometry.serpraichu",
				"texture_width": 80,
				"texture_height": 80,
				"visible_bounds_width": 7,
				"visible_bounds_height": 4.5,
				"visible_bounds_offset": [0, 0.75, 0]
			},
			"bones": [
				{
					"name": "raichu",
					"pivot": [0, 0, 0]
				},
				{
					"name": "body_root",
					"parent": "raichu",
					"pivot": [0, 4, 3]
				},
				{
					"name": "head",
					"parent": "body_root",
					"pivot": [0, 15, -3],
					"mirror": true,
					"cubes": [
						{"origin": [-3.5, 15, -8], "size": [7, 6, 7], "uv": [33, 31], "mirror": false},
						{"origin": [-4, 15, -7.5], "size": [1, 5, 6], "uv": [55, 56], "mirror": false},
						{"origin": [3, 15, -7.5], "size": [1, 5, 6], "uv": [55, 56]},
						{"origin": [-3, 14.5, -1.5], "size": [6, 6, 1], "uv": [54, 68], "mirror": false},
						{"origin": [-3, 15.5, -8.5], "size": [6, 5, 1], "uv": [25, 31], "mirror": false},
						{"origin": [-2, 15, -9.5], "size": [4, 2.5, 2], "uv": [28, 0], "mirror": false},
						{"origin": [-4.83, 15, -9.5], "size": [2.83, 2.5, 2], "pivot": [-2, 17, -9.5], "rotation": [0, 45, 0], "uv": [45, 45], "mirror": false},
						{"origin": [2, 15, -9.5], "size": [2.83, 2.5, 2], "pivot": [2, 17, -9.5], "rotation": [0, -45, 0], "uv": [45, 45]},
						{"origin": [-4.75, 15.25, -9.55], "size": [2, 2, 0], "pivot": [-2, 17, -9.5], "rotation": [0, 45, 0], "uv": [0, 22], "mirror": false},
						{"origin": [2.75, 15.25, -9.55], "size": [2, 2, 0], "pivot": [2, 17, -9.5], "rotation": [0, -45, 0], "uv": [0, 22]},
						{"origin": [-3, 20.5, -7.5], "size": [6, 1, 6], "uv": [51, 14], "mirror": false},
						{"origin": [-3, 14.5, -7.5], "size": [6, 1, 6], "uv": [49, 0], "mirror": false},
						{"origin": [-3.5, 19, -7], "size": [1, 8, 1], "pivot": [-4, 20, -6], "rotation": [-20, 0, -35], "uv": [30, 57], "mirror": false},
						{"origin": [2.5, 19, -7], "size": [1, 8, 1], "pivot": [4, 20, -6], "rotation": [-20, 0, 35], "uv": [30, 57]},
						{"origin": [-2.5, 20, -6], "size": [0, 7, 5], "inflate": 0.02, "pivot": [-4, 20, -6], "rotation": [-20, 0, -35], "uv": [19, 59], "mirror": false},
						{"origin": [2.5, 20, -6], "size": [0, 7, 5], "inflate": 0.02, "pivot": [4, 20, -6], "rotation": [-20, 0, 35], "uv": [19, 59]}
					]
				},
				{
					"name": "open_eyes",
					"parent": "head",
					"pivot": [0, 19, -9],
					"cubes": [
						{"origin": [-3.5, 17.5, -8.55], "size": [7, 2, 0], "uv": [57, 7]}
					]
				},
				{
					"name": "closed_eyes",
					"parent": "head",
					"pivot": [0, 19, -9],
					"cubes": [
						{"origin": [-3.5, 17.5, -8.55], "size": [7, 2, 0], "uv": [57, 9]}
					]
				},
				{
					"name": "angry_eyes",
					"parent": "head",
					"pivot": [0, 19, -9],
					"cubes": [
						{"origin": [-3.5, 17.5, -8.55], "size": [7, 2, 0], "uv": [57, 11]}
					]
				},
				{
					"name": "body",
					"parent": "body_root",
					"pivot": [0, 7, 8],
					"rotation": [30, 0, 0],
					"cubes": [
						{"origin": [-4.5, 6, 0], "size": [9, 12, 9], "uv": [0, 0]},
						{"origin": [-5, 6.5, 0.5], "size": [1, 11, 8], "uv": [38, 0]},
						{"origin": [4, 6.5, 0.5], "size": [1, 11, 8], "uv": [38, 0]},
						{"origin": [-4, 6.5, 8.5], "size": [8, 11, 1], "uv": [0, 56]},
						{"origin": [-4, 6.5, -0.5], "size": [8, 11, 1], "uv": [55, 22]},
						{"origin": [-4, 17.5, 0.5], "size": [8, 1, 8], "uv": [0, 31]},
						{"origin": [-4, 5.5, 0.5], "size": [8, 1, 8], "uv": [0, 31]}
					]
				},
				{
					"name": "tail",
					"parent": "body",
					"pivot": [0, 6.55315, 7.81207],
					"rotation": [-65, 0, 0],
					"mirror": true,
					"cubes": [
						{"origin": [-0.5, 6.55315, 7.81207], "size": [1, 1, 6], "uv": [30, 63], "mirror": false},
						{"origin": [-0.5, 19.27133, 3.15188], "size": [1, 1, 10], "pivot": [0, 17.6828, 13.80415], "rotation": [-27.5, 0, 0], "uv": [23, 45], "mirror": false},
						{"origin": [0, 17, -12.84812], "size": [0, 8, 16], "pivot": [0, 17.6828, 13.80415], "rotation": [-27.5, 0, 0], "uv": [21, 6], "mirror": false},
						{"origin": [-0.5, 9.4826, 4.41591], "size": [1, 1, 5], "pivot": [0, 6.87357, 13.85561], "rotation": [-90, 0, 0], "uv": [62, 35], "mirror": false},
						{"origin": [-0.5, 13.8728, 8.32361], "size": [1, 1, 5], "pivot": [0, 11.39445, 16.85462], "rotation": [-52.5, 0, 0], "uv": [16, 41], "mirror": false},
						{"origin": [-0.5, 6.15368, 8.01592], "size": [1, 1, 6], "pivot": [0, 6.90368, 13.76592], "rotation": [-127.5, 0, 0], "uv": [36, 45], "mirror": false}
					]
				},
				{
					"name": "arms",
					"parent": "body_root",
					"pivot": [0, 13, -0.5],
					"rotation": [-40, 0, 0]
				},
				{
					"name": "right_arm",
					"parent": "arms",
					"pivot": [-5, 13, -0.5],
					"rotation": [0, 0, -20],
					"mirror": true,
					"cubes": [
						{"origin": [-6.5, 6, -2], "size": [3, 7, 3], "uv": [61, 42], "mirror": false}
					]
				},
				{
					"name": "left_arm",
					"parent": "arms",
					"pivot": [5, 13, -0.5],
					"rotation": [0, 0, 20],
					"mirror": true,
					"cubes": [
						{"origin": [3.5, 6, -2], "size": [3, 7, 3], "uv": [61, 42]}
					]
				},
				{
					"name": "legs",
					"parent": "raichu",
					"pivot": [0, 9, 1]
				},
				{
					"name": "right_leg",
					"parent": "legs",
					"pivot": [-4, 9, 2],
					"cubes": [
						{"origin": [-6, 0, 0], "size": [4, 7, 7], "pivot": [0, 6, 6], "rotation": [-35, 0, 0], "uv": [0, 41]},
						{"origin": [-5.5, 6.5, 0.5], "size": [3, 1, 6], "pivot": [0, 6, 6], "rotation": [-35, 0, 0], "uv": [0, 22]},
						{"origin": [-5.5, 0.5, -0.5], "size": [3, 6, 1], "pivot": [0, 6, 6], "rotation": [-35, 0, 0], "uv": [0, 0]},
						{"origin": [-6.5, 0.5, 0.5], "size": [1, 6, 6], "pivot": [0, 6, 6], "rotation": [-35, 0, 0], "uv": [40, 56]},
						{"origin": [-5.5, 0, -4], "size": [3, 2, 8], "uv": [46, 45]}
					]
				},
				{
					"name": "left_leg",
					"parent": "legs",
					"pivot": [4, 9, 2],
					"cubes": [
						{"origin": [2, 0, 0], "size": [4, 7, 7], "pivot": [0, 6, 6], "rotation": [-35, 0, 0], "uv": [0, 41], "mirror": true},
						{"origin": [2.5, 6.5, 0.5], "size": [3, 1, 6], "pivot": [0, 6, 6], "rotation": [-35, 0, 0], "uv": [0, 22], "mirror": true},
						{"origin": [2.5, 0.5, -0.5], "size": [3, 6, 1], "pivot": [0, 6, 6], "rotation": [-35, 0, 0], "uv": [0, 0], "mirror": true},
						{"origin": [5.5, 0.5, 0.5], "size": [1, 6, 6], "pivot": [0, 6, 6], "rotation": [-35, 0, 0], "uv": [40, 56], "mirror": true},
						{"origin": [2.5, 0, -4], "size": [3, 2, 8], "uv": [46, 45], "mirror": true}
					]
				},
				{
					"name": "pokedex",
					"pivot": [0, 38, -10],
					"locators": {
						"pokedex": [0, 38, -10]
					}
				}
			]
		},
		{
			"description": {
				"identifier": "geometry.serpraichu_aura",
				"texture_width": 80,
				"texture_height": 80,
				"visible_bounds_width": 7,
				"visible_bounds_height": 4.5,
				"visible_bounds_offset": [0, 0.75, 0]
			},
			"bones": [
				{
					"name": "raichu",
					"pivot": [0, 0, 0]
				},
				{
					"name": "body_root",
					"parent": "raichu",
					"pivot": [0, 4, 3]
				},
				{
					"name": "head",
					"parent": "body_root",
					"pivot": [0, 15, -3],
					"mirror": true,
					"cubes": [
						{"origin": [-3.5, 15, -8], "size": [7, 6, 7], "inflate": 0.25, "uv": [33, 31], "mirror": false},
						{"origin": [-4, 15, -7.5], "size": [1, 5, 6], "inflate": 0.25, "uv": [55, 56], "mirror": false},
						{"origin": [3, 15, -7.5], "size": [1, 5, 6], "inflate": 0.25, "uv": [55, 56]},
						{"origin": [-3, 14.5, -1.5], "size": [6, 6, 1], "inflate": 0.25, "uv": [54, 68], "mirror": false},
						{"origin": [-3, 15.5, -8.5], "size": [6, 5, 1], "inflate": 0.25, "uv": [25, 31], "mirror": false},
						{"origin": [-2, 15, -9.5], "size": [4, 2.5, 2], "inflate": 0.25, "uv": [28, 0], "mirror": false},
						{"origin": [-4.83, 15, -9.5], "size": [2.83, 2.5, 2], "inflate": 0.25, "pivot": [-2, 17, -9.5], "rotation": [0, 45, 0], "uv": [45, 45], "mirror": false},
						{"origin": [2, 15, -9.5], "size": [2.83, 2.5, 2], "inflate": 0.25, "pivot": [2, 17, -9.5], "rotation": [0, -45, 0], "uv": [45, 45]},
						{"origin": [-4.75, 15.25, -9.55], "size": [2, 2, 0], "inflate": 0.25, "pivot": [-2, 17, -9.5], "rotation": [0, 45, 0], "uv": [0, 22], "mirror": false},
						{"origin": [2.75, 15.25, -9.55], "size": [2, 2, 0], "inflate": 0.25, "pivot": [2, 17, -9.5], "rotation": [0, -45, 0], "uv": [0, 22]},
						{"origin": [-3, 20.5, -7.5], "size": [6, 1, 6], "inflate": 0.25, "uv": [51, 14], "mirror": false},
						{"origin": [-3, 14.5, -7.5], "size": [6, 1, 6], "inflate": 0.25, "uv": [49, 0], "mirror": false},
						{"origin": [-3.5, 19, -7], "size": [1, 8, 1], "inflate": 0.25, "pivot": [-4, 20, -6], "rotation": [-20, 0, -35], "uv": [30, 57], "mirror": false},
						{"origin": [2.5, 19, -7], "size": [1, 8, 1], "inflate": 0.25, "pivot": [4, 20, -6], "rotation": [-20, 0, 35], "uv": [30, 57]},
						{"origin": [-2.5, 20, -6], "size": [0, 7, 5], "inflate": 0.25, "pivot": [-4, 20, -6], "rotation": [-20, 0, -35], "uv": [19, 59], "mirror": false},
						{"origin": [2.5, 20, -6], "size": [0, 7, 5], "inflate": 0.25, "pivot": [4, 20, -6], "rotation": [-20, 0, 35], "uv": [19, 59]}
					]
				},
				{
					"name": "open_eyes",
					"parent": "head",
					"pivot": [0, 19, -9],
					"cubes": [
						{"origin": [-3.5, 17.5, -8.55], "size": [7, 2, 0], "inflate": 0.25, "uv": [57, 7]}
					]
				},
				{
					"name": "closed_eyes",
					"parent": "head",
					"pivot": [0, 19, -9],
					"cubes": [
						{"origin": [-3.5, 17.5, -8.55], "size": [7, 2, 0], "inflate": 0.25, "uv": [57, 9]}
					]
				},
				{
					"name": "angry_eyes",
					"parent": "head",
					"pivot": [0, 19, -9],
					"cubes": [
						{"origin": [-3.5, 17.5, -8.55], "size": [7, 2, 0], "inflate": 0.25, "uv": [57, 11]}
					]
				},
				{
					"name": "body",
					"parent": "body_root",
					"pivot": [0, 7, 8],
					"rotation": [30, 0, 0],
					"cubes": [
						{"origin": [-4.5, 6, 0], "size": [9, 12, 9], "inflate": 0.25, "uv": [0, 0]},
						{"origin": [-5, 6.5, 0.5], "size": [1, 11, 8], "inflate": 0.25, "uv": [38, 0]},
						{"origin": [4, 6.5, 0.5], "size": [1, 11, 8], "inflate": 0.25, "uv": [38, 0]},
						{"origin": [-4, 6.5, 8.5], "size": [8, 11, 1], "inflate": 0.25, "uv": [0, 56]},
						{"origin": [-4, 6.5, -0.5], "size": [8, 11, 1], "inflate": 0.25, "uv": [55, 22]},
						{"origin": [-4, 17.5, 0.5], "size": [8, 1, 8], "inflate": 0.25, "uv": [0, 31]},
						{"origin": [-4, 5.5, 0.5], "size": [8, 1, 8], "inflate": 0.25, "uv": [0, 31]}
					]
				},
				{
					"name": "tail",
					"parent": "body",
					"pivot": [0, 6.55315, 7.81207],
					"rotation": [-65, 0, 0],
					"mirror": true,
					"cubes": [
						{"origin": [-0.5, 6.55315, 7.81207], "size": [1, 1, 6], "inflate": 0.25, "uv": [30, 63], "mirror": false},
						{"origin": [-0.5, 19.27133, 3.15188], "size": [1, 1, 10], "inflate": 0.25, "pivot": [0, 17.6828, 13.80415], "rotation": [-27.5, 0, 0], "uv": [23, 45], "mirror": false},
						{"origin": [0, 17, -12.84812], "size": [0, 8, 16], "inflate": 0.25, "pivot": [0, 17.6828, 13.80415], "rotation": [-27.5, 0, 0], "uv": [21, 6], "mirror": false},
						{"origin": [-0.5, 9.4826, 4.41591], "size": [1, 1, 5], "inflate": 0.25, "pivot": [0, 6.87357, 13.85561], "rotation": [-90, 0, 0], "uv": [62, 35], "mirror": false},
						{"origin": [-0.5, 13.8728, 8.32361], "size": [1, 1, 5], "inflate": 0.25, "pivot": [0, 11.39445, 16.85462], "rotation": [-52.5, 0, 0], "uv": [16, 41], "mirror": false},
						{"origin": [-0.5, 6.15368, 8.01592], "size": [1, 1, 6], "inflate": 0.25, "pivot": [0, 6.90368, 13.76592], "rotation": [-127.5, 0, 0], "uv": [36, 45], "mirror": false}
					]
				},
				{
					"name": "arms",
					"parent": "body_root",
					"pivot": [0, 13, -0.5],
					"rotation": [-40, 0, 0]
				},
				{
					"name": "right_arm",
					"parent": "arms",
					"pivot": [-5, 13, -0.5],
					"rotation": [0, 0, -20],
					"mirror": true,
					"cubes": [
						{"origin": [-6.5, 6, -2], "size": [3, 7, 3], "inflate": 0.25, "uv": [61, 42], "mirror": false}
					]
				},
				{
					"name": "left_arm",
					"parent": "arms",
					"pivot": [5, 13, -0.5],
					"rotation": [0, 0, 20],
					"mirror": true,
					"cubes": [
						{"origin": [3.5, 6, -2], "size": [3, 7, 3], "inflate": 0.25, "uv": [61, 42]}
					]
				},
				{
					"name": "legs",
					"parent": "raichu",
					"pivot": [0, 9, 1]
				},
				{
					"name": "right_leg",
					"parent": "legs",
					"pivot": [-4, 9, 2],
					"cubes": [
						{"origin": [-6, 0, 0], "size": [4, 7, 7], "inflate": 0.25, "pivot": [0, 6, 6], "rotation": [-35, 0, 0], "uv": [0, 41]},
						{"origin": [-5.5, 6.5, 0.5], "size": [3, 1, 6], "inflate": 0.25, "pivot": [0, 6, 6], "rotation": [-35, 0, 0], "uv": [0, 22]},
						{"origin": [-5.5, 0.5, -0.5], "size": [3, 6, 1], "inflate": 0.25, "pivot": [0, 6, 6], "rotation": [-35, 0, 0], "uv": [0, 0]},
						{"origin": [-6.5, 0.5, 0.5], "size": [1, 6, 6], "inflate": 0.25, "pivot": [0, 6, 6], "rotation": [-35, 0, 0], "uv": [40, 56]},
						{"origin": [-5.5, 0, -4], "size": [3, 2, 8], "inflate": 0.25, "uv": [46, 45]}
					]
				},
				{
					"name": "left_leg",
					"parent": "legs",
					"pivot": [4, 9, 2],
					"cubes": [
						{"origin": [2, 0, 0], "size": [4, 7, 7], "inflate": 0.25, "pivot": [0, 6, 6], "rotation": [-35, 0, 0], "uv": [0, 41], "mirror": true},
						{"origin": [2.5, 6.5, 0.5], "size": [3, 1, 6], "inflate": 0.25, "pivot": [0, 6, 6], "rotation": [-35, 0, 0], "uv": [0, 22], "mirror": true},
						{"origin": [2.5, 0.5, -0.5], "size": [3, 6, 1], "inflate": 0.25, "pivot": [0, 6, 6], "rotation": [-35, 0, 0], "uv": [0, 0], "mirror": true},
						{"origin": [5.5, 0.5, 0.5], "size": [1, 6, 6], "inflate": 0.25, "pivot": [0, 6, 6], "rotation": [-35, 0, 0], "uv": [40, 56], "mirror": true},
						{"origin": [2.5, 0, -4], "size": [3, 2, 8], "inflate": 0.25, "uv": [46, 45], "mirror": true}
					]
				},
				{
					"name": "pokedex",
					"pivot": [0, 38, -10],
					"locators": {
						"pokedex": [0, 38, -10]
					}
				}
			]
		}
	]
}