{
  "format_version":"1.10.0",
  "minecraft:client_entity":{
    "description":{
      "identifier":"pokemon:p123",
      "materials":{"default":"entity_emissive_alpha","aura":"charged_creeper"},
      "textures":{
    "hp":"textures/ui/hp",
    "evo_aura":"textures/entity/aura/evolve",
    "max_aura":"textures/entity/aura/max",
    "default":"textures/entity/normal/scyther/scyther",
    "default_s":"textures/entity/shiny/scyther/scyther",
    "evolve":"textures/entity/evolving",
    "max":"textures/entity/normal/scyther/scyther",
    "max_s":"textures/entity/shiny/scyther/scyther"
      },
      "geometry":{
    "hp":"geometry.health_bar",
    "aura":"geometry.serpscyther_aura",
    "default":"geometry.serpscyther",
    "max":"geometry.serpscyther"
      },
      "animations":{
    "health_bar":"animation.scyther.health_bar",
    "eyes_controller":"controller.animation.eyes",
    "open":"animation.serpmob.open",
    "close":"animation.serpmob.close",
    "angry":"animation.serpmob.angry",
    "fainted":"animation.serpmob.fainted",
    "quiet":"animation.scyther.quiet",
    "walk":"animation.scyther.walk",
    "sit":"animation.scyther.sitting",
    "attack":"animation.scyther.attack",
    "jump":"animation.scyther.jump",
    "swimming":"animation.scyther.swimming",
    "look_at_target":"animation.common.look_at_target",
    "main_controller":"controller.animation.pokemon_ground",
    "effects_controller":"controller.animation.effects"
      },
      "particle_effects":{
    "shiny":"serp:shiny",
    "evolve":"serp:evolve"
      },
      "scripts":{
        "scale":"1",
        "animate":["effects_controller","main_controller"]
      },
      "render_controllers":[{"controller.render.pokemon_ev":"query.property('serp:v')>=0&&query.property('serp:v')<=2"},{"controller.render.pokemons_ev":"query.property('serp:v')>=3&&query.property('serp:v')<=5"},{"controller.render.evolve":"query.variant==1"},{"controller.render.max":"query.variant==4"},{"controller.render.totem":"query.variant==6"},"controller.render.hp"]
    }
  }
}