{
  "format_version":"1.16.100",
  "minecraft:item":{
    "description":{
      "identifier":"serp:lemonade",
      "category":"Nature"
    },
    "components":{
    "minecraft:display_name":{"value":"item.serp:lemonade.name"},
    "minecraft:damage":1,
    "minecraft:weapon":{"on_hurt_entity":{}},
    "minecraft:durability":{"damage_chance":{"min":0,"max":0},"max_durability":45},
    "minecraft:icon":{"texture":"lemonade"},
    "minecraft:food":{
		"nutrition":3,
		"saturation_modifier":"high",
		"can_always_eat":false,
      "effects":[
{"name":"health_boost","chance":1,"duration":1,"amplifier":1}
      ]
	  },
	  "minecraft:use_duration":1.6,
	  "minecraft:use_animation":"drink",
    "minecraft:render_offsets":{
      "main_hand":{
"first_person":{"scale":[0.01,0.01,0.01]},
"third_person":{"scale":[0.03,0.03,0.03]}
        }
      }
    }
  }
}