{
  "format_version":"1.16.100",
  "minecraft:item":{
    "description":{
      "identifier":"serp:max_potion",
      "category":"Nature"
    },
    "components":{
    "minecraft:display_name":{"value":"item.serp:max_potion.name"},
    "minecraft:damage":1,
    "minecraft:weapon":{"on_hurt_entity":{}},
    "minecraft:durability":{"damage_chance":{"min":0,"max":0},"max_durability":999},
    "minecraft:icon":{"texture":"max_potion"},
    "minecraft:max_stack_size":64,
    "minecraft:render_offsets":{
      "main_hand":{
"first_person":{"scale":[0.01,0.01,0.01]},
"third_person":{"scale":[0.03,0.03,0.03]}
        }
      }
    }
  }
}