{
	"format_version": "1.10.0",
	"particle_effect": {
		"description": {
			"identifier": "serp:tiny_flame_blue",
			"basic_render_parameters": {
				"material": "particles_alpha",
				"texture": "textures/particle/particles"
			}
		},
		"components": {
			"minecraft:emitter_local_space": {
				"position": true,
				"rotation": false
			},
			"minecraft:emitter_rate_steady": {
				"spawn_rate": 50,
				"max_particles": 200
			},
			"minecraft:emitter_lifetime_expression": {
				"activation_expression": 1
			},
			"minecraft:emitter_shape_point": {},
			"minecraft:particle_lifetime_expression": {
				"max_lifetime": "Math.random(0.2, 0.7)"
			},
			"minecraft:particle_initial_speed": 1,
	"minecraft:particle_motion_dynamic": {
		"linear_acceleration": [0, -10, 0],
		"linear_drag_coefficient": 10
			},
			"minecraft:particle_appearance_billboard": {
				"size": ["(0.1 + variable.particle_random_1*0.1) - (0.5 * variable.particle_age)", "(0.1 + variable.particle_random_1*0.1) - (0.5 * variable.particle_age)"],
				"facing_camera_mode": "lookat_xyz",
				"uv": {
					"texture_width": 128,
					"texture_height": 128,
					"uv": [16,24],
					"uv_size": [8, 8]
				}
			}
		}
	}
}