{
  "format_version":"1.10.0",
  "minecraft:client_entity":{
    "description":{
      "identifier":"pokemon:p3",
      "materials":{"default":"entity_emissive_alpha","aura":"charged_creeper"},
      "textures":{
    "hp":"textures/ui/hp",
    "max_aura":"textures/entity/aura/max",
    "totem_aura":"textures/entity/aura/totem",
    "default":"textures/entity/normal/bulbasaur/venusaur",
    "default_s":"textures/entity/shiny/bulbasaur/venusaur",
    "mega1":"textures/entity/normal/bulbasaur/venusaur_mega",
    "mega_s1":"textures/entity/shiny/bulbasaur/venusaur_mega",
    "max":"textures/entity/normal/bulbasaur/venusaur",
    "max_s":"textures/entity/shiny/bulbasaur/venusaur"
      },
      "geometry":{
    "hp":"geometry.health_bar",
    "aura":"geometry.serpvenusaur_aura",
    "default":"geometry.serpvenusaur",
    "mega1":"geometry.serpvenusaur_mega",
    "max":"geometry.serpvenusaur"
      },
      "animations":{
    "health_bar":"animation.venusaur.health_bar",
    "health_bar_mega":"animation.venusaur.health_bar_mega",
    "spawn":"animation.pokemon.spawn",
    "eyes_controller":"controller.animation.eyes",
    "open":"animation.serpmob.open",
    "close":"animation.serpmob.close",
    "angry":"animation.serpmob.angry",
    "fainted":"animation.serpmob.fainted",
    "quiet":"animation.venusaur.quiet",
    "walk":"animation.venusaur.walk",
    "sit":"animation.venusaur.sitting",
    "attack":"animation.venusaur.attack",
    "jump":"animation.venusaur.jump",
    "swimming":"animation.venusaur.swimming",
    "look_at_target":"animation.common.look_at_target",
    "main_controller":"controller.animation.pokemon_ground",
    "effects_controller":"controller.animation.effects",
    "phase_controller":"controller.animation.phases"
      },
      "particle_effects":{
    "shiny":"serp:shiny"
      },
      "scripts":{
        "scale":"1.5",
        "animate":["effects_controller","main_controller",{"health_bar_mega":"query.variant==2"}]
      },
      "render_controllers":[{"controller.render.venusaur":"query.property('serp:v')>=0&&query.property('serp:v')<=2"},{"controller.render.venusaurs":"query.property('serp:v')>=3&&query.property('serp:v')<=5"},{"controller.render.max":"query.variant==4"},{"controller.render.totem":"query.variant==6"},"controller.render.hp"]
    }
  }
}