{
	"format_version": "1.8.0",
	"animations": {
		"animation.moltres.quiet": {
			"loop": true,
			"animation_length": 0.8,
			"bones": {
				"root": {
					"position": {
						"0.0": [0, 0, 0],
						"0.4": [0, 1, 0],
						"0.8": [0, 0, 0]
					}
				},
				"neck": {
					"rotation": {
						"0.0": [0, 0, 0],
						"0.2": [10, 0, 0],
						"0.8": [0, 0, 0]
					}
				},
				"head": {
					"position": {
						"0.0": [0, 0, 0],
						"0.2": [0, -1, -1],
						"0.8": [0, 0, 0]
					}
				},
				"legs": {
					"rotation": {
						"0.0": [-35, 0, 0],
						"0.3": [-25, 0, 0],
						"0.8": [-35, 0, 0]
					}
				},
				"right_leg": {
					"rotation": [0, 0, 10]
				},
				"right_wing": {
					"rotation": {
						"0.0": [0, 0, 30],
						"0.4": [0, 0, -30],
						"0.8": [0, 0, 30]
					},
					"scale": [1.2, 1, 1.4]
				},
				"right_wing_tip": {
					"rotation": {
						"0.0": [0, 0, 25],
						"0.6": [0, 0, -25],
						"0.8": [0, 0, 25]
					}
				},
				"left_leg": {
					"rotation": [0, 0, -10]
				},
				"left_wing": {
					"rotation": {
						"0.0": [0, 0, -30],
						"0.4": [0, 0, 30],
						"0.8": [0, 0, -30]
					},
					"scale": [1.2, 1, 1.4]
				},
				"left_wing_tip": {
					"rotation": {
						"0.0": [0, 0, -25],
						"0.6": [0, 0, 25],
						"0.8": [0, 0, -25]
					}
				}
			}
		},
		"animation.moltres.walk": {
			"loop": true,
			"animation_length": 0.8,
			"bones": {
				"root": {
					"position": {
						"0.0": [0, 0, 0],
						"0.4": [0, 1, 0],
						"0.8": [0, 0, 0]
					}
				},
				"neck": {
					"rotation": [20, 0, 0]
				},
				"head": {
					"position": [0, -3, -3]
				},
				"legs": {
					"rotation": [45, 0, 0],
					"position": [0, 1, 0]
				},
				"right_wing": {
					"rotation": {
						"0.0": [0, 0, 30],
						"0.4": [0, 0, -30],
						"0.8": [0, 0, 30]
					},
					"scale": [1.2, 1, 1.4]
				},
				"right_wing_tip": {
					"rotation": {
						"0.0": [0, 0, 25],
						"0.6": [0, 0, -25],
						"0.8": [0, 0, 25]
					}
				},
				"left_wing": {
					"rotation": {
						"0.0": [0, 0, -30],
						"0.4": [0, 0, 30],
						"0.8": [0, 0, -30]
					},
					"scale": [1.2, 1, 1.4]
				},
				"left_wing_tip": {
					"rotation": {
						"0.0": [0, 0, -25],
						"0.6": [0, 0, 25],
						"0.8": [0, 0, -25]
					}
				}
			}
		},
		"animation.moltres.sitting": {
			"loop": true,
			"bones": {
				"neck": {
					"rotation": [-15, 0, 0],
					"position": [0, 2, 2]
				},
				"head": {
					"position": [0, 3, 4]
				},
				"body": {
					"rotation": [-5, 0, 0]
				},
				"wings": {
					"position": [0, 0, -2]
				},
				"right_wing": {
					"rotation": [0, 30, -80],
					"scale": [0.7, 1, 0.8]
				},
				"right_wing_tip": {
					"rotation": [0, 67.5, -2.5]
				},
				"left_wing": {
					"rotation": [0, -30, 80],
					"scale": [0.7, 1, 0.8]
				},
				"left_wing_tip": {
					"rotation": [0, -70, 2.5]
				}
			}
		},
		"animation.moltres.attack": {
			"loop": true,
			"bones": {
				"body": {
					"rotation": [-25, 0, 0],
					"position": [0, -2, -6]
				},
				"legs": {
					"rotation": [-40, 0, 0],
					"position": [0, -2, -7]
				},
				"wings": {
					"rotation": [-75, 0, 0]
				},
				"right_wing": {
					"rotation": [0, 0, -25],
					"scale": [1.2, 1, 1]
				},
				"right_wing_tip": {
					"rotation": [0, 0, -35]
				},
				"left_wing": {
					"rotation": [0, 0, 25],
					"scale": [1.2, 1, 1]
				},
				"left_wing_tip": {
					"rotation": [0, 0, 35]
				}
			}
		},
		"animation.moltres.direction": {
			"loop": true,
			"bones": {
				"moltres": {
					"rotation": [0, 0, "-math.max(-20,math.min(20,query.yaw_speed))"]
				},
				"root": {
					"rotation": [ "query.vertical_speed * -4.0", 0.0, 0.0 ]
				}
			}
		},
        "animation.moltres.health_bar":{
            "loop":true,
            "bones":{
                "health_hover":{
    "rotation":["q.camera_rotation(0)","q.camera_rotation(1)-q.body_y_rotation",0],
	"position": [0,35,0],
    "scale":"query.is_in_ui?0:1.5"
                },
				"bar_green": {
					"scale": ["query.health/query.max_health*1", 1, 1]
				},
				"bar_black": {
					"scale": ["(1)+(query.health/query.max_health*-1)", 1, 1]
				}
			}
        }
	}
}