{
	"format_version": "1.8.0",
	"animations": {
		"animation.zapdos.quiet": {
			"loop": true,
			"animation_length": 0.48,
			"bones": {
				"zapdos": {
					"position": {
						"0.0": [0, 2, 0],
						"0.32": [0, 0, 0],
						"0.48": [0, 2, 0]
					}
				},
				"right_wing": {
					"rotation": {
						"0.0": [0, -30, 0],
						"0.32": [0, 40, 0],
						"0.48": [0, -30, 0]
					}
				},
				"left_wing": {
					"rotation": {
						"0.0": [0, 30, 0],
						"0.32": [0, -40, 0],
						"0.48": [0, 30, 0]
					}
				},
				"legs": {
					"rotation": {
						"0.0": [0, 0, 0],
						"0.32": [25, 0, 0],
						"0.48": [0, 0, 0]
					}
				},
				"right_leg": {
					"rotation": [0, 20, 0]
				},
				"left_leg": {
					"rotation": [0, -20, 0]
				}
			}
		},
		"animation.zapdos.walk": {
			"loop": true,
			"animation_length": 0.48,
			"bones": {
				"zapdos": {
					"rotation": [25, 0, 0],
					"position": {
						"0.0": [0, 2, 4],
						"0.32": [0, 0, 4],
						"0.48": [0, 2, 4]
					}
				},
				"right_wing": {
					"scale": [1.3, 1, 1],
					"rotation": {
						"0.0": [0, -30, 0],
						"0.32": [0, 40, 0],
						"0.48": [0, -30, 0]
					}
				},
				"left_wing": {
					"scale": [1.3, 1, 1],
					"rotation": {
						"0.0": [0, 30, 0],
						"0.32": [0, -40, 0],
						"0.48": [0, 30, 0]
					}
				},
				"legs": {
					"rotation": [70, 0, 0],
					"position": [0, -1, 1]
				},
				"right_leg": {
					"rotation": [0, -20, 0]
				},
				"left_leg": {
					"rotation": [0, 20, 0]
				}
			}
		},
		"animation.zapdos.sitting": {
			"loop": true,
			"bones": {
				"zapdos": {
					"rotation": [15, 0, 0]
				},
				"wings": {
					"position": [0, 3, 0],
					"scale": [1, 1, 0.7]
				},
				"right_wing": {
					"rotation": [90, 0, -85]
				},
				"left_wing": {
					"rotation": [90, 0, 85]
				},
				"legs": {
					"rotation": [40, 0, 0],
					"position": [0, -4, 1]
				}
			}
		},
		"animation.zapdos.direction": {
			"loop": true,
			"bones": {
				"zapdos": {
					"rotation": [0, 0, "-math.max(-20,math.min(20,query.yaw_speed))"]
				},
				"root": {
					"rotation": [ "query.vertical_speed * -4.0", 0.0, 0.0 ]
				}
			}
		},
        "animation.zapdos.health_bar":{
            "loop":true,
            "bones":{
                "health_hover":{
    "rotation":["q.camera_rotation(0)","q.camera_rotation(1)-q.body_y_rotation",0],
	"position": [0,35,0],
    "scale":"query.is_in_ui?0:1.5"
                },
				"bar_green": {
					"scale": ["query.health/query.max_health*1", 1, 1]
				},
				"bar_black": {
					"scale": ["(1)+(query.health/query.max_health*-1)", 1, 1]
				}
			}
        }
	}
}