{
	"format_version": "1.12.0",
	"minecraft:geometry": [
		{
			"description": {
				"identifier": "geometry.serppoliwrath",
				"texture_width": 96,
				"texture_height": 96,
				"visible_bounds_width": 4,
				"visible_bounds_height": 3.5,
				"visible_bounds_offset": [0, 1.25, 0]
			},
			"bones": [
				{
					"name": "poliwrath",
					"pivot": [0, 0, 0]
				},
				{
					"name": "body_root",
					"parent": "poliwrath",
					"pivot": [0, 6, 0]
				},
				{
					"name": "body",
					"parent": "body_root",
					"pivot": [0, 5, 0],
					"cubes": [
						{"origin": [-7, 7, -7], "size": [14, 13, 14], "uv": [0, 0]},
						{"origin": [-7, 20, -2], "size": [14, 5, 0], "inflate": 0.01, "uv": [15, 44]},
						{"origin": [-6, 8, -8], "size": [12, 12, 1], "uv": [67, 41]},
						{"origin": [-7, 7, -8.1], "size": [14, 14, 0], "inflate": 0.01, "uv": [57, 0]},
						{"origin": [-6, 8, 7], "size": [12, 12, 1], "uv": [57, 15]},
						{"origin": [-8, 12, -6], "size": [1, 7, 12], "uv": [0, 43]},
						{"origin": [-8, 7, -6], "size": [1, 5, 12], "pivot": [-8, 12, 0], "rotation": [0, 0, -12.5], "uv": [52, 50]},
						{"origin": [7, 7, -6], "size": [1, 5, 12], "pivot": [8, 12, 0], "rotation": [0, 0, 12.5], "uv": [15, 52]},
						{"origin": [7, 12, -6], "size": [1, 8, 12], "uv": [37, 41]},
						{"origin": [-6, 20, -6], "size": [12, 1, 12], "uv": [0, 29]},
						{"origin": [-5, 6, -5], "size": [10, 1, 10], "uv": [37, 29]}
					]
				},
				{
					"name": "arms",
					"parent": "body_root",
					"pivot": [0, 15.5, -0.5]
				},
				{
					"name": "right_arm",
					"parent": "arms",
					"pivot": [-8, 18, -0.5],
					"cubes": [
						{"origin": [-10, 10, -3], "size": [5, 8, 5], "uv": [37, 68]},
						{"origin": [-10, 3, -3], "size": [5, 7, 5], "pivot": [-7, 10, 2], "rotation": [-60, 0, 0], "uv": [58, 68]},
						{"origin": [-9, -1.5, -3], "size": [4, 3, 5], "pivot": [-7, 10, 2], "rotation": [-60, 0, 0], "uv": [16, 70]},
						{"origin": [-10, -2, -3.5], "size": [4, 3, 2], "pivot": [-7, 10, 2], "rotation": [-60, 0, 0], "uv": [0, 0]},
						{"origin": [-10, -2, -1.5], "size": [4, 3, 2], "inflate": 0.2, "pivot": [-7, 10, 2], "rotation": [-60, 0, 0], "uv": [0, 6]},
						{"origin": [-10, -2, 0.5], "size": [4, 3, 2], "pivot": [-7, 10, 2], "rotation": [-60, 0, 0], "uv": [0, 0]},
						{"origin": [-10, 1, -3], "size": [5, 2, 5], "inflate": 0.3, "pivot": [-7, 10, 2], "rotation": [-60, 0, 0], "uv": [68, 29]}
					]
				},
				{
					"name": "left_arm",
					"parent": "arms",
					"pivot": [8, 18, -0.5],
					"cubes": [
						{"origin": [5, 10, -3], "size": [5, 8, 5], "uv": [37, 68], "mirror": true},
						{"origin": [5, 3, -3], "size": [5, 7, 5], "pivot": [7, 10, 2], "rotation": [-60, 0, 0], "uv": [58, 68], "mirror": true},
						{"origin": [5, -1.5, -3], "size": [4, 3, 5], "pivot": [7, 10, 2], "rotation": [-60, 0, 0], "uv": [16, 70], "mirror": true},
						{"origin": [6, -2, -3.5], "size": [4, 3, 2], "pivot": [7, 10, 2], "rotation": [-60, 0, 0], "uv": [0, 0], "mirror": true},
						{"origin": [6, -2, -1.5], "size": [4, 3, 2], "inflate": 0.2, "pivot": [7, 10, 2], "rotation": [-60, 0, 0], "uv": [0, 6], "mirror": true},
						{"origin": [6, -2, 0.5], "size": [4, 3, 2], "pivot": [7, 10, 2], "rotation": [-60, 0, 0], "uv": [0, 0], "mirror": true},
						{"origin": [5, 1, -3], "size": [5, 2, 5], "inflate": 0.3, "pivot": [7, 10, 2], "rotation": [-60, 0, 0], "uv": [68, 29], "mirror": true}
					]
				},
				{
					"name": "legs",
					"parent": "poliwrath",
					"pivot": [0, 6, 0]
				},
				{
					"name": "right_leg",
					"parent": "legs",
					"pivot": [-4, 7, -1],
					"cubes": [
						{"origin": [-6, 2, -3], "size": [4, 6, 4], "pivot": [0, 6, 1], "rotation": [-25, 0, 0], "uv": [0, 75]},
						{"origin": [-6, 0.06524, -4.3157], "size": [4, 4, 4], "pivot": [-4, 4.06524, -4.3157], "rotation": [25, 0, 0], "uv": [75, 64]},
						{"origin": [-6, 0.13048, -5], "size": [4, 2, 6], "uv": [0, 64]}
					]
				},
				{
					"name": "left_leg",
					"parent": "legs",
					"pivot": [4, 7, -1],
					"cubes": [
						{"origin": [2, 2, -3], "size": [4, 6, 4], "pivot": [0, 6, 1], "rotation": [-25, 0, 0], "uv": [0, 75], "mirror": true},
						{"origin": [2, 0.06524, -4.3157], "size": [4, 4, 4], "pivot": [4, 4.06524, -4.3157], "rotation": [25, 0, 0], "uv": [75, 64], "mirror": true},
						{"origin": [2, 0.13048, -5], "size": [4, 2, 6], "uv": [0, 64], "mirror": true}
					]
				}
			]
		},
		{
			"description": {
				"identifier": "geometry.serppoliwrath_aura",
				"texture_width": 96,
				"texture_height": 96,
				"visible_bounds_width": 4,
				"visible_bounds_height": 3.5,
				"visible_bounds_offset": [0, 1.25, 0]
			},
			"bones": [
				{
					"name": "poliwrath",
					"pivot": [0, 0, 0]
				},
				{
					"name": "body_root",
					"parent": "poliwrath",
					"pivot": [0, 6, 0]
				},
				{
					"name": "body",
					"parent": "body_root",
					"pivot": [0, 5, 0],
					"cubes": [
						{"origin": [-7, 7, -7], "size": [14, 13, 14], "inflate": 0.25, "uv": [0, 0]},
						{"origin": [-7, 20, -2], "size": [14, 5, 0], "inflate": 0.25, "uv": [15, 44]},
						{"origin": [-6, 8, -8], "size": [12, 12, 1], "inflate": 0.25, "uv": [67, 41]},
						{"origin": [-7, 7, -8.1], "size": [14, 14, 0], "inflate": 0.25, "uv": [57, 0]},
						{"origin": [-6, 8, 7], "size": [12, 12, 1], "inflate": 0.25, "uv": [57, 15]},
						{"origin": [-8, 12, -6], "size": [1, 7, 12], "inflate": 0.25, "uv": [0, 43]},
						{"origin": [-8, 7, -6], "size": [1, 5, 12], "inflate": 0.25, "pivot": [-8, 12, 0], "rotation": [0, 0, -12.5], "uv": [52, 50]},
						{"origin": [7, 7, -6], "size": [1, 5, 12], "inflate": 0.25, "pivot": [8, 12, 0], "rotation": [0, 0, 12.5], "uv": [15, 52]},
						{"origin": [7, 12, -6], "size": [1, 8, 12], "inflate": 0.25, "uv": [37, 41]},
						{"origin": [-6, 20, -6], "size": [12, 1, 12], "inflate": 0.25, "uv": [0, 29]},
						{"origin": [-5, 6, -5], "size": [10, 1, 10], "inflate": 0.25, "uv": [37, 29]}
					]
				},
				{
					"name": "arms",
					"parent": "body_root",
					"pivot": [0, 15.5, -0.5]
				},
				{
					"name": "right_arm",
					"parent": "arms",
					"pivot": [-8, 18, -0.5],
					"cubes": [
						{"origin": [-10, 10, -3], "size": [5, 8, 5], "inflate": 0.25, "uv": [37, 68]},
						{"origin": [-10, 3, -3], "size": [5, 7, 5], "inflate": 0.25, "pivot": [-7, 10, 2], "rotation": [-60, 0, 0], "uv": [58, 68]},
						{"origin": [-9, -1.5, -3], "size": [4, 3, 5], "inflate": 0.25, "pivot": [-7, 10, 2], "rotation": [-60, 0, 0], "uv": [16, 70]},
						{"origin": [-10, -2, -3.5], "size": [4, 3, 2], "inflate": 0.25, "pivot": [-7, 10, 2], "rotation": [-60, 0, 0], "uv": [0, 0]},
						{"origin": [-10, -2, -1.5], "size": [4, 3, 2], "inflate": 0.25, "pivot": [-7, 10, 2], "rotation": [-60, 0, 0], "uv": [0, 6]},
						{"origin": [-10, -2, 0.5], "size": [4, 3, 2], "inflate": 0.25, "pivot": [-7, 10, 2], "rotation": [-60, 0, 0], "uv": [0, 0]},
						{"origin": [-10, 1, -3], "size": [5, 2, 5], "inflate": 0.25, "pivot": [-7, 10, 2], "rotation": [-60, 0, 0], "uv": [68, 29]}
					]
				},
				{
					"name": "left_arm",
					"parent": "arms",
					"pivot": [8, 18, -0.5],
					"cubes": [
						{"origin": [5, 10, -3], "size": [5, 8, 5], "inflate": 0.25, "uv": [37, 68], "mirror": true},
						{"origin": [5, 3, -3], "size": [5, 7, 5], "inflate": 0.25, "pivot": [7, 10, 2], "rotation": [-60, 0, 0], "uv": [58, 68], "mirror": true},
						{"origin": [5, -1.5, -3], "size": [4, 3, 5], "inflate": 0.25, "pivot": [7, 10, 2], "rotation": [-60, 0, 0], "uv": [16, 70], "mirror": true},
						{"origin": [6, -2, -3.5], "size": [4, 3, 2], "inflate": 0.25, "pivot": [7, 10, 2], "rotation": [-60, 0, 0], "uv": [0, 0], "mirror": true},
						{"origin": [6, -2, -1.5], "size": [4, 3, 2], "inflate": 0.25, "pivot": [7, 10, 2], "rotation": [-60, 0, 0], "uv": [0, 6], "mirror": true},
						{"origin": [6, -2, 0.5], "size": [4, 3, 2], "inflate": 0.25, "pivot": [7, 10, 2], "rotation": [-60, 0, 0], "uv": [0, 0], "mirror": true},
						{"origin": [5, 1, -3], "size": [5, 2, 5], "inflate": 0.25, "pivot": [7, 10, 2], "rotation": [-60, 0, 0], "uv": [68, 29], "mirror": true}
					]
				},
				{
					"name": "legs",
					"parent": "poliwrath",
					"pivot": [0, 6, 0]
				},
				{
					"name": "right_leg",
					"parent": "legs",
					"pivot": [-4, 7, -1],
					"cubes": [
						{"origin": [-6, 2, -3], "size": [4, 6, 4], "inflate": 0.25, "pivot": [0, 6, 1], "rotation": [-25, 0, 0], "uv": [0, 75]},
						{"origin": [-6, 0.06524, -4.3157], "size": [4, 4, 4], "inflate": 0.25, "pivot": [-4, 4.06524, -4.3157], "rotation": [25, 0, 0], "uv": [75, 64]},
						{"origin": [-6, 0.13048, -5], "size": [4, 2, 6], "inflate": 0.25, "uv": [0, 64]}
					]
				},
				{
					"name": "left_leg",
					"parent": "legs",
					"pivot": [4, 7, -1],
					"cubes": [
						{"origin": [2, 2, -3], "size": [4, 6, 4], "inflate": 0.25, "pivot": [0, 6, 1], "rotation": [-25, 0, 0], "uv": [0, 75], "mirror": true},
						{"origin": [2, 0.06524, -4.3157], "size": [4, 4, 4], "inflate": 0.25, "pivot": [4, 4.06524, -4.3157], "rotation": [25, 0, 0], "uv": [75, 64], "mirror": true},
						{"origin": [2, 0.13048, -5], "size": [4, 2, 6], "inflate": 0.25, "uv": [0, 64], "mirror": true}
					]
				},
				{
					"name": "pokedex",
					"pivot": [0, 30, -10],
					"locators": {
						"pokedex": [0, 30, -10]
					}
				}
			]
		}
	]
}