{
	"format_version": "1.12.0",
	"minecraft:geometry": [
		{
			"description": {
				"identifier": "geometry.serppoliwag",
				"texture_width": 64,
				"texture_height": 64,
				"visible_bounds_width": 4,
				"visible_bounds_height": 2.5,
				"visible_bounds_offset": [0, 0.75, 0]
			},
			"bones": [
				{
					"name": "poliwag",
					"pivot": [0, 0, 0]
				},
				{
					"name": "body_root",
					"parent": "poliwag",
					"pivot": [0, 1, 0]
				},
				{
					"name": "body",
					"parent": "body_root",
					"pivot": [0, 1, 0],
					"cubes": [
						{"origin": [-5, 1.5, -3], "size": [10, 7, 6], "uv": [0, 0]},
						{"origin": [-4.5, 2, -3.5], "size": [9, 6, 1], "uv": [24, 31]},
						{"origin": [-4.5, 2, 2.5], "size": [9, 6, 1], "uv": [24, 31]},
						{"origin": [-4.5, 1, -3.55], "size": [9, 8, 0], "uv": [0, 32]},
						{"origin": [-1.5, 6.5, -4.5], "size": [3, 2, 1], "uv": [19, 23]},
						{"origin": [-4.5, 8, -3.5], "size": [2, 3.6, 1], "pivot": [-4.5, 8, -0.5], "rotation": [0, 0, 33.7], "uv": [0, 14]},
						{"origin": [-4.5, 8, 2.5], "size": [2, 3.6, 1], "pivot": [-4.5, 8, -0.5], "rotation": [0, 0, 33.7], "uv": [0, 14]},
						{"origin": [2.5, 8, -3.5], "size": [2, 3.6, 1], "pivot": [4.5, 8, -0.5], "rotation": [0, 0, -33.7], "uv": [0, 14], "mirror": true},
						{"origin": [2.5, 8, 2.5], "size": [2, 3.6, 1], "pivot": [4.5, 8, -0.5], "rotation": [0, 0, -33.7], "uv": [0, 14], "mirror": true},
						{"origin": [-5, 8.5, -3], "size": [2, 3.6, 6], "pivot": [-5, 8.5, 0], "rotation": [0, 0, 33.7], "uv": [33, 0]},
						{"origin": [3, 8.5, -3], "size": [2, 3.6, 6], "pivot": [5, 8.5, 0], "rotation": [0, 0, -33.7], "uv": [33, 0], "mirror": true},
						{"origin": [-3, 8.5, -3], "size": [6, 3, 6], "uv": [0, 22]},
						{"origin": [-2.5, 8, -3.5], "size": [5, 3, 1], "uv": [15, 43]},
						{"origin": [-2.5, 8, 2.5], "size": [5, 3, 1], "uv": [15, 43]},
						{"origin": [-3, 0.5, -3], "size": [6, 1, 6], "uv": [25, 23]},
						{"origin": [-2.5, 1, -3.5], "size": [5, 1, 1], "uv": [44, 0]},
						{"origin": [-2.5, 1, 2.5], "size": [5, 1, 1], "uv": [44, 0]},
						{"origin": [-5.23, 0.5, -3], "size": [2.23, 1, 6], "pivot": [-3, 0.5, 0], "rotation": [0, 0, 26.6], "uv": [13, 35]},
						{"origin": [3, 0.5, -3], "size": [2.23, 1, 6], "pivot": [3, 0.5, 0], "rotation": [0, 0, -26.6], "uv": [13, 35], "mirror": true},
						{"origin": [-4.73, 1, -3.5], "size": [2.23, 1, 1], "pivot": [-2.5, 1, -0.5], "rotation": [0, 0, 26.6], "uv": [20, 14]},
						{"origin": [-4.73, 1, 2.5], "size": [2.23, 1, 1], "pivot": [-2.5, 1, -0.5], "rotation": [0, 0, 26.6], "uv": [20, 14]},
						{"origin": [2.5, 1, -3.5], "size": [2.23, 1, 1], "pivot": [2.5, 1, -0.5], "rotation": [0, 0, -26.6], "uv": [20, 14], "mirror": true},
						{"origin": [2.5, 1, 2.5], "size": [2.23, 1, 1], "pivot": [2.5, 1, -0.5], "rotation": [0, 0, -26.6], "uv": [20, 14], "mirror": true}
					]
				},
				{
					"name": "open_eyes",
					"parent": "body",
					"pivot": [0, 1, 0],
					"cubes": [
						{"origin": [-4, 7, -3.55], "size": [8, 4, 0], "uv": [0, 48]}
					]
				},
				{
					"name": "closed_eyes",
					"parent": "body",
					"pivot": [0, 1, 0],
					"cubes": [
						{"origin": [-4, 7, -3.55], "size": [8, 4, 0], "uv": [0, 52]}
					]
				},
				{
					"name": "angry_eyes",
					"parent": "body",
					"pivot": [0, 1, 0],
					"cubes": [
						{"origin": [-4, 7, -3.55], "size": [8, 4, 0], "uv": [0, 56]}
					]
				},
				{
					"name": "tail",
					"parent": "body",
					"pivot": [0, 1, 3.5],
					"cubes": [
						{"origin": [-3, 1, 2.5], "size": [6, 0, 8], "uv": [19, 14]}
					]
				},
				{
					"name": "tail2",
					"parent": "tail",
					"pivot": [0, 1, 10.5],
					"cubes": [
						{"origin": [-3, 1, 10.5], "size": [6, 0, 7], "uv": [0, 14]}
					]
				},
				{
					"name": "head",
					"parent": "body_root",
					"pivot": [0, 1, 0]
				},
				{
					"name": "legs",
					"parent": "poliwag",
					"pivot": [0, 1, 0]
				},
				{
					"name": "right_leg",
					"parent": "legs",
					"pivot": [-2, 2, -0.5],
					"cubes": [
						{"origin": [-3, 0, -5], "size": [2, 1, 5], "uv": [0, 41]}
					]
				},
				{
					"name": "left_leg",
					"parent": "legs",
					"pivot": [2, 2, -0.5],
					"cubes": [
						{"origin": [1, 0, -5], "size": [2, 1, 5], "uv": [0, 41], "mirror": true}
					]
				}
			]
		},
		{
			"description": {
				"identifier": "geometry.serppoliwag_aura",
				"texture_width": 64,
				"texture_height": 64,
				"visible_bounds_width": 4,
				"visible_bounds_height": 2.5,
				"visible_bounds_offset": [0, 0.75, 0]
			},
			"bones": [
				{
					"name": "poliwag",
					"pivot": [0, 0, 0]
				},
				{
					"name": "body_root",
					"parent": "poliwag",
					"pivot": [0, 1, 0]
				},
				{
					"name": "body",
					"parent": "body_root",
					"pivot": [0, -2, 0],
					"cubes": [
						{"origin": [-5, 1.5, -3], "size": [10, 7, 6], "inflate": 0.25, "uv": [0, 0]},
						{"origin": [-4.5, 2, -3.5], "size": [9, 6, 1], "inflate": 0.25, "uv": [33, 0]},
						{"origin": [-4.5, 2, 2.5], "size": [9, 6, 1], "inflate": 0.25, "uv": [0, 32]},
						{"origin": [-4.5, 1, -3.55], "size": [9, 10, 0], "inflate": 0.25, "uv": [25, 31]},
						{"origin": [-1.5, 6.5, -4.5], "size": [3, 2, 1], "inflate": 0.25, "uv": [19, 23]},
						{"origin": [-4.5, 8, -3.5], "size": [2, 3.6, 1], "inflate": 0.25, "pivot": [-4.5, 8, -0.5], "rotation": [0, 0, 33.7], "uv": [40, 16]},
						{"origin": [-4.5, 8, 2.5], "size": [2, 3.6, 1], "inflate": 0.25, "pivot": [-4.5, 8, -0.5], "rotation": [0, 0, 33.7], "uv": [20, 14]},
						{"origin": [2.5, 8, 2.5], "size": [2, 3.6, 1], "inflate": 0.25, "pivot": [4.5, 8, -0.5], "rotation": [0, 0, -33.7], "uv": [0, 14]},
						{"origin": [2.5, 8, -3.5], "size": [2, 3.6, 1], "inflate": 0.25, "pivot": [4.5, 8, -0.5], "rotation": [0, 0, -33.7], "uv": [11, 40]},
						{"origin": [-5, 8.5, -3], "size": [2, 3.6, 6], "inflate": 0.25, "pivot": [-5, 8.5, 0], "rotation": [0, 0, 33.7], "uv": [38, 36]},
						{"origin": [3, 8.5, -3], "size": [2, 3.6, 6], "inflate": 0.25, "pivot": [5, 8.5, 0], "rotation": [0, 0, -33.7], "uv": [0, 40]},
						{"origin": [-3, 8.5, -3], "size": [6, 3, 6], "inflate": 0.25, "uv": [0, 22]},
						{"origin": [-2.5, 8, -3.5], "size": [5, 3, 1], "inflate": 0.25, "uv": [44, 31]},
						{"origin": [-2.5, 8, 2.5], "size": [5, 3, 1], "inflate": 0.25, "uv": [33, 8]},
						{"origin": [-3, 0.5, -3], "size": [6, 1, 6], "inflate": 0.25, "uv": [25, 23]},
						{"origin": [-2.5, 1, -3.5], "size": [5, 1, 1], "inflate": 0.25, "uv": [34, 46]},
						{"origin": [-2.5, 1, 2.5], "size": [5, 1, 1], "inflate": 0.25, "uv": [44, 25]},
						{"origin": [-5.23, 0.5, -3], "size": [2.23, 1, 6], "inflate": 0.25, "pivot": [-3, 0.5, 0], "rotation": [0, 0, 26.6], "uv": [40, 8]},
						{"origin": [-4.73, 1, -3.5], "size": [2.23, 1, 1], "inflate": 0.25, "pivot": [-2.5, 1, -0.5], "rotation": [0, 0, 26.6], "uv": [49, 36]},
						{"origin": [-4.73, 1, 2.5], "size": [2.23, 1, 1], "inflate": 0.25, "pivot": [-2.5, 1, -0.5], "rotation": [0, 0, 26.6], "uv": [47, 46]},
						{"origin": [2.5, 1, 2.5], "size": [2.23, 1, 1], "inflate": 0.25, "pivot": [2.5, 1, -0.5], "rotation": [0, 0, -26.6], "uv": [28, 42]},
						{"origin": [2.5, 1, -3.5], "size": [2.23, 1, 1], "inflate": 0.25, "pivot": [2.5, 1, -0.5], "rotation": [0, 0, -26.6], "uv": [33, 49]},
						{"origin": [3, 0.5, -3], "size": [2.23, 1, 6], "inflate": 0.25, "pivot": [3, 0.5, 0], "rotation": [0, 0, -26.6], "uv": [17, 42]}
					]
				},
				{
					"name": "tail",
					"parent": "body_root",
					"pivot": [0, 1, 3.5],
					"cubes": [
						{"origin": [-3, 1, 3.5], "size": [6, 0, 7], "inflate": 0.25, "uv": [20, 15]}
					]
				},
				{
					"name": "tail2",
					"parent": "tail",
					"pivot": [0, 1, 10.5],
					"cubes": [
						{"origin": [-3, 1, 10.5], "size": [6, 0, 7], "inflate": 0.25, "uv": [0, 14]}
					]
				},
				{
					"name": "legs",
					"parent": "poliwag",
					"pivot": [0, 0, 0]
				},
				{
					"name": "right_leg",
					"parent": "legs",
					"pivot": [-2, 2, -0.5],
					"cubes": [
						{"origin": [-2.5, 0, -1], "size": [1, 2, 1], "inflate": 0.25, "uv": [0, 0]},
						{"origin": [-3, 0, -5], "size": [2, 1, 5], "inflate": 0.25, "uv": [44, 18]}
					]
				},
				{
					"name": "left_leg",
					"parent": "legs",
					"pivot": [2, 2, -0.5],
					"cubes": [
						{"origin": [1.5, 0, -1], "size": [1, 2, 1], "inflate": 0.25, "uv": [0, 0], "mirror": true},
						{"origin": [1, 0, -5], "size": [2, 1, 5], "inflate": 0.25, "uv": [44, 18], "mirror": true}
					]
				},
				{
					"name": "pokedex",
					"pivot": [0, 28, 0],
					"locators": {
						"pokedex": [0, 28, 0]
					}
				}
			]
		}
	]
}