{
	"format_version": "1.12.0",
	"minecraft:geometry": [
		{
			"description": {
				"identifier": "geometry.serppoliwhirl",
				"texture_width": 80,
				"texture_height": 80,
				"visible_bounds_width": 4,
				"visible_bounds_height": 2.5,
				"visible_bounds_offset": [0, 0.75, 0]
			},
			"bones": [
				{
					"name": "poliwhirl",
					"pivot": [0, 0, 0]
				},
				{
					"name": "body_root",
					"parent": "poliwhirl",
					"pivot": [0, 3, 0]
				},
				{
					"name": "body",
					"parent": "body_root",
					"pivot": [0, 2, 0],
					"cubes": [
						{"origin": [-6, 4, -6], "size": [12, 12, 12], "uv": [0, 0]},
						{"origin": [-5, 5, -7], "size": [10, 10, 1], "uv": [49, 12]},
						{"origin": [-6, 4, -7.1], "size": [12, 12, 0], "inflate": 0.02, "uv": [46, 39]},
						{"origin": [-5, 5, 6], "size": [10, 10, 1], "uv": [37, 0]},
						{"origin": [-7, 5, -5], "size": [1, 10, 10], "uv": [23, 39]},
						{"origin": [6, 5, -5], "size": [1, 10, 10], "uv": [0, 37]},
						{"origin": [-5, 16, -5], "size": [10, 1, 10], "uv": [31, 27]},
						{"origin": [-7, 15.5, -1], "size": [5, 6, 0], "inflate": 0.01, "pivot": [-2, 16, 0], "rotation": [0, 0, -10], "uv": [0, 0]},
						{"origin": [2, 15.5, -1], "size": [5, 6, 0], "inflate": 0.01, "pivot": [2, 16, 0], "rotation": [0, 0, 10], "uv": [0, 0], "mirror": true},
						{"origin": [-5, 3, -5], "size": [10, 1, 10], "uv": [0, 25]}
					]
				},
				{
					"name": "arms",
					"parent": "body_root",
					"pivot": [0, 12.5, -0.5]
				},
				{
					"name": "right_arm",
					"parent": "arms",
					"pivot": [-7, 12.5, -0.5],
					"cubes": [
						{"origin": [-9, 11, -2], "size": [3, 3, 3], "uv": [13, 58]},
						{"origin": [-11, 11, -2], "size": [2, 3, 3], "pivot": [-9, 14, 0], "rotation": [0, 0, -30], "uv": [0, 58]},
						{"origin": [-16, 10.5, -2.5], "size": [4, 4, 4], "pivot": [-9, 14, 0], "rotation": [0, 0, -30], "uv": [46, 52]},
						{"origin": [-14, 10.5, -3], "size": [2, 2, 1], "pivot": [-9, 14, 0], "rotation": [0, 0, -30], "uv": [31, 25]},
						{"origin": [-12, 11, -2], "size": [1, 3, 3], "inflate": 0.2, "pivot": [-9, 14, 0], "rotation": [0, 0, -30], "uv": [0, 25]}
					]
				},
				{
					"name": "left_arm",
					"parent": "arms",
					"pivot": [7, 12.5, -0.5],
					"cubes": [
						{"origin": [6, 11, -2], "size": [3, 3, 3], "uv": [13, 58], "mirror": true},
						{"origin": [9, 11, -2], "size": [2, 3, 3], "pivot": [9, 14, 0], "rotation": [0, 0, 30], "uv": [0, 58], "mirror": true},
						{"origin": [12, 10.5, -2.5], "size": [4, 4, 4], "pivot": [9, 14, 0], "rotation": [0, 0, 30], "uv": [46, 52], "mirror": true},
						{"origin": [12, 10.5, -3], "size": [2, 2, 1], "pivot": [9, 14, 0], "rotation": [0, 0, 30], "uv": [31, 25], "mirror": true},
						{"origin": [11, 11, -2], "size": [1, 3, 3], "inflate": 0.2, "pivot": [9, 14, 0], "rotation": [0, 0, 30], "uv": [0, 25], "mirror": true}
					]
				},
				{
					"name": "legs",
					"parent": "poliwhirl",
					"pivot": [0, 3, 0]
				},
				{
					"name": "right_leg",
					"parent": "legs",
					"pivot": [-3, 3, 0],
					"cubes": [
						{"origin": [-4, 2, -1], "size": [2, 2, 2], "uv": [0, 6]},
						{"origin": [-4.5, 0, -5], "size": [3, 2, 6], "uv": [13, 37]}
					]
				},
				{
					"name": "left_leg",
					"parent": "legs",
					"pivot": [3, 3, 0],
					"cubes": [
						{"origin": [2, 2, -1], "size": [2, 2, 2], "uv": [0, 6], "mirror": true},
						{"origin": [1.5, 0, -5], "size": [3, 2, 6], "uv": [13, 37], "mirror": true}
					]
				}
			]
		},
		{
			"description": {
				"identifier": "geometry.serppoliwhirl_aura",
				"texture_width": 80,
				"texture_height": 80,
				"visible_bounds_width": 4,
				"visible_bounds_height": 2.5,
				"visible_bounds_offset": [0, 0.75, 0]
			},
			"bones": [
				{
					"name": "poliwhirl",
					"pivot": [0, 0, 0]
				},
				{
					"name": "body_root",
					"parent": "poliwhirl",
					"pivot": [0, 3, 0]
				},
				{
					"name": "body",
					"parent": "body_root",
					"pivot": [0, 2, 0],
					"cubes": [
						{"origin": [-6, 4, -6], "size": [12, 12, 12], "inflate": 0.25, "uv": [0, 0]},
						{"origin": [-5, 5, -7], "size": [10, 10, 1], "inflate": 0.25, "uv": [49, 12]},
						{"origin": [-6, 4, -7.1], "size": [12, 12, 0], "inflate": 0.25, "uv": [46, 39]},
						{"origin": [-5, 5, 6], "size": [10, 10, 1], "inflate": 0.25, "uv": [37, 0]},
						{"origin": [-7, 5, -5], "size": [1, 10, 10], "inflate": 0.25, "uv": [23, 39]},
						{"origin": [6, 5, -5], "size": [1, 10, 10], "inflate": 0.25, "uv": [0, 37]},
						{"origin": [-5, 16, -5], "size": [10, 1, 10], "inflate": 0.25, "uv": [31, 27]},
						{"origin": [-7, 15.5, -1], "size": [5, 6, 0], "inflate": 0.25, "pivot": [-2, 16, 0], "rotation": [0, 0, -10], "uv": [0, 0]},
						{"origin": [2, 15.5, -1], "size": [5, 6, 0], "inflate": 0.25, "pivot": [2, 16, 0], "rotation": [0, 0, 10], "uv": [0, 0], "mirror": true},
						{"origin": [-5, 3, -5], "size": [10, 1, 10], "inflate": 0.25, "uv": [0, 25]}
					]
				},
				{
					"name": "arms",
					"parent": "body_root",
					"pivot": [0, 12.5, -0.5]
				},
				{
					"name": "right_arm",
					"parent": "arms",
					"pivot": [-7, 12.5, -0.5],
					"cubes": [
						{"origin": [-9, 11, -2], "size": [3, 3, 3], "inflate": 0.25, "uv": [13, 58]},
						{"origin": [-11, 11, -2], "size": [2, 3, 3], "inflate": 0.25, "pivot": [-9, 14, 0], "rotation": [0, 0, -30], "uv": [0, 58]},
						{"origin": [-16, 10.5, -2.5], "size": [4, 4, 4], "inflate": 0.25, "pivot": [-9, 14, 0], "rotation": [0, 0, -30], "uv": [46, 52]},
						{"origin": [-14, 10.5, -3], "size": [2, 2, 1], "inflate": 0.25, "pivot": [-9, 14, 0], "rotation": [0, 0, -30], "uv": [31, 25]},
						{"origin": [-12, 11, -2], "size": [1, 3, 3], "inflate": 0.25, "pivot": [-9, 14, 0], "rotation": [0, 0, -30], "uv": [0, 25]}
					]
				},
				{
					"name": "left_arm",
					"parent": "arms",
					"pivot": [7, 12.5, -0.5],
					"cubes": [
						{"origin": [6, 11, -2], "size": [3, 3, 3], "inflate": 0.25, "uv": [13, 58], "mirror": true},
						{"origin": [9, 11, -2], "size": [2, 3, 3], "inflate": 0.25, "pivot": [9, 14, 0], "rotation": [0, 0, 30], "uv": [0, 58], "mirror": true},
						{"origin": [12, 10.5, -2.5], "size": [4, 4, 4], "inflate": 0.25, "pivot": [9, 14, 0], "rotation": [0, 0, 30], "uv": [46, 52], "mirror": true},
						{"origin": [12, 10.5, -3], "size": [2, 2, 1], "inflate": 0.25, "pivot": [9, 14, 0], "rotation": [0, 0, 30], "uv": [31, 25], "mirror": true},
						{"origin": [11, 11, -2], "size": [1, 3, 3], "inflate": 0.25, "pivot": [9, 14, 0], "rotation": [0, 0, 30], "uv": [0, 25], "mirror": true}
					]
				},
				{
					"name": "legs",
					"parent": "poliwhirl",
					"pivot": [0, 3, 0]
				},
				{
					"name": "right_leg",
					"parent": "legs",
					"pivot": [-3, 3, 0],
					"cubes": [
						{"origin": [-4, 2, -1], "size": [2, 2, 2], "inflate": 0.25, "uv": [0, 6]},
						{"origin": [-4.5, 0, -5], "size": [3, 2, 6], "inflate": 0.25, "uv": [13, 37]}
					]
				},
				{
					"name": "left_leg",
					"parent": "legs",
					"pivot": [3, 3, 0],
					"cubes": [
						{"origin": [2, 2, -1], "size": [2, 2, 2], "inflate": 0.25, "uv": [0, 6], "mirror": true},
						{"origin": [1.5, 0, -5], "size": [3, 2, 6], "inflate": 0.25, "uv": [13, 37], "mirror": true}
					]
				},
				{
					"name": "pokedex",
					"pivot": [0, 34, -3],
					"locators": {
						"pokedex": [0, 34, -3]
					}
				}
			]
		}
	]
}