{
	"format_version": "1.12.0",
	"minecraft:geometry": [
		{
			"description": {
				"identifier": "geometry.serppersian",
				"texture_width": 128,
				"texture_height": 128,
				"visible_bounds_width": 4,
				"visible_bounds_height": 3.5,
				"visible_bounds_offset": [0, 1.25, 0]
			},
			"bones": [
				{
					"name": "persian",
					"pivot": [0, 0, 0]
				},
				{
				"name": "pokedex",
				"pivot": [0, 33, -10],
				"locators": {
		"pokedex": [0, 33, -10]
					}
				},
				{
					"name": "head",
					"parent": "persian",
					"pivot": [0, 13, -8],
					"cubes": [
						{"origin": [-3, 12, -13], "size": [6, 6, 6], "uv": [33, 0]},
						{"origin": [-4.2, 17.5, -11], "size": [4, 4, 0], "inflate": 0.01, "pivot": [-1, 18, -10], "rotation": [0, 30, -40], "uv": [64, 55]},
						{"origin": [0.2, 17.5, -11], "size": [4, 4, 0], "inflate": 0.01, "pivot": [1, 18, -10], "rotation": [0, -30, 40], "uv": [64, 50]},
						{"origin": [2.5, 12.5, -12.5], "size": [1, 5, 5], "uv": [0, 40]},
						{"origin": [2.5, 12, -11.5], "size": [5, 4, 0], "pivot": [3.5, 15, -11.5], "rotation": [0, -45, 0], "uv": [64, 16]},
						{"origin": [-8.5, 12, -10.5], "size": [5, 4, 0], "pivot": [-3.5, 15, -11.5], "rotation": [0, 45, 0], "uv": [63, 37]},
						{"origin": [-3.5, 12.5, -12.5], "size": [1, 5, 5], "uv": [30, 23]},
						{"origin": [-2.5, 12.5, -7.5], "size": [5, 5, 1], "uv": [58, 9]},
						{"origin": [-2, 12.5, -14.5], "size": [4, 2, 2], "uv": [61, 44]},
						{"origin": [-1.5, 12, -14], "size": [3, 1, 2], "uv": [18, 15]}
					]
				},
				{
					"name": "body",
					"parent": "persian",
					"pivot": [0, 10, 0],
					"cubes": [
						{"origin": [-4, 7, -8], "size": [8, 6, 16], "uv": [0, 0]},
						{"origin": [-3.5, 12.5, -7.5], "size": [7, 1, 15], "uv": [0, 23]},
						{"origin": [-3.5, 6.5, -7.5], "size": [7, 1, 7], "uv": [42, 16]},
						{"origin": [-4.5, 7.5, -7.5], "size": [1, 5, 15], "uv": [0, 40]},
						{"origin": [3.5, 7.5, -7.5], "size": [1, 5, 15], "uv": [30, 25]},
						{"origin": [-3.5, 7.5, 7.5], "size": [7, 5, 1], "uv": [48, 25]},
						{"origin": [-3.5, 7.5, -8.5], "size": [7, 5, 1], "uv": [37, 46]}
					]
				},
				{
					"name": "tail",
					"parent": "body",
					"pivot": [0, 13, 8],
					"cubes": [
						{"origin": [-1, 11, 8], "size": [2, 2, 7], "uv": [18, 40]},
						{"origin": [-1, 11, 15], "size": [2, 2, 5], "pivot": [0, 13, 15], "rotation": [-25, 0, 0], "uv": [48, 32]},
						{"origin": [-1, 9, 20], "size": [2, 4, 4], "pivot": [0, 13, 15], "rotation": [-25, 0, 0], "uv": [13, 61]}
					]
				},
				{
					"name": "front_legs",
					"parent": "persian",
					"pivot": [0, 10, -5],
					"cubes": [
						{"origin": [2, 6, -7], "size": [3, 5, 3], "pivot": [3, 11, -4], "rotation": [20, 0, 0], "uv": [0, 61]},
						{"origin": [-5, 6, -7], "size": [3, 5, 3], "pivot": [-3, 11, -4], "rotation": [20, 0, 0], "uv": [56, 60]},
						{"origin": [2, 0.30154, -5.2899], "size": [3, 6, 3], "uv": [33, 53]},
						{"origin": [-5, 0.30154, -5.2899], "size": [3, 6, 3], "uv": [51, 50]},
						{"origin": [2, 0, -6.2899], "size": [3, 1, 3], "uv": [26, 63]},
						{"origin": [-5, 0, -6.2899], "size": [3, 1, 3], "uv": [18, 50]}
					]
				},
				{
					"name": "back_legs",
					"parent": "persian",
					"pivot": [0, 10, 4],
					"cubes": [
						{"origin": [2, 5, 3], "size": [3, 6, 4], "pivot": [4, 11, 5], "rotation": [20, 0, 0], "uv": [0, 0]},
						{"origin": [-5, 5, 3], "size": [3, 6, 4], "pivot": [-4, 11, 5], "rotation": [20, 0, 0], "uv": [0, 23]},
						{"origin": [-5, 1.04588, 5.93151], "size": [3, 5, 3], "uv": [58, 0]},
						{"origin": [2, 1.04588, 5.93151], "size": [3, 5, 3], "uv": [43, 60]},
						{"origin": [2, 0.04588, 4.93151], "size": [3, 1, 3], "uv": [18, 50]},
						{"origin": [-5, 0.04588, 4.93151], "size": [3, 1, 3], "uv": [26, 63]}
					]
				}
			]
		},
		{
			"description": {
				"identifier": "geometry.serppersian_aura",
				"texture_width": 128,
				"texture_height": 128,
				"visible_bounds_width": 4,
				"visible_bounds_height": 3.5,
				"visible_bounds_offset": [0, 1.25, 0]
			},
			"bones": [
				{
					"name": "persian",
					"pivot": [0, 0, 0]
				},
				{
					"name": "head",
					"parent": "persian",
					"pivot": [0, 13, -8],
					"cubes": [
						{"origin": [-3, 12, -13], "size": [6, 6, 6], "inflate": 0.25, "uv": [33, 0]},
						{"origin": [-4.2, 17.5, -11], "size": [4, 4, 0], "inflate": 0.25, "pivot": [-1, 18, -10], "rotation": [0, 30, -40], "uv": [64, 55]},
						{"origin": [0.2, 17.5, -11], "size": [4, 4, 0], "inflate": 0.25, "pivot": [1, 18, -10], "rotation": [0, -30, 40], "uv": [64, 50]},
						{"origin": [2.5, 12.5, -12.5], "size": [1, 5, 5], "inflate": 0.25, "uv": [0, 40]},
						{"origin": [2.5, 12, -11.5], "size": [5, 4, 0], "inflate": 0.25, "pivot": [3.5, 15, -11.5], "rotation": [0, -45, 0], "uv": [64, 16]},
						{"origin": [-8.5, 12, -10.5], "size": [5, 4, 0], "inflate": 0.25, "pivot": [-3.5, 15, -11.5], "rotation": [0, 45, 0], "uv": [63, 37]},
						{"origin": [-3.5, 12.5, -12.5], "size": [1, 5, 5], "inflate": 0.25, "uv": [30, 23]},
						{"origin": [-2.5, 12.5, -7.5], "size": [5, 5, 1], "inflate": 0.25, "uv": [58, 9]},
						{"origin": [-2, 12.5, -14.5], "size": [4, 2, 2], "inflate": 0.25, "uv": [61, 44]},
						{"origin": [-1.5, 12, -14], "size": [3, 1, 2], "inflate": 0.25, "uv": [18, 15]}
					]
				},
				{
					"name": "body",
					"parent": "persian",
					"pivot": [0, 10, 0],
					"cubes": [
						{"origin": [-4, 7, -8], "size": [8, 6, 16], "inflate": 0.25, "uv": [0, 0]},
						{"origin": [-3.5, 12.5, -7.5], "size": [7, 1, 15], "inflate": 0.25, "uv": [0, 23]},
						{"origin": [-3.5, 6.5, -7.5], "size": [7, 1, 7], "inflate": 0.25, "uv": [42, 16]},
						{"origin": [-4.5, 7.5, -7.5], "size": [1, 5, 15], "inflate": 0.25, "uv": [0, 40]},
						{"origin": [3.5, 7.5, -7.5], "size": [1, 5, 15], "inflate": 0.25, "uv": [30, 25]},
						{"origin": [-3.5, 7.5, 7.5], "size": [7, 5, 1], "inflate": 0.25, "uv": [48, 25]},
						{"origin": [-3.5, 7.5, -8.5], "size": [7, 5, 1], "inflate": 0.25, "uv": [37, 46]}
					]
				},
				{
					"name": "tail",
					"parent": "body",
					"pivot": [0, 13, 8],
					"cubes": [
						{"origin": [-1, 11, 8], "size": [2, 2, 7], "inflate": 0.25, "uv": [18, 40]},
						{"origin": [-1, 11, 15], "size": [2, 2, 5], "inflate": 0.25, "pivot": [0, 13, 15], "rotation": [-25, 0, 0], "uv": [48, 32]},
						{"origin": [-1, 9, 20], "size": [2, 4, 4], "inflate": 0.25, "pivot": [0, 13, 15], "rotation": [-25, 0, 0], "uv": [13, 61]}
					]
				},
				{
					"name": "front_legs",
					"parent": "persian",
					"pivot": [0, 10, -5],
					"cubes": [
						{"origin": [2, 6, -7], "size": [3, 5, 3], "inflate": 0.25, "pivot": [3, 11, -4], "rotation": [20, 0, 0], "uv": [0, 61]},
						{"origin": [-5, 6, -7], "size": [3, 5, 3], "inflate": 0.25, "pivot": [-3, 11, -4], "rotation": [20, 0, 0], "uv": [56, 60]},
						{"origin": [2, 0.30154, -5.2899], "size": [3, 6, 3], "inflate": 0.25, "uv": [33, 53]},
						{"origin": [-5, 0.30154, -5.2899], "size": [3, 6, 3], "inflate": 0.25, "uv": [51, 50]},
						{"origin": [2, 0, -6.2899], "size": [3, 1, 3], "inflate": 0.25, "uv": [26, 63]},
						{"origin": [-5, 0, -6.2899], "size": [3, 1, 3], "inflate": 0.25, "uv": [18, 50]}
					]
				},
				{
					"name": "back_legs",
					"parent": "persian",
					"pivot": [0, 10, 4],
					"cubes": [
						{"origin": [2, 5, 3], "size": [3, 6, 4], "inflate": 0.25, "pivot": [4, 11, 5], "rotation": [20, 0, 0], "uv": [0, 0]},
						{"origin": [-5, 5, 3], "size": [3, 6, 4], "inflate": 0.25, "pivot": [-4, 11, 5], "rotation": [20, 0, 0], "uv": [0, 23]},
						{"origin": [-5, 1.04588, 5.93151], "size": [3, 5, 3], "inflate": 0.25, "uv": [58, 0]},
						{"origin": [2, 1.04588, 5.93151], "size": [3, 5, 3], "inflate": 0.25, "uv": [43, 60]},
						{"origin": [2, 0.04588, 4.93151], "size": [3, 1, 3], "inflate": 0.25, "uv": [18, 50]},
						{"origin": [-5, 0.04588, 4.93151], "size": [3, 1, 3], "inflate": 0.25, "uv": [26, 63]}
					]
				},
				{
					"name": "pokedex",
					"pivot": [0, 33, -10],
					"locators": {
						"pokedex": [0, 33, -10]
					}
				}
			]
		}
	]
}