{
	"format_version": "1.12.0",
	"minecraft:geometry": [
		{
			"description": {
				"identifier": "geometry.serpmeowth",
				"texture_width": 64,
				"texture_height": 64,
				"visible_bounds_width": 3,
				"visible_bounds_height": 2.5,
				"visible_bounds_offset": [0, 0.75, 0]
			},
			"bones": [
				{
					"name": "meowth",
					"pivot": [0, 0, 0]
				},
				{
				"name": "pokedex",
				"parent": "meowth",
				"pivot": [0, 37, 0],
				"locators": {
		"pokedex": [0, 37, 0]
					}
				},
				{
					"name": "body",
					"parent": "meowth",
					"pivot": [0, 8, 0],
					"cubes": [
						{"origin": [-2.5, 4, -3], "size": [5, 7, 5], "uv": [22, 24]},
						{"origin": [-2.5, 4.5, -3.5], "size": [5, 6, 1], "uv": [39, 37]},
						{"origin": [-2, 10.5, -2.5], "size": [4, 1, 4], "uv": [23, 18]},
						{"origin": [-2.5, 4.5, 1.5], "size": [5, 6, 1], "uv": [26, 37]},
						{"origin": [-3, 4.5, -2.5], "size": [1, 6, 4], "uv": [34, 0]},
						{"origin": [2, 4.5, -2.5], "size": [1, 6, 4], "uv": [15, 33]}
					]
				},
				{
					"name": "head",
					"parent": "body",
					"pivot": [0, 11.5, 0],
					"cubes": [
						{"origin": [-4, 12, -4], "size": [8, 5, 7], "uv": [0, 0]},
						{"origin": [-1, 16, -4.1], "size": [2, 3, 0], "pivot": [0, 17, -4], "rotation": [-20, 0, 0], "uv": [43, 27]},
						{"origin": [-5, 16.5, -1], "size": [4, 4, 0], "inflate": 0.01, "pivot": [-3, 17, -1], "rotation": [0, 0, -30], "uv": [16, 44]},
						{"origin": [1, 16.5, -1], "size": [4, 4, 0], "inflate": 0.01, "pivot": [3, 17, -1], "rotation": [0, 0, 30], "uv": [44, 13]},
						{"origin": [-9, 15, -3], "size": [5, 1, 0], "pivot": [-4, 15.5, -3], "rotation": [0, 20, 15], "uv": [46, 20]},
						{"origin": [4, 15, -3], "size": [5, 1, 0], "pivot": [4, 15.5, -3], "rotation": [0, -20, -15], "uv": [39, 45]},
						{"origin": [4, 13.5, -3], "size": [5, 1, 0], "pivot": [4, 15.5, -3], "rotation": [0, -20, 15], "uv": [28, 45]},
						{"origin": [-9, 13.5, -3], "size": [5, 1, 0], "pivot": [-4, 15.5, -3], "rotation": [0, 20, -15], "uv": [45, 3]},
						{"origin": [-2, 17.5, -3.5], "size": [1, 5, 0], "pivot": [-1, 17.5, -3.5], "rotation": [-25, 0, -10], "uv": [0, 47]},
						{"origin": [1, 17.5, -3.5], "size": [1, 5, 0], "pivot": [1, 17.5, -3.5], "rotation": [-25, 0, 10], "uv": [21, 13]},
						{"origin": [3.5, 12.5, -3.5], "size": [1, 4, 6], "uv": [0, 29]},
						{"origin": [-4.5, 12.5, -3.5], "size": [1, 4, 6], "uv": [25, 7]},
						{"origin": [-3.5, 16.5, -3.5], "size": [7, 1, 6], "uv": [0, 21]},
						{"origin": [-3.5, 11.5, -3.5], "size": [7, 1, 6], "uv": [0, 13]}
					]
				},
				{
					"name": "arms",
					"parent": "body",
					"pivot": [0, 10, 0]
				},
				{
					"name": "right_arm",
					"parent": "arms",
					"pivot": [-3, 10, -0.5],
					"rotation": [0, 0, -40],
					"cubes": [
						{"origin": [-10, 9, -1], "size": [7, 1, 1], "uv": [43, 34]},
						{"origin": [-12, 9, -1], "size": [2, 1, 1], "pivot": [-10, 9.5, -0.5], "rotation": [0, 0, -5], "uv": [46, 22]},
						{"origin": [-12, 8.9, -1], "size": [2, 1, 1], "pivot": [-10, 9.5, -0.5], "rotation": [0, 25, -5], "uv": [8, 40]},
						{"origin": [-12, 8.9, -1], "size": [2, 1, 1], "pivot": [-10, 9.5, -0.5], "rotation": [0, -25, -5], "uv": [30, 0]}
					]
				},
				{
					"name": "left_arm",
					"parent": "arms",
					"pivot": [3, 10, -0.5],
					"rotation": [0, 0, 40],
					"cubes": [
						{"origin": [3, 9, -1], "size": [7, 1, 1], "uv": [41, 0]},
						{"origin": [10, 9, -1], "size": [2, 1, 1], "pivot": [10, 9.5, -0.5], "rotation": [0, 0, 5], "uv": [15, 29]},
						{"origin": [10, 8.9, -1], "size": [2, 1, 1], "pivot": [10, 9.5, -0.5], "rotation": [0, -25, 5], "uv": [0, 3]},
						{"origin": [10, 8.9, -1], "size": [2, 1, 1], "pivot": [10, 9.5, -0.5], "rotation": [0, 25, 5], "uv": [0, 0]}
					]
				},
				{
					"name": "tail",
					"parent": "body",
					"pivot": [0, 5.5, 2],
					"cubes": [
						{"origin": [-0.5, 5, 2], "size": [1, 1, 4], "uv": [21, 45]},
						{"origin": [-0.5, 5, 6], "size": [1, 1, 3], "pivot": [1, 5, 6], "rotation": [35, 0, 0], "uv": [9, 29]},
						{"origin": [-0.5, 5, 9], "size": [1, 3, 3], "pivot": [1, 5, 6], "rotation": [35, 0, 0], "uv": [24, 0]}
					]
				},
				{
					"name": "legs",
					"parent": "meowth",
					"pivot": [0, 4, 0]
				},
				{
					"name": "right_leg",
					"parent": "legs",
					"pivot": [-1.5, 4, -0.5],
					"rotation": [0, 15, 0],
					"cubes": [
						{"origin": [-2, 1.14493, -1.0623], "size": [1, 2, 1], "pivot": [0, 1.14493, -0.0623], "rotation": [22.5, 0, 0], "uv": [0, 40]},
						{"origin": [-2, 2, -1], "size": [1, 2, 1], "pivot": [-1.5, 4, 0], "rotation": [-25, 0, 0], "uv": [0, 29]},
						{"origin": [-2, 0, -5.1], "size": [1, 1, 5], "pivot": [0, 0, 0], "rotation": [-1, 0, 0], "uv": [8, 44]},
						{"origin": [-2, 0, -5], "size": [1, 1, 5], "pivot": [-1.5, 1, 0], "rotation": [0, 10, 0], "uv": [43, 27]},
						{"origin": [-2, 0, -5], "size": [1, 1, 5], "pivot": [-1.5, 1, 0], "rotation": [0, -10, 0], "uv": [40, 6]}
					]
				},
				{
					"name": "left_leg",
					"parent": "legs",
					"pivot": [1.5, 4, -0.5],
					"rotation": [0, -15, 0],
					"cubes": [
						{"origin": [1, 1.14493, -1.0623], "size": [1, 2, 1], "pivot": [0, 1.14493, -0.0623], "rotation": [22.5, 0, 0], "uv": [0, 21]},
						{"origin": [1, 2, -1], "size": [1, 2, 1], "pivot": [1.5, 4, 0], "rotation": [-25, 0, 0], "uv": [0, 13]},
						{"origin": [1, 0, -5.1], "size": [1, 1, 5], "pivot": [0, 0, 0], "rotation": [-1, 0, 0], "uv": [0, 40]},
						{"origin": [1, 0, -5], "size": [1, 1, 5], "pivot": [1.5, 1, 0], "rotation": [0, -10, 0], "uv": [38, 20]},
						{"origin": [1, 0, -5], "size": [1, 1, 5], "pivot": [1.5, 1, 0], "rotation": [0, 10, 0], "uv": [36, 13]}
					]
				}
			]
		},
		{
			"description": {
				"identifier": "geometry.serpmeowth_aura",
				"texture_width": 64,
				"texture_height": 64,
				"visible_bounds_width": 3,
				"visible_bounds_height": 2.5,
				"visible_bounds_offset": [0, 0.75, 0]
			},
			"bones": [
				{
					"name": "meowth",
					"pivot": [0, 0, 0]
				},
				{
					"name": "pokedex",
					"parent": "meowth",
					"pivot": [0, 37, 0],
					"locators": {
						"pokedex": [0, 37, 0]
					}
				},
				{
					"name": "body",
					"parent": "meowth",
					"pivot": [0, 8, 0],
					"cubes": [
						{"origin": [-2.5, 4, -3], "size": [5, 7, 5], "inflate": 0.25, "uv": [22, 24]},
						{"origin": [-2.5, 4.5, -3.5], "size": [5, 6, 1], "inflate": 0.25, "uv": [39, 37]},
						{"origin": [-2, 10.5, -2.5], "size": [4, 1, 4], "inflate": 0.25, "uv": [23, 18]},
						{"origin": [-2.5, 4.5, 1.5], "size": [5, 6, 1], "inflate": 0.25, "uv": [26, 37]},
						{"origin": [-3, 4.5, -2.5], "size": [1, 6, 4], "inflate": 0.25, "uv": [34, 0]},
						{"origin": [2, 4.5, -2.5], "size": [1, 6, 4], "inflate": 0.25, "uv": [15, 33]}
					]
				},
				{
					"name": "head",
					"parent": "body",
					"pivot": [0, 11.5, 0],
					"cubes": [
						{"origin": [-4, 12, -4], "size": [8, 5, 7], "inflate": 0.25, "uv": [0, 0]},
						{"origin": [-1, 16, -4.1], "size": [2, 3, 0], "inflate": 0.25, "pivot": [0, 17, -4], "rotation": [-20, 0, 0], "uv": [43, 27]},
						{"origin": [-5, 16.5, -1], "size": [4, 4, 0], "inflate": 0.25, "pivot": [-3, 17, -1], "rotation": [0, 0, -30], "uv": [16, 44]},
						{"origin": [1, 16.5, -1], "size": [4, 4, 0], "inflate": 0.25, "pivot": [3, 17, -1], "rotation": [0, 0, 30], "uv": [44, 13]},
						{"origin": [-9, 15, -3], "size": [5, 1, 0], "inflate": 0.25, "pivot": [-4, 15.5, -3], "rotation": [0, 20, 15], "uv": [46, 20]},
						{"origin": [4, 15, -3], "size": [5, 1, 0], "inflate": 0.25, "pivot": [4, 15.5, -3], "rotation": [0, -20, -15], "uv": [39, 45]},
						{"origin": [4, 13.5, -3], "size": [5, 1, 0], "inflate": 0.25, "pivot": [4, 15.5, -3], "rotation": [0, -20, 15], "uv": [28, 45]},
						{"origin": [-9, 13.5, -3], "size": [5, 1, 0], "inflate": 0.25, "pivot": [-4, 15.5, -3], "rotation": [0, 20, -15], "uv": [45, 3]},
						{"origin": [-2, 17.5, -3.5], "size": [1, 5, 0], "inflate": 0.25, "pivot": [-1, 17.5, -3.5], "rotation": [-25, 0, -10], "uv": [0, 47]},
						{"origin": [1, 17.5, -3.5], "size": [1, 5, 0], "inflate": 0.25, "pivot": [1, 17.5, -3.5], "rotation": [-25, 0, 10], "uv": [21, 13]},
						{"origin": [3.5, 12.5, -3.5], "size": [1, 4, 6], "inflate": 0.25, "uv": [0, 29]},
						{"origin": [-4.5, 12.5, -3.5], "size": [1, 4, 6], "inflate": 0.25, "uv": [25, 7]},
						{"origin": [-3.5, 16.5, -3.5], "size": [7, 1, 6], "inflate": 0.25, "uv": [0, 21]},
						{"origin": [-3.5, 11.5, -3.5], "size": [7, 1, 6], "inflate": 0.25, "uv": [0, 13]}
					]
				},
				{
					"name": "arms",
					"parent": "body",
					"pivot": [0, 10, 0]
				},
				{
					"name": "right_arm",
					"parent": "arms",
					"pivot": [-3, 10, -0.5],
					"rotation": [0, 0, -40],
					"cubes": [
						{"origin": [-10, 9, -1], "size": [7, 1, 1], "inflate": 0.25, "uv": [43, 34]},
						{"origin": [-12, 9, -1], "size": [2, 1, 1], "inflate": 0.25, "pivot": [-10, 9.5, -0.5], "rotation": [0, 0, -5], "uv": [46, 22]},
						{"origin": [-12, 8.9, -1], "size": [2, 1, 1], "inflate": 0.25, "pivot": [-10, 9.5, -0.5], "rotation": [0, 25, -5], "uv": [8, 40]},
						{"origin": [-12, 8.9, -1], "size": [2, 1, 1], "inflate": 0.25, "pivot": [-10, 9.5, -0.5], "rotation": [0, -25, -5], "uv": [30, 0]}
					]
				},
				{
					"name": "left_arm",
					"parent": "arms",
					"pivot": [3, 10, -0.5],
					"rotation": [0, 0, 40],
					"cubes": [
						{"origin": [3, 9, -1], "size": [7, 1, 1], "inflate": 0.25, "uv": [41, 0]},
						{"origin": [10, 9, -1], "size": [2, 1, 1], "inflate": 0.25, "pivot": [10, 9.5, -0.5], "rotation": [0, 0, 5], "uv": [15, 29]},
						{"origin": [10, 8.9, -1], "size": [2, 1, 1], "inflate": 0.25, "pivot": [10, 9.5, -0.5], "rotation": [0, -25, 5], "uv": [0, 3]},
						{"origin": [10, 8.9, -1], "size": [2, 1, 1], "inflate": 0.25, "pivot": [10, 9.5, -0.5], "rotation": [0, 25, 5], "uv": [0, 0]}
					]
				},
				{
					"name": "tail",
					"parent": "body",
					"pivot": [0, 5.5, 2],
					"cubes": [
						{"origin": [-0.5, 5, 2], "size": [1, 1, 4], "inflate": 0.25, "uv": [21, 45]},
						{"origin": [-0.5, 5, 6], "size": [1, 1, 3], "inflate": 0.25, "pivot": [1, 5, 6], "rotation": [35, 0, 0], "uv": [9, 29]},
						{"origin": [-0.5, 5, 9], "size": [1, 3, 3], "inflate": 0.25, "pivot": [1, 5, 6], "rotation": [35, 0, 0], "uv": [24, 0]}
					]
				},
				{
					"name": "legs",
					"parent": "meowth",
					"pivot": [0, 4, 0]
				},
				{
					"name": "right_leg",
					"parent": "legs",
					"pivot": [-1.5, 4, -0.5],
					"rotation": [0, 15, 0],
					"cubes": [
						{"origin": [-2, 1.14493, -1.0623], "size": [1, 2, 1], "inflate": 0.25, "pivot": [0, 1.14493, -0.0623], "rotation": [22.5, 0, 0], "uv": [0, 40]},
						{"origin": [-2, 2, -1], "size": [1, 2, 1], "inflate": 0.25, "pivot": [-1.5, 4, 0], "rotation": [-25, 0, 0], "uv": [0, 29]},
						{"origin": [-2, 0, -5.1], "size": [1, 1, 5], "inflate": 0.25, "pivot": [0, 0, 0], "rotation": [-1, 0, 0], "uv": [8, 44]},
						{"origin": [-2, 0, -5], "size": [1, 1, 5], "inflate": 0.25, "pivot": [-1.5, 1, 0], "rotation": [0, 10, 0], "uv": [43, 27]},
						{"origin": [-2, 0, -5], "size": [1, 1, 5], "inflate": 0.25, "pivot": [-1.5, 1, 0], "rotation": [0, -10, 0], "uv": [40, 6]}
					]
				},
				{
					"name": "left_leg",
					"parent": "legs",
					"pivot": [1.5, 4, -0.5],
					"rotation": [0, -15, 0],
					"cubes": [
						{"origin": [1, 1.14493, -1.0623], "size": [1, 2, 1], "inflate": 0.25, "pivot": [0, 1.14493, -0.0623], "rotation": [22.5, 0, 0], "uv": [0, 21]},
						{"origin": [1, 2, -1], "size": [1, 2, 1], "inflate": 0.25, "pivot": [1.5, 4, 0], "rotation": [-25, 0, 0], "uv": [0, 13]},
						{"origin": [1, 0, -5.1], "size": [1, 1, 5], "inflate": 0.25, "pivot": [0, 0, 0], "rotation": [-1, 0, 0], "uv": [0, 40]},
						{"origin": [1, 0, -5], "size": [1, 1, 5], "inflate": 0.25, "pivot": [1.5, 1, 0], "rotation": [0, -10, 0], "uv": [38, 20]},
						{"origin": [1, 0, -5], "size": [1, 1, 5], "inflate": 0.25, "pivot": [1.5, 1, 0], "rotation": [0, 10, 0], "uv": [36, 13]}
					]
				}
			]
		}
	]
}