{
	"format_version": "1.8.0",
	"animations": {
		"animation.paras.quiet": {
			"loop": true,
			"animation_length": 0.8,
			"bones": {
				"head": {
					"position": {
						"0.0": [0, 0, 0],
						"0.2": [0, -0.5, 0],
						"0.6": [0, 0, 0],
						"0.8": [0, 0, 0]
					}
				},
				"body": {
					"position": {
						"0.0": [0, 0, 0],
						"0.4": [0, -0.5, 0],
						"0.8": [0, 0, 0]
					}
				},
				"right_arm": {
					"rotation": {
						"0.0": [-5, 0, 0],
						"0.4": [5, 0, 0],
						"0.8": [-5, 0, 0]
					},
					"position": {
						"0.0": [0, 0, 0],
						"0.4": [0, -0.5, 0],
						"0.8": [0, 0, 0]
					}
				},
				"left_arm": {
					"rotation": {
						"0.0": [-5, 0, 0],
						"0.4": [5, 0, 0],
						"0.8": [-5, 0, 0]
					},
					"position": {
						"0.0": [0, 0, 0],
						"0.4": [0, -0.5, 0],
						"0.8": [0, 0, 0]
					}
				}
			}
		},
		"animation.paras.walk": {
			"loop": true,
			"animation_length": 0.8,
			"bones": {
				"paras": {
					"rotation": {
						"0.0": [0, 0, -7.5],
						"0.4": [0, 0, 7.5],
						"0.8": [0, 0, -7.5]
					}
				},
				"head": {
					"position": {
						"0.0": [0, -0.5, 0],
						"0.2": [0, 0, 0],
						"0.4": [0, -0.5, 0],
						"0.6": [0, 0, 0],
						"0.8": [0, -0.5, 0]
					}
				},
				"left_leg_1": {
					"rotation": {
						"0.0": [0, 20, -10],
						"0.4": [0, -30, 0],
						"0.8": [0, 20, -10]
					},
					"position": {
						"0.0": [0, 0, 0],
						"0.4": [0, 1, 0],
						"0.8": [0, 0, 0]
					}
				},
				"right_leg_1": {
					"rotation": {
						"0.0": [0, 30, 0],
						"0.4": [0, -20, 10],
						"0.8": [0, 30, 0]
					},
					"position": {
						"0.0": [0, 1, 0],
						"0.4": [0, 0, 0],
						"0.8": [0, 1, 0]
					}
				},
				"left_leg_2": {
					"rotation": {
						"0.0": [0, -20, 10],
						"0.4": [0, 30, 0],
						"0.8": [0, -20, 10]
					},
					"position": {
						"0.0": [0, 0, 0],
						"0.4": [0, 1, 0],
						"0.8": [0, 0, 0]
					}
				},
				"right_leg_2": {
					"rotation": {
						"0.0": [0, -30, 0],
						"0.4": [0, 20, -10],
						"0.8": [0, -30, 0]
					},
					"position": {
						"0.0": [0, 1, 0],
						"0.4": [0, 0, 0],
						"0.8": [0, 1, 0]
					}
				},
				"right_arm": {
					"rotation": {
						"0.0": [0, 0, 0],
						"0.4": [0, 20, 0],
						"0.8": [0, 0, 0]
					}
				},
				"left_arm": {
					"rotation": {
						"0.0": [0, -20, 0],
						"0.4": [0, 0, 0],
						"0.8": [0, -20, 0]
					}
				}
			}
		},
		"animation.paras.sitting": {
			"loop": true,
			"bones": {
				"head": {
					"position": [0, -1, 0]
				},
				"body": {
					"position": [0, -1, 0]
				},
				"right_arm": {
					"rotation": [0, 0, -35],
					"position": [0, -1, 0]
				},
				"left_arm": {
					"rotation": [0, 0, 35],
					"position": [0, -1, 0]
				}
			}
		},
        "animation.paras.health_bar":{
            "loop":true,
            "bones":{
                "health_hover":{
    "rotation":["q.camera_rotation(0)","q.camera_rotation(1)-q.body_y_rotation",0],
	"position": [0,22,0],
    "scale":"query.is_in_ui?0:1.5"
                },
				"bar_green": {
					"scale": ["query.health/query.max_health*1", 1, 1]
				},
				"bar_black": {
					"scale": ["(1)+(query.health/query.max_health*-1)", 1, 1]
				}
			}
        }
	}
}