{
	"format_version": "1.8.0",
	"animations": {
		"animation.parasect.quiet": {
			"loop": true,
			"animation_length": 0.8,
			"bones": {
				"head": {
					"position": {
						"0.0": [0, 0, 0],
						"0.4": [0, -1, 0],
						"0.8": [0, 0, 0]
					}
				},
				"body": {
					"position": {
						"0.0": [0, 0, 0],
						"0.4": [0, -0.5, 0],
						"0.8": [0, 0, 0]
					}
				},
				"right_arm": {
					"rotation": {
						"0.0": [0, 0, 0],
						"0.4": [-10, 0, 0],
						"0.8": [0, 0, 0]
					},
					"position": {
						"0.0": [0, 0, 0],
						"0.4": [0, -0.5, 0],
						"0.8": [0, 0, 0]
					}
				},
				"left_arm": {
					"rotation": {
						"0.0": [0, 0, 0],
						"0.4": [-10, 0, 0],
						"0.8": [0, 0, 0]
					},
					"position": {
						"0.0": [0, 0, 0],
						"0.4": [0, -0.5, 0],
						"0.8": [0, 0, 0]
					}
				}
			}
		},
		"animation.parasect.walk": {
			"loop": true,
			"animation_length": 0.8,
			"bones": {
				"parasect": {
					"rotation": {
						"0.0": [0, 0, -5],
						"0.4": [0, 0, 5],
						"0.8": [0, 0, -5]
					}
				},
				"leg1": {
					"rotation": {
						"0.0": [0, 0, -20],
						"0.2": [0, 20, -20],
						"0.4": [0, 20, 0],
						"0.6": [0, -40, 0],
						"0.8": [0, 0, -20]
					},
					"position": {
						"0.0": [0, 0, 0],
						"0.4": [0, 1, 0],
						"0.8": [0, 0, 0]
					}
				},
				"leg2": {
					"rotation": {
						"0.0": [0, -20, 0],
						"0.2": [0, 40, 0],
						"0.4": [0, 0, 20],
						"0.6": [0, -20, 20],
						"0.8": [0, -20, 0]
					},
					"position": {
						"0.0": [0, 1, 0],
						"0.4": [0, 0, 0],
						"0.8": [0, 1, 0]
					}
				},
				"right_arm": {
					"rotation": {
						"0.0": [0, 0, 0],
						"0.4": [-20, 0, 0],
						"0.8": [0, 0, 0]
					}
				},
				"right_claw": {
					"rotation": {
						"0.0": [0, 0, 0],
						"0.4": [15, 0, 0],
						"0.8": [0, 0, 0]
					}
				},
				"left_arm": {
					"rotation": {
						"0.0": [-20, 0, 0],
						"0.4": [0, 0, 0],
						"0.8": [-20, 0, 0]
					}
				},
				"left_claw": {
					"rotation": {
						"0.0": [15, 0, 0],
						"0.4": [0, 0, 0],
						"0.8": [15, 0, 0]
					}
				},
				"leg3": {
					"rotation": {
						"0.0": [0, 30, 0],
						"0.2": [0, 5, 2.5],
						"0.4": [0, -20, -15],
						"0.8": [0, 30, 0]
					},
					"position": {
						"0.0": [0, 0, 0],
						"0.4": [0, 1, 0],
						"0.8": [0, 0, 0]
					}
				},
				"leg4": {
					"rotation": {
						"0.0": [0, 20, 15],
						"0.4": [0, -30, 0],
						"0.6": [0, -5, -2.5],
						"0.8": [0, 20, 15]
					},
					"position": {
						"0.0": [0, 1, 0],
						"0.4": [0, 0, 0],
						"0.8": [0, 1, 0]
					}
				}
			}
		},
		"animation.parasect.sitting": {
			"loop": true,
			"bones": {
				"parasect": {
					"rotation": [-17.5, 0, 0]
				},
				"head": {
					"rotation": [20, 0, 0],
					"position": [0, -1, 0]
				},
				"body": {
					"position": [0, -1, 0]
				},
				"right_arm": {
					"rotation": [0, 10, -40],
					"position": [0, -1, 0]
				},
				"left_arm": {
					"rotation": [0, -10, 40],
					"position": [0, -1, 0]
				},
				"leg1": {
					"rotation": [15, 0, 7.5]
				},
				"leg2": {
					"rotation": [15, 0, -7.5]
				},
				"leg3": {
					"rotation": [-30, 0, 0]
				},
				"leg4": {
					"rotation": [-30, 0, 0]
				}
			}
		},
        "animation.parasect.health_bar":{
            "loop":true,
            "bones":{
                "health_hover":{
    "rotation":["q.camera_rotation(0)","q.camera_rotation(1)-q.body_y_rotation",0],
	"position": [0,22,0],
    "scale":"query.is_in_ui?0:1.5"
                },
				"bar_green": {
					"scale": ["query.health/query.max_health*1", 1, 1]
				},
				"bar_black": {
					"scale": ["(1)+(query.health/query.max_health*-1)", 1, 1]
				}
			}
        }
	}
}