{
	"format_version": "1.12.0",
	"minecraft:geometry": [
		{
			"description": {
				"identifier": "geometry.serpseaking",
				"texture_width": 64,
				"texture_height": 64,
				"visible_bounds_width": 4,
				"visible_bounds_height": 2.5,
				"visible_bounds_offset": [0, 0.75, 0]
			},
			"bones": [
				{
					"name": "seaking",
					"pivot": [0, 1, 1]
				},
				{
				"name": "pokedex",
				"pivot": [0, 21, 0],
				"locators": {
		"pokedex": [0, 21, 0]
					}
				},
				{
					"name": "body",
					"parent": "seaking",
					"pivot": [0, -4, 1],
					"cubes": [
						{"origin": [-3, 1, -4], "size": [6, 6, 8], "uv": [0, 0]},
						{"origin": [2.5, 1.5, -3.5], "size": [1, 5, 7], "uv": [28, 0]},
						{"origin": [-3.5, 1.5, -3.5], "size": [1, 5, 7], "uv": [24, 25]},
						{"origin": [-3, 1.5, -4.5], "size": [6, 5, 1], "uv": [34, 12]},
						{"origin": [-2.5, 2, -6.5], "size": [5, 4, 2], "uv": [33, 25]},
						{"origin": [1.5, 2, -6.5], "size": [1, 4, 2.1], "pivot": [2.5, 4, -6.5], "rotation": [0, 12.5, 0], "uv": [0, 14]},
						{"origin": [-2.5, 2, -6.5], "size": [1, 4, 2.1], "pivot": [-2.5, 4, -6.5], "rotation": [0, -12.5, 0], "uv": [0, 0]},
						{"origin": [-1, 2.5, -6.5], "size": [2, 1, 1], "inflate": 0.1, "pivot": [0, 2, -7], "rotation": [15, 0, 0], "uv": [0, 6]},
						{"origin": [-2, 6, -6.5], "size": [4, 3.4, 2], "pivot": [0, 6, -6.5], "rotation": [-65, 0, 0], "uv": [16, 37]},
						{"origin": [-2, -1.4, -6.5], "size": [4, 3.4, 2], "pivot": [0.5, 2, -6.5], "rotation": [65, 0, 0], "uv": [34, 18]},
						{"origin": [-0.5, 5.5, -8.5], "size": [1, 1, 4], "pivot": [0, 6, -6.5], "rotation": [-40, 0, 0], "uv": [24, 12]},
						{"origin": [-3, 1.5, 3.5], "size": [6, 5, 1], "uv": [20, 0]},
						{"origin": [-2.5, 2.5, 4], "size": [5, 3, 1], "uv": [28, 37]},
						{"origin": [-2.5, 6.5, -3.5], "size": [5, 1, 7], "uv": [17, 17]},
						{"origin": [-2.5, 0.5, -3.5], "size": [5, 1, 7], "uv": [0, 14]},
						{"origin": [0, 6.5, -3.5], "size": [0, 4, 8], "uv": [0, 28]}
					]
				},
				{
					"name": "left_tail",
					"parent": "body",
					"pivot": [1, 4, 5],
					"rotation": [0, 35, 0],
					"cubes": [
						{"origin": [1, -1, 5], "size": [0, 11, 6], "uv": [12, 19]}
					]
				},
				{
					"name": "right_tail",
					"parent": "body",
					"pivot": [-1, 4, 5],
					"rotation": [0, -35, 0],
					"cubes": [
						{"origin": [-1, -1, 5], "size": [0, 11, 6], "uv": [0, 16]}
					]
				},
				{
					"name": "right_fin",
					"parent": "seaking",
					"pivot": [-3.5, 3, -1.5],
					"cubes": [
						{"origin": [-8.5, 1, -1.5], "size": [5, 4, 0], "uv": [0, 40]}
					]
				},
				{
					"name": "left_fin",
					"parent": "seaking",
					"pivot": [3.5, 3, -1.5],
					"cubes": [
						{"origin": [3.5, 1, -1.5], "size": [5, 4, 0], "uv": [37, 0]}
					]
				}
			]
		},
		{
			"description": {
				"identifier": "geometry.serpseaking_aura",
				"texture_width": 64,
				"texture_height": 64,
				"visible_bounds_width": 4,
				"visible_bounds_height": 2.5,
				"visible_bounds_offset": [0, 0.75, 0]
			},
			"bones": [
				{
					"name": "seaking",
					"pivot": [0, 1, 1]
				},
				{
					"name": "body",
					"parent": "seaking",
					"pivot": [0, -4, 1],
					"cubes": [
						{"origin": [-3, 1, -4], "size": [6, 6, 8], "inflate": 0.25, "uv": [0, 0]},
						{"origin": [2.5, 1.5, -3.5], "size": [1, 5, 7], "inflate": 0.25, "uv": [28, 0]},
						{"origin": [-3.5, 1.5, -3.5], "size": [1, 5, 7], "inflate": 0.25, "uv": [24, 25]},
						{"origin": [-3, 1.5, -4.5], "size": [6, 5, 1], "inflate": 0.25, "uv": [34, 12]},
						{"origin": [-2.5, 2, -6.5], "size": [5, 4, 2], "inflate": 0.25, "uv": [33, 25]},
						{"origin": [1.5, 2, -6.5], "size": [1, 4, 2.1], "inflate": 0.25, "pivot": [2.5, 4, -6.5], "rotation": [0, 12.5, 0], "uv": [0, 14]},
						{"origin": [-2.5, 2, -6.5], "size": [1, 4, 2.1], "inflate": 0.25, "pivot": [-2.5, 4, -6.5], "rotation": [0, -12.5, 0], "uv": [0, 0]},
						{"origin": [-1, 2.5, -6.5], "size": [2, 1, 1], "inflate": 0.25, "pivot": [0, 2, -7], "rotation": [15, 0, 0], "uv": [0, 6]},
						{"origin": [-2, 6, -6.5], "size": [4, 3.4, 2], "inflate": 0.25, "pivot": [0, 6, -6.5], "rotation": [-65, 0, 0], "uv": [16, 37]},
						{"origin": [-2, -1.4, -6.5], "size": [4, 3.4, 2], "inflate": 0.25, "pivot": [0.5, 2, -6.5], "rotation": [65, 0, 0], "uv": [34, 18]},
						{"origin": [-0.5, 5.5, -8.5], "size": [1, 1, 4], "inflate": 0.25, "pivot": [0, 6, -6.5], "rotation": [-40, 0, 0], "uv": [24, 12]},
						{"origin": [-3, 1.5, 3.5], "size": [6, 5, 1], "inflate": 0.25, "uv": [20, 0]},
						{"origin": [-2.5, 2.5, 4], "size": [5, 3, 1], "inflate": 0.25, "uv": [28, 37]},
						{"origin": [-2.5, 6.5, -3.5], "size": [5, 1, 7], "inflate": 0.25, "uv": [17, 17]},
						{"origin": [-2.5, 0.5, -3.5], "size": [5, 1, 7], "inflate": 0.25, "uv": [0, 14]},
						{"origin": [0, 6.5, -3.5], "size": [0, 4, 8], "inflate": 0.25, "uv": [0, 28]}
					]
				},
				{
					"name": "left_tail",
					"parent": "body",
					"pivot": [1, 4, 5],
					"rotation": [0, 35, 0],
					"cubes": [
						{"origin": [1, -1, 5], "size": [0, 11, 6], "inflate": 0.25, "uv": [12, 19]}
					]
				},
				{
					"name": "right_tail",
					"parent": "body",
					"pivot": [-1, 4, 5],
					"rotation": [0, -35, 0],
					"cubes": [
						{"origin": [-1, -1, 5], "size": [0, 11, 6], "inflate": 0.25, "uv": [0, 16]}
					]
				},
				{
					"name": "right_fin",
					"parent": "seaking",
					"pivot": [-3.5, 3, -1.5],
					"cubes": [
						{"origin": [-8.5, 1, -1.5], "size": [5, 4, 0], "inflate": 0.25, "uv": [0, 40]}
					]
				},
				{
					"name": "left_fin",
					"parent": "seaking",
					"pivot": [3.5, 3, -1.5],
					"cubes": [
						{"origin": [3.5, 1, -1.5], "size": [5, 4, 0], "inflate": 0.25, "uv": [37, 0]}
					]
				},
				{
					"name": "pokedex",
					"pivot": [0, 21, 0],
					"locators": {
						"pokedex": [0, 21, 0]
					}
				}
			]
		}
	]
}