{
	"format_version": "1.12.0",
	"minecraft:geometry": [
		{
			"description": {
				"identifier": "geometry.serpclefairy",
				"texture_width": 64,
				"texture_height": 64,
				"visible_bounds_width": 3,
				"visible_bounds_height": 2.5,
				"visible_bounds_offset": [0, 0.75, 0]
			},
			"bones": [
				{
					"name": "clefairy",
					"pivot": [0, 1, 0]
				},
				{
				"name": "pokedex",
				"pivot": [0, 33, 0],
				"locators": {
		"pokedex": [0, 33, 0]
					}
				},
				{
					"name": "body",
					"parent": "clefairy",
					"pivot": [0, 1, 0],
					"cubes": [
						{"origin": [-4, 4, 5], "size": [8, 10, 1], "uv": [40, 11]},
						{"origin": [1, 9, 6], "size": [0, 5, 3], "pivot": [1, 11, 6], "rotation": [0, 45, 0], "uv": [25, 48]},
						{"origin": [-1, 9, 6], "size": [0, 5, 3], "pivot": [-1, 11, 6], "rotation": [0, -45, 0], "uv": [0, 28]},
						{"origin": [-4, 4, -6], "size": [8, 10, 1], "uv": [40, 0]},
						{"origin": [-5, 3, -5], "size": [10, 12, 10], "uv": [0, 0]},
						{"origin": [-2.5, 12, -6], "size": [5, 5, 0], "pivot": [0, 14, -6], "rotation": [-25, 0, 0], "uv": [48, 54]},
						{"origin": [-4, 14.5, -4], "size": [8, 1, 8], "uv": [24, 24]},
						{"origin": [-7, 14, -2], "size": [4, 2, 4], "pivot": [-5, 15, 0], "rotation": [0, 0, -40], "uv": [48, 22]},
						{"origin": [3, 14, -2], "size": [4, 2, 4], "pivot": [5, 15, 0], "rotation": [0, 0, 40], "uv": [48, 48]},
						{"origin": [-7, 16, -2], "size": [3, 1, 3], "pivot": [-5, 15, 0], "rotation": [0, 0, -40], "uv": [13, 51]},
						{"origin": [4, 16, -2], "size": [3, 1, 3], "pivot": [5, 15, 0], "rotation": [0, 0, 40], "uv": [48, 28]},
						{"origin": [-7, 16.5, -2], "size": [2, 1, 2], "pivot": [-5, 15, 0], "rotation": [0, 0, -40], "uv": [39, 33]},
						{"origin": [5, 16.5, -2], "size": [2, 1, 2], "pivot": [5, 15, 0], "rotation": [0, 0, 40], "uv": [0, 36]},
						{"origin": [-4, 2.5, -4], "size": [8, 1, 8], "uv": [0, 22]},
						{"origin": [5, 4, -4], "size": [1, 10, 8], "uv": [18, 33]},
						{"origin": [-6, 4, -4], "size": [1, 10, 8], "uv": [0, 31]}
					]
				},
				{
					"name": "tail",
					"parent": "body",
					"pivot": [0, 6, 4],
					"rotation": [45, 0, 0],
					"cubes": [
						{"origin": [-2, 1, 10], "size": [4, 4, 1], "uv": [0, 54]},
						{"origin": [-2, 4.5, 9.7], "size": [4, 1, 1], "pivot": [0, 5, 10], "rotation": [45, 0, 0], "uv": [28, 39]},
						{"origin": [-2, 0.5, 9.7], "size": [4, 1, 1], "pivot": [0, 1, 10], "rotation": [-45, 0, 0], "uv": [34, 22]},
						{"origin": [-2, 0.5, 5.3], "size": [4, 1, 1], "pivot": [0, 1, 6], "rotation": [45, 0, 0], "uv": [24, 22]},
						{"origin": [-2, 1, 4], "size": [4, 5, 6], "uv": [36, 36]},
						{"origin": [-2, 0, 6], "size": [4, 1, 4], "uv": [0, 49]}
					]
				},
				{
					"name": "right_arm",
					"parent": "clefairy",
					"pivot": [-6, 9.5, -0.5],
					"cubes": [
						{"origin": [-10, 8, -2], "size": [4, 3, 3], "uv": [50, 33]},
						{"origin": [-11, 8, -2], "size": [1, 3, 3], "uv": [24, 24]}
					]
				},
				{
					"name": "left_arm",
					"parent": "clefairy",
					"pivot": [6, 9.5, -0.5],
					"cubes": [
						{"origin": [6, 8, -2], "size": [4, 3, 3], "uv": [28, 33]},
						{"origin": [10, 8, -2], "size": [1, 3, 3], "uv": [0, 22]}
					]
				},
				{
					"name": "right_leg",
					"parent": "clefairy",
					"pivot": [-3, 4, 0],
					"cubes": [
						{"origin": [-5, 0, -2], "size": [4, 4, 4], "uv": [32, 47]},
						{"origin": [-5.5, 0.5, -2], "size": [1, 5, 4], "pivot": [-3, 3, 0], "rotation": [0, 0, -10], "uv": [30, 0]}
					]
				},
				{
					"name": "left_leg",
					"parent": "clefairy",
					"pivot": [3, 4, 0],
					"cubes": [
						{"origin": [1, 0, -2], "size": [4, 4, 4], "uv": [10, 31]},
						{"origin": [4.5, 0.5, -2], "size": [1, 5, 4], "pivot": [3, 3, 0], "rotation": [0, 0, 10], "uv": [0, 0]}
					]
				}
			]
		},
		{
			"description": {
				"identifier": "geometry.serpclefairy_aura",
				"texture_width": 64,
				"texture_height": 64,
				"visible_bounds_width": 3,
				"visible_bounds_height": 2.5,
				"visible_bounds_offset": [0, 0.75, 0]
			},
			"bones": [
				{
					"name": "clefairy",
					"pivot": [0, 1, 0]
				},
				{
					"name": "body",
					"parent": "clefairy",
					"pivot": [0, 1, 0],
					"cubes": [
						{"origin": [-4, 4, 5], "size": [8, 10, 1], "inflate": 0.25, "uv": [40, 11]},
						{"origin": [1, 9, 6], "size": [0, 5, 3], "inflate": 0.25, "pivot": [1, 11, 6], "rotation": [0, 45, 0], "uv": [25, 48]},
						{"origin": [-1, 9, 6], "size": [0, 5, 3], "inflate": 0.25, "pivot": [-1, 11, 6], "rotation": [0, -45, 0], "uv": [0, 28]},
						{"origin": [-4, 4, -6], "size": [8, 10, 1], "inflate": 0.25, "uv": [40, 0]},
						{"origin": [-5, 3, -5], "size": [10, 12, 10], "inflate": 0.25, "uv": [0, 0]},
						{"origin": [-2.5, 12, -6], "size": [5, 5, 0], "inflate": 0.25, "pivot": [0, 14, -6], "rotation": [-25, 0, 0], "uv": [48, 54]},
						{"origin": [-4, 14.5, -4], "size": [8, 1, 8], "inflate": 0.25, "uv": [24, 24]},
						{"origin": [-7, 14, -2], "size": [4, 2, 4], "inflate": 0.25, "pivot": [-5, 15, 0], "rotation": [0, 0, -40], "uv": [48, 22]},
						{"origin": [3, 14, -2], "size": [4, 2, 4], "inflate": 0.25, "pivot": [5, 15, 0], "rotation": [0, 0, 40], "uv": [48, 48]},
						{"origin": [-7, 16, -2], "size": [3, 1, 3], "inflate": 0.25, "pivot": [-5, 15, 0], "rotation": [0, 0, -40], "uv": [13, 51]},
						{"origin": [4, 16, -2], "size": [3, 1, 3], "inflate": 0.25, "pivot": [5, 15, 0], "rotation": [0, 0, 40], "uv": [48, 28]},
						{"origin": [-7, 16.5, -2], "size": [2, 1, 2], "inflate": 0.25, "pivot": [-5, 15, 0], "rotation": [0, 0, -40], "uv": [39, 33]},
						{"origin": [5, 16.5, -2], "size": [2, 1, 2], "inflate": 0.25, "pivot": [5, 15, 0], "rotation": [0, 0, 40], "uv": [0, 36]},
						{"origin": [-4, 2.5, -4], "size": [8, 1, 8], "inflate": 0.25, "uv": [0, 22]},
						{"origin": [5, 4, -4], "size": [1, 10, 8], "inflate": 0.25, "uv": [18, 33]},
						{"origin": [-6, 4, -4], "size": [1, 10, 8], "inflate": 0.25, "uv": [0, 31]}
					]
				},
				{
					"name": "tail",
					"parent": "body",
					"pivot": [0, 6, 4],
					"rotation": [45, 0, 0],
					"cubes": [
						{"origin": [-2, 1, 10], "size": [4, 4, 1], "inflate": 0.25, "uv": [0, 54]},
						{"origin": [-2, 4.5, 9.7], "size": [4, 1, 1], "inflate": 0.25, "pivot": [0, 5, 10], "rotation": [45, 0, 0], "uv": [28, 39]},
						{"origin": [-2, 0.5, 9.7], "size": [4, 1, 1], "inflate": 0.25, "pivot": [0, 1, 10], "rotation": [-45, 0, 0], "uv": [34, 22]},
						{"origin": [-2, 0.5, 5.3], "size": [4, 1, 1], "inflate": 0.25, "pivot": [0, 1, 6], "rotation": [45, 0, 0], "uv": [24, 22]},
						{"origin": [-2, 1, 4], "size": [4, 5, 6], "inflate": 0.25, "uv": [36, 36]},
						{"origin": [-2, 0, 6], "size": [4, 1, 4], "inflate": 0.25, "uv": [0, 49]}
					]
				},
				{
					"name": "right_arm",
					"parent": "clefairy",
					"pivot": [-6, 9.5, -0.5],
					"cubes": [
						{"origin": [-10, 8, -2], "size": [4, 3, 3], "inflate": 0.25, "uv": [50, 33]},
						{"origin": [-11, 8, -2], "size": [1, 3, 3], "inflate": 0.25, "uv": [24, 24]}
					]
				},
				{
					"name": "left_arm",
					"parent": "clefairy",
					"pivot": [6, 9.5, -0.5],
					"cubes": [
						{"origin": [6, 8, -2], "size": [4, 3, 3], "inflate": 0.25, "uv": [28, 33]},
						{"origin": [10, 8, -2], "size": [1, 3, 3], "inflate": 0.25, "uv": [0, 22]}
					]
				},
				{
					"name": "right_leg",
					"parent": "clefairy",
					"pivot": [-3, 4, 0],
					"cubes": [
						{"origin": [-5, 0, -2], "size": [4, 4, 4], "inflate": 0.25, "uv": [32, 47]},
						{"origin": [-5.5, 0.5, -2], "size": [1, 5, 4], "inflate": 0.25, "pivot": [-3, 3, 0], "rotation": [0, 0, -10], "uv": [30, 0]}
					]
				},
				{
					"name": "left_leg",
					"parent": "clefairy",
					"pivot": [3, 4, 0],
					"cubes": [
						{"origin": [1, 0, -2], "size": [4, 4, 4], "inflate": 0.25, "uv": [10, 31]},
						{"origin": [4.5, 0.5, -2], "size": [1, 5, 4], "inflate": 0.25, "pivot": [3, 3, 0], "rotation": [0, 0, 10], "uv": [0, 0]}
					]
				},
				{
					"name": "pokedex",
					"pivot": [0, 33, 0],
					"locators": {
						"pokedex": [0, 33, 0]
					}
				}
			]
		}
	]
}