{
	"format_version": "1.12.0",
	"minecraft:geometry": [
		{
			"description": {
				"identifier": "geometry.serpclefable",
				"texture_width": 80,
				"texture_height": 80,
				"visible_bounds_width": 3,
				"visible_bounds_height": 2.5,
				"visible_bounds_offset": [0, 0.75, 0]
			},
			"bones": [
				{
					"name": "clefable",
					"pivot": [0, 1, 0]
				},
				{
					"name": "body",
					"parent": "clefable",
					"pivot": [0, 11, 0],
					"cubes": [
						{"origin": [-4, 4, 5], "size": [8, 13, 1], "uv": [38, 44]},
						{"origin": [1, 9, 6], "size": [0, 7, 8], "pivot": [1, 11, 6], "rotation": [0, 45, 0], "uv": [49, 51]},
						{"origin": [-1, 9, 6], "size": [0, 7, 8], "pivot": [-1, 11, 6], "rotation": [0, -45, 0], "uv": [49, 51]},
						{"origin": [-4, 4, -6], "size": [8, 13, 1], "uv": [19, 44]},
						{"origin": [-5, 3, -5], "size": [10, 15, 10], "uv": [0, 0]},
						{"origin": [-2.5, 14, -6.5], "size": [5, 5, 0], "pivot": [0, 16, -6], "rotation": [-25, 0, 0], "uv": [69, 58]},
						{"origin": [-4, 14.5, -4], "size": [8, 4, 8], "uv": [25, 31]},
						{"origin": [-6, 15, -2], "size": [4, 5, 4], "pivot": [-4, 16, 0], "rotation": [0, 0, -40], "uv": [30, 59]},
						{"origin": [2, 15, -2], "size": [4, 5, 4], "pivot": [4, 16, 0], "rotation": [0, 0, 40], "uv": [59, 18]},
						{"origin": [-6, 20, -2], "size": [3, 3, 3], "pivot": [-4, 16, 0], "rotation": [0, 0, -40], "uv": [44, 67]},
						{"origin": [3, 20, -2], "size": [3, 3, 3], "pivot": [4, 16, 0], "rotation": [0, 0, 40], "uv": [31, 0]},
						{"origin": [-6, 22.5, -2], "size": [2, 2, 2], "pivot": [-4, 16, 0], "rotation": [0, 0, -40], "uv": [0, 5]},
						{"origin": [4, 22.5, -2], "size": [2, 2, 2], "pivot": [4, 16, 0], "rotation": [0, 0, 40], "uv": [0, 0]},
						{"origin": [-4, 2.5, -4], "size": [8, 4, 8], "uv": [0, 26]},
						{"origin": [5, 4, -4], "size": [1, 13, 8], "uv": [41, 0]},
						{"origin": [-6, 4, -4], "size": [1, 13, 8], "uv": [0, 39]}
					]
				},
				{
					"name": "tail",
					"parent": "body",
					"pivot": [0, 5, 4],
					"rotation": [45, 0, 0],
					"cubes": [
						{"origin": [-1, -0.53553, 10.7071], "size": [2, 4, 1], "inflate": 0.5, "uv": [0, 26]},
						{"origin": [-1, 1.97244, 11.49081], "size": [2, 1, 1], "inflate": 0.5, "pivot": [0, 1.77244, 9.59081], "rotation": [45, 0, 0], "uv": [31, 7]},
						{"origin": [-1, -1.27401, 8.66152], "size": [2, 1, 1], "inflate": 0.5, "pivot": [0, -2.87401, 9.66152], "rotation": [-45, 0, 0], "uv": [25, 29]},
						{"origin": [-1, -2.67401, 6.34436], "size": [2, 1.6, 1], "inflate": 0.5, "pivot": [0, -2.87401, 4.94436], "rotation": [45, 0, 0], "uv": [25, 26]},
						{"origin": [-1, -0.12132, 4.29289], "size": [2, 5, 6], "inflate": 0.5, "uv": [13, 59]},
						{"origin": [-1, -1.94975, 6.29289], "size": [2, 1, 4], "inflate": 0.5, "uv": [26, 69]}
					]
				},
				{
					"name": "right_arm",
					"parent": "clefable",
					"pivot": [-5, 11.5, -0.5],
					"rotation": [0, 0, -40],
					"cubes": [
						{"origin": [-11, 9, -2], "size": [6, 4, 4], "uv": [58, 49]},
						{"origin": [-12, 9, -2], "size": [1, 4, 4], "uv": [67, 28]}
					]
				},
				{
					"name": "left_arm",
					"parent": "clefable",
					"pivot": [5, 11.5, -0.5],
					"rotation": [0, 0, 40],
					"cubes": [
						{"origin": [5, 9, -2], "size": [6, 4, 4], "uv": [57, 40]},
						{"origin": [11, 9, -2], "size": [1, 4, 4], "uv": [37, 22]}
					]
				},
				{
					"name": "right_leg",
					"parent": "clefable",
					"pivot": [-3, 4, 0],
					"cubes": [
						{"origin": [-5, 0, -2], "size": [4, 4, 4], "uv": [60, 9]},
						{"origin": [-5.5, 0.5, -2], "size": [1, 5, 4], "pivot": [-3, 3, 0], "rotation": [0, 0, -10], "uv": [62, 63]}
					]
				},
				{
					"name": "left_leg",
					"parent": "clefable",
					"pivot": [3, 4, 0],
					"cubes": [
						{"origin": [1, 0, -2], "size": [4, 4, 4], "uv": [60, 0]},
						{"origin": [4.5, 0.5, -2], "size": [1, 5, 4], "pivot": [3, 3, 0], "rotation": [0, 0, 10], "uv": [0, 61]}
					]
				},
				{
					"name": "pokedex",
					"pivot": [0, 34, -5],
					"locators": {
						"pokedex": [0, 34, -5]
					}
				}
			]
		},
		{
			"description": {
				"identifier": "geometry.serpclefable_aura",
				"texture_width": 80,
				"texture_height": 80,
				"visible_bounds_width": 3,
				"visible_bounds_height": 2.5,
				"visible_bounds_offset": [0, 0.75, 0]
			},
			"bones": [
				{
					"name": "clefable",
					"pivot": [0, 1, 0]
				},
				{
					"name": "body",
					"parent": "clefable",
					"pivot": [0, 11, 0],
					"cubes": [
						{"origin": [-4, 4, 5], "size": [8, 13, 1], "inflate": 0.25, "uv": [38, 44]},
						{"origin": [1, 9, 6], "size": [0, 7, 8], "inflate": 0.25, "pivot": [1, 11, 6], "rotation": [0, 45, 0], "uv": [49, 51]},
						{"origin": [-1, 9, 6], "size": [0, 7, 8], "inflate": 0.25, "pivot": [-1, 11, 6], "rotation": [0, -45, 0], "uv": [49, 51]},
						{"origin": [-4, 4, -6], "size": [8, 13, 1], "inflate": 0.25, "uv": [19, 44]},
						{"origin": [-5, 3, -5], "size": [10, 15, 10], "inflate": 0.25, "uv": [0, 0]},
						{"origin": [-2.5, 14, -6.5], "size": [5, 5, 0], "inflate": 0.25, "pivot": [0, 16, -6], "rotation": [-25, 0, 0], "uv": [69, 58]},
						{"origin": [-4, 14.5, -4], "size": [8, 4, 8], "inflate": 0.25, "uv": [25, 31]},
						{"origin": [-6, 15, -2], "size": [4, 5, 4], "inflate": 0.25, "pivot": [-4, 16, 0], "rotation": [0, 0, -40], "uv": [30, 59]},
						{"origin": [2, 15, -2], "size": [4, 5, 4], "inflate": 0.25, "pivot": [4, 16, 0], "rotation": [0, 0, 40], "uv": [59, 18]},
						{"origin": [-6, 20, -2], "size": [3, 3, 3], "inflate": 0.25, "pivot": [-4, 16, 0], "rotation": [0, 0, -40], "uv": [44, 67]},
						{"origin": [3, 20, -2], "size": [3, 3, 3], "inflate": 0.25, "pivot": [4, 16, 0], "rotation": [0, 0, 40], "uv": [31, 0]},
						{"origin": [-6, 22.5, -2], "size": [2, 2, 2], "inflate": 0.25, "pivot": [-4, 16, 0], "rotation": [0, 0, -40], "uv": [0, 5]},
						{"origin": [4, 22.5, -2], "size": [2, 2, 2], "inflate": 0.25, "pivot": [4, 16, 0], "rotation": [0, 0, 40], "uv": [0, 0]},
						{"origin": [-4, 2.5, -4], "size": [8, 4, 8], "inflate": 0.25, "uv": [0, 26]},
						{"origin": [5, 4, -4], "size": [1, 13, 8], "inflate": 0.25, "uv": [41, 0]},
						{"origin": [-6, 4, -4], "size": [1, 13, 8], "inflate": 0.25, "uv": [0, 39]}
					]
				},
				{
					"name": "tail",
					"parent": "body",
					"pivot": [0, 5, 4],
					"rotation": [45, 0, 0],
					"cubes": [
						{"origin": [-1, -0.53553, 10.7071], "size": [2, 4, 1], "inflate": 0.25, "uv": [0, 26]},
						{"origin": [-1, 1.97244, 11.49081], "size": [2, 1, 1], "inflate": 0.25, "pivot": [0, 1.77244, 9.59081], "rotation": [45, 0, 0], "uv": [31, 7]},
						{"origin": [-1, -1.27401, 8.66152], "size": [2, 1, 1], "inflate": 0.25, "pivot": [0, -2.87401, 9.66152], "rotation": [-45, 0, 0], "uv": [25, 29]},
						{"origin": [-1, -2.67401, 6.34436], "size": [2, 1.6, 1], "inflate": 0.25, "pivot": [0, -2.87401, 4.94436], "rotation": [45, 0, 0], "uv": [25, 26]},
						{"origin": [-1, -0.12132, 4.29289], "size": [2, 5, 6], "inflate": 0.25, "uv": [13, 59]},
						{"origin": [-1, -1.94975, 6.29289], "size": [2, 1, 4], "inflate": 0.25, "uv": [26, 69]}
					]
				},
				{
					"name": "right_arm",
					"parent": "clefable",
					"pivot": [-5, 11.5, -0.5],
					"rotation": [0, 0, -40],
					"cubes": [
						{"origin": [-11, 9, -2], "size": [6, 4, 4], "inflate": 0.25, "uv": [58, 49]},
						{"origin": [-12, 9, -2], "size": [1, 4, 4], "inflate": 0.25, "uv": [67, 28]}
					]
				},
				{
					"name": "left_arm",
					"parent": "clefable",
					"pivot": [5, 11.5, -0.5],
					"rotation": [0, 0, 40],
					"cubes": [
						{"origin": [5, 9, -2], "size": [6, 4, 4], "inflate": 0.25, "uv": [57, 40]},
						{"origin": [11, 9, -2], "size": [1, 4, 4], "inflate": 0.25, "uv": [37, 22]}
					]
				},
				{
					"name": "right_leg",
					"parent": "clefable",
					"pivot": [-3, 4, 0],
					"cubes": [
						{"origin": [-5, 0, -2], "size": [4, 4, 4], "inflate": 0.25, "uv": [60, 9]},
						{"origin": [-5.5, 0.5, -2], "size": [1, 5, 4], "inflate": 0.25, "pivot": [-3, 3, 0], "rotation": [0, 0, -10], "uv": [62, 63]}
					]
				},
				{
					"name": "left_leg",
					"parent": "clefable",
					"pivot": [3, 4, 0],
					"cubes": [
						{"origin": [1, 0, -2], "size": [4, 4, 4], "inflate": 0.25, "uv": [60, 0]},
						{"origin": [4.5, 0.5, -2], "size": [1, 5, 4], "inflate": 0.25, "pivot": [3, 3, 0], "rotation": [0, 0, 10], "uv": [0, 61]}
					]
				},
				{
					"name": "pokedex",
					"pivot": [0, 34, -5],
					"locators": {
						"pokedex": [0, 34, -5]
					}
				}
			]
		}
	]
}