{
	"format_version": "1.8.0",
	"animations": {
		"animation.kabuto.quiet": {
			"loop": true,
			"animation_length": 0.8,
			"bones": {
				"body": {
					"position": {
						"0.0": [0, 0, 0],
						"0.4": [0, -0.5, 0],
						"0.8": [0, 0, 0]
					}
				}
			}
		},
		"animation.kabuto.walk": {
			"loop": true,
			"animation_length": 0.8,
			"bones": {
				"kabuto": {
					"rotation": {
						"0.0": [0, 0, -10],
						"0.4": [0, 0, 10],
						"0.8": [0, 0, -10]
					},
					"position": {
						"0.0": [0, 1, 0],
						"0.2": [0, 0, 0],
						"0.4": [0, 1, 0],
						"0.6": [0, 0, 0],
						"0.8": [0, 1, 0]
					}
				},
				"right_side": {
					"position": {
						"0.0": [0, 0, 1],
						"0.4": [0, 0, -1],
						"0.8": [0, 0, 1]
					}
				},
				"left_side": {
					"position": {
						"0.0": [0, 0, -1],
						"0.4": [0, 0, 1],
						"0.8": [0, 0, -1]
					}
				}
			}
		},
		"animation.kabuto.sitting": {
			"loop": true,
			"bones": {
				"kabuto": {
					"rotation": [10, 0, 0],
					"position": [0, -2, 0]
				},
				"right_side": {
					"position": [1, 1, 0]
				},
				"left_side": {
					"position": [-1, 1, 0]
				}
			}
		},
		"animation.kabuto.jump": {
			"loop": true,
			"bones": {
				"kabuto": {
					"rotation": [-30, 0, 0],
					"position": [0, 2, -1]
				}
			}
		},
		"animation.kabuto.attack": {
			"loop": true,
			"bones": {
				"kabuto": {
					"rotation": [45, 0, 0],
					"position": [0, 2, 1]
				}
			}
		},
		"animation.kabuto.swimming": {
			"loop": true,
			"animation_length": 0.8,
			"bones": {
				"kabuto": {
					"rotation": {
						"0.0": [0, 0, 15],
						"0.2": [-15, 0, 0],
						"0.4": [0, 0, -15],
						"0.6": [-15, 0, 0],
						"0.8": [0, 0, 15]
					},
					"position": {
						"0.0": [0, 2, 0],
						"0.2": [0, 1, 0],
						"0.8": [0, 2, 0]
					}
				}
			}
		},
		"animation.kabuto.sink": {
			"loop": true,
			"animation_length": 0.8,
			"bones": {
				"kabuto": {
					"rotation": {
						"0.0": [20, 0, 15],
						"0.2": [5, 0, 0],
						"0.4": [20, 0, -15],
						"0.6": [5, 0, 0],
						"0.8": [22.5, 0, 15]
					},
					"position": {
						"0.0": [0, 2, 0],
						"0.2": [0, 1, 0],
						"0.8": [0, 2, 0]
					}
				}
			}
		},
		"animation.kabuto.direction": {
			"loop": true,
			"bones": {
				"kabuto": {
					"rotation": [ "query.target_x_rotation - this", "query.target_y_rotation - this", "-math.max(-20,math.min(20,query.yaw_speed))"]
				}
			}
		},
        "animation.kabuto.health_bar":{
            "loop":true,
            "bones":{
                "health_hover":{
    "rotation":["q.camera_rotation(0)","q.camera_rotation(1)-q.body_y_rotation",0],
	"position": [0,20,0],
    "scale":"query.is_in_ui?0:1.5"
                },
				"bar_green": {
					"scale": ["query.health/query.max_health*1", 1, 1]
				},
				"bar_black": {
					"scale": ["(1)+(query.health/query.max_health*-1)", 1, 1]
				}
			}
        }
	}
}