{
	"format_version": "1.8.0",
	"animations": {
		"animation.squirtle.quiet": {
			"loop": true,
			"animation_length": 0.8,
			"bones": {
				"head": {
					"position": {
						"0.0": [0, 0, 0],
						"0.4": [0, -0.5, -1],
						"0.8": [0, 0, 0]
					}
				},
				"body": {
					"rotation": {
						"0.0": [0, 0, 0],
						"0.4": [10, 0, 0],
						"0.8": [0, 0, 0]
					}
				},
				"tail": {
					"rotation": {
						"0.0": [0, -40, 0],
						"0.5": [0, -60, 0],
						"0.8": [0, -40, 0]
					},
					"position": [-2, 0, 0]
				},
				"arms": {
					"rotation": {
						"0.0": [-75, 0, 0],
						"0.6": [-65, 0, 0],
						"0.8": [-75, 0, 0]
					},
					"position": {
						"0.0": [0, 0, 0],
						"0.4": [0, -1, -1],
						"0.8": [0, 0, 0]
					}
				}
			}
		},
		"animation.squirtle.walk": {
			"loop": true,
			"animation_length": 0.8,
			"bones": {
				"squirtle": {
					"position": {
						"0.0": [0, 1, 0],
						"0.2": [0, 0, 0],
						"0.4": [0, 1, 0],
						"0.6": [0, 0, 0],
						"0.8": [0, 1, 0]
					}
				},
				"head": {
					"position": {
						"0.0": [-1, 0, 0],
						"0.2": [0, -1, -1.5],
						"0.4": [1, 0, 0],
						"0.6": [0, -1, -1.5],
						"0.8": [-1, 0, 0]
					}
				},
				"body": {
					"rotation": {
						"0.0": [0, 15, 0],
						"0.2": [10, 0, 0],
						"0.4": [0, -15, 0],
						"0.6": [10, 0, 0],
						"0.8": [0, 15, 0]
					}
				},
				"tail": {
					"rotation": {
						"0.0": [-20, 0, 0],
						"0.2": [5, 0, 0],
						"0.4": [-20, 0, 0],
						"0.6": [5, 0, 0],
						"0.8": [-20, 0, 0]
					}
				},
				"arms": {
					"position": {
						"0.0": [0, 0, 0],
						"0.2": [0, -1, -2],
						"0.4": [0, 0, 0],
						"0.6": [0, -1, -2],
						"0.8": [0, 0, 0]
					}
				},
				"right_arm": {
					"rotation": {
						"0.0": [45, 0, 0],
						"0.4": [-45, 0, 0],
						"0.8": [45, 0, 0]
					},
					"position": {
						"0.0": [0, 0, 1],
						"0.4": [0, 0, -1],
						"0.8": [0, 0, 1]
					}
				},
				"left_arm": {
					"rotation": {
						"0.0": [-45, 0, 0],
						"0.4": [45, 0, 0],
						"0.8": [-45, 0, 0]
					},
					"position": {
						"0.0": [0, 0, -1],
						"0.4": [0, 0, 1],
						"0.8": [0, 0, -1]
					}
				},
				"right_leg": {
					"rotation": {
						"0.0": [45, 0, 0],
						"0.4": [-45, 0, 0],
						"0.8": [45, 0, 0]
					},
					"position": {
						"0.0": [-1, 0, 0],
						"0.4": [0, 0, 0],
						"0.8": [-1, 0, 0]
					}
				},
				"left_leg": {
					"rotation": {
						"0.0": [-45, 0, 0],
						"0.4": [45, 0, 0],
						"0.8": [-45, 0, 0]
					},
					"position": {
						"0.0": [0, 0, 0],
						"0.4": [1, 0, 0],
						"0.8": [0, 0, 0]
					}
				}
			}
		},
		"animation.squirtle.sitting": {
			"loop": true,
			"bones": {
				"squirtle": {
					"position": [0, -3, 0]
				},
				"tail": {
					"rotation": [80, -10, -85]
				},
				"arms": {
					"rotation": [75, 0, 0]
				},
				"right_arm": {
					"rotation": [-125, 0, 0],
					"position": [-1, 0, 0]
				},
				"left_arm": {
					"rotation": [-125, 0, 0],
					"position": [1, 0, 0]
				},
				"legs": {
					"rotation": [-90, 0, 0],
					"position": [0, 1, -1]
				}
			}
		},
		"animation.squirtle.jump": {
			"loop": true,
			"bones": {
				"squirtle": {
					"position": [0, 1, 0]
				},
				"tail": {
					"rotation": [-50, 0, 0],
					"position": [0, 0, -1]
				},
				"arms": {
					"rotation": [-115, 0, 0]
				},
				"right_arm": {
					"rotation": [0, 0, -15]
				},
				"left_arm": {
					"rotation": [0, 0, 15]
				},
				"legs": {
					"rotation": [25, 0, 0]
				}
			}
		},
		"animation.squirtle.attack": {
			"loop": true,
			"bones": {
				"head": {
					"scale": 0
				},
				"body": {
					"rotation": [120, 0, 0],
					"position": [0, 4, 3]
				},
				"tail": {
					"scale": 0
				},
				"arms": {
					"scale": 0
				},
				"legs": {
					"scale": 0
				}
			}
		},
		"animation.squirtle.swimming": {
			"loop": true,
			"animation_length": 0.6,
			"bones": {
				"squirtle": {
					"position": {
						"0.0": [0, 0, 0],
						"0.3": [0, 1, 0],
						"0.6": [0, 0, 0]
					}
				},
				"body": {
					"rotation": [5, 0, 0]
				},
				"tail": {
					"rotation": {
						"0.0": [-65, 0, 0],
						"0.2": [-80, 0, 0],
						"0.6": [-65, 0, 0]
					},
					"position": [0, 0, -1]
				},
				"arms": {
					"rotation": {
						"0.0": [-65, 0, 0],
						"0.4": [-45, 0, 0],
						"0.6": [-65, 0, 0]
					},
					"position": [0, 0, -1]
				},
				"right_leg": {
					"rotation": {
						"0.0": [-45, 0, 0],
						"0.3": [45, 0, 0],
						"0.6": [-45, 0, 0]
					}
				},
				"left_leg": {
					"rotation": {
						"0.0": [45, 0, 0],
						"0.3": [-45, 0, 0],
						"0.6": [45, 0, 0]
					}
				}
			}
		},
		"animation.squirtle.sink": {
			"loop": true,
			"animation_length": 0.6,
			"bones": {
				"head": {
					"position": [0, -11, -8.5]
				},
				"body": {
					"rotation": [80, 0, 0]
				},
				"tail": {
					"rotation": {
						"0.0": [-70, 5, 30],
						"0.3": [-70, -5, -30],
						"0.6": [-70, 5, 30]
					},
					"position": [0, 0, -1]
				},
				"arms": {
					"position": [0, -7, -5]
				},
				"right_arm": {
					"rotation": {
						"0.0": [-40, 0, 55],
						"0.2": [35, 0, 55],
						"0.6": [-40, 0, 55]
					}
				},
				"left_arm": {
					"rotation": {
						"0.0": [-40, 0, -55],
						"0.2": [35, 0, -55],
						"0.6": [-40, 0, -55]
					}
				},
				"legs": {
					"rotation": [90, 0, 0],
					"position": [0, -2, 0]
				},
				"right_leg": {
					"rotation": {
						"0.0": [-45, 0, 0],
						"0.3": [20, 0, 0],
						"0.6": [-45, 0, 0]
					}
				},
				"left_leg": {
					"rotation": {
						"0.0": [20, 0, 0],
						"0.3": [-45, 0, 0],
						"0.6": [20, 0, 0]
					}
				}
			}
		},
		"animation.squirtle.direction": {
			"loop": true,
			"bones": {
				"squirtle": {
					"rotation": [ "query.target_x_rotation - this", "query.target_y_rotation - this", "-math.max(-20,math.min(20,query.yaw_speed))"]
				},
				"tail": {
					"rotation": [0, 0, "math.max(-35,math.min(35,query.yaw_speed))"]
				}
			}
		},
        "animation.squirtle.health_bar":{
            "loop":true,
            "bones":{
                "health_hover":{
    "rotation":["q.camera_rotation(0)","q.camera_rotation(1)-q.body_y_rotation",0],
	"position": [0,22,0],
    "scale":"query.is_in_ui?0:1.5"
                },
				"bar_green": {
					"scale": ["query.health/query.max_health*1", 1, 1]
				},
				"bar_black": {
					"scale": ["(1)+(query.health/query.max_health*-1)", 1, 1]
				}
			}
        }
	}
}