{
	"format_version": "1.8.0",
	"animations": {
		"animation.blastoise.quiet": {
			"loop": true,
			"animation_length": 1.6,
			"bones": {
				"head": {
					"position": {
						"0.0": [0, 0, 0],
						"0.9": [0, -1.3, -2],
						"1.6": [0, 0, 0]
					}
				},
				"tail": {
					"rotation": {
						"0.0": [0, 0, 0],
						"0.8": [5, 0, 0],
						"1.6": [0, 0, 0]
					}
				},
				"right_arm": {
					"rotation": {
						"0.0": [7.5, 0, 15],
						"1.0": [-10, 0, -7.5],
						"1.6": [7.5, 0, 15]
					}
				},
				"left_arm": {
					"rotation": {
						"0.0": [7.5, 0, -15],
						"1.0": [-10, 0, 7.5],
						"1.6": [7.5, 0, -15]
					}
				},
				"body": {
					"rotation": {
						"0.0": [0, 0, 0],
						"0.8": [7.5, 0, 0],
						"1.6": [0, 0, 0]
					},
					"position": {
						"0.0": [0, 0, 0],
						"0.8": [0, 0, -1],
						"1.6": [0, 0, 0]
					}
				},
				"arms": {
					"position": {
						"0.0": [0, 0, 0],
						"0.8": [0, 1, 0],
						"1.6": [0, 0, 0]
					}
				}
			}
		},
		"animation.blastoise.walk": {
			"loop": true,
			"animation_length": 0.8,
			"bones": {
				"body": {
					"rotation": {
						"0.0": [0, -15, 0],
						"0.2": [10, 0, 0],
						"0.4": [0, 15, 0],
						"0.6": [10, 0, 0],
						"0.8": [0, -15, 0]
					}
				},
				"right_arm": {
					"rotation": [0, 0, -55],
					"position": [-3, 0, 0]
				},
				"right_leg": {
					"position": {
						"0.0": [0, 0, -3],
						"0.4": [0, 0, 3],
						"0.6": [0, 2, 0],
						"0.8": [0, 0, -3]
					}
				},
				"tail": {
					"rotation": {
						"0.0": [0, -17.5, 0],
						"0.2": [0, 20, 0],
						"0.6": [0, -22.5, 0]
					}
				},
				"head": {
					"position": {
						"0.0": [1, 0, 0],
						"0.2": [0, -1, -2],
						"0.4": [-1, 0, 0],
						"0.6": [0, -1, -2],
						"0.8": [1, 0, 0]
					}
				},
				"arms": {
					"rotation": {
						"0.0": [-30, -15, 0],
						"0.2": [-20, 0, 0],
						"0.4": [-30, 15, 0],
						"0.6": [-20, 0, 0],
						"0.8": [-30, -15, 0]
					},
					"position": {
						"0.0": [0, 0, 0],
						"0.3": [0, -1, 0],
						"0.4": [0, 0, 0],
						"0.7": [0, -1, 0],
						"0.8": [0, 0, 0]
					}
				},
				"left_arm": {
					"rotation": [0, 0, 55],
					"position": [3, 0, 0]
				},
				"left_leg": {
					"position": {
						"0.0": [0, 0, 3],
						"0.2": [0, 2, 0],
						"0.4": [0, 0, -3],
						"0.8": [0, 0, 3]
					}
				}
			}
		},
		"animation.blastoise.sitting": {
			"loop": true,
			"bones": {
				"blastoise": {
					"position": [0, -5, 0]
				},
				"tail": {
					"rotation": [10, 20, 0],
					"position": [0, 1, 1]
				},
				"right_leg": {
					"rotation": [-90, 15, 0],
					"position": [0, 1, -1]
				},
				"left_leg": {
					"rotation": [-90, -15, 0],
					"position": [0, 1, -1]
				},
				"legs": {
					"position": [0, -1, 1]
				}
			}
		},
		"animation.blastoise.jump": {
			"loop": true,
			"bones": {
				"blastoise": {
					"rotation": [10, 0, 0]
				},
				"right_arm": {
					"rotation": [0, 0, 110]
				},
				"left_arm": {
					"rotation": [0, 0, -110]
				},
				"right_leg": {
					"rotation": [-55, 30, 0],
					"position": [0, 0, -1]
				},
				"left_leg": {
					"rotation": [-55, -30, 0],
					"position": [0, 0, -1]
				}
			}
		},
		"animation.blastoise.attack": {
			"loop": true,
			"bones": {
				"blastoise": {
					"rotation": [0, 0, 0],
					"position": [0, 0, 7]
				},
				"right_leg": {
					"rotation": [0, 0, 0]
				},
				"left_leg": {
					"rotation": [0, 0, 0]
				},
				"head": {
					"position": [0, -8, -7]
				},
				"body": {
					"rotation": [25, 0, 0],
					"position": [0, -3, -2]
				},
				"arms": {
					"rotation": [-30, 0, 0],
					"position": [0, -3, -3]
				}
			}
		},
		"animation.blastoise.swimming": {
			"loop": true,
			"animation_length": 0.8,
			"bones": {
				"blastoise": {
					"position": {
						"0.0": [0, 1, 0],
						"0.4": [0, 0, 0],
						"0.8": [0, 1, 0]
					}
				},
				"tail": {
					"rotation": {
						"0.0": [-60, 0, -25],
						"0.4": [-60, 0, 25],
						"0.8": [-60, 0, -25]
					}
				},
				"right_arm": {
					"rotation": {
						"0.0": [-35, 0, 35],
						"0.4": [15, 0, 35],
						"0.8": [-35, 0, 35]
					}
				},
				"left_arm": {
					"rotation": {
						"0.0": [-35, 0, -35],
						"0.4": [15, 0, -35],
						"0.8": [-35, 0, -35]
					}
				},
				"right_leg": {
					"rotation": {
						"0.0": [45, 0, 0],
						"0.2": [-45, 0, 0],
						"0.4": [45, 0, 0],
						"0.6": [-45, 0, 0],
						"0.8": [45, 0, 0]
					}
				},
				"left_leg": {
					"rotation": {
						"0.0": [-45, 0, 0],
						"0.2": [45, 0, 0],
						"0.4": [-45, 0, 0],
						"0.6": [45, 0, 0],
						"0.8": [-45, 0, 0]
					}
				}
			}
		},
		"animation.blastoise.sink": {
			"loop": true,
			"animation_length": 0.6,
			"bones": {
				"head": {
					"position": [0, -18.5, -7]
				},
				"right_arm": {
					"rotation": {
						"0.0": [0, 0, 0],
						"0.4": [0, 0, 90],
						"0.6": [0, 0, 0]
					}
				},
				"left_arm": {
					"rotation": {
						"0.0": [0, 0, 0],
						"0.4": [0, 0, -90],
						"0.6": [0, 0, 0]
					}
				},
				"right_leg": {
					"rotation": {
						"0.0": [-45, 0, 0],
						"0.3": [45, 0, 0],
						"0.6": [-45, 0, 0]
					}
				},
				"left_leg": {
					"rotation": {
						"0.0": [45, 0, 0],
						"0.3": [-45, 0, 0],
						"0.6": [45, 0, 0]
					}
				},
				"body": {
					"rotation": [60, 0, 0],
					"position": [0, -8, 1]
				},
				"arms": {
					"rotation": [90, 0, 0],
					"position": [0, -12, -3]
				},
				"legs": {
					"rotation": [90, 0, 0],
					"position": [0, -2, 7]
				}
			}
		},
		"animation.blastoise.health_bar": {
			"loop": true,
			"bones": {
				"health_hover": {
					"rotation": ["q.camera_rotation(0)", "q.camera_rotation(1)-q.body_y_rotation", 0],
					"position": [0, 38, 0],
					"scale": "query.is_in_ui?0:1.6"
				},
				"bar_green": {
					"scale": ["query.health/query.max_health*1", 1, 1]
				},
				"bar_black": {
					"scale": ["(1)+(query.health/query.max_health*-1)", 1, 1]
				}
			}
		},
		"animation.blastoise.direction": {
			"loop": true,
			"bones": {
				"blastoise": {
					"rotation": ["query.target_x_rotation - this", "query.target_y_rotation - this", "-math.max(-20,math.min(20,query.yaw_speed))"]
				},
				"tail": {
					"rotation": [0, 0, "math.max(-35,math.min(35,query.yaw_speed))"]
				}
			}
		},
		"animation.blastoise.direction_rider": {
			"loop": true,
			"bones": {
				"blastoise": {
					"rotation": ["query.vertical_speed * -5.0", 0, 0]
				},
				"tail": {
					"rotation": [0, 0, "math.max(-35,math.min(35,query.yaw_speed))"]
				}
			}
		},
		"animation.blastoise.health_bar_mega": {
			"loop": true,
			"bones": {
				"health_hover": {
					"rotation": ["q.camera_rotation(0)", "q.camera_rotation(1)-q.body_y_rotation", 0],
					"position": [0, 38, 0],
					"scale": "query.is_in_ui?0:1.5"
				},
				"bar_green": {
					"scale": ["query.health/query.max_health*1", 1, 1]
				},
				"bar_black": {
					"scale": ["(1)+(query.health/query.max_health*-1)", 1, 1]
				}
			}
		}
	}
}