{
	"format_version": "1.8.0",
	"animations": {
		"animation.wartortle.quiet": {
			"loop": true,
			"animation_length": 0.8,
			"bones": {
				"head": {
					"position": {
						"0.0": [0, -1, -4],
						"0.4": [0, -3, -5],
						"0.8": [0, -1, -4]
					}
				},
				"tail": {
					"rotation": {
						"0.0": [0, -50, 0],
						"0.3": [0, -25, 0],
						"0.8": [0, -50, 0]
					},
					"position": {
						"0.0": [-3, 0, 0],
						"0.3": [-1, 0, 0],
						"0.8": [-3, 0, 0]
					}
				},
				"body": {
					"rotation": {
						"0.0": [15, 0, 0],
						"0.4": [25, 0, 0],
						"0.8": [15, 0, 0]
					},
					"position": {
						"0.0": [0, -1, -1],
						"0.4": [0, -2, -1],
						"0.8": [0, -1, -1]
					}
				},
				"right_leg": {
					"rotation": [0, 20, 0]
				},
				"left_leg": {
					"rotation": [0, -20, 0]
				},
				"arms": {
					"rotation": {
						"0.0": [-60, 0, 0],
						"0.4": [-45, 0, 0],
						"0.8": [-60, 0, 0]
					},
					"position": {
						"0.0": [0, -1, -2],
						"0.5": [0, -2, -2],
						"0.8": [0, -1, -2]
					}
				}
			}
		},
		"animation.wartortle.walk": {
			"loop": true,
			"animation_length": 0.8,
			"bones": {
				"wartortle": {
					"position": {
						"0.0": [0, 1, 0],
						"0.2": [0, 0, 0],
						"0.4": [0, 1, 0],
						"0.6": [0, 0, 0],
						"0.8": [0, 1, 0]
					}
				},
				"body": {
					"rotation": {
						"0.0": [0, 0, 0],
						"0.2": [10, 0, 0],
						"0.4": [0, 0, 0],
						"0.6": [10, 0, 0],
						"0.8": [0, 0, 0]
					},
					"position": {
						"0.0": [0, 0, 0],
						"0.2": [0, -1, -1],
						"0.4": [0, 0, 0],
						"0.6": [0, -1, -1],
						"0.8": [0, 0, 0]
					}
				},
				"right_arm": {
					"rotation": [0, 0, -75],
					"position": [-2, -1, 0]
				},
				"left_arm": {
					"rotation": [0, 0, 75],
					"position": [2, -1, 0]
				},
				"right_leg": {
					"rotation": {
						"0.0": [-45, 0, 0],
						"0.4": [45, 0, 0],
						"0.8": [-45, 0, 0]
					}
				},
				"left_leg": {
					"rotation": {
						"0.0": [45, 0, 0],
						"0.4": [-45, 0, 0],
						"0.8": [45, 0, 0]
					}
				},
				"bone": {
					"rotation": {
						"0.0": [0, 25, 0],
						"0.4": [0, -25, 0],
						"0.8": [0, 25, 0]
					}
				},
				"head": {
					"position": {
						"0.0": [0, 0, 0],
						"0.2": [0, -1.5, -2],
						"0.4": [0, 0, 0],
						"0.6": [0, -1.5, -2],
						"0.8": [0, 0, 0]
					}
				},
				"tail": {
					"rotation": {
						"0.0": [0, 45, 0],
						"0.4": [0, -45, 0],
						"0.8": [0, 45, 0]
					}
				},
				"arms": {
					"rotation": {
						"0.0": [-90, 0, 0],
						"0.3": [-80, 0, 0],
						"0.4": [-90, 0, 0],
						"0.7": [-80, 0, 0],
						"0.8": [-90, 0, 0]
					},
					"position": {
						"0.0": [0, -1, 1],
						"0.2": [0, -3, -1],
						"0.4": [0, -1, 1],
						"0.6": [0, -3, -1],
						"0.8": [0, -1, 1]
					}
				}
			}
		},
		"animation.wartortle.sitting": {
			"loop": true,
			"bones": {
				"wartortle": {
					"position": [0, -4, 0]
				},
				"tail": {
					"rotation": [45, 0, 90],
					"position": [-3, -1, 0]
				},
				"right_leg": {
					"rotation": [-90, 15, 0],
					"position": [0, 1, -1]
				},
				"left_leg": {
					"rotation": [-90, -15, 0],
					"position": [0, 1, -1]
				},
				"right_arm": {
					"rotation": [0, 0, 7.5]
				},
				"left_arm": {
					"rotation": [0, 0, -7.5]
				}
			}
		},
		"animation.wartortle.jump": {
			"loop": true,
			"bones": {
				"wartortle": {
					"rotation": [10, 0, 0]
				},
				"right_arm": {
					"rotation": [0, 0, 110]
				},
				"left_arm": {
					"rotation": [0, 0, -110]
				},
				"right_leg": {
					"rotation": [-90, 30, 0],
					"position": [0, 0, -1]
				},
				"left_leg": {
					"rotation": [-90, -30, 0],
					"position": [0, 0, -1]
				},
				"tail": {
					"rotation": [-75, 0, 0]
				},
				"legs": {
					"position": [0, 1, 0]
				}
			}
		},
		"animation.wartortle.attack": {
			"loop": true,
			"bones": {
				"tail": {
					"rotation": [-15, -40, 0],
					"position": [-2, 0, 0]
				},
				"right_arm": {
					"rotation": [-90, -20, 0]
				},
				"left_arm": {
					"rotation": [30, -30, -30],
					"position": [0, 0, 1]
				},
				"right_leg": {
					"rotation": [25, 0, 25],
					"position": [0, 0, 2]
				},
				"left_leg": {
					"rotation": [0, 0, 0]
				},
				"head": {
					"position": [0, -1, -3]
				},
				"body": {
					"rotation": [20, 0, 0]
				},
				"arms": {
					"position": [0, -1, -2]
				}
			}
		},
		"animation.wartortle.swimming": {
			"loop": true,
			"animation_length": 0.8,
			"bones": {
				"wartortle": {
					"position": {
						"0.0": [0, 1, 0],
						"0.4": [0, 0, 0],
						"0.8": [0, 1, 0]
					}
				},
				"tail": {
					"rotation": {
						"0.0": [-60, 0, -25],
						"0.4": [-60, 0, 25],
						"0.8": [-60, 0, -25]
					}
				},
				"right_arm": {
					"rotation": {
						"0.0": [-35, 0, 35],
						"0.4": [15, 0, 35],
						"0.8": [-35, 0, 35]
					}
				},
				"left_arm": {
					"rotation": {
						"0.0": [-35, 0, -35],
						"0.4": [15, 0, -35],
						"0.8": [-35, 0, -35]
					}
				},
				"right_leg": {
					"rotation": {
						"0.0": [45, 0, 0],
						"0.2": [-45, 0, 0],
						"0.4": [45, 0, 0],
						"0.6": [-45, 0, 0],
						"0.8": [45, 0, 0]
					}
				},
				"left_leg": {
					"rotation": {
						"0.0": [-45, 0, 0],
						"0.2": [45, 0, 0],
						"0.4": [-45, 0, 0],
						"0.6": [45, 0, 0],
						"0.8": [-45, 0, 0]
					}
				}
			}
		},
		"animation.wartortle.sink": {
			"loop": true,
			"animation_length": 0.6,
			"bones": {
				"wartortle": {
					"position": [0, -6, 0]
				},
				"head": {
					"position": [0, -8.5, -8.5]
				},
				"body": {
					"rotation": [90, 0, 0]
				},
				"tail": {
					"rotation": {
						"0.0": [-110, 0, 35],
						"0.3": [-96.24605, 0, -35],
						"0.6": [-110, 0, 35]
					},
					"position": [0, -1, -2]
				},
				"arms": {
					"rotation": [90, 0, 0],
					"position": [0, -4, -4]
				},
				"right_arm": {
					"rotation": {
						"0.0": [0, 0, 100],
						"0.2": [0, 0, 15],
						"0.6": [0, 0, 100]
					}
				},
				"left_arm": {
					"rotation": {
						"0.0": [0, 0, -110],
						"0.2": [0, 0, -15],
						"0.6": [0, 0, -110]
					}
				},
				"legs": {
					"rotation": [90, 0, 0],
					"position": [0, 5, 4]
				},
				"right_leg": {
					"rotation": {
						"0.0": [-45, 0, 0],
						"0.3": [45, 0, 0],
						"0.6": [-45, 0, 0]
					}
				},
				"left_leg": {
					"rotation": {
						"0.0": [45, 0, 0],
						"0.3": [-45, 0, 0],
						"0.6": [45, 0, 0]
					}
				}
			}
		},
		"animation.wartortle.direction": {
			"loop": true,
			"bones": {
				"wartortle": {
					"rotation": ["query.target_x_rotation - this", "query.target_y_rotation - this", "-math.max(-20,math.min(20,query.yaw_speed))"]
				},
				"tail": {
					"rotation": [0, 0, "math.max(-35,math.min(35,query.yaw_speed))"]
				}
			}
		},
		"animation.wartortle.health_bar": {
			"loop": true,
			"bones": {
				"health_hover": {
					"rotation": ["q.camera_rotation(0)", "q.camera_rotation(1)-q.body_y_rotation", 0],
					"position": [0, 30, 0],
					"scale": "query.is_in_ui?0:1.5"
				},
				"bar_green": {
					"scale": ["query.health/query.max_health*1", 1, 1]
				},
				"bar_black": {
					"scale": ["(1)+(query.health/query.max_health*-1)", 1, 1]
				}
			}
		}
	}
}