{
  "format_version":"1.16.100",
  "minecraft:item":{
    "description":{
      "identifier":"serp:healing_machine",
      "category":"Nature"
    },
    "components":{
    "minecraft:display_name":{"value":"item.serp:healing_machine.name"},
	  "minecraft:creative_category":{"parent":"itemGroup.name.spawn_eggs"},
    "minecraft:render_offsets":{"main_hand":{"first_person":{"scale":[0.01,0.01,0.01]},"third_person":{"scale":[0.03,0.03,0.03]}}},
    "minecraft:max_stack_size":64,
    "minecraft:entity_placer":{"entity":"serp:machines_spawn<healing_machine>"},
	  "minecraft:icon":{"texture":"healing_machine"}
    }
  }
}