{
	"format_version": "1.12.0",
	"minecraft:geometry": [
		{
			"description": {
				"identifier": "geometry.serpslowpoke",
				"texture_width": 64,
				"texture_height": 64,
				"visible_bounds_width": 3,
				"visible_bounds_height": 2.5,
				"visible_bounds_offset": [0, 0.75, 0]
			},
			"bones": [
				{
					"name": "slowpoke",
					"pivot": [0, 0, 0]
				},
				{
					"name": "body_root",
					"parent": "slowpoke",
					"pivot": [0, 3, 4.5]
				},
				{
					"name": "head",
					"parent": "body_root",
					"pivot": [0, 6, -8],
					"cubes": [
						{"origin": [-4, 3, -13.5], "size": [8, 6, 6], "uv": [0, 34]},
						{"origin": [-3, 3, -15], "size": [6, 3, 2], "uv": [43, 7]},
						{"origin": [-3, 6, -15], "size": [6, 1.3, 0], "pivot": [0, 6, -15], "rotation": [-45, 0, 0], "uv": [28, 20]},
						{"origin": [-6, 9, -10.5], "size": [3, 3, 0], "pivot": [-3, 9, -10.5], "rotation": [-10, 30, -20], "uv": [28, 22]},
						{"origin": [3, 9, -10.5], "size": [3, 3, 0], "pivot": [3, 9, -10.5], "rotation": [-10, -30, 20], "uv": [28, 22], "mirror": true},
						{"origin": [-5.00111, 3, -12.99889], "size": [1, 3, 2], "uv": [0, 20]},
						{"origin": [4.00111, 3, -12.99889], "size": [1, 3, 2], "uv": [0, 20], "mirror": true},
						{"origin": [-3, 3, -15], "size": [2, 3, 2.83], "pivot": [-3, 4, -15], "rotation": [0, -45, 0], "uv": [0, 6]},
						{"origin": [1, 3, -15], "size": [2, 3, 2.83], "pivot": [3, 4, -15], "rotation": [0, 45, 0], "uv": [0, 6], "mirror": true},
						{"origin": [-3.5, 8.5, -13], "size": [7, 1, 5], "uv": [31, 0]},
						{"origin": [-3.5, 3.5, -14], "size": [7, 5, 1], "uv": [42, 25]},
						{"origin": [-3.5, 3.5, -8], "size": [7, 5, 1], "uv": [42, 25]},
						{"origin": [-4.5, 3.5, -13], "size": [1, 5, 5], "uv": [43, 43]},
						{"origin": [3.5, 3.5, -13], "size": [1, 5, 5], "uv": [43, 43], "mirror": true}
					]
				},
				{
					"name": "open_eyes",
					"parent": "head",
					"pivot": [0, 6, -11],
					"cubes": [
						{"origin": [-4, 5.5, -14], "size": [3, 3, 0], "pivot": [-4, 6, -14], "rotation": [0, 10, 0], "uv": [0, 54]},
						{"origin": [1, 5.5, -14], "size": [3, 3, 0], "pivot": [4, 6, -14], "rotation": [0, -10, 0], "uv": [0, 54], "mirror": true}
					]
				},
				{
					"name": "closed_eyes",
					"parent": "head",
					"pivot": [0, 6, -11],
					"cubes": [
						{"origin": [-4, 5.5, -14], "size": [3, 3, 0], "pivot": [-4, 6, -14], "rotation": [0, 10, 0], "uv": [0, 57]},
						{"origin": [1, 5.5, -14], "size": [3, 3, 0], "pivot": [4, 6, -14], "rotation": [0, -10, 0], "uv": [0, 57], "mirror": true}
					]
				},
				{
					"name": "angry_eyes",
					"parent": "head",
					"pivot": [0, 6, -11],
					"cubes": [
						{"origin": [-4, 5.5, -14], "size": [3, 3, 0], "pivot": [-4, 6, -14], "rotation": [0, 10, 0], "uv": [0, 60]},
						{"origin": [1, 5.5, -14], "size": [3, 3, 0], "pivot": [4, 6, -14], "rotation": [0, -10, 0], "uv": [0, 60], "mirror": true}
					]
				},
				{
					"name": "body",
					"parent": "body_root",
					"pivot": [0, 5, 0],
					"cubes": [
						{"origin": [-4.5, 2, -6.5], "size": [9, 7, 12], "uv": [0, 0]},
						{"origin": [-4, 2.5, -7], "size": [8, 6, 1], "uv": [29, 40]},
						{"origin": [-4, 2.5, 5], "size": [8, 6, 1], "uv": [29, 40]},
						{"origin": [-5, 2.5, -6], "size": [1, 6, 11], "uv": [28, 22]},
						{"origin": [4, 2.5, -6], "size": [1, 6, 11], "uv": [28, 22]},
						{"origin": [-4, 8.5, -6], "size": [8, 1, 11], "uv": [0, 20]},
						{"origin": [-4, 1.5, -6], "size": [8, 1, 11], "uv": [0, 20]}
					]
				},
				{
					"name": "tail",
					"parent": "body",
					"pivot": [0, 6, 6],
					"cubes": [
						{"origin": [-2, 4, 5], "size": [4, 4, 4], "uv": [42, 16]},
						{"origin": [-1.5, 4, 9], "size": [3, 3, 4], "pivot": [0, 4, 9], "rotation": [37.5, 0, 0], "uv": [0, 47]},
						{"origin": [-1, 6.43505, 12.17341], "size": [2, 2, 3], "pivot": [-0.5, 6.43505, 12.17341], "rotation": [70, 0, 0], "uv": [0, 0]}
					]
				},
				{
					"name": "front_legs",
					"parent": "body_root",
					"pivot": [0, 4, -4.5]
				},
				{
					"name": "right_front_leg",
					"parent": "front_legs",
					"pivot": [-4, 4, -4.5],
					"cubes": [
						{"origin": [-5.5, 0, -6], "size": [3, 5, 3], "uv": [15, 47]},
						{"origin": [-5, 0, -6], "size": [2, 1, 0], "pivot": [-4, 1, -6], "rotation": [-25, 0, 0], "uv": [7, 6]}
					]
				},
				{
					"name": "left_front_leg",
					"parent": "front_legs",
					"pivot": [4, 4, -4.5],
					"cubes": [
						{"origin": [2.5, 0, -6], "size": [3, 5, 3], "uv": [15, 47], "mirror": true},
						{"origin": [3, 0, -6], "size": [2, 1, 0], "pivot": [4, 1, -6], "rotation": [-25, 0, 0], "uv": [7, 6], "mirror": true}
					]
				},
				{
					"name": "back_legs",
					"parent": "slowpoke",
					"pivot": [0, 4, 3.5]
				},
				{
					"name": "right_back_leg",
					"parent": "back_legs",
					"pivot": [-4, 4, 3.5],
					"cubes": [
						{"origin": [-5.5, 0, 2], "size": [3, 5, 3], "uv": [15, 47]},
						{"origin": [-5, 0, 2], "size": [2, 1, 0], "pivot": [-4, 1, 2], "rotation": [-25, 0, 0], "uv": [7, 6]}
					]
				},
				{
					"name": "left_back_leg",
					"parent": "back_legs",
					"pivot": [4, 4, 3.5],
					"cubes": [
						{"origin": [2.5, 0, 2], "size": [3, 5, 3], "uv": [15, 47], "mirror": true},
						{"origin": [3, 0, 2], "size": [2, 1, 0], "pivot": [4, 1, 2], "rotation": [-25, 0, 0], "uv": [7, 6], "mirror": true}
					]
				}
			]
		},
		{
			"description": {
				"identifier": "geometry.serpslowpoke_aura",
				"texture_width": 64,
				"texture_height": 64,
				"visible_bounds_width": 3,
				"visible_bounds_height": 2.5,
				"visible_bounds_offset": [0, 0.75, 0]
			},
			"bones": [
				{
					"name": "slowpoke",
					"pivot": [0, 0, 0]
				},
				{
					"name": "body_root",
					"parent": "slowpoke",
					"pivot": [0, 3, 4.5]
				},
				{
					"name": "head",
					"parent": "body_root",
					"pivot": [0, 6, -8],
					"cubes": [
						{"origin": [-4, 3, -13.5], "size": [8, 6, 6], "inflate": 0.25, "uv": [0, 34]},
						{"origin": [-3, 3, -15], "size": [6, 3, 2], "inflate": 0.25, "uv": [43, 7]},
						{"origin": [-3, 6, -15], "size": [6, 1.3, 0], "inflate": 0.25, "pivot": [0, 6, -15], "rotation": [-45, 0, 0], "uv": [28, 20]},
						{"origin": [-6, 9, -10.5], "size": [3, 3, 0], "inflate": 0.25, "pivot": [-3, 9, -10.5], "rotation": [-10, 30, -20], "uv": [28, 22]},
						{"origin": [3, 9, -10.5], "size": [3, 3, 0], "inflate": 0.25, "pivot": [3, 9, -10.5], "rotation": [-10, -30, 20], "uv": [28, 22], "mirror": true},
						{"origin": [-5.00111, 3, -12.99889], "size": [1, 3, 2], "inflate": 0.25, "uv": [0, 20]},
						{"origin": [4.00111, 3, -12.99889], "size": [1, 3, 2], "inflate": 0.25, "uv": [0, 20], "mirror": true},
						{"origin": [-3, 3, -15], "size": [2, 3, 2.83], "inflate": 0.25, "pivot": [-3, 4, -15], "rotation": [0, -45, 0], "uv": [0, 6]},
						{"origin": [1, 3, -15], "size": [2, 3, 2.83], "inflate": 0.25, "pivot": [3, 4, -15], "rotation": [0, 45, 0], "uv": [0, 6], "mirror": true},
						{"origin": [-3.5, 8.5, -13], "size": [7, 1, 5], "inflate": 0.25, "uv": [31, 0]},
						{"origin": [-3.5, 3.5, -14], "size": [7, 5, 1], "inflate": 0.25, "uv": [42, 25]},
						{"origin": [-3.5, 3.5, -8], "size": [7, 5, 1], "inflate": 0.25, "uv": [42, 25]},
						{"origin": [-4.5, 3.5, -13], "size": [1, 5, 5], "inflate": 0.25, "uv": [43, 43]},
						{"origin": [3.5, 3.5, -13], "size": [1, 5, 5], "inflate": 0.25, "uv": [43, 43], "mirror": true}
					]
				},
				{
					"name": "open_eyes",
					"parent": "head",
					"pivot": [0, 6, -11],
					"cubes": [
						{"origin": [-4, 5.5, -14], "size": [3, 3, 0], "inflate": 0.25, "pivot": [-4, 6, -14], "rotation": [0, 10, 0], "uv": [0, 26]},
						{"origin": [1, 5.5, -14], "size": [3, 3, 0], "inflate": 0.25, "pivot": [4, 6, -14], "rotation": [0, -10, 0], "uv": [0, 26], "mirror": true}
					]
				},
				{
					"name": "body",
					"parent": "body_root",
					"pivot": [0, 5, 0],
					"cubes": [
						{"origin": [-4.5, 2, -6.5], "size": [9, 7, 12], "inflate": 0.25, "uv": [0, 0]},
						{"origin": [-4, 2.5, -7], "size": [8, 6, 1], "inflate": 0.25, "uv": [29, 40]},
						{"origin": [-4, 2.5, 5], "size": [8, 6, 1], "inflate": 0.25, "uv": [29, 40]},
						{"origin": [-5, 2.5, -6], "size": [1, 6, 11], "inflate": 0.25, "uv": [28, 22]},
						{"origin": [4, 2.5, -6], "size": [1, 6, 11], "inflate": 0.25, "uv": [28, 22]},
						{"origin": [-4, 8.5, -6], "size": [8, 1, 11], "inflate": 0.25, "uv": [0, 20]},
						{"origin": [-4, 1.5, -6], "size": [8, 1, 11], "inflate": 0.25, "uv": [0, 20]}
					]
				},
				{
					"name": "tail",
					"parent": "body",
					"pivot": [0, 6, 6],
					"cubes": [
						{"origin": [-2, 4, 5], "size": [4, 4, 4], "inflate": 0.25, "uv": [42, 16]},
						{"origin": [-1.5, 4, 9], "size": [3, 3, 4], "inflate": 0.25, "pivot": [0, 4, 9], "rotation": [37.5, 0, 0], "uv": [0, 47]},
						{"origin": [-1, 6.43505, 12.17341], "size": [2, 2, 3], "inflate": 0.25, "pivot": [-0.5, 6.43505, 12.17341], "rotation": [70, 0, 0], "uv": [0, 0]}
					]
				},
				{
					"name": "front_legs",
					"parent": "body_root",
					"pivot": [0, 4, -4.5]
				},
				{
					"name": "right_front_leg",
					"parent": "front_legs",
					"pivot": [-4, 4, -4.5],
					"cubes": [
						{"origin": [-5.5, 0, -6], "size": [3, 5, 3], "inflate": 0.25, "uv": [15, 47]},
						{"origin": [-5, 0, -6], "size": [2, 1, 0], "inflate": 0.25, "pivot": [-4, 1, -6], "rotation": [-25, 0, 0], "uv": [7, 6]}
					]
				},
				{
					"name": "left_front_leg",
					"parent": "front_legs",
					"pivot": [4, 4, -4.5],
					"cubes": [
						{"origin": [2.5, 0, -6], "size": [3, 5, 3], "inflate": 0.25, "uv": [15, 47], "mirror": true},
						{"origin": [3, 0, -6], "size": [2, 1, 0], "inflate": 0.25, "pivot": [4, 1, -6], "rotation": [-25, 0, 0], "uv": [7, 6], "mirror": true}
					]
				},
				{
					"name": "back_legs",
					"parent": "slowpoke",
					"pivot": [0, 4, 3.5]
				},
				{
					"name": "right_back_leg",
					"parent": "back_legs",
					"pivot": [-4, 4, 3.5],
					"cubes": [
						{"origin": [-5.5, 0, 2], "size": [3, 5, 3], "inflate": 0.25, "uv": [15, 47]},
						{"origin": [-5, 0, 2], "size": [2, 1, 0], "inflate": 0.25, "pivot": [-4, 1, 2], "rotation": [-25, 0, 0], "uv": [7, 6]}
					]
				},
				{
					"name": "left_back_leg",
					"parent": "back_legs",
					"pivot": [4, 4, 3.5],
					"cubes": [
						{"origin": [2.5, 0, 2], "size": [3, 5, 3], "inflate": 0.25, "uv": [15, 47], "mirror": true},
						{"origin": [3, 0, 2], "size": [2, 1, 0], "inflate": 0.25, "pivot": [4, 1, 2], "rotation": [-25, 0, 0], "uv": [7, 6], "mirror": true}
					]
				}
			]
		}
	]
}