{
  "namespace":"pokehud",
  "main_team":{
    "type":"label",
    "anchor_from":"top_right","anchor_to":"top_right",
    "factory":{
    "name":"hud_actionbar_text_factory",
    "control_ids":{
    "hud_actionbar_text":"team_root@pokehud.team_root"
      }
    }
  },
  "main_summary":{
    "type":"label",
    "anchor_from":"center","anchor_to":"center",
    "factory":{
    "name":"hud_actionbar_text_factory",
    "control_ids":{
    "hud_actionbar_text":"summary_root@pokehud.summary_root"
      }
    }
  },
  "main_trainer":{
    "type":"label",
    "anchor_from":"center","anchor_to":"center",
    "factory":{
    "name":"hud_actionbar_text_factory",
    "control_ids":{
    "hud_actionbar_text":"trainer_root@pokehud.trainer_root"
      }
    }
  },
  "main_pc":{
    "type":"label",
    "anchor_from":"center","anchor_to":"center",
    "factory":{
    "name":"hud_actionbar_text_factory",
    "control_ids":{
    "hud_actionbar_text":"pc_root@pokehud.pc_root"
      }
    }
  },
   "summary_root":{
	"type":"panel","visible":"(not($ab=($ab-'')))",
    "$ab":"$actionbar_text",
    "controls":[
{"summary_black":{"type":"image","layer":9,"texture":"textures/stg/pc_bg","alpha":0.65,"size":[3500,3500]}},
{"summary_bg":{"type":"image","layer":9,"texture":"textures/ui/pokemon/summary_hud","size":["215px","215px"]}},
{"summary_s@sprite":{"offset":[-76,-30]}},
{"summary_v@variants":{"offset":[-74,-30]}},
{"summary_text":{"type":"label","offset":[32,-1],"text":"$ab","layer":10,"shadow":true,"font_size":"large","font_scale_factor":0.54}}
    ]
  },
   "trainer_root":{
	"type":"panel","visible":"(not($ab=($ab-'')))",
    "$ab":"$actionbar_text",
    "controls":[
{"trainer_black":{"type":"image","layer":9,"texture":"textures/stg/pc_bg","alpha":0.65,"size":[3500,3500]}},
{"trainer_bg":{"type":"image","layer":9,"texture":"textures/ui/trainer_hud","size":["202px","202px"],"offset":[0,-4]}},
{"trainer_avatar":{"type":"custom","size":[100,100],
"offset":[44,-41],"renderer":"paper_doll_renderer","layer":9}},
{"trainer_text":{"type":"label","text":"$ab","layer":10,"shadow":false,"font_size":"large","font_scale_factor":0.54}}
    ]
  },
   "pc_root":{
	"type":"panel","visible":"(not($ab=($ab-'PC')))",
    "$ab":"$actionbar_text",
    "controls":[
{"pc_black":{"type":"image","layer":9,"texture":"textures/stg/pc_bg","alpha":0.8,"size":[3500,3500]}},
{"pc_sprite@sprite":{"type":"image","layer":9,"anims":["@pokehud.anim_pc_offset"],"texture":"textures/stg/pc_hud","size":["160px","160px"]}},
{"pc_variant@variants":{}},
{"pc_text":{"type":"label","offset":[0,"-59px"],"text":"$ab","layer":10,"shadow":true,"font_size":"large","font_scale_factor":0.5}}
    ]
  },
  "anim_team_offset":{
    "anim_type":"offset","easing":"out_cubic",
    "duration":0.3,"from":[0,8],"to":[0,0]
  },
  "anim_pc_offset":{
    "anim_type":"offset","easing":"out_cubic",
    "duration":0.3,"from":[-10,0],"to":[0,0]
  },

   "team_root":{
	"type":"panel","visible":"(not(($tt-'poke')=$tt))",
    "$tt":"#hud_title_text_string","$slot":0,
    "controls":[
{"team_slots":{"type":"image","texture":"textures/ui/slots","offset":["-120px","40px"],"alpha":0.6,"size":["237px","37px"]}},
{"team1@team":{"offset":["-30px","40px"],"$slot":6}},
{"team2@team":{"offset":["-65px","40px"],"$slot":5}},
{"team3@team":{"offset":["-100px","40px"],"$slot":4}},
{"team4@team":{"offset":["-135px","40px"],"$slot":3}},
{"team5@team":{"offset":["-170px","40px"],"$slot":2}},
{"team6@team":{"offset":["-205px","40px"],"$slot":1}}
      ]
    },
    "team":{"type":"image","$slot":0,"size":[35,35],"texture":"textures/ui/status/0","controls":[
      {"variant@variants":{"visible":"(not($tt=$tt-('poke'+$slot)))"}},
      {"pokemon@sprite":{"visible":"(not($tt=$tt-('poke'+$slot)))"}}
            ]},
  "variants":{
    "type":"panel",
      "controls":[
{"ball":{"type":"image","size":[40,40],"anims":["@pokehud.anim_team_offset"],"texture":"textures/ui/status/1"}},
{"male":{"type":"image","size":[10,10],"offset":[-16,15],"layer":10,"texture":"textures/variants/male","bindings":[{"binding_name":"#hud_subtitle_text_string","binding_type":"global"},{"binding_type":"view","source_property_name":"(not((#hud_subtitle_text_string-'1'-'4')=#hud_subtitle_text_string))","target_property_name":"#visible"}]}},
{"female":{"type":"image","size":[10,10],"offset":[-16,15],"layer":10,"texture":"textures/variants/female","bindings":[{"binding_name":"#hud_subtitle_text_string","binding_type":"global"},{"binding_type":"view","source_property_name":"(not((#hud_subtitle_text_string-'2'-'5')=#hud_subtitle_text_string))","target_property_name":"#visible"}]}},
{"shiny":{"type":"image","size":[17,17],"offset":[16,-15],"layer":10,"texture":"textures/variants/shiny","bindings":[{"binding_name":"#hud_subtitle_text_string","binding_type":"global"},{"binding_type":"view","source_property_name":"(not((#hud_subtitle_text_string-'3'-'4'-'5')=#hud_subtitle_text_string))","target_property_name":"#visible"}]}}
    ]
  },
  "sprite":{
    "type":"panel","layer":10,
      "controls":[
{"n_panel":{"type":"panel","bindings":[{"binding_name":"#hud_subtitle_text_string","binding_type":"global"},{"binding_type":"view","source_property_name":"(not((#hud_subtitle_text_string-'0'-'1'-'2')=#hud_subtitle_text_string))","target_property_name":"#visible"}],
      "controls":[
{"n_image":{"type":"image","size":[30,30],"texture":"#texture","bindings":[{"binding_name":"#hud_title_text_string"},{"binding_type":"view","source_property_name":"(#hud_title_text_string*1)","target_property_name":"#visible"},{"binding_type":"view","source_property_name":"('pokeitems/items/icons/'+#hud_title_text_string)","target_property_name":"#texture"}]}}
          ]
        }
      },
{"s_panel":{"type":"panel","bindings":[{"binding_name":"#hud_subtitle_text_string","binding_type":"global"},{"binding_type":"view","source_property_name":"(not((#hud_subtitle_text_string-'3'-'4'-'5')=#hud_subtitle_text_string))","target_property_name":"#visible"}],
      "controls":[
{"s_image":{"type":"image","size":[30,30],"texture":"#texture","bindings":[{"binding_name":"#hud_title_text_string"},{"binding_type":"view","source_property_name":"(#hud_title_text_string*1)","target_property_name":"#visible"},{"binding_type":"view","source_property_name":"('pokeitems/items/icons/'+#hud_title_text_string+'s')","target_property_name":"#texture"}]}}
          ]
        }
      }
    ]
  }
}