{
	"format_version": "1.12.0",
	"minecraft:geometry": [
		{
			"description": {
				"identifier": "geometry.serpchansey",
				"texture_width": 64,
				"texture_height": 64,
				"visible_bounds_width": 4,
				"visible_bounds_height": 2.5,
				"visible_bounds_offset": [0, 0.75, 0]
			},
			"bones": [
				{
					"name": "chansey",
					"pivot": [0, 0, 0]
				},
				{
					"name": "body_root",
					"parent": "chansey",
					"pivot": [0, 1, 0]
				},
				{
					"name": "body",
					"parent": "body_root",
					"pivot": [0, 1, 0],
					"cubes": [
						{"origin": [-5, 1, -5], "size": [10, 9, 10], "uv": [0, 0], "mirror": true},
						{"origin": [-5.5, 9.5, -3], "size": [2, 5.13, 6], "pivot": [-5.5, 9.5, 0], "rotation": [0, 0, 29], "uv": [19, 40]},
						{"origin": [3.5, 9.5, -3], "size": [2, 5.13, 6], "pivot": [5.5, 9.5, 0], "rotation": [0, 0, -29], "uv": [19, 40], "mirror": true},
						{"origin": [-9.5, 12, -3], "size": [6, 0, 2], "pivot": [-3.5, 12.5, -2], "rotation": [15, 0, -35], "uv": [36, 48]},
						{"origin": [3.5, 12, -3], "size": [6, 0, 2], "pivot": [3.5, 12.5, -2], "rotation": [15, 0, 35], "uv": [36, 48], "mirror": true},
						{"origin": [-10, 12, -2], "size": [6, 0, 2], "pivot": [-3.5, 12.5, -2], "rotation": [15, 10, -25], "uv": [36, 48]},
						{"origin": [4, 12, -2], "size": [6, 0, 2], "pivot": [3.5, 12.5, -2], "rotation": [15, -10, 25], "uv": [36, 48], "mirror": true},
						{"origin": [-10, 12, -1], "size": [6, 0, 2], "pivot": [-3.5, 12.5, -2], "rotation": [15, 20, -15], "uv": [36, 48]},
						{"origin": [4, 12, -1], "size": [6, 0, 2], "pivot": [3.5, 12.5, -2], "rotation": [15, -20, 15], "uv": [36, 48], "mirror": true},
						{"origin": [-3, 9.5, -5.5], "size": [6, 5.13, 2], "pivot": [0, 9.5, -5.5], "rotation": [-29, 0, 0], "uv": [41, 10]},
						{"origin": [-3, 9.5, 3.5], "size": [6, 5.13, 2], "pivot": [0, 9.5, 5.5], "rotation": [29, 0, 0], "uv": [36, 40]},
						{"origin": [-4.5, 1.5, -5.5], "size": [9, 8, 1], "uv": [40, 19]},
						{"origin": [-4.5, 1.5, 4.5], "size": [9, 8, 1], "uv": [31, 0]},
						{"origin": [-3, 2, -6], "size": [3, 3, 0], "pivot": [0, 3, -6], "rotation": [0, 11.5, 0], "uv": [0, 20]},
						{"origin": [0, 2, -6], "size": [3, 3, 0], "pivot": [0, 3, -6], "rotation": [0, -11.5, 0], "uv": [0, 20], "mirror": true},
						{"origin": [-5.5, 1.5, -4.5], "size": [1, 8, 9], "uv": [28, 22]},
						{"origin": [4.5, 1.5, -4.5], "size": [1, 8, 9], "uv": [28, 22], "mirror": true},
						{"origin": [-4.5, 0.5, -4.5], "size": [9, 1, 9], "uv": [0, 20]},
						{"origin": [-3, 10, -3], "size": [6, 4, 6], "uv": [0, 31]}
					]
				},
				{
					"name": "open_eyes",
					"parent": "body",
					"pivot": [0, 11, -4.5],
					"cubes": [
						{"origin": [-2, 11.5, -4.7], "size": [4, 1.5, 0], "pivot": [0, 11, -5], "rotation": [-15, 0, 0], "uv": [28, 20]}
					]
				},
				{
					"name": "closed_eyes",
					"parent": "body",
					"pivot": [0, 11, -4.5],
					"cubes": [
						{"origin": [-2, 11.5, -4.7], "size": [4, 1.5, 0], "pivot": [0, 11, -5], "rotation": [-15, 0, 0], "uv": [28, 22]}
					]
				},
				{
					"name": "angry_eyes",
					"parent": "body",
					"pivot": [0, 11, -4.5],
					"cubes": [
						{"origin": [-2, 11.5, -4.7], "size": [4, 1.5, 0], "pivot": [0, 11, -5], "rotation": [-15, 0, 0], "uv": [28, 24]}
					]
				},
				{
					"name": "tail",
					"parent": "body",
					"pivot": [0, 2.5, 5],
					"cubes": [
						{"origin": [-1.5, 1, 4.5], "size": [3, 3, 3], "uv": [0, 49]},
						{"origin": [-1, 1, 7.5], "size": [2, 2, 3], "pivot": [-0.5, 1, 7.5], "rotation": [30, 0, 0], "uv": [49, 29]}
					]
				},
				{
					"name": "arms",
					"parent": "body_root",
					"pivot": [0, 9, 0]
				},
				{
					"name": "right_arm",
					"parent": "arms",
					"pivot": [-5, 9, 0],
					"rotation": [0, 0, 30],
					"cubes": [
						{"origin": [-6, 5, -1], "size": [2, 4, 2], "uv": [0, 0]}
					]
				},
				{
					"name": "left_arm",
					"parent": "arms",
					"pivot": [5, 9, 0],
					"rotation": [0, 0, -30],
					"cubes": [
						{"origin": [4, 5, -1], "size": [2, 4, 2], "uv": [0, 0], "mirror": true}
					]
				},
				{
					"name": "legs",
					"parent": "chansey",
					"pivot": [0, 1, 0]
				},
				{
					"name": "right_leg",
					"parent": "legs",
					"pivot": [-4, 1, 0],
					"rotation": [0, 15, 0],
					"cubes": [
						{"origin": [-4, 0, -5], "size": [2, 1, 5], "uv": [0, 42]}
					]
				},
				{
					"name": "left_leg",
					"parent": "legs",
					"pivot": [4, 1, 0],
					"rotation": [0, -15, 0],
					"cubes": [
						{"origin": [2, 0, -5], "size": [2, 1, 5], "uv": [0, 42], "mirror": true}
					]
				}
			]
		},
		{
			"description": {
				"identifier": "geometry.serpchansey_aura",
				"texture_width": 64,
				"texture_height": 64,
				"visible_bounds_width": 4,
				"visible_bounds_height": 2.5,
				"visible_bounds_offset": [0, 0.75, 0]
			},
			"bones": [
				{
					"name": "chansey",
					"pivot": [0, 0, 0]
				},
				{
					"name": "body_root",
					"parent": "chansey",
					"pivot": [0, 1, 0]
				},
				{
					"name": "body",
					"parent": "body_root",
					"pivot": [0, 1, 0],
					"cubes": [
						{"origin": [-5, 1, -5], "size": [10, 9, 10], "inflate": 0.25, "uv": [0, 0], "mirror": true},
						{"origin": [-5.5, 9.5, -3], "size": [2, 5.13, 6], "inflate": 0.25, "pivot": [-5.5, 9.5, 0], "rotation": [0, 0, 29], "uv": [19, 40]},
						{"origin": [3.5, 9.5, -3], "size": [2, 5.13, 6], "inflate": 0.25, "pivot": [5.5, 9.5, 0], "rotation": [0, 0, -29], "uv": [19, 40], "mirror": true},
						{"origin": [-9.5, 12, -3], "size": [6, 0, 2], "inflate": 0.25, "pivot": [-3.5, 12.5, -2], "rotation": [15, 0, -35], "uv": [36, 48]},
						{"origin": [3.5, 12, -3], "size": [6, 0, 2], "inflate": 0.25, "pivot": [3.5, 12.5, -2], "rotation": [15, 0, 35], "uv": [36, 48], "mirror": true},
						{"origin": [-10, 12, -2], "size": [6, 0, 2], "inflate": 0.25, "pivot": [-3.5, 12.5, -2], "rotation": [15, 10, -25], "uv": [36, 48]},
						{"origin": [4, 12, -2], "size": [6, 0, 2], "inflate": 0.25, "pivot": [3.5, 12.5, -2], "rotation": [15, -10, 25], "uv": [36, 48], "mirror": true},
						{"origin": [-10, 12, -1], "size": [6, 0, 2], "inflate": 0.25, "pivot": [-3.5, 12.5, -2], "rotation": [15, 20, -15], "uv": [36, 48]},
						{"origin": [4, 12, -1], "size": [6, 0, 2], "inflate": 0.25, "pivot": [3.5, 12.5, -2], "rotation": [15, -20, 15], "uv": [36, 48], "mirror": true},
						{"origin": [-3, 9.5, -5.5], "size": [6, 5.13, 2], "inflate": 0.25, "pivot": [0, 9.5, -5.5], "rotation": [-29, 0, 0], "uv": [41, 10]},
						{"origin": [-3, 9.5, 3.5], "size": [6, 5.13, 2], "inflate": 0.25, "pivot": [0, 9.5, 5.5], "rotation": [29, 0, 0], "uv": [36, 40]},
						{"origin": [-4.5, 1.5, -5.5], "size": [9, 8, 1], "inflate": 0.25, "uv": [40, 19]},
						{"origin": [-4.5, 1.5, 4.5], "size": [9, 8, 1], "inflate": 0.25, "uv": [31, 0]},
						{"origin": [-3, 2, -6], "size": [3, 3, 0], "inflate": 0.25, "pivot": [0, 3, -6], "rotation": [0, 11.5, 0], "uv": [0, 20]},
						{"origin": [0, 2, -6], "size": [3, 3, 0], "inflate": 0.25, "pivot": [0, 3, -6], "rotation": [0, -11.5, 0], "uv": [0, 20], "mirror": true},
						{"origin": [-5.5, 1.5, -4.5], "size": [1, 8, 9], "inflate": 0.25, "uv": [28, 22]},
						{"origin": [4.5, 1.5, -4.5], "size": [1, 8, 9], "inflate": 0.25, "uv": [28, 22], "mirror": true},
						{"origin": [-4.5, 0.5, -4.5], "size": [9, 1, 9], "inflate": 0.25, "uv": [0, 20]},
						{"origin": [-3, 10, -3], "size": [6, 4, 6], "inflate": 0.25, "uv": [0, 31]}
					]
				},
				{
					"name": "open_eyes",
					"parent": "body",
					"pivot": [0, 11, -4.5],
					"cubes": [
						{"origin": [-2, 11.5, -4.7], "size": [4, 1.5, 0], "inflate": 0.25, "pivot": [0, 11, -5], "rotation": [-15, 0, 0], "uv": [28, 20]}
					]
				},
				{
					"name": "closed_eyes",
					"parent": "body",
					"pivot": [0, 11, -4.5],
					"cubes": [
						{"origin": [-2, 11.5, -4.7], "size": [4, 1.5, 0], "inflate": 0.25, "pivot": [0, 11, -5], "rotation": [-15, 0, 0], "uv": [28, 22]}
					]
				},
				{
					"name": "angry_eyes",
					"parent": "body",
					"pivot": [0, 11, -4.5],
					"cubes": [
						{"origin": [-2, 11.5, -4.7], "size": [4, 1.5, 0], "inflate": 0.25, "pivot": [0, 11, -5], "rotation": [-15, 0, 0], "uv": [28, 24]}
					]
				},
				{
					"name": "tail",
					"parent": "body",
					"pivot": [0, 2.5, 5],
					"cubes": [
						{"origin": [-1.5, 1, 4.5], "size": [3, 3, 3], "inflate": 0.25, "uv": [0, 49]},
						{"origin": [-1, 1, 7.5], "size": [2, 2, 3], "inflate": 0.25, "pivot": [-0.5, 1, 7.5], "rotation": [30, 0, 0], "uv": [49, 29]}
					]
				},
				{
					"name": "arms",
					"parent": "body_root",
					"pivot": [0, 9, 0]
				},
				{
					"name": "right_arm",
					"parent": "arms",
					"pivot": [-5, 9, 0],
					"rotation": [0, 0, 30],
					"cubes": [
						{"origin": [-6, 5, -1], "size": [2, 4, 2], "inflate": 0.25, "uv": [0, 0]}
					]
				},
				{
					"name": "left_arm",
					"parent": "arms",
					"pivot": [5, 9, 0],
					"rotation": [0, 0, -30],
					"cubes": [
						{"origin": [4, 5, -1], "size": [2, 4, 2], "inflate": 0.25, "uv": [0, 0], "mirror": true}
					]
				},
				{
					"name": "legs",
					"parent": "chansey",
					"pivot": [0, 1, 0]
				},
				{
					"name": "right_leg",
					"parent": "legs",
					"pivot": [-4, 1, 0],
					"rotation": [0, 15, 0],
					"cubes": [
						{"origin": [-4, 0, -5], "size": [2, 1, 5], "inflate": 0.25, "uv": [0, 42]}
					]
				},
				{
					"name": "left_leg",
					"parent": "legs",
					"pivot": [4, 1, 0],
					"rotation": [0, -15, 0],
					"cubes": [
						{"origin": [2, 0, -5], "size": [2, 1, 5], "inflate": 0.25, "uv": [0, 42], "mirror": true}
					]
				}
			]
		}
	]
}