{
	"format_version": "1.12.0",
	"minecraft:geometry": [
		{
			"description": {
				"identifier": "geometry.serpkabutops",
				"texture_width": 64,
				"texture_height": 64,
				"visible_bounds_width": 3,
				"visible_bounds_height": 4,
				"visible_bounds_offset": [0, 1, 0]
			},
			"bones": [
				{
					"name": "kabutops",
					"pivot": [0, 0, 1]
				},
				{
					"name": "body_root",
					"parent": "kabutops",
					"pivot": [0, 0, 1]
				},
				{
					"name": "head",
					"parent": "body_root",
					"pivot": [0, 21, -3],
					"cubes": [
						{"origin": [-1, 21, -4], "size": [2, 1, 2], "uv": [18, 20]},
						{"origin": [-2, 22, -10], "size": [4, 2, 10], "uv": [0, 13]},
						{"origin": [-2, 22, -10], "size": [4, 2, 10], "pivot": [0, 24, -10], "rotation": [7.5, 0, 0], "uv": [9, 1]},
						{"origin": [-2, 19.31382, -0.04497], "size": [4, 6, 0], "pivot": [0, 25, 0], "rotation": [35, 0, 0], "uv": [18, 41]},
						{"origin": [-2.01711, 22, -9.73895], "size": [4, 2, 9], "pivot": [-0.01711, 24, -9.73895], "rotation": [0, -7.5, 0], "uv": [27, 0]},
						{"origin": [-2.01711, 22, -9.77], "size": [3, 2, 9], "inflate": -0.01, "pivot": [-0.01711, 24, -9.73895], "rotation": [12.5, -7.5, 0], "uv": [36, 11]},
						{"origin": [-1.98289, 22, -9.73895], "size": [4, 2, 9], "pivot": [0.01711, 24, -9.73895], "rotation": [0, 7.5, 0], "uv": [19, 20]},
						{"origin": [-0.98289, 22, -9.77], "size": [3, 2, 9], "inflate": -0.01, "pivot": [0.01711, 24, -9.73895], "rotation": [12.5, 7.5, 0], "uv": [26, 31]},
						{"origin": [-6.03422, 23.0328, -9.77737], "size": [4, 0, 11.9], "pivot": [-2.01711, 23, -9.73895], "rotation": [20, 5.5, -35], "uv": [0, 0]},
						{"origin": [2.03422, 23.0328, -9.77737], "size": [4, 0, 11.9], "pivot": [2.01711, 23, -9.73895], "rotation": [20, -5.5, 35], "uv": [0, 0], "mirror": true}
					]
				},
				{
					"name": "body",
					"parent": "body_root",
					"pivot": [0, 13, 0],
					"rotation": [25, 0, 0],
					"cubes": [
						{"origin": [-4, 17, -2], "size": [8, 5, 5], "uv": [0, 31]},
						{"origin": [2, 11, 3.5], "size": [0, 7, 6], "pivot": [0, 15, 4], "rotation": [0, 65, 0], "uv": [18, 7]},
						{"origin": [-2, 11, 3.5], "size": [0, 7, 6], "pivot": [0, 15, 4], "rotation": [0, -65, 0], "uv": [18, 7], "mirror": true},
						{"origin": [-1.5, 16, 4.5], "size": [0, 7, 6], "pivot": [0, 15, 4], "rotation": [0, -65, 0], "uv": [18, 7], "mirror": true},
						{"origin": [1.5, 16, 4.5], "size": [0, 7, 6], "pivot": [0, 15, 4], "rotation": [0, 65, 0], "uv": [18, 7]},
						{"origin": [-3.5, 17.5, -2.5], "size": [3, 4, 1], "uv": [26, 42]},
						{"origin": [0.5, 17.5, -2.5], "size": [3, 4, 1], "uv": [26, 35]},
						{"origin": [-3, 12, -1], "size": [6, 5, 3], "uv": [0, 41]},
						{"origin": [-2.5, 11.00381, -1.08716], "size": [5, 7, 0], "pivot": [0, 10, -1], "rotation": [2.5, 0, 0], "uv": [41, 31]}
					]
				},
				{
					"name": "arms",
					"parent": "body_root",
					"pivot": [0, 20, -2],
					"rotation": [-45, 0, 0]
				},
				{
					"name": "right_arm",
					"parent": "arms",
					"pivot": [-4, 20, -2],
					"rotation": [0, 0, 20],
					"cubes": [
						{"origin": [-5, 14, -3], "size": [2, 6, 2], "uv": [27, 0]}
					]
				},
				{
					"name": "right_hand",
					"parent": "right_arm",
					"pivot": [-4, 14, -2],
					"rotation": [-90, 0, -20],
					"cubes": [
						{"origin": [-4.5, 8, -2.5], "size": [1, 6, 1], "uv": [0, 29]},
						{"origin": [-4, 4, -3.5], "size": [0, 4, 11], "uv": [0, 14]}
					]
				},
				{
					"name": "left_arm",
					"parent": "arms",
					"pivot": [4, 20, -2],
					"rotation": [0, 0, -20],
					"cubes": [
						{"origin": [3, 14, -3], "size": [2, 6, 2], "uv": [27, 0], "mirror": true}
					]
				},
				{
					"name": "left_hand",
					"parent": "left_arm",
					"pivot": [4, 14, -2],
					"rotation": [-90, 0, 20],
					"cubes": [
						{"origin": [3.5, 8, -2.5], "size": [1, 6, 1], "uv": [0, 29], "mirror": true},
						{"origin": [4, 4, -3.5], "size": [0, 4, 11], "uv": [0, 14], "mirror": true}
					]
				},
				{
					"name": "tail",
					"parent": "body_root",
					"pivot": [0, 13, 1],
					"rotation": [-40, 0, 0],
					"cubes": [
						{"origin": [-1, 12, 1], "size": [2, 2, 5], "uv": [30, 13]},
						{"origin": [-0.5, 12.5, 6], "size": [1, 1, 5], "uv": [36, 22]}
					]
				},
				{
					"name": "legs",
					"parent": "kabutops",
					"pivot": [0, 13, 1],
					"rotation": [-45, 0, 0]
				},
				{
					"name": "right_leg",
					"parent": "legs",
					"pivot": [-3, 13, 0.5],
					"rotation": [5, 0, 15],
					"cubes": [
						{"origin": [-4, 5, -1], "size": [2, 8, 3], "uv": [0, 0]}
					]
				},
				{
					"name": "right_leg_2",
					"parent": "right_leg",
					"pivot": [-3, 5, 0],
					"rotation": [60, 0, 0],
					"cubes": [
						{"origin": [-4, -2, -1], "size": [2, 7, 2], "inflate": -0.1, "uv": [0, 11]}
					]
				},
				{
					"name": "right_foot",
					"parent": "right_leg_2",
					"pivot": [-3, -1, 0],
					"rotation": [-15, 0, -10],
					"cubes": [
						{"origin": [-4, -3, -3], "size": [2, 1, 3], "uv": [21, 31]},
						{"origin": [-4.5, -2.03407, -6.25882], "size": [3, 0, 3], "pivot": [-2.5, -1.03407, -3.25882], "rotation": [15, 0, 0], "uv": [0, 20]}
					]
				},
				{
					"name": "left_leg",
					"parent": "legs",
					"pivot": [3, 13, 0.5],
					"rotation": [5, 0, -15],
					"cubes": [
						{"origin": [2, 5, -1], "size": [2, 8, 3], "uv": [0, 0], "mirror": true}
					]
				},
				{
					"name": "left_leg_2",
					"parent": "left_leg",
					"pivot": [3, 5, 0],
					"rotation": [60, 0, 0],
					"cubes": [
						{"origin": [2, -2, -1], "size": [2, 7, 2], "inflate": -0.1, "uv": [0, 11], "mirror": true}
					]
				},
				{
					"name": "left_foot",
					"parent": "left_leg_2",
					"pivot": [3, -1, 0],
					"rotation": [-15, 0, 10],
					"cubes": [
						{"origin": [2, -3, -3], "size": [2, 1, 3], "uv": [21, 31], "mirror": true},
						{"origin": [1.5, -2.03407, -6.25882], "size": [3, 0, 3], "pivot": [2.5, -1.03407, -3.25882], "rotation": [15, 0, 0], "uv": [0, 20], "mirror": true}
					]
				}
			]
		},
		{
			"description": {
				"identifier": "geometry.serpkabutops_aura",
				"texture_width": 64,
				"texture_height": 64,
				"visible_bounds_width": 3,
				"visible_bounds_height": 3.5,
				"visible_bounds_offset": [0, 1.25, 0]
			},
			"bones": [
				{
					"name": "kabutops",
					"pivot": [0, 0, 1]
				},
				{
					"name": "body_root",
					"parent": "kabutops",
					"pivot": [0, 0, 1]
				},
				{
					"name": "head",
					"parent": "body_root",
					"pivot": [0, 21, -3],
					"cubes": [
						{"origin": [-1, 21, -4], "size": [2, 1, 2], "inflate": 0.25, "uv": [18, 20]},
						{"origin": [-2, 22, -10], "size": [4, 2, 10], "inflate": 0.25, "uv": [0, 13]},
						{"origin": [-2, 22, -10], "size": [4, 2, 10], "inflate": 0.25, "pivot": [0, 24, -10], "rotation": [7.5, 0, 0], "uv": [9, 1]},
						{"origin": [-2, 19.31382, -0.04497], "size": [4, 6, 0], "inflate": 0.25, "pivot": [0, 25, 0], "rotation": [35, 0, 0], "uv": [18, 41]},
						{"origin": [-2.01711, 22, -9.73895], "size": [4, 2, 9], "inflate": 0.25, "pivot": [-0.01711, 24, -9.73895], "rotation": [0, -7.5, 0], "uv": [27, 0]},
						{"origin": [-2.01711, 22, -9.77], "size": [3, 2, 9], "inflate": 0.25, "pivot": [-0.01711, 24, -9.73895], "rotation": [12.5, -7.5, 0], "uv": [36, 11]},
						{"origin": [-1.98289, 22, -9.73895], "size": [4, 2, 9], "inflate": 0.25, "pivot": [0.01711, 24, -9.73895], "rotation": [0, 7.5, 0], "uv": [19, 20]},
						{"origin": [-0.98289, 22, -9.77], "size": [3, 2, 9], "inflate": 0.25, "pivot": [0.01711, 24, -9.73895], "rotation": [12.5, 7.5, 0], "uv": [26, 31]},
						{"origin": [-6.03422, 23.0328, -9.77737], "size": [4, 0, 11.9], "inflate": 0.25, "pivot": [-2.01711, 23, -9.73895], "rotation": [20, 5.5, -35], "uv": [0, 0]},
						{"origin": [2.03422, 23.0328, -9.77737], "size": [4, 0, 11.9], "inflate": 0.25, "pivot": [2.01711, 23, -9.73895], "rotation": [20, -5.5, 35], "uv": [0, 0], "mirror": true}
					]
				},
				{
					"name": "body",
					"parent": "body_root",
					"pivot": [0, 13, 0],
					"rotation": [25, 0, 0],
					"cubes": [
						{"origin": [-4, 17, -2], "size": [8, 5, 5], "inflate": 0.25, "uv": [0, 31]},
						{"origin": [2, 11, 3.5], "size": [0, 7, 6], "inflate": 0.25, "pivot": [0, 15, 4], "rotation": [0, 65, 0], "uv": [18, 7]},
						{"origin": [-2, 11, 3.5], "size": [0, 7, 6], "inflate": 0.25, "pivot": [0, 15, 4], "rotation": [0, -65, 0], "uv": [18, 7], "mirror": true},
						{"origin": [-1.5, 16, 4.5], "size": [0, 7, 6], "inflate": 0.25, "pivot": [0, 15, 4], "rotation": [0, -65, 0], "uv": [18, 7], "mirror": true},
						{"origin": [1.5, 16, 4.5], "size": [0, 7, 6], "inflate": 0.25, "pivot": [0, 15, 4], "rotation": [0, 65, 0], "uv": [18, 7]},
						{"origin": [-3.5, 17.5, -2.5], "size": [3, 4, 1], "inflate": 0.25, "uv": [26, 42]},
						{"origin": [0.5, 17.5, -2.5], "size": [3, 4, 1], "inflate": 0.25, "uv": [26, 35]},
						{"origin": [-3, 12, -1], "size": [6, 5, 3], "inflate": 0.25, "uv": [0, 41]},
						{"origin": [-2.5, 11.00381, -1.08716], "size": [5, 7, 0], "inflate": 0.25, "pivot": [0, 10, -1], "rotation": [2.5, 0, 0], "uv": [41, 31]}
					]
				},
				{
					"name": "arms",
					"parent": "body_root",
					"pivot": [0, 20, -2],
					"rotation": [-45, 0, 0]
				},
				{
					"name": "right_arm",
					"parent": "arms",
					"pivot": [-4, 20, -2],
					"rotation": [0, 0, 20],
					"cubes": [
						{"origin": [-5, 14, -3], "size": [2, 6, 2], "inflate": 0.25, "uv": [27, 0]}
					]
				},
				{
					"name": "right_hand",
					"parent": "right_arm",
					"pivot": [-4, 14, -2],
					"rotation": [-90, 0, -20],
					"cubes": [
						{"origin": [-4.5, 8, -2.5], "size": [1, 6, 1], "inflate": 0.25, "uv": [0, 29]},
						{"origin": [-4, 4, -3.5], "size": [0, 4, 11], "inflate": 0.25, "uv": [0, 14]}
					]
				},
				{
					"name": "left_arm",
					"parent": "arms",
					"pivot": [4, 20, -2],
					"rotation": [0, 0, -20],
					"cubes": [
						{"origin": [3, 14, -3], "size": [2, 6, 2], "inflate": 0.25, "uv": [27, 0], "mirror": true}
					]
				},
				{
					"name": "left_hand",
					"parent": "left_arm",
					"pivot": [4, 14, -2],
					"rotation": [-90, 0, 20],
					"cubes": [
						{"origin": [3.5, 8, -2.5], "size": [1, 6, 1], "inflate": 0.25, "uv": [0, 29], "mirror": true},
						{"origin": [4, 4, -3.5], "size": [0, 4, 11], "inflate": 0.25, "uv": [0, 14], "mirror": true}
					]
				},
				{
					"name": "tail",
					"parent": "body_root",
					"pivot": [0, 13, 1],
					"rotation": [-40, 0, 0],
					"cubes": [
						{"origin": [-1, 12, 1], "size": [2, 2, 5], "inflate": 0.25, "uv": [30, 13]},
						{"origin": [-0.5, 12.5, 6], "size": [1, 1, 5], "inflate": 0.25, "uv": [36, 22]}
					]
				},
				{
					"name": "legs",
					"parent": "kabutops",
					"pivot": [0, 13, 1],
					"rotation": [-45, 0, 0]
				},
				{
					"name": "right_leg",
					"parent": "legs",
					"pivot": [-3, 13, 0.5],
					"rotation": [5, 0, 15],
					"cubes": [
						{"origin": [-4, 5, -1], "size": [2, 8, 3], "inflate": 0.25, "uv": [0, 0]}
					]
				},
				{
					"name": "right_leg_2",
					"parent": "right_leg",
					"pivot": [-3, 5, 0],
					"rotation": [60, 0, 0],
					"cubes": [
						{"origin": [-4, -2, -1], "size": [2, 7, 2], "inflate": 0.25, "uv": [0, 11]}
					]
				},
				{
					"name": "right_foot",
					"parent": "right_leg_2",
					"pivot": [-3, -1, 0],
					"rotation": [-15, 0, -10],
					"cubes": [
						{"origin": [-4, -3, -3], "size": [2, 1, 3], "inflate": 0.25, "uv": [21, 31]},
						{"origin": [-4.5, -2.03407, -6.25882], "size": [3, 0, 3], "inflate": 0.25, "pivot": [-2.5, -1.03407, -3.25882], "rotation": [15, 0, 0], "uv": [0, 20]}
					]
				},
				{
					"name": "left_leg",
					"parent": "legs",
					"pivot": [3, 13, 0.5],
					"rotation": [5, 0, -15],
					"cubes": [
						{"origin": [2, 5, -1], "size": [2, 8, 3], "inflate": 0.25, "uv": [0, 0], "mirror": true}
					]
				},
				{
					"name": "left_leg_2",
					"parent": "left_leg",
					"pivot": [3, 5, 0],
					"rotation": [60, 0, 0],
					"cubes": [
						{"origin": [2, -2, -1], "size": [2, 7, 2], "inflate": 0.25, "uv": [0, 11], "mirror": true}
					]
				},
				{
					"name": "left_foot",
					"parent": "left_leg_2",
					"pivot": [3, -1, 0],
					"rotation": [-15, 0, 10],
					"cubes": [
						{"origin": [2, -3, -3], "size": [2, 1, 3], "inflate": 0.25, "uv": [21, 31], "mirror": true},
						{"origin": [1.5, -2.03407, -6.25882], "size": [3, 0, 3], "inflate": 0.25, "pivot": [2.5, -1.03407, -3.25882], "rotation": [15, 0, 0], "uv": [0, 20], "mirror": true}
					]
				},
				{
					"name": "pokedex",
					"pivot": [0, 37, -10],
					"locators": {
						"pokedex": [0, 37, -10]
					}
				}
			]
		}
	]
}