{
	"format_version": "1.12.0",
	"minecraft:geometry": [
		{
			"description": {
				"identifier": "geometry.serpkabuto",
				"texture_width": 64,
				"texture_height": 64,
				"visible_bounds_width": 2,
				"visible_bounds_height": 1.5,
				"visible_bounds_offset": [0, 0.25, 0]
			},
			"bones": [
				{
					"name": "kabuto",
					"pivot": [0, 0, 0]
				},
				{
					"name": "body",
					"parent": "kabuto",
					"pivot": [0, 2, 6],
					"rotation": [-10, 0, 0],
					"cubes": [
						{"origin": [-5, 1, -6], "size": [10, 3, 12], "uv": [0, 0]},
						{"origin": [-4, 0, -3], "size": [8, 2, 8], "pivot": [0, 3, 0], "rotation": [10, 0, 0], "uv": [0, 27]},
						{"origin": [-4, -0.28189, -5.20274], "size": [8, 2, 3.5], "pivot": [0, 1.26944, -2.50446], "rotation": [-25, 0, 0], "uv": [32, 0]},
						{"origin": [-4, 4, -5], "size": [8, 2, 10], "uv": [0, 15]},
						{"origin": [-5.10899, 3.54601, -5], "size": [3, 2.2, 10], "pivot": [-4.10899, 3.54601, -1], "rotation": [0, 0, 27], "uv": [22, 29]},
						{"origin": [2.10899, 3.54601, -5], "size": [3, 2.2, 10], "pivot": [4.10899, 3.54601, -1], "rotation": [0, 0, -27], "uv": [26, 17]},
						{"origin": [-4, 4, -6], "size": [8, 2.2, 1], "pivot": [0, 4, -6], "rotation": [-27, 0, 0], "uv": [32, 8]},
						{"origin": [-4, 4, 5], "size": [8, 2.2, 1], "pivot": [0, 4, 6], "rotation": [27, 0, 0], "uv": [32, 5]}
					]
				},
				{
					"name": "legs",
					"parent": "kabuto",
					"pivot": [0, 2, 0]
				},
				{
					"name": "right_side",
					"parent": "legs",
					"pivot": [-4.2, 2, 0],
					"cubes": [
						{"origin": [-4.2, 1, -3], "size": [0, 1, 8], "uv": [16, 29]},
						{"origin": [-4.2, -1, -3], "size": [0, 2, 8], "pivot": [-4.2, 1, 0], "rotation": [0, 0, -50], "uv": [0, 29]}
					]
				},
				{
					"name": "left_side",
					"parent": "legs",
					"pivot": [4.2, 2, 0],
					"cubes": [
						{"origin": [4.2, 1, -3], "size": [0, 1, 8], "uv": [16, 30]},
						{"origin": [4.2, -1, -3], "size": [0, 2, 8], "pivot": [4.2, 1, 0], "rotation": [0, 0, 50], "uv": [26, 7]}
					]
				}
			]
		},
		{
			"description": {
				"identifier": "geometry.serpkabuto_aura",
				"texture_width": 64,
				"texture_height": 64,
				"visible_bounds_width": 2,
				"visible_bounds_height": 2.5,
				"visible_bounds_offset": [0, 0.75, 0]
			},
			"bones": [
				{
					"name": "kabuto",
					"pivot": [0, 0, 0]
				},
				{
					"name": "body",
					"parent": "kabuto",
					"pivot": [0, 2, 6],
					"rotation": [-10, 0, 0],
					"cubes": [
						{"origin": [-5, 1, -6], "size": [10, 3, 12], "inflate": 0.25, "uv": [0, 0]},
						{"origin": [-4, 0, -3], "size": [8, 2, 8], "inflate": 0.25, "pivot": [0, 3, 0], "rotation": [10, 0, 0], "uv": [0, 27]},
						{"origin": [-4, -0.28189, -5.20274], "size": [8, 2, 3.5], "inflate": 0.25, "pivot": [0, 1.26944, -2.50446], "rotation": [-25, 0, 0], "uv": [32, 0]},
						{"origin": [-4, 4, -5], "size": [8, 2, 10], "inflate": 0.25, "uv": [0, 15]},
						{"origin": [-5.10899, 3.54601, -5], "size": [3, 2.2, 10], "inflate": 0.25, "pivot": [-4.10899, 3.54601, -1], "rotation": [0, 0, 27], "uv": [22, 29]},
						{"origin": [2.10899, 3.54601, -5], "size": [3, 2.2, 10], "inflate": 0.25, "pivot": [4.10899, 3.54601, -1], "rotation": [0, 0, -27], "uv": [26, 17]},
						{"origin": [-4, 4, -6], "size": [8, 2.2, 1], "inflate": 0.25, "pivot": [0, 4, -6], "rotation": [-27, 0, 0], "uv": [32, 8]},
						{"origin": [-4, 4, 5], "size": [8, 2.2, 1], "inflate": 0.25, "pivot": [0, 4, 6], "rotation": [27, 0, 0], "uv": [32, 5]}
					]
				},
				{
					"name": "legs",
					"parent": "kabuto",
					"pivot": [0, 2, 0]
				},
				{
					"name": "right_side",
					"parent": "legs",
					"pivot": [-4.2, 2, 0],
					"cubes": [
						{"origin": [-4.2, 1, -3], "size": [0, 1, 8], "inflate": 0.25, "uv": [16, 29]},
						{"origin": [-4.2, -1, -3], "size": [0, 2, 8], "inflate": 0.25, "pivot": [-4.2, 1, 0], "rotation": [0, 0, -50], "uv": [0, 29]}
					]
				},
				{
					"name": "left_side",
					"parent": "legs",
					"pivot": [4.2, 2, 0],
					"cubes": [
						{"origin": [4.2, 1, -3], "size": [0, 1, 8], "inflate": 0.25, "uv": [16, 30]},
						{"origin": [4.2, -1, -3], "size": [0, 2, 8], "inflate": 0.25, "pivot": [4.2, 1, 0], "rotation": [0, 0, 50], "uv": [26, 7]}
					]
				},
				{
					"name": "pokedex",
					"pivot": [0, 25, 0],
					"locators": {
						"pokedex": [0, 25, 0]
					}
				}
			]
		}
	]
}