{
	"format_version": "1.12.0",
	"minecraft:geometry": [
		{
			"description": {
				"identifier": "geometry.serpomanyte",
				"texture_width": 64,
				"texture_height": 64,
				"visible_bounds_width": 2,
				"visible_bounds_height": 2.5,
				"visible_bounds_offset": [0, 0.75, 0]
			},
			"bones": [
				{
				"name": "pokedex",
				"pivot": [0, 26, 0],
				"locators": {
		"pokedex": [0, 26, 0]
					}
				},
				{
					"name": "omanyte",
					"pivot": [0, 0, 0]
				},
				{
					"name": "body",
					"parent": "omanyte",
					"pivot": [0, 0, 0],
					"cubes": [
						{"origin": [-2, 1.5, -4.9], "size": [4, 1, 9], "inflate": -0.1, "uv": [0, 0]},
						{"origin": [-3, 2, -4.85], "size": [6, 2, 0], "inflate": 0.01, "uv": [17, 7]},
						{"origin": [-2.5, -0.01, -4.86], "size": [5, 2, 0], "pivot": [-0.51, 1.99, -4.86], "rotation": [-25, 0, 0], "uv": [0, 28]}
					]
				},
				{
					"name": "shell",
					"parent": "body",
					"pivot": [0, 2, 0],
					"cubes": [
						{"origin": [-2.5, 2, -3.5], "size": [5, 5, 2], "uv": [17, 0]},
						{"origin": [-2, 2.5, -4], "size": [4, 4, 1], "uv": [17, 23]},
						{"origin": [-1.5, 2.5, -4.5], "size": [3, 3, 1], "uv": [0, 4]},
						{"origin": [-1.5, 2.5, 4], "size": [3, 3, 1], "uv": [0, 0]},
						{"origin": [-2, 2.1, 4.5], "size": [4, 1, 1], "pivot": [0, 2, 5], "rotation": [50, 0, 0], "uv": [0, 24]},
						{"origin": [-2.5, 2, -1.5], "size": [5, 6, 4], "uv": [0, 14]},
						{"origin": [-2.5, 6.90765, -3.6774], "size": [5, 1, 2.2], "inflate": -0.01, "pivot": [0, 7.90765, -1.6774], "rotation": [27.5, 0, 0], "uv": [18, 17]},
						{"origin": [-2, 6.90765, 2.4774], "size": [4, 1, 2.2], "inflate": -0.01, "pivot": [0, 7.90765, 2.6774], "rotation": [-27.5, 0, 0], "uv": [18, 20]},
						{"origin": [-1.5, 6.66129, 5.01335], "size": [3, 1, 1.5], "pivot": [-0.5, 7.66129, 4.21335], "rotation": [-70, 0, 0], "uv": [9, 25]},
						{"origin": [-2, 2, 2.5], "size": [4, 5, 2], "uv": [18, 10]}
					]
				},
				{
					"name": "arms",
					"parent": "omanyte",
					"pivot": [0, 0, 0]
				},
				{
					"name": "right_arm",
					"parent": "arms",
					"pivot": [-2, 2, -4],
					"cubes": [
						{"origin": [-4.48481, 2.17365, -4.5], "size": [3, 1, 1], "pivot": [-5.48481, 3.17365, -5], "rotation": [0, 0, 10], "uv": [27, 25]},
						{"origin": [-4.5, 2, -4.5], "size": [3, 1, 1], "uv": [26, 27]}
					]
				},
				{
					"name": "left_arm",
					"parent": "arms",
					"pivot": [2, 2, -5],
					"cubes": [
						{"origin": [1.5, 2, -4.5], "size": [3, 1, 1], "uv": [27, 23]},
						{"origin": [1.48481, 2.17365, -4.5], "size": [3, 1, 1], "pivot": [5.48481, 3.17365, -5], "rotation": [0, 0, -10], "uv": [0, 26]}
					]
				},
				{
					"name": "right_side",
					"parent": "omanyte",
					"pivot": [-2, 2, 0],
					"rotation": [0, 0, 30],
					"cubes": [
						{"origin": [-1.999, 0, -4.5], "size": [0, 2, 9], "uv": [0, 3]}
					]
				},
				{
					"name": "left_side",
					"parent": "omanyte",
					"pivot": [2, 2, 0],
					"rotation": [0, 0, -30],
					"cubes": [
						{"origin": [2.001, 0, -4.5], "size": [0, 2, 9], "uv": [0, 1]}
					]
				}
			]
		},
		{
			"description": {
				"identifier": "geometry.serpomanyte_aura",
				"texture_width": 64,
				"texture_height": 64,
				"visible_bounds_width": 2,
				"visible_bounds_height": 2.5,
				"visible_bounds_offset": [0, 0.75, 0]
			},
			"bones": [
				{
					"name": "pokedex",
					"pivot": [0, 26, 0],
					"locators": {
						"pokedex": [0, 26, 0]
					}
				},
				{
					"name": "omanyte",
					"pivot": [0, 0, 0]
				},
				{
					"name": "body",
					"parent": "omanyte",
					"pivot": [0, 0, 0],
					"cubes": [
						{"origin": [-2, 1.5, -4.9], "size": [4, 1, 9], "inflate": 0.25, "uv": [0, 0]},
						{"origin": [-3, 2, -4.85], "size": [6, 2, 0], "inflate": 0.25, "uv": [17, 7]},
						{"origin": [-2.5, -0.01, -4.86], "size": [5, 2, 0], "inflate": 0.25, "pivot": [-0.51, 1.99, -4.86], "rotation": [-25, 0, 0], "uv": [0, 28]}
					]
				},
				{
					"name": "shell",
					"parent": "body",
					"pivot": [0, 2, 0],
					"cubes": [
						{"origin": [-2.5, 2, -3.5], "size": [5, 5, 2], "inflate": 0.25, "uv": [17, 0]},
						{"origin": [-2, 2.5, -4], "size": [4, 4, 1], "inflate": 0.25, "uv": [17, 23]},
						{"origin": [-1.5, 2.5, -4.5], "size": [3, 3, 1], "inflate": 0.25, "uv": [0, 4]},
						{"origin": [-1.5, 2.5, 4], "size": [3, 3, 1], "inflate": 0.25, "uv": [0, 0]},
						{"origin": [-2, 2.1, 4.5], "size": [4, 1, 1], "inflate": 0.25, "pivot": [0, 2, 5], "rotation": [50, 0, 0], "uv": [0, 24]},
						{"origin": [-2.5, 2, -1.5], "size": [5, 6, 4], "inflate": 0.25, "uv": [0, 14]},
						{"origin": [-2.5, 6.90765, -3.6774], "size": [5, 1, 2.2], "inflate": 0.25, "pivot": [0, 7.90765, -1.6774], "rotation": [27.5, 0, 0], "uv": [18, 17]},
						{"origin": [-2, 6.90765, 2.4774], "size": [4, 1, 2.2], "inflate": 0.25, "pivot": [0, 7.90765, 2.6774], "rotation": [-27.5, 0, 0], "uv": [18, 20]},
						{"origin": [-1.5, 6.66129, 5.01335], "size": [3, 1, 1.5], "inflate": 0.25, "pivot": [-0.5, 7.66129, 4.21335], "rotation": [-70, 0, 0], "uv": [9, 25]},
						{"origin": [-2, 2, 2.5], "size": [4, 5, 2], "inflate": 0.25, "uv": [18, 10]}
					]
				},
				{
					"name": "arms",
					"parent": "omanyte",
					"pivot": [0, 0, 0]
				},
				{
					"name": "right_arm",
					"parent": "arms",
					"pivot": [-2, 2, -4],
					"cubes": [
						{"origin": [-4.48481, 2.17365, -4.5], "size": [3, 1, 1], "inflate": 0.25, "pivot": [-5.48481, 3.17365, -5], "rotation": [0, 0, 10], "uv": [27, 25]},
						{"origin": [-4.5, 2, -4.5], "size": [3, 1, 1], "inflate": 0.25, "uv": [26, 27]}
					]
				},
				{
					"name": "left_arm",
					"parent": "arms",
					"pivot": [2, 2, -5],
					"cubes": [
						{"origin": [1.5, 2, -4.5], "size": [3, 1, 1], "inflate": 0.25, "uv": [27, 23]},
						{"origin": [1.48481, 2.17365, -4.5], "size": [3, 1, 1], "inflate": 0.25, "pivot": [5.48481, 3.17365, -5], "rotation": [0, 0, -10], "uv": [0, 26]}
					]
				},
				{
					"name": "right_side",
					"parent": "omanyte",
					"pivot": [-2, 2, 0],
					"rotation": [0, 0, 30],
					"cubes": [
						{"origin": [-1.999, 0, -4.5], "size": [0, 2, 9], "inflate": 0.25, "uv": [0, 3]}
					]
				},
				{
					"name": "left_side",
					"parent": "omanyte",
					"pivot": [2, 2, 0],
					"rotation": [0, 0, -30],
					"cubes": [
						{"origin": [2.001, 0, -4.5], "size": [0, 2, 9], "inflate": 0.25, "uv": [0, 1]}
					]
				}
			]
		}
	]
}