{
	"format_version": "1.12.0",
	"minecraft:geometry": [
		{
			"description": {
				"identifier": "geometry.serpomastar",
				"texture_width": 128,
				"texture_height": 128,
				"visible_bounds_width": 3,
				"visible_bounds_height": 2.5,
				"visible_bounds_offset": [0, 0.75, 0]
			},
			"bones": [
				{
					"name": "omastar",
					"pivot": [0, 0, 0]
				},
				{
				"name": "pokedex",
				"pivot": [0, 32, 0],
				"locators": {
		"pokedex": [0, 32, 0]
					}
				},
				{
					"name": "body",
					"parent": "omastar",
					"pivot": [0, 0, 0],
					"cubes": [
						{"origin": [-4.1, 3.1, -9.7], "size": [8, 2, 11], "inflate": -0.1, "uv": [0, 0]},
						{"origin": [-5, 3.1, -3.7], "size": [10, 0, 8], "pivot": [0, 4, -3.5], "rotation": [-25, 0, 0], "uv": [19, 0]},
						{"origin": [-7, -0.01, -9.71], "size": [14, 8, 0], "inflate": 0.01, "uv": [30, 13]},
						{"origin": [-2.99, 0.5, -10], "size": [6, 5, 0], "uv": [54, 30]}
					]
				},
				{
					"name": "shell",
					"parent": "body",
					"pivot": [0, 4, 0],
					"cubes": [
						{"origin": [-5, 4, -7], "size": [10, 10, 4], "uv": [26, 26]},
						{"origin": [-4, 5, -8], "size": [8, 8, 1], "uv": [0, 42]},
						{"origin": [-1, 11, -11], "size": [2, 2, 4], "pivot": [0, 12, -8], "rotation": [-25, 0, 0], "uv": [54, 17]},
						{"origin": [-1, 15, -12], "size": [2, 2, 3], "pivot": [0, 12, -8], "rotation": [-60, 0, 0], "uv": [0, 0]},
						{"origin": [-1, 16, -2], "size": [2, 3, 2], "uv": [0, 5]},
						{"origin": [-1, 15, 2], "size": [2, 2, 2], "pivot": [0, 15, 4], "rotation": [-25, 0, 0], "uv": [0, 56]},
						{"origin": [-1, 12, 6], "size": [2, 2, 2], "pivot": [0, 12, 6], "rotation": [20, 0, 0], "uv": [54, 35]},
						{"origin": [-3, 5, -9], "size": [6, 6, 1], "uv": [34, 52]},
						{"origin": [-3, 7, 6], "size": [6, 4, 1], "uv": [48, 52]},
						{"origin": [-3, 2.56569, 5.56569], "size": [6, 4.2, 2], "pivot": [0, 7.56569, 7.56569], "rotation": [-45, 0, 0], "uv": [18, 52]},
						{"origin": [-4, 4, 2], "size": [8, 2, 2], "uv": [47, 0]},
						{"origin": [-5, 4, -3], "size": [10, 12, 5], "uv": [0, 13]},
						{"origin": [-4.99, 13.8253, -7.3448], "size": [9.98, 1.98, 4.38], "inflate": -0.01, "pivot": [0, 15.8153, -3.3548], "rotation": [27.5, 0, 0], "uv": [30, 21]},
						{"origin": [-3.98, 13.85228, 1.9563], "size": [7.98, 1.98, 4.38], "inflate": -0.01, "pivot": [2.03, 15.84228, 2.3463], "rotation": [-27.5, 0, 0], "uv": [38, 8]},
						{"origin": [-3, 13.32259, 7.02671], "size": [6, 2, 3], "pivot": [-1, 15.32259, 5.42671], "rotation": [-70, 0, 0], "uv": [0, 51]},
						{"origin": [-4, 6, 2], "size": [8, 8, 4], "uv": [0, 30]}
					]
				},
				{
					"name": "arms",
					"parent": "omastar",
					"pivot": [0, 4, -9]
				},
				{
					"name": "right_arm",
					"parent": "arms",
					"pivot": [-5, 4, -8],
					"rotation": [0, 0, 75],
					"cubes": [
						{"origin": [-13.30172, 2.55133, -9], "size": [9, 4, 0], "uv": [50, 26]}
					]
				},
				{
					"name": "left_arm",
					"parent": "arms",
					"pivot": [5, 4, -8],
					"rotation": [0, 0, -75],
					"cubes": [
						{"origin": [4.30172, 2.55133, -9], "size": [9, 4, 0], "uv": [50, 26], "mirror": true}
					]
				},
				{
					"name": "right_side",
					"parent": "omastar",
					"pivot": [-4, 4, -5],
					"cubes": [
						{"origin": [-11.998, 0, -5], "size": [8, 12, 0], "uv": [40, 40]}
					]
				},
				{
					"name": "left_side",
					"parent": "omastar",
					"pivot": [4, 4, -5],
					"cubes": [
						{"origin": [3.998, 0, -5], "size": [8, 12, 0], "uv": [40, 40], "mirror": true}
					]
				}
			]
		},
		{
			"description": {
				"identifier": "geometry.serpomastar_aura",
				"texture_width": 128,
				"texture_height": 128,
				"visible_bounds_width": 3,
				"visible_bounds_height": 2.5,
				"visible_bounds_offset": [0, 0.75, 0]
			},
			"bones": [
				{
					"name": "omastar",
					"pivot": [0, 0, 0]
				},
				{
					"name": "body",
					"parent": "omastar",
					"pivot": [0, 0, 0],
					"cubes": [
						{"origin": [-4.1, 3.1, -9.7], "size": [8, 2, 11], "inflate": 0.25, "uv": [0, 0]},
						{"origin": [-5, 3.1, -3.7], "size": [10, 0, 8], "inflate": 0.25, "pivot": [0, 4, -3.5], "rotation": [-25, 0, 0], "uv": [19, 0]},
						{"origin": [-7, -0.01, -9.71], "size": [14, 8, 0], "inflate": 0.25, "uv": [30, 13]},
						{"origin": [-2.99, 0.5, -10], "size": [6, 5, 0], "inflate": 0.25, "uv": [54, 30]}
					]
				},
				{
					"name": "shell",
					"parent": "body",
					"pivot": [0, 4, 0],
					"cubes": [
						{"origin": [-5, 4, -7], "size": [10, 10, 4], "inflate": 0.25, "uv": [26, 26]},
						{"origin": [-4, 5, -8], "size": [8, 8, 1], "inflate": 0.25, "uv": [0, 42]},
						{"origin": [-1, 11, -11], "size": [2, 2, 4], "inflate": 0.25, "pivot": [0, 12, -8], "rotation": [-25, 0, 0], "uv": [54, 17]},
						{"origin": [-1, 15, -12], "size": [2, 2, 3], "inflate": 0.25, "pivot": [0, 12, -8], "rotation": [-60, 0, 0], "uv": [0, 0]},
						{"origin": [-1, 16, -2], "size": [2, 3, 2], "inflate": 0.25, "uv": [0, 5]},
						{"origin": [-1, 15, 2], "size": [2, 2, 2], "inflate": 0.25, "pivot": [0, 15, 4], "rotation": [-25, 0, 0], "uv": [0, 56]},
						{"origin": [-1, 12, 6], "size": [2, 2, 2], "inflate": 0.25, "pivot": [0, 12, 6], "rotation": [20, 0, 0], "uv": [54, 35]},
						{"origin": [-3, 5, -9], "size": [6, 6, 1], "inflate": 0.25, "uv": [34, 52]},
						{"origin": [-3, 7, 6], "size": [6, 4, 1], "inflate": 0.25, "uv": [48, 52]},
						{"origin": [-3, 2.56569, 5.56569], "size": [6, 4.2, 2], "inflate": 0.25, "pivot": [0, 7.56569, 7.56569], "rotation": [-45, 0, 0], "uv": [18, 52]},
						{"origin": [-4, 4, 2], "size": [8, 2, 2], "inflate": 0.25, "uv": [47, 0]},
						{"origin": [-5, 4, -3], "size": [10, 12, 5], "inflate": 0.25, "uv": [0, 13]},
						{"origin": [-4.99, 13.8253, -7.3448], "size": [9.98, 1.98, 4.38], "inflate": 0.25, "pivot": [0, 15.8153, -3.3548], "rotation": [27.5, 0, 0], "uv": [30, 21]},
						{"origin": [-3.98, 13.85228, 1.9563], "size": [7.98, 1.98, 4.38], "inflate": 0.25, "pivot": [2.03, 15.84228, 2.3463], "rotation": [-27.5, 0, 0], "uv": [38, 8]},
						{"origin": [-3, 13.32259, 7.02671], "size": [6, 2, 3], "inflate": 0.25, "pivot": [-1, 15.32259, 5.42671], "rotation": [-70, 0, 0], "uv": [0, 51]},
						{"origin": [-4, 6, 2], "size": [8, 8, 4], "inflate": 0.25, "uv": [0, 30]}
					]
				},
				{
					"name": "arms",
					"parent": "omastar",
					"pivot": [0, 4, -9]
				},
				{
					"name": "right_arm",
					"parent": "arms",
					"pivot": [-5, 4, -8],
					"rotation": [0, 0, 75],
					"cubes": [
						{"origin": [-13.30172, 2.55133, -9], "size": [9, 4, 0], "inflate": 0.25, "uv": [50, 26]}
					]
				},
				{
					"name": "left_arm",
					"parent": "arms",
					"pivot": [5, 4, -8],
					"rotation": [0, 0, -75],
					"cubes": [
						{"origin": [4.30172, 2.55133, -9], "size": [9, 4, 0], "inflate": 0.25, "uv": [50, 26], "mirror": true}
					]
				},
				{
					"name": "right_side",
					"parent": "omastar",
					"pivot": [-4, 4, -5],
					"cubes": [
						{"origin": [-11.998, 0, -5], "size": [8, 12, 0], "inflate": 0.25, "uv": [40, 40]}
					]
				},
				{
					"name": "left_side",
					"parent": "omastar",
					"pivot": [4, 4, -5],
					"cubes": [
						{"origin": [3.998, 0, -5], "size": [8, 12, 0], "inflate": 0.25, "uv": [40, 40], "mirror": true}
					]
				},
				{
					"name": "pokedex",
					"pivot": [0, 32, 0],
					"locators": {
						"pokedex": [0, 32, 0]
					}
				}
			]
		}
	]
}