{
	"format_version": "1.8.0",
	"animations": {
		"animation.nidorino.quiet": {
			"loop": true,
			"animation_length": 1.6,
			"bones": {
				"body": {
					"rotation": {
						"0.0": [0, 0, -3],
						"0.4": [0, 0, 0],
						"0.8": [0, 0, 3],
						"1.2": [0, 0, 0],
						"1.6": [0, 0, -3]
					},
					"position": {
						"0.0": [0, 0, 0],
						"0.4": [0, -0.5, 0],
						"0.8": [0, 0, 0],
						"1.2": [0, -0.5, 0],
						"1.6": [0, 0, 0]
					}
				},
				"head": {
					"rotation": {
						"0.0": [0, 0, -2.5],
						"0.4": [0, 0, 0],
						"0.8": [0, 0, 2.5],
						"1.2": [0, 0, 0],
						"1.6": [0, 0, -2.5]
					},
					"position": {
						"0.0": [0, 0, 0],
						"0.4": [0, -0.5, 0],
						"0.8": [0, 0, 0],
						"1.2": [0, -0.5, 0],
						"1.6": [0, 0, 0]
					}
				}
			}
		},
		"animation.nidorino.walk": {
			"loop": true,
			"animation_length": 0.76,
			"bones": {
				"nidorino": {
					"rotation": {
						"0.0": [-10, 0, 0],
						"0.2": [10, 0, 0],
						"0.76": [-10, 0, 0]
					},
					"position": {
						"0.0": [0, 1, 0],
						"0.4": [0, 1, 0],
						"0.76": [0, 1, 0]
					}
				},
				"front_legs": {
					"rotation": {
						"0.0": [-60, 0, 0],
						"0.24": [-22.5, 0, 0],
						"0.52": [5, 0, 0],
						"0.76": [-60, 0, 0]
					},
					"position": [0, 0, -1]
				},
				"back_legs": {
					"rotation": {
						"0.0": [10, 0, 0],
						"0.24": [45, 0, 0],
						"0.52": [-5, 0, 0],
						"0.76": [10, 0, 0]
					},
					"position": {
						"0.0": [0, 0, 0],
						"0.24": [0, 1, 0],
						"0.52": [0, 0, 0],
						"0.76": [0, 0, 0]
					}
				},
				"head": {
					"rotation": {
						"0.0": [2.5, 0, 0],
						"0.24": [-5, 0, 0],
						"0.76": [2.5, 0, 0]
					}
				}
			}
		},
		"animation.nidorino.sitting": {
			"loop": true,
			"bones": {
				"bulbasaur": {
					"rotation": ["-this", 0, 0]
				},
				"body": {
					"rotation": [-30, 0, 0],
					"position": [0, 0, -1],
					"scale": [1, 1, 0.8]
				},
				"head": {
					"position": [0, 3, 3]
				},
				"back_legs": {
					"position": [0, 0, -1]
				},
				"front_legs": {
					"rotation": [0, 0, 0],
					"position": [0, 0, 1],
					"scale": 1
				}
			}
		},
		"animation.nidorino.jump": {
			"loop": true,
			"bones": {
				"nidorino": {
					"rotation": [-15, 0, 0],
					"position": [0, 2, -1]
				},
				"back_legs": {
					"rotation": [67.5, 0, 0],
					"position": [0, -1, -1]
				},
				"front_legs": {
					"rotation": [-55, 0, 0]
				}
			}
		},
		"animation.nidorino.attack": {
			"loop": true,
			"bones": {
				"head": {
					"position": [0, -2, -1]
				},
				"body": {
					"rotation": [20, 0, 0]
				},
				"front_legs": {
					"position": [0, 0, -2]
				}
			}
		},
		"animation.nidorino.swimming": {
			"loop": true,
			"animation_length": 0.6,
			"override_previous_animation": true,
			"bones": {
				"nidorino": {
					"position": {
						"0.0": [0, 0, 0],
						"0.32": [0, 1, 0],
						"0.6": [0, 0, 0]
					}
				},
				"head": {
					"position": [0, 4, 1]
				},
				"body": {
					"rotation": [-35, 0, 0],
					"position": [0, 0, -3]
				},
				"back_legs": {
					"rotation": {
						"0.0": [-30, 0, 0],
						"0.16": [15, 0, 0],
						"0.32": [-30, 0, 0],
						"0.44": [10, 0, 0],
						"0.6": [-30, 0, 0]
					},
					"position": [0, -2, -3]
				},
				"front_legs": {
					"rotation": {
						"0.0": [-55, 0, 0],
						"0.2": [-10, 0, 0],
						"0.6": [-55, 0, 0]
					},
					"position": [0, 1, -2]
				}
			}
		},
        "animation.nidorino.health_bar":{
            "loop":true,
            "bones":{
                "health_hover":{
    "rotation":["q.camera_rotation(0)","q.camera_rotation(1)-q.body_y_rotation",0],
	"position": [0,27,0],
    "scale":"query.is_in_ui?0:1.5"
                },
				"bar_green": {
					"scale": ["query.health/query.max_health*1", 1, 1]
				},
				"bar_black": {
					"scale": ["(1)+(query.health/query.max_health*-1)", 1, 1]
				}
			}
        }
	}
}