{
	"format_version": "1.12.0",
	"minecraft:geometry": [
		{
			"description": {
				"identifier": "geometry.serpexeggutor",
				"texture_width": 96,
				"texture_height": 96,
				"visible_bounds_width": 3,
				"visible_bounds_height": 3.5,
				"visible_bounds_offset": [0, 1.25, 0]
			},
			"bones": [
				{
					"name": "exeggutor",
					"pivot": [0, 0, 0]
				},
				{
				"name": "pokedex",
				"pivot": [0, 17, -12.5],
				"locators": {
		"pokedex": [0, 17, -12.5]
					}
				},
				{
					"name": "body_root",
					"parent": "exeggutor",
					"pivot": [0, 4, 0]
				},
				{
					"name": "leaves",
					"parent": "body_root",
					"pivot": [0, 1, 0]
				},
				{
					"name": "leaf1",
					"parent": "leaves",
					"pivot": [0, 23, 0],
					"rotation": [-30, 0, 0],
					"cubes": [
						{"origin": [-9, 23, -12], "size": [18, 0, 12], "uv": [34, 13]}
					]
				},
				{
					"name": "leaf3",
					"parent": "leaves",
					"pivot": [0, 23, 0],
					"rotation": [150, 0, 180],
					"cubes": [
						{"origin": [-9, 23, -12], "size": [18, 0, 12], "uv": [34, 13]}
					]
				},
				{
					"name": "leaf2",
					"parent": "leaves",
					"pivot": [0, 23, 0],
					"rotation": [0, 90, 20],
					"cubes": [
						{"origin": [-9, 23, -12], "size": [18, 0, 12], "uv": [34, 13]}
					]
				},
				{
					"name": "leaf4",
					"parent": "leaves",
					"pivot": [0, 23, 0],
					"rotation": [0, -90, -20],
					"cubes": [
						{"origin": [-9, 23, -12], "size": [18, 0, 12], "uv": [34, 13], "mirror": true}
					]
				},
				{
					"name": "heads",
					"parent": "body_root",
					"pivot": [0, 22, -4]
				},
				{
					"name": "head1",
					"parent": "heads",
					"pivot": [-6.5, 21, -6.5],
					"rotation": [0, 30, 0],
					"cubes": [
						{"origin": [-9, 18, -9], "size": [5, 6, 5], "uv": [0, 51]},
						{"origin": [-9.5, 18.5, -8.5], "size": [1, 5, 4], "uv": [0, 25]},
						{"origin": [-4.5, 18.5, -8.5], "size": [1, 5, 4], "uv": [0, 25]},
						{"origin": [-8.5, 17.5, -8.5], "size": [4, 1, 4], "uv": [56, 0]},
						{"origin": [-8.5, 23.5, -8.5], "size": [4, 1, 4], "uv": [56, 0]},
						{"origin": [-8.5, 18.5, -9.5], "size": [4, 5, 1], "uv": [68, 33]},
						{"origin": [-9, 21.5, -9.55], "size": [5, 2, 0], "uv": [57, 55]},
						{"origin": [-8.5, 18.5, -4.5], "size": [4, 5, 1], "uv": [21, 51]}
					]
				},
				{
					"name": "head2",
					"parent": "heads",
					"pivot": [-0.5, 22, -7.5],
					"cubes": [
						{"origin": [-2.5, 19, -10], "size": [5, 6, 5], "uv": [0, 51]},
						{"origin": [-3, 19.5, -9.5], "size": [1, 5, 4], "uv": [40, 65]},
						{"origin": [2, 19.5, -9.5], "size": [1, 5, 4], "uv": [0, 25]},
						{"origin": [-2, 18.5, -9.5], "size": [4, 1, 4], "uv": [56, 0]},
						{"origin": [-2, 24.5, -9.5], "size": [4, 1, 4], "uv": [56, 0]},
						{"origin": [-2, 19.5, -10.5], "size": [4, 5, 1], "uv": [64, 6]},
						{"origin": [-2.5, 22, -10.55], "size": [5, 2, 0], "uv": [25, 43]},
						{"origin": [-2, 19.5, -5.5], "size": [4, 5, 1], "uv": [21, 51]}
					]
				},
				{
					"name": "head3",
					"parent": "heads",
					"pivot": [6.5, 21, -6.5],
					"rotation": [0, -30, 0],
					"cubes": [
						{"origin": [4, 18, -9], "size": [5, 6, 5], "uv": [0, 51]},
						{"origin": [8.5, 18.5, -8.5], "size": [1, 5, 4], "uv": [0, 25]},
						{"origin": [3.5, 18.5, -8.5], "size": [1, 5, 4], "uv": [0, 25]},
						{"origin": [4.5, 17.5, -8.5], "size": [4, 1, 4], "uv": [56, 0]},
						{"origin": [4.5, 23.5, -8.5], "size": [4, 1, 4], "uv": [56, 0]},
						{"origin": [4.5, 18.5, -9.5], "size": [4, 5, 1], "uv": [60, 26]},
						{"origin": [4, 20.5, -9.55], "size": [5, 2, 0], "uv": [37, 33]},
						{"origin": [4.5, 18.5, -4.5], "size": [4, 5, 1], "uv": [21, 51]}
					]
				},
				{
					"name": "body",
					"parent": "body_root",
					"pivot": [0, 1, 0],
					"cubes": [
						{"origin": [-5, 5, -5], "size": [10, 14, 10], "uv": [0, 0]},
						{"origin": [-6, 6, -4], "size": [1, 11, 8], "uv": [49, 26]},
						{"origin": [-6, 17, -4], "size": [2, 6.32, 8], "pivot": [-6, 17, 0], "rotation": [0, 0, 18.4], "uv": [44, 50]},
						{"origin": [4, 17, -4], "size": [2, 6.32, 8], "pivot": [6, 17, 0], "rotation": [0, 0, -18.4], "uv": [44, 50], "mirror": true},
						{"origin": [-4, 17, -6], "size": [8, 6.32, 2], "pivot": [0, 17, -6], "rotation": [-18.4, 0, 0], "uv": [57, 46]},
						{"origin": [-4, 17, 4], "size": [8, 6.32, 2], "pivot": [0, 17, 6], "rotation": [18.4, 0, 0], "uv": [57, 46]},
						{"origin": [5, 6, -4], "size": [1, 11, 8], "uv": [33, 38]},
						{"origin": [-4, 6, -6], "size": [8, 11, 1], "uv": [0, 63]},
						{"origin": [-4, 4, -4], "size": [8, 1, 8], "uv": [31, 0]},
						{"origin": [-4, 19, -4], "size": [8, 4, 8], "uv": [0, 38]},
						{"origin": [-4, 6, 5], "size": [8, 11, 1], "uv": [21, 58]}
					]
				},
				{
					"name": "legs",
					"parent": "exeggutor",
					"pivot": [0, 7, 0]
				},
				{
					"name": "right_leg",
					"parent": "legs",
					"pivot": [-5, 7, 0],
					"cubes": [
						{"origin": [-7, 1, -2], "size": [4, 7, 4], "uv": [61, 61]},
						{"origin": [-6.5, 7.5, -1.5], "size": [3, 1, 3], "uv": [25, 38]},
						{"origin": [-7, 0, -3], "size": [4, 1, 5], "uv": [37, 26]},
						{"origin": [-7, 1, -5], "size": [4, 0, 2], "pivot": [-5, 1, -3], "rotation": [25, 0, 0], "uv": [41, 10]}
					]
				},
				{
					"name": "left_leg",
					"parent": "legs",
					"pivot": [5, 7, 0],
					"cubes": [
						{"origin": [3, 1, -2], "size": [4, 7, 4], "uv": [61, 61], "mirror": true},
						{"origin": [3.5, 7.5, -1.5], "size": [3, 1, 3], "uv": [25, 38], "mirror": true},
						{"origin": [3, 0, -3], "size": [4, 1, 5], "uv": [37, 26], "mirror": true},
						{"origin": [3, 1, -5], "size": [4, 0, 2], "pivot": [5, 1, -3], "rotation": [25, 0, 0], "uv": [41, 10], "mirror": true}
					]
				}
			]
		},
		{
			"description": {
				"identifier": "geometry.serpexeggutor_aura",
				"texture_width": 96,
				"texture_height": 96,
				"visible_bounds_width": 3,
				"visible_bounds_height": 3.5,
				"visible_bounds_offset": [0, 1.25, 0]
			},
			"bones": [
				{
					"name": "exeggutor",
					"pivot": [0, 0, 0]
				},
				{
					"name": "body_root",
					"parent": "exeggutor",
					"pivot": [0, 4, 0]
				},
				{
					"name": "leaves",
					"parent": "body_root",
					"pivot": [0, 1, 0]
				},
				{
					"name": "leaf1",
					"parent": "leaves",
					"pivot": [0, 23, 0],
					"rotation": [-30, 0, 0],
					"cubes": [
						{"origin": [-9, 23, -12], "size": [18, 0, 12], "inflate": 0.25, "uv": [34, 13]}
					]
				},
				{
					"name": "leaf3",
					"parent": "leaves",
					"pivot": [0, 23, 0],
					"rotation": [150, 0, 180],
					"cubes": [
						{"origin": [-9, 23, -12], "size": [18, 0, 12], "inflate": 0.25, "uv": [34, 13]}
					]
				},
				{
					"name": "leaf2",
					"parent": "leaves",
					"pivot": [0, 23, 0],
					"rotation": [0, 90, 20],
					"cubes": [
						{"origin": [-9, 23, -12], "size": [18, 0, 12], "inflate": 0.25, "uv": [34, 13]}
					]
				},
				{
					"name": "leaf4",
					"parent": "leaves",
					"pivot": [0, 23, 0],
					"rotation": [0, -90, -20],
					"cubes": [
						{"origin": [-9, 23, -12], "size": [18, 0, 12], "inflate": 0.25, "uv": [34, 13], "mirror": true}
					]
				},
				{
					"name": "heads",
					"parent": "body_root",
					"pivot": [0, 22, -4]
				},
				{
					"name": "head1",
					"parent": "heads",
					"pivot": [-6.5, 21, -6.5],
					"rotation": [0, 30, 0],
					"cubes": [
						{"origin": [-9, 18, -9], "size": [5, 6, 5], "inflate": 0.25, "uv": [0, 51]},
						{"origin": [-9.5, 18.5, -8.5], "size": [1, 5, 4], "inflate": 0.25, "uv": [0, 25]},
						{"origin": [-4.5, 18.5, -8.5], "size": [1, 5, 4], "inflate": 0.25, "uv": [0, 25]},
						{"origin": [-8.5, 17.5, -8.5], "size": [4, 1, 4], "inflate": 0.25, "uv": [56, 0]},
						{"origin": [-8.5, 23.5, -8.5], "size": [4, 1, 4], "inflate": 0.25, "uv": [56, 0]},
						{"origin": [-8.5, 18.5, -9.5], "size": [4, 5, 1], "inflate": 0.25, "uv": [68, 33]},
						{"origin": [-9, 21.5, -9.55], "size": [5, 2, 0], "inflate": 0.25, "uv": [57, 55]},
						{"origin": [-8.5, 18.5, -4.5], "size": [4, 5, 1], "inflate": 0.25, "uv": [21, 51]}
					]
				},
				{
					"name": "head2",
					"parent": "heads",
					"pivot": [-0.5, 22, -7.5],
					"cubes": [
						{"origin": [-2.5, 19, -10], "size": [5, 6, 5], "inflate": 0.25, "uv": [0, 51]},
						{"origin": [-3, 19.5, -9.5], "size": [1, 5, 4], "inflate": 0.25, "uv": [40, 65]},
						{"origin": [2, 19.5, -9.5], "size": [1, 5, 4], "inflate": 0.25, "uv": [0, 25]},
						{"origin": [-2, 18.5, -9.5], "size": [4, 1, 4], "inflate": 0.25, "uv": [56, 0]},
						{"origin": [-2, 24.5, -9.5], "size": [4, 1, 4], "inflate": 0.25, "uv": [56, 0]},
						{"origin": [-2, 19.5, -10.5], "size": [4, 5, 1], "inflate": 0.25, "uv": [64, 6]},
						{"origin": [-2.5, 22, -10.55], "size": [5, 2, 0], "inflate": 0.25, "uv": [25, 43]},
						{"origin": [-2, 19.5, -5.5], "size": [4, 5, 1], "inflate": 0.25, "uv": [21, 51]}
					]
				},
				{
					"name": "head3",
					"parent": "heads",
					"pivot": [6.5, 21, -6.5],
					"rotation": [0, -30, 0],
					"cubes": [
						{"origin": [4, 18, -9], "size": [5, 6, 5], "inflate": 0.25, "uv": [0, 51]},
						{"origin": [8.5, 18.5, -8.5], "size": [1, 5, 4], "inflate": 0.25, "uv": [0, 25]},
						{"origin": [3.5, 18.5, -8.5], "size": [1, 5, 4], "inflate": 0.25, "uv": [0, 25]},
						{"origin": [4.5, 17.5, -8.5], "size": [4, 1, 4], "inflate": 0.25, "uv": [56, 0]},
						{"origin": [4.5, 23.5, -8.5], "size": [4, 1, 4], "inflate": 0.25, "uv": [56, 0]},
						{"origin": [4.5, 18.5, -9.5], "size": [4, 5, 1], "inflate": 0.25, "uv": [60, 26]},
						{"origin": [4, 20.5, -9.55], "size": [5, 2, 0], "inflate": 0.25, "uv": [37, 33]},
						{"origin": [4.5, 18.5, -4.5], "size": [4, 5, 1], "inflate": 0.25, "uv": [21, 51]}
					]
				},
				{
					"name": "body",
					"parent": "body_root",
					"pivot": [0, 1, 0],
					"cubes": [
						{"origin": [-5, 5, -5], "size": [10, 14, 10], "inflate": 0.25, "uv": [0, 0]},
						{"origin": [-6, 6, -4], "size": [1, 11, 8], "inflate": 0.25, "uv": [49, 26]},
						{"origin": [-6, 17, -4], "size": [2, 6.32, 8], "inflate": 0.25, "pivot": [-6, 17, 0], "rotation": [0, 0, 18.4], "uv": [44, 50]},
						{"origin": [4, 17, -4], "size": [2, 6.32, 8], "inflate": 0.25, "pivot": [6, 17, 0], "rotation": [0, 0, -18.4], "uv": [44, 50], "mirror": true},
						{"origin": [-4, 17, -6], "size": [8, 6.32, 2], "inflate": 0.25, "pivot": [0, 17, -6], "rotation": [-18.4, 0, 0], "uv": [57, 46]},
						{"origin": [-4, 17, 4], "size": [8, 6.32, 2], "inflate": 0.25, "pivot": [0, 17, 6], "rotation": [18.4, 0, 0], "uv": [57, 46]},
						{"origin": [5, 6, -4], "size": [1, 11, 8], "inflate": 0.25, "uv": [33, 38]},
						{"origin": [-4, 6, -6], "size": [8, 11, 1], "inflate": 0.25, "uv": [0, 63]},
						{"origin": [-4, 4, -4], "size": [8, 1, 8], "inflate": 0.25, "uv": [31, 0]},
						{"origin": [-4, 19, -4], "size": [8, 4, 8], "inflate": 0.25, "uv": [0, 38]},
						{"origin": [-4, 6, 5], "size": [8, 11, 1], "inflate": 0.25, "uv": [21, 58]}
					]
				},
				{
					"name": "legs",
					"parent": "exeggutor",
					"pivot": [0, 7, 0]
				},
				{
					"name": "right_leg",
					"parent": "legs",
					"pivot": [-5, 7, 0],
					"cubes": [
						{"origin": [-7, 1, -2], "size": [4, 7, 4], "inflate": 0.25, "uv": [61, 61]},
						{"origin": [-6.5, 7.5, -1.5], "size": [3, 1, 3], "inflate": 0.25, "uv": [25, 38]},
						{"origin": [-7, 0, -3], "size": [4, 1, 5], "inflate": 0.25, "uv": [37, 26]},
						{"origin": [-7, 1, -5], "size": [4, 0, 2], "inflate": 0.25, "pivot": [-5, 1, -3], "rotation": [25, 0, 0], "uv": [41, 10]}
					]
				},
				{
					"name": "left_leg",
					"parent": "legs",
					"pivot": [5, 7, 0],
					"cubes": [
						{"origin": [3, 1, -2], "size": [4, 7, 4], "inflate": 0.25, "uv": [61, 61], "mirror": true},
						{"origin": [3.5, 7.5, -1.5], "size": [3, 1, 3], "inflate": 0.25, "uv": [25, 38], "mirror": true},
						{"origin": [3, 0, -3], "size": [4, 1, 5], "inflate": 0.25, "uv": [37, 26], "mirror": true},
						{"origin": [3, 1, -5], "size": [4, 0, 2], "inflate": 0.25, "pivot": [5, 1, -3], "rotation": [25, 0, 0], "uv": [41, 10], "mirror": true}
					]
				},
				{
					"name": "pokedex",
					"pivot": [0, 17, -12.5],
					"locators": {
						"pokedex": [0, 17, -12.5]
					}
				}
			]
		}
	]
}