{
	"format_version": "1.12.0",
	"minecraft:geometry": [
		{
			"description": {
				"identifier": "geometry.serpexeggcute",
				"texture_width": 64,
				"texture_height": 64,
				"visible_bounds_width": 3,
				"visible_bounds_height": 1.5,
				"visible_bounds_offset": [0, 0.25, 0]
			},
			"bones": [
				{
					"name": "exeggcute_base",
					"pivot": [0, 0, 0]
				},
				{
				"name": "pokedex",
				"pivot": [0, 25, 0],
				"locators": {
		"pokedex": [0, 25, 0]
					}
				},
				{
					"name": "egg1",
					"parent": "exeggcute_base",
					"pivot": [0, 0, 0],
					"cubes": [
						{"origin": [-2, 0.75, -2], "size": [4, 4, 4], "uv": [12, 20]},
						{"origin": [-2.5, 1, -1.5], "size": [1, 3, 3], "uv": [33, 0]},
						{"origin": [1.5, 1, -1.5], "size": [1, 3, 3], "uv": [18, 31]},
						{"origin": [0.5, 0, -1.5], "size": [1, 1.41, 3], "pivot": [1.5, 0, 0], "rotation": [0, 0, 45], "uv": [45, 12]},
						{"origin": [-1.5, 0, 0.5], "size": [3, 1.41, 1], "pivot": [0, 0, 1.5], "rotation": [-45, 0, 0], "uv": [51, 19]},
						{"origin": [-1.5, 0, -1.5], "size": [3, 1.41, 1], "pivot": [0, 0, -1.5], "rotation": [45, 0, 0], "uv": [51, 9]},
						{"origin": [-1.5, 0, -1.5], "size": [1, 1.41, 3], "pivot": [-1.5, 0, 0], "rotation": [0, 0, -45], "uv": [45, 0]},
						{"origin": [1.5, 4, -1.5], "size": [1, 2.23, 3], "pivot": [2.5, 4, 0], "rotation": [0, 0, -26.5], "uv": [36, 36]},
						{"origin": [-2.5, 4, -1.5], "size": [1, 2.23, 3], "pivot": [-2.5, 4, 0], "rotation": [0, 0, 26.5], "uv": [36, 31]},
						{"origin": [-1.5, 4, 1.5], "size": [3, 2.23, 1], "pivot": [0, 4, 2.5], "rotation": [26.5, 0, 0], "uv": [24, 48]},
						{"origin": [-1.5, 4, -2.5], "size": [3, 2.23, 1], "pivot": [0, 4, -2.5], "rotation": [-26.5, 0, 0], "uv": [48, 22]},
						{"origin": [-1.5, 1, -2.5], "size": [3, 3, 1], "uv": [42, 45]},
						{"origin": [-2, 3, -2.55], "size": [4, 2, 0], "uv": [51, 7]},
						{"origin": [-1.5, 2.2, -2.56], "size": [3, 1, 0], "pivot": [0, 2, -2.56], "rotation": [0, 0, -5], "uv": [24, 15]},
						{"origin": [-1.5, 1, 1.5], "size": [3, 3, 1], "uv": [34, 45]},
						{"origin": [-1.5, 0, -1.5], "size": [3, 0, 3], "uv": [21, 3]},
						{"origin": [-1.5, 6, -1.5], "size": [3, 0, 3], "uv": [18, 0]}
					]
				},
				{
					"name": "egg2",
					"parent": "exeggcute_base",
					"pivot": [-5, 0, 4],
					"cubes": [
						{"origin": [-7, 0.75, 2], "size": [4, 4, 4], "uv": [0, 16]},
						{"origin": [-7.5, 1, 2.5], "size": [1, 3, 3], "uv": [30, 28]},
						{"origin": [-3.5, 1, 2.5], "size": [1, 3, 3], "uv": [30, 20]},
						{"origin": [-4.5, 0, 2.5], "size": [1, 1.41, 3], "pivot": [-3.5, 0, 4], "rotation": [0, 0, 45], "uv": [0, 45]},
						{"origin": [-6.5, 0, 4.5], "size": [3, 1.41, 1], "pivot": [-5, 0, 5.5], "rotation": [-45, 0, 0], "uv": [0, 51]},
						{"origin": [-6.5, 0, 2.5], "size": [3, 1.41, 1], "pivot": [-5, 0, 2.5], "rotation": [45, 0, 0], "uv": [50, 46]},
						{"origin": [-6.5, 0, 2.5], "size": [1, 1.41, 3], "pivot": [-6.5, 0, 4], "rotation": [0, 0, -45], "uv": [26, 44]},
						{"origin": [-3.5, 4, 2.5], "size": [1, 2.23, 3], "pivot": [-2.5, 4, 4], "rotation": [0, 0, -26.5], "uv": [0, 36]},
						{"origin": [-7.5, 4, 2.5], "size": [1, 2.23, 3], "pivot": [-7.5, 4, 4], "rotation": [0, 0, 26.5], "uv": [35, 23]},
						{"origin": [-6.5, 4, 5.5], "size": [3, 2.23, 1], "pivot": [-5, 4, 6.5], "rotation": [26.5, 0, 0], "uv": [48, 16]},
						{"origin": [-6.5, 4, 1.5], "size": [3, 2.23, 1], "pivot": [-5, 4, 1.5], "rotation": [-26.5, 0, 0], "uv": [48, 4]},
						{"origin": [-6.5, 1, 1.5], "size": [3, 3, 1], "uv": [21, 43]},
						{"origin": [-7, 2.5, 6.55], "size": [4, 2, 0], "uv": [50, 41]},
						{"origin": [-6, 1.5, 6.56], "size": [2, 1, 0], "pivot": [-5, 2, 6.44], "rotation": [0, 0, 15], "uv": [0, 3]},
						{"origin": [-6.5, 1, 5.5], "size": [3, 3, 1], "uv": [13, 43]},
						{"origin": [-6.5, 0, 2.5], "size": [3, 0, 3], "uv": [21, 3]},
						{"origin": [-6.5, 6, 2.5], "size": [3, 0, 3], "uv": [21, 12]},
						{"origin": [-6.5, 4.7, 2.5], "size": [3, 1, 3], "uv": [12, 0]}
					]
				},
				{
					"name": "egg3",
					"parent": "exeggcute_base",
					"pivot": [-5, 0, -4],
					"cubes": [
						{"origin": [-7, 0.75, -6], "size": [4, 4, 4], "uv": [12, 12]},
						{"origin": [-7.5, 1, -5.5], "size": [1, 3, 3], "uv": [30, 9]},
						{"origin": [-3.5, 1, -5.5], "size": [1, 3, 3], "uv": [0, 30]},
						{"origin": [-4.5, 0, -5.5], "size": [1, 1.41, 3], "pivot": [-3.5, 0, -4], "rotation": [0, 0, 45], "uv": [5, 43]},
						{"origin": [-6.5, 0, -3.5], "size": [3, 1.41, 1], "pivot": [-5, 0, -2.5], "rotation": [-45, 0, 0], "uv": [15, 50]},
						{"origin": [-6.5, 0, -5.5], "size": [3, 1.41, 1], "pivot": [-5, 0, -5.5], "rotation": [45, 0, 0], "uv": [50, 13]},
						{"origin": [-6.5, 0, -5.5], "size": [1, 1.41, 3], "pivot": [-6.5, 0, -4], "rotation": [0, 0, -45], "uv": [41, 34]},
						{"origin": [-3.5, 4, -5.5], "size": [1, 2.23, 3], "pivot": [-2.5, 4, -4], "rotation": [0, 0, -26.5], "uv": [35, 17]},
						{"origin": [-7.5, 4, -5.5], "size": [1, 2.23, 3], "pivot": [-7.5, 4, -4], "rotation": [0, 0, 26.5], "uv": [35, 12]},
						{"origin": [-6.5, 4, -2.5], "size": [3, 2.23, 1], "pivot": [-5, 4, -1.5], "rotation": [26.5, 0, 0], "uv": [16, 47]},
						{"origin": [-6.5, 4, -6.5], "size": [3, 2.23, 1], "pivot": [-5, 4, -6.5], "rotation": [-26.5, 0, 0], "uv": [8, 47]},
						{"origin": [-6.5, 1, -6.5], "size": [3, 3, 1], "uv": [43, 7]},
						{"origin": [-7, 3, -6.55], "size": [4, 2, 0], "uv": [50, 11]},
						{"origin": [-6.5, 2, -6.56], "size": [3, 1, 0], "pivot": [-5, 2, -6.56], "rotation": [0, 0, 2.5], "uv": [5, 24]},
						{"origin": [-6.5, 1, -2.5], "size": [3, 3, 1], "uv": [42, 41]},
						{"origin": [-6.5, 0, -5.5], "size": [3, 0, 3], "uv": [21, 3]},
						{"origin": [-6.5, 6, -5.5], "size": [3, 0, 3], "uv": [18, 0]}
					]
				},
				{
					"name": "egg4",
					"parent": "exeggcute_base",
					"pivot": [4, 0, 6],
					"cubes": [
						{"origin": [2, 0.75, 4], "size": [4, 4, 4], "uv": [12, 4]},
						{"origin": [1.5, 1, 4.5], "size": [1, 3, 3], "uv": [13, 28]},
						{"origin": [5.5, 1, 4.5], "size": [1, 3, 3], "uv": [28, 3]},
						{"origin": [4.5, 0, 4.5], "size": [1, 1.41, 3], "pivot": [5.5, 0, 6], "rotation": [0, 0, 45], "uv": [34, 41]},
						{"origin": [2.5, 0, 6.5], "size": [3, 1.41, 1], "pivot": [4, 0, 7.5], "rotation": [-45, 0, 0], "uv": [7, 50]},
						{"origin": [2.5, 0, 4.5], "size": [3, 1.41, 1], "pivot": [4, 0, 4.5], "rotation": [45, 0, 0], "uv": [50, 0]},
						{"origin": [2.5, 0, 4.5], "size": [1, 1.41, 3], "pivot": [2.5, 0, 6], "rotation": [0, 0, -45], "uv": [29, 40]},
						{"origin": [5.5, 4, 4.5], "size": [1, 2.23, 3], "pivot": [6.5, 4, 6], "rotation": [0, 0, -26.5], "uv": [35, 6]},
						{"origin": [1.5, 4, 4.5], "size": [1, 2.23, 3], "pivot": [1.5, 4, 6], "rotation": [0, 0, 26.5], "uv": [31, 34]},
						{"origin": [2.5, 4, 7.5], "size": [3, 2.23, 1], "pivot": [4, 4, 8.5], "rotation": [26.5, 0, 0], "uv": [46, 34]},
						{"origin": [2.5, 4, 3.5], "size": [3, 2.23, 1], "pivot": [4, 4, 3.5], "rotation": [-26.5, 0, 0], "uv": [45, 26]},
						{"origin": [2.5, 1, 3.5], "size": [3, 3, 1], "uv": [41, 30]},
						{"origin": [2, 2, 3.45], "size": [4, 2, 0], "uv": [48, 49]},
						{"origin": [3, 1, 3.44], "size": [2, 1, 0], "uv": [0, 2]},
						{"origin": [2.5, 1, 7.5], "size": [3, 3, 1], "uv": [0, 41]},
						{"origin": [2.5, 0, 4.5], "size": [3, 0, 3], "uv": [21, 3]},
						{"origin": [2.5, 6, 4.5], "size": [3, 0, 3], "uv": [18, 0]}
					]
				},
				{
					"name": "egg5",
					"parent": "exeggcute_base",
					"pivot": [4, 0, -6],
					"cubes": [
						{"origin": [2, 0.75, -8], "size": [4, 4, 4], "uv": [0, 8]},
						{"origin": [1.5, 1, -7.5], "size": [1, 3, 3], "uv": [5, 27]},
						{"origin": [5.5, 1, -7.5], "size": [1, 3, 3], "uv": [25, 25]},
						{"origin": [4.5, 0, -7.5], "size": [1, 1.41, 3], "pivot": [5.5, 0, -6], "rotation": [0, 0, 45], "uv": [40, 26]},
						{"origin": [2.5, 0, -5.5], "size": [3, 1.41, 1], "pivot": [4, 0, -4.5], "rotation": [-45, 0, 0], "uv": [49, 44]},
						{"origin": [2.5, 0, -7.5], "size": [3, 1.41, 1], "pivot": [4, 0, -7.5], "rotation": [45, 0, 0], "uv": [40, 49]},
						{"origin": [2.5, 0, -7.5], "size": [1, 1.41, 3], "pivot": [2.5, 0, -6], "rotation": [0, 0, -45], "uv": [40, 15]},
						{"origin": [5.5, 4, -7.5], "size": [1, 2.23, 3], "pivot": [6.5, 4, -6], "rotation": [0, 0, -26.5], "uv": [23, 34]},
						{"origin": [1.5, 4, -7.5], "size": [1, 2.23, 3], "pivot": [1.5, 4, -6], "rotation": [0, 0, 26.5], "uv": [13, 34]},
						{"origin": [2.5, 4, -4.5], "size": [3, 2.23, 1], "pivot": [4, 4, -3.5], "rotation": [26.5, 0, 0], "uv": [44, 38]},
						{"origin": [2.5, 4, -8.5], "size": [3, 2.23, 1], "pivot": [4, 4, -8.5], "rotation": [-26.5, 0, 0], "uv": [43, 19]},
						{"origin": [2.5, 1, -8.5], "size": [3, 3, 1], "uv": [40, 22]},
						{"origin": [2, 2, -8.55], "size": [4, 2, 0], "uv": [32, 49]},
						{"origin": [3, 1, -8.56], "size": [2, 1, 0], "pivot": [4, 2, -8.56], "rotation": [0, 0, 5], "uv": [0, 1]},
						{"origin": [2.5, 1, -4.5], "size": [3, 3, 1], "uv": [40, 11]},
						{"origin": [2.5, 0, -7.5], "size": [3, 0, 3], "uv": [21, 3]},
						{"origin": [2.5, 6, -7.5], "size": [3, 0, 3], "uv": [18, 0]}
					]
				},
				{
					"name": "egg6",
					"parent": "exeggcute_base",
					"pivot": [6, 0, 0],
					"cubes": [
						{"origin": [4, 0.75, -2], "size": [4, 4, 4], "uv": [0, 0]},
						{"origin": [3.5, 1, -1.5], "size": [1, 3, 3], "uv": [25, 17]},
						{"origin": [7.5, 1, -1.5], "size": [1, 3, 3], "uv": [0, 24]},
						{"origin": [6.5, 0, -1.5], "size": [1, 1.41, 3], "pivot": [7.5, 0, 0], "rotation": [0, 0, 45], "uv": [40, 3]},
						{"origin": [4.5, 0, 0.5], "size": [3, 1.41, 1], "pivot": [6, 0, 1.5], "rotation": [-45, 0, 0], "uv": [49, 31]},
						{"origin": [4.5, 0, -1.5], "size": [3, 1.41, 1], "pivot": [6, 0, -1.5], "rotation": [45, 0, 0], "uv": [0, 49]},
						{"origin": [4.5, 0, -1.5], "size": [1, 1.41, 3], "pivot": [4.5, 0, 0], "rotation": [0, 0, -45], "uv": [24, 39]},
						{"origin": [7.5, 4, -1.5], "size": [1, 2.23, 3], "pivot": [8.5, 4, 0], "rotation": [0, 0, -26.5], "uv": [5, 33]},
						{"origin": [3.5, 4, -1.5], "size": [1, 2.23, 3], "pivot": [3.5, 4, 0], "rotation": [0, 0, 26.5], "uv": [30, 15]},
						{"origin": [4.5, 4, 1.5], "size": [3, 2.23, 1], "pivot": [6, 4, 2.5], "rotation": [26.5, 0, 0], "uv": [38, 0]},
						{"origin": [4.5, 4, -2.5], "size": [3, 2.23, 1], "pivot": [6, 4, -2.5], "rotation": [-26.5, 0, 0], "uv": [27, 0]},
						{"origin": [4.5, 1, -2.5], "size": [3, 3, 1], "uv": [16, 39]},
						{"origin": [4, 3, -2.55], "size": [4, 2, 0], "uv": [48, 29]},
						{"origin": [5, 2, -2.56], "size": [2, 1, 0], "uv": [0, 0]},
						{"origin": [4.5, 1, 1.5], "size": [3, 3, 1], "uv": [8, 39]},
						{"origin": [4.5, 0, -1.5], "size": [3, 0, 3], "uv": [21, 3]},
						{"origin": [4.5, 6, -1.5], "size": [3, 0, 3], "uv": [18, 0]}
					]
				}
			]
		},
		{
			"description": {
				"identifier": "geometry.serpexeggcute_aura",
				"texture_width": 64,
				"texture_height": 64,
				"visible_bounds_width": 3,
				"visible_bounds_height": 1.5,
				"visible_bounds_offset": [0, 0.25, 0]
			},
			"bones": [
				{
					"name": "exeggcute_base",
					"pivot": [0, 0, 0]
				},
				{
					"name": "egg1",
					"parent": "exeggcute_base",
					"pivot": [0, 0, 0],
					"cubes": [
						{"origin": [-2, 0.75, -2], "size": [4, 4, 4], "inflate": 0.25, "uv": [12, 20]},
						{"origin": [-2.5, 1, -1.5], "size": [1, 3, 3], "inflate": 0.25, "uv": [33, 0]},
						{"origin": [1.5, 1, -1.5], "size": [1, 3, 3], "inflate": 0.25, "uv": [18, 31]},
						{"origin": [0.5, 0, -1.5], "size": [1, 1.41, 3], "inflate": 0.25, "pivot": [1.5, 0, 0], "rotation": [0, 0, 45], "uv": [45, 12]},
						{"origin": [-1.5, 0, 0.5], "size": [3, 1.41, 1], "inflate": 0.25, "pivot": [0, 0, 1.5], "rotation": [-45, 0, 0], "uv": [51, 19]},
						{"origin": [-1.5, 0, -1.5], "size": [3, 1.41, 1], "inflate": 0.25, "pivot": [0, 0, -1.5], "rotation": [45, 0, 0], "uv": [51, 9]},
						{"origin": [-1.5, 0, -1.5], "size": [1, 1.41, 3], "inflate": 0.25, "pivot": [-1.5, 0, 0], "rotation": [0, 0, -45], "uv": [45, 0]},
						{"origin": [1.5, 4, -1.5], "size": [1, 2.23, 3], "inflate": 0.25, "pivot": [2.5, 4, 0], "rotation": [0, 0, -26.5], "uv": [36, 36]},
						{"origin": [-2.5, 4, -1.5], "size": [1, 2.23, 3], "inflate": 0.25, "pivot": [-2.5, 4, 0], "rotation": [0, 0, 26.5], "uv": [36, 31]},
						{"origin": [-1.5, 4, 1.5], "size": [3, 2.23, 1], "inflate": 0.25, "pivot": [0, 4, 2.5], "rotation": [26.5, 0, 0], "uv": [24, 48]},
						{"origin": [-1.5, 4, -2.5], "size": [3, 2.23, 1], "inflate": 0.25, "pivot": [0, 4, -2.5], "rotation": [-26.5, 0, 0], "uv": [48, 22]},
						{"origin": [-1.5, 1, -2.5], "size": [3, 3, 1], "inflate": 0.25, "uv": [42, 45]},
						{"origin": [-2, 3, -2.55], "size": [4, 2, 0], "inflate": 0.25, "uv": [51, 7]},
						{"origin": [-1.5, 2.2, -2.56], "size": [3, 1, 0], "inflate": 0.25, "pivot": [0, 2, -2.56], "rotation": [0, 0, -5], "uv": [24, 15]},
						{"origin": [-1.5, 1, 1.5], "size": [3, 3, 1], "inflate": 0.25, "uv": [34, 45]},
						{"origin": [-1.5, 0, -1.5], "size": [3, 0, 3], "inflate": 0.25, "uv": [21, 3]},
						{"origin": [-1.5, 6, -1.5], "size": [3, 0, 3], "inflate": 0.25, "uv": [18, 0]}
					]
				},
				{
					"name": "egg2",
					"parent": "exeggcute_base",
					"pivot": [-5, 0, 4],
					"cubes": [
						{"origin": [-7, 0.75, 2], "size": [4, 4, 4], "inflate": 0.25, "uv": [0, 16]},
						{"origin": [-7.5, 1, 2.5], "size": [1, 3, 3], "inflate": 0.25, "uv": [30, 28]},
						{"origin": [-3.5, 1, 2.5], "size": [1, 3, 3], "inflate": 0.25, "uv": [30, 20]},
						{"origin": [-4.5, 0, 2.5], "size": [1, 1.41, 3], "inflate": 0.25, "pivot": [-3.5, 0, 4], "rotation": [0, 0, 45], "uv": [0, 45]},
						{"origin": [-6.5, 0, 4.5], "size": [3, 1.41, 1], "inflate": 0.25, "pivot": [-5, 0, 5.5], "rotation": [-45, 0, 0], "uv": [0, 51]},
						{"origin": [-6.5, 0, 2.5], "size": [3, 1.41, 1], "inflate": 0.25, "pivot": [-5, 0, 2.5], "rotation": [45, 0, 0], "uv": [50, 46]},
						{"origin": [-6.5, 0, 2.5], "size": [1, 1.41, 3], "inflate": 0.25, "pivot": [-6.5, 0, 4], "rotation": [0, 0, -45], "uv": [26, 44]},
						{"origin": [-3.5, 4, 2.5], "size": [1, 2.23, 3], "inflate": 0.25, "pivot": [-2.5, 4, 4], "rotation": [0, 0, -26.5], "uv": [0, 36]},
						{"origin": [-7.5, 4, 2.5], "size": [1, 2.23, 3], "inflate": 0.25, "pivot": [-7.5, 4, 4], "rotation": [0, 0, 26.5], "uv": [35, 23]},
						{"origin": [-6.5, 4, 5.5], "size": [3, 2.23, 1], "inflate": 0.25, "pivot": [-5, 4, 6.5], "rotation": [26.5, 0, 0], "uv": [48, 16]},
						{"origin": [-6.5, 4, 1.5], "size": [3, 2.23, 1], "inflate": 0.25, "pivot": [-5, 4, 1.5], "rotation": [-26.5, 0, 0], "uv": [48, 4]},
						{"origin": [-6.5, 1, 1.5], "size": [3, 3, 1], "inflate": 0.25, "uv": [21, 43]},
						{"origin": [-7, 2.5, 6.55], "size": [4, 2, 0], "inflate": 0.25, "uv": [50, 41]},
						{"origin": [-6, 1.5, 6.56], "size": [2, 1, 0], "inflate": 0.25, "pivot": [-5, 2, 6.44], "rotation": [0, 0, 15], "uv": [0, 3]},
						{"origin": [-6.5, 1, 5.5], "size": [3, 3, 1], "inflate": 0.25, "uv": [13, 43]},
						{"origin": [-6.5, 0, 2.5], "size": [3, 0, 3], "inflate": 0.25, "uv": [21, 3]},
						{"origin": [-6.5, 6, 2.5], "size": [3, 0, 3], "inflate": 0.25, "uv": [21, 12]},
						{"origin": [-6.5, 4.7, 2.5], "size": [3, 1, 3], "inflate": 0.25, "uv": [12, 0]}
					]
				},
				{
					"name": "egg3",
					"parent": "exeggcute_base",
					"pivot": [-5, 0, -4],
					"cubes": [
						{"origin": [-7, 0.75, -6], "size": [4, 4, 4], "inflate": 0.25, "uv": [12, 12]},
						{"origin": [-7.5, 1, -5.5], "size": [1, 3, 3], "inflate": 0.25, "uv": [30, 9]},
						{"origin": [-3.5, 1, -5.5], "size": [1, 3, 3], "inflate": 0.25, "uv": [0, 30]},
						{"origin": [-4.5, 0, -5.5], "size": [1, 1.41, 3], "inflate": 0.25, "pivot": [-3.5, 0, -4], "rotation": [0, 0, 45], "uv": [5, 43]},
						{"origin": [-6.5, 0, -3.5], "size": [3, 1.41, 1], "inflate": 0.25, "pivot": [-5, 0, -2.5], "rotation": [-45, 0, 0], "uv": [15, 50]},
						{"origin": [-6.5, 0, -5.5], "size": [3, 1.41, 1], "inflate": 0.25, "pivot": [-5, 0, -5.5], "rotation": [45, 0, 0], "uv": [50, 13]},
						{"origin": [-6.5, 0, -5.5], "size": [1, 1.41, 3], "inflate": 0.25, "pivot": [-6.5, 0, -4], "rotation": [0, 0, -45], "uv": [41, 34]},
						{"origin": [-3.5, 4, -5.5], "size": [1, 2.23, 3], "inflate": 0.25, "pivot": [-2.5, 4, -4], "rotation": [0, 0, -26.5], "uv": [35, 17]},
						{"origin": [-7.5, 4, -5.5], "size": [1, 2.23, 3], "inflate": 0.25, "pivot": [-7.5, 4, -4], "rotation": [0, 0, 26.5], "uv": [35, 12]},
						{"origin": [-6.5, 4, -2.5], "size": [3, 2.23, 1], "inflate": 0.25, "pivot": [-5, 4, -1.5], "rotation": [26.5, 0, 0], "uv": [16, 47]},
						{"origin": [-6.5, 4, -6.5], "size": [3, 2.23, 1], "inflate": 0.25, "pivot": [-5, 4, -6.5], "rotation": [-26.5, 0, 0], "uv": [8, 47]},
						{"origin": [-6.5, 1, -6.5], "size": [3, 3, 1], "inflate": 0.25, "uv": [43, 7]},
						{"origin": [-7, 3, -6.55], "size": [4, 2, 0], "inflate": 0.25, "uv": [50, 11]},
						{"origin": [-6.5, 2, -6.56], "size": [3, 1, 0], "inflate": 0.25, "pivot": [-5, 2, -6.56], "rotation": [0, 0, 2.5], "uv": [5, 24]},
						{"origin": [-6.5, 1, -2.5], "size": [3, 3, 1], "inflate": 0.25, "uv": [42, 41]},
						{"origin": [-6.5, 0, -5.5], "size": [3, 0, 3], "inflate": 0.25, "uv": [21, 3]},
						{"origin": [-6.5, 6, -5.5], "size": [3, 0, 3], "inflate": 0.25, "uv": [18, 0]}
					]
				},
				{
					"name": "egg4",
					"parent": "exeggcute_base",
					"pivot": [4, 0, 6],
					"cubes": [
						{"origin": [2, 0.75, 4], "size": [4, 4, 4], "inflate": 0.25, "uv": [12, 4]},
						{"origin": [1.5, 1, 4.5], "size": [1, 3, 3], "inflate": 0.25, "uv": [13, 28]},
						{"origin": [5.5, 1, 4.5], "size": [1, 3, 3], "inflate": 0.25, "uv": [28, 3]},
						{"origin": [4.5, 0, 4.5], "size": [1, 1.41, 3], "inflate": 0.25, "pivot": [5.5, 0, 6], "rotation": [0, 0, 45], "uv": [34, 41]},
						{"origin": [2.5, 0, 6.5], "size": [3, 1.41, 1], "inflate": 0.25, "pivot": [4, 0, 7.5], "rotation": [-45, 0, 0], "uv": [7, 50]},
						{"origin": [2.5, 0, 4.5], "size": [3, 1.41, 1], "inflate": 0.25, "pivot": [4, 0, 4.5], "rotation": [45, 0, 0], "uv": [50, 0]},
						{"origin": [2.5, 0, 4.5], "size": [1, 1.41, 3], "inflate": 0.25, "pivot": [2.5, 0, 6], "rotation": [0, 0, -45], "uv": [29, 40]},
						{"origin": [5.5, 4, 4.5], "size": [1, 2.23, 3], "inflate": 0.25, "pivot": [6.5, 4, 6], "rotation": [0, 0, -26.5], "uv": [35, 6]},
						{"origin": [1.5, 4, 4.5], "size": [1, 2.23, 3], "inflate": 0.25, "pivot": [1.5, 4, 6], "rotation": [0, 0, 26.5], "uv": [31, 34]},
						{"origin": [2.5, 4, 7.5], "size": [3, 2.23, 1], "inflate": 0.25, "pivot": [4, 4, 8.5], "rotation": [26.5, 0, 0], "uv": [46, 34]},
						{"origin": [2.5, 4, 3.5], "size": [3, 2.23, 1], "inflate": 0.25, "pivot": [4, 4, 3.5], "rotation": [-26.5, 0, 0], "uv": [45, 26]},
						{"origin": [2.5, 1, 3.5], "size": [3, 3, 1], "inflate": 0.25, "uv": [41, 30]},
						{"origin": [2, 2, 3.45], "size": [4, 2, 0], "inflate": 0.25, "uv": [48, 49]},
						{"origin": [3, 1, 3.44], "size": [2, 1, 0], "inflate": 0.25, "uv": [0, 2]},
						{"origin": [2.5, 1, 7.5], "size": [3, 3, 1], "inflate": 0.25, "uv": [0, 41]},
						{"origin": [2.5, 0, 4.5], "size": [3, 0, 3], "inflate": 0.25, "uv": [21, 3]},
						{"origin": [2.5, 6, 4.5], "size": [3, 0, 3], "inflate": 0.25, "uv": [18, 0]}
					]
				},
				{
					"name": "egg5",
					"parent": "exeggcute_base",
					"pivot": [4, 0, -6],
					"cubes": [
						{"origin": [2, 0.75, -8], "size": [4, 4, 4], "inflate": 0.25, "uv": [0, 8]},
						{"origin": [1.5, 1, -7.5], "size": [1, 3, 3], "inflate": 0.25, "uv": [5, 27]},
						{"origin": [5.5, 1, -7.5], "size": [1, 3, 3], "inflate": 0.25, "uv": [25, 25]},
						{"origin": [4.5, 0, -7.5], "size": [1, 1.41, 3], "inflate": 0.25, "pivot": [5.5, 0, -6], "rotation": [0, 0, 45], "uv": [40, 26]},
						{"origin": [2.5, 0, -5.5], "size": [3, 1.41, 1], "inflate": 0.25, "pivot": [4, 0, -4.5], "rotation": [-45, 0, 0], "uv": [49, 44]},
						{"origin": [2.5, 0, -7.5], "size": [3, 1.41, 1], "inflate": 0.25, "pivot": [4, 0, -7.5], "rotation": [45, 0, 0], "uv": [40, 49]},
						{"origin": [2.5, 0, -7.5], "size": [1, 1.41, 3], "inflate": 0.25, "pivot": [2.5, 0, -6], "rotation": [0, 0, -45], "uv": [40, 15]},
						{"origin": [5.5, 4, -7.5], "size": [1, 2.23, 3], "inflate": 0.25, "pivot": [6.5, 4, -6], "rotation": [0, 0, -26.5], "uv": [23, 34]},
						{"origin": [1.5, 4, -7.5], "size": [1, 2.23, 3], "inflate": 0.25, "pivot": [1.5, 4, -6], "rotation": [0, 0, 26.5], "uv": [13, 34]},
						{"origin": [2.5, 4, -4.5], "size": [3, 2.23, 1], "inflate": 0.25, "pivot": [4, 4, -3.5], "rotation": [26.5, 0, 0], "uv": [44, 38]},
						{"origin": [2.5, 4, -8.5], "size": [3, 2.23, 1], "inflate": 0.25, "pivot": [4, 4, -8.5], "rotation": [-26.5, 0, 0], "uv": [43, 19]},
						{"origin": [2.5, 1, -8.5], "size": [3, 3, 1], "inflate": 0.25, "uv": [40, 22]},
						{"origin": [2, 2, -8.55], "size": [4, 2, 0], "inflate": 0.25, "uv": [32, 49]},
						{"origin": [3, 1, -8.56], "size": [2, 1, 0], "inflate": 0.25, "pivot": [4, 2, -8.56], "rotation": [0, 0, 5], "uv": [0, 1]},
						{"origin": [2.5, 1, -4.5], "size": [3, 3, 1], "inflate": 0.25, "uv": [40, 11]},
						{"origin": [2.5, 0, -7.5], "size": [3, 0, 3], "inflate": 0.25, "uv": [21, 3]},
						{"origin": [2.5, 6, -7.5], "size": [3, 0, 3], "inflate": 0.25, "uv": [18, 0]}
					]
				},
				{
					"name": "egg6",
					"parent": "exeggcute_base",
					"pivot": [6, 0, 0],
					"cubes": [
						{"origin": [4, 0.75, -2], "size": [4, 4, 4], "inflate": 0.25, "uv": [0, 0]},
						{"origin": [3.5, 1, -1.5], "size": [1, 3, 3], "inflate": 0.25, "uv": [25, 17]},
						{"origin": [7.5, 1, -1.5], "size": [1, 3, 3], "inflate": 0.25, "uv": [0, 24]},
						{"origin": [6.5, 0, -1.5], "size": [1, 1.41, 3], "inflate": 0.25, "pivot": [7.5, 0, 0], "rotation": [0, 0, 45], "uv": [40, 3]},
						{"origin": [4.5, 0, 0.5], "size": [3, 1.41, 1], "inflate": 0.25, "pivot": [6, 0, 1.5], "rotation": [-45, 0, 0], "uv": [49, 31]},
						{"origin": [4.5, 0, -1.5], "size": [3, 1.41, 1], "inflate": 0.25, "pivot": [6, 0, -1.5], "rotation": [45, 0, 0], "uv": [0, 49]},
						{"origin": [4.5, 0, -1.5], "size": [1, 1.41, 3], "inflate": 0.25, "pivot": [4.5, 0, 0], "rotation": [0, 0, -45], "uv": [24, 39]},
						{"origin": [7.5, 4, -1.5], "size": [1, 2.23, 3], "inflate": 0.25, "pivot": [8.5, 4, 0], "rotation": [0, 0, -26.5], "uv": [5, 33]},
						{"origin": [3.5, 4, -1.5], "size": [1, 2.23, 3], "inflate": 0.25, "pivot": [3.5, 4, 0], "rotation": [0, 0, 26.5], "uv": [30, 15]},
						{"origin": [4.5, 4, 1.5], "size": [3, 2.23, 1], "inflate": 0.25, "pivot": [6, 4, 2.5], "rotation": [26.5, 0, 0], "uv": [38, 0]},
						{"origin": [4.5, 4, -2.5], "size": [3, 2.23, 1], "inflate": 0.25, "pivot": [6, 4, -2.5], "rotation": [-26.5, 0, 0], "uv": [27, 0]},
						{"origin": [4.5, 1, -2.5], "size": [3, 3, 1], "inflate": 0.25, "uv": [16, 39]},
						{"origin": [4, 3, -2.55], "size": [4, 2, 0], "inflate": 0.25, "uv": [48, 29]},
						{"origin": [5, 2, -2.56], "size": [2, 1, 0], "inflate": 0.25, "uv": [0, 0]},
						{"origin": [4.5, 1, 1.5], "size": [3, 3, 1], "inflate": 0.25, "uv": [8, 39]},
						{"origin": [4.5, 0, -1.5], "size": [3, 0, 3], "inflate": 0.25, "uv": [21, 3]},
						{"origin": [4.5, 6, -1.5], "size": [3, 0, 3], "inflate": 0.25, "uv": [18, 0]}
					]
				},
				{
					"name": "pokedex",
					"pivot": [0, 25, 0],
					"locators": {
						"pokedex": [0, 25, 0]
					}
				}
			]
		}
	]
}