{
	"format_version": "1.12.0",
	"minecraft:geometry": [
		{
			"description": {
				"identifier": "geometry.serpbulbasaur",
				"texture_width": 64,
				"texture_height": 64,
				"visible_bounds_width": 2,
				"visible_bounds_height": 2.5,
				"visible_bounds_offset": [0, 0.75, 0]
			},
			"bones": [
				{
					"name": "bulbasaur",
					"pivot": [0, 6, -1]
				},
				{
					"name": "body",
					"parent": "bulbasaur",
					"pivot": [0, 2, 0],
					"cubes": [
						{"origin": [-3, 3, -5], "size": [6, 5, 8], "pivot": [0, 3, -1], "rotation": [-10, 0, 0], "uv": [0, 0]},
						{"origin": [-2.5, 3.5, 2.5], "size": [5, 4, 1], "pivot": [0, 3, -1], "rotation": [-10, 0, 0], "uv": [38, 16]},
						{"origin": [-3, 8.4, -2.5], "size": [6, 4, 6], "pivot": [0, 8, 0], "rotation": [-10, 0, 0], "uv": [0, 14]},
						{"origin": [-1, 12.4, -0.5], "size": [2, 1, 2], "pivot": [0, 8, 0], "rotation": [-10, 0, 0], "uv": [42, 26]},
						{"origin": [-1, 13.4, -0.5], "size": [2, 1, 2], "pivot": [0, 8, 0], "rotation": [-10, 0, 0], "uv": [42, 22]},
						{"origin": [-2.5, 7.9, -2], "size": [5, 1, 5], "pivot": [0, 8, 0], "rotation": [-10, 0, 0], "uv": [24, 9]},
						{"origin": [-2.5, 8.9, -3], "size": [5, 3, 1], "pivot": [0, 8, 0], "rotation": [-10, 0, 0], "uv": [40, 7]},
						{"origin": [-2.5, 8.9, 3], "size": [5, 3, 1], "pivot": [0, 8, 0], "rotation": [-10, 0, 0], "uv": [37, 0]},
						{"origin": [-3.5, 8.9, -2], "size": [1, 3, 5], "pivot": [0, 8, 0], "rotation": [-10, 0, 0], "uv": [20, 31]},
						{"origin": [2.5, 8.9, -2], "size": [1, 3, 5], "pivot": [0, 8, 0], "rotation": [-10, 0, 0], "uv": [12, 27]},
						{"origin": [-2.5, 11.9, -2], "size": [5, 1, 5], "pivot": [0, 8, 0], "rotation": [-10, 0, 0], "uv": [21, 0]}
					]
				},
				{
					"name": "head",
					"parent": "body",
					"pivot": [0, 7, -5],
					"cubes": [
						{"origin": [-3, 5, -8.5], "size": [6, 4, 2], "uv": [0, 25]},
						{"origin": [-3.5, 6.5, -8.52], "size": [7, 2, 0], "inflate": 0.02, "uv": [0, 44]},
						{"origin": [-3, 9, -8.5], "size": [6, 1.8, 1], "pivot": [0, 9, -8.5], "rotation": [-56.5, 0, 0], "uv": [19, 16]},
						{"origin": [-3.5, 5.50128, -7.99752], "size": [1, 3, 4.5], "uv": [9, 36]},
						{"origin": [2.5, 5.50128, -7.99752], "size": [1, 3, 4.5], "uv": [9, 36], "mirror": true},
						{"origin": [-3, 5, -7], "size": [6, 5, 4], "uv": [21, 21]},
						{"origin": [1.4, 9.3, -4.5], "size": [2.5, 2.5, 0], "pivot": [1, 10, -4], "rotation": [0, 0, 25], "uv": [0, 0]},
						{"origin": [-3.9, 9.3, -4.5], "size": [2.5, 2.5, 0], "pivot": [-1, 10, -4], "rotation": [0, 0, -25], "uv": [0, 0], "mirror": true},
						{"origin": [-3.5, 8.5, -6.5], "size": [1, 1, 3], "uv": [8, 0], "mirror": true},
						{"origin": [2.5, 8.5, -6.5], "size": [1, 1, 3], "uv": [8, 0]},
						{"origin": [-3.5, 8.61937, -8.30587], "size": [1, 1, 1.8], "pivot": [-2.25, 9.56937, -6.30587], "rotation": [33.7, 0, 0], "uv": [8, 0], "mirror": true},
						{"origin": [2.5, 8.61937, -8.30587], "size": [1, 1, 1.8], "pivot": [2.25, 9.56937, -6.30587], "rotation": [33.7, 0, 0], "uv": [8, 0]}
					]
				},
				{
					"name": "front_legs",
					"parent": "bulbasaur",
					"pivot": [0, 4, -3],
					"cubes": [
						{"origin": [-3, 0, -4], "size": [2, 4, 2], "uv": [20, 40]},
						{"origin": [1, 0, -4], "size": [2, 4, 2], "uv": [20, 40], "mirror": true}
					]
				},
				{
					"name": "back_legs",
					"parent": "bulbasaur",
					"pivot": [0, 3, 1],
					"cubes": [
						{"origin": [-3.5, 0, 0], "size": [2.5, 3.5, 3], "uv": [33, 31]},
						{"origin": [1, 0, 0], "size": [2.5, 3.5, 3], "uv": [33, 31], "mirror": true}
					]
				},
				{
					"name": "pokedex",
					"pivot": [0, 28, 0],
					"locators": {
						"pokedex": [0, 28, 0]
					}
				}
			]
		},
		{
			"description": {
				"identifier": "geometry.serpbulbasaur_aura",
				"texture_width": 64,
				"texture_height": 64,
				"visible_bounds_width": 2,
				"visible_bounds_height": 2.5,
				"visible_bounds_offset": [0, 0.75, 0]
			},
			"bones": [
				{
					"name": "bulbasaur",
					"pivot": [0, 6, -1]
				},
				{
					"name": "body",
					"parent": "bulbasaur",
					"pivot": [0, 2, 0],
					"cubes": [
						{"origin": [-3, 3, -5], "size": [6, 5, 8], "inflate": 0.25, "pivot": [0, 3, -1], "rotation": [-10, 0, 0], "uv": [0, 0]},
						{"origin": [-2.5, 3.5, 2.5], "size": [5, 4, 1], "inflate": 0.25, "pivot": [0, 3, -1], "rotation": [-10, 0, 0], "uv": [38, 16]},
						{"origin": [-3, 8.4, -2.5], "size": [6, 4, 6], "inflate": 0.25, "pivot": [0, 8, 0], "rotation": [-10, 0, 0], "uv": [0, 14]},
						{"origin": [-1, 12.4, -0.5], "size": [2, 1, 2], "inflate": 0.25, "pivot": [0, 8, 0], "rotation": [-10, 0, 0], "uv": [42, 26]},
						{"origin": [-1, 13.4, -0.5], "size": [2, 1, 2], "inflate": 0.25, "pivot": [0, 8, 0], "rotation": [-10, 0, 0], "uv": [42, 22]},
						{"origin": [-2.5, 7.9, -2], "size": [5, 1, 5], "inflate": 0.25, "pivot": [0, 8, 0], "rotation": [-10, 0, 0], "uv": [24, 9]},
						{"origin": [-2.5, 8.9, -3], "size": [5, 3, 1], "inflate": 0.25, "pivot": [0, 8, 0], "rotation": [-10, 0, 0], "uv": [40, 7]},
						{"origin": [-2.5, 8.9, 3], "size": [5, 3, 1], "inflate": 0.25, "pivot": [0, 8, 0], "rotation": [-10, 0, 0], "uv": [37, 0]},
						{"origin": [-3.5, 8.9, -2], "size": [1, 3, 5], "inflate": 0.25, "pivot": [0, 8, 0], "rotation": [-10, 0, 0], "uv": [20, 31]},
						{"origin": [2.5, 8.9, -2], "size": [1, 3, 5], "inflate": 0.25, "pivot": [0, 8, 0], "rotation": [-10, 0, 0], "uv": [12, 27]},
						{"origin": [-2.5, 11.9, -2], "size": [5, 1, 5], "inflate": 0.25, "pivot": [0, 8, 0], "rotation": [-10, 0, 0], "uv": [21, 0]}
					]
				},
				{
					"name": "head",
					"parent": "body",
					"pivot": [0, 7, -5],
					"cubes": [
						{"origin": [-3, 5, -8.5], "size": [6, 4, 2], "inflate": 0.25, "uv": [0, 25]},
						{"origin": [-3.5, 6.5, -8.52], "size": [7, 2, 0], "inflate": 0.25, "uv": [0, 44]},
						{"origin": [-3, 9, -8.5], "size": [6, 1.8, 1], "inflate": 0.25, "pivot": [0, 9, -8.5], "rotation": [-56.5, 0, 0], "uv": [19, 16]},
						{"origin": [-3.5, 5.50128, -7.99752], "size": [1, 3, 4.5], "inflate": 0.25, "uv": [9, 36]},
						{"origin": [2.5, 5.50128, -7.99752], "size": [1, 3, 4.5], "inflate": 0.25, "uv": [9, 36], "mirror": true},
						{"origin": [-3, 5, -7], "size": [6, 5, 4], "inflate": 0.25, "uv": [21, 21]},
						{"origin": [1.4, 9.3, -4.5], "size": [2.5, 2.5, 0], "inflate": 0.25, "pivot": [1, 10, -4], "rotation": [0, 0, 25], "uv": [0, 0]},
						{"origin": [-3.9, 9.3, -4.5], "size": [2.5, 2.5, 0], "inflate": 0.25, "pivot": [-1, 10, -4], "rotation": [0, 0, -25], "uv": [0, 0], "mirror": true},
						{"origin": [-3.5, 8.5, -6.5], "size": [1, 1, 3], "inflate": 0.25, "uv": [8, 0], "mirror": true},
						{"origin": [2.5, 8.5, -6.5], "size": [1, 1, 3], "inflate": 0.25, "uv": [8, 0]},
						{"origin": [-3.5, 8.61937, -8.30587], "size": [1, 1, 1.8], "inflate": 0.25, "pivot": [-2.25, 9.56937, -6.30587], "rotation": [33.7, 0, 0], "uv": [8, 0], "mirror": true},
						{"origin": [2.5, 8.61937, -8.30587], "size": [1, 1, 1.8], "inflate": 0.25, "pivot": [2.25, 9.56937, -6.30587], "rotation": [33.7, 0, 0], "uv": [8, 0]}
					]
				},
				{
					"name": "front_legs",
					"parent": "bulbasaur",
					"pivot": [0, 4, -3],
					"cubes": [
						{"origin": [-3, 0, -4], "size": [2, 4, 2], "inflate": 0.25, "uv": [20, 40]},
						{"origin": [1, 0, -4], "size": [2, 4, 2], "inflate": 0.25, "uv": [20, 40], "mirror": true}
					]
				},
				{
					"name": "back_legs",
					"parent": "bulbasaur",
					"pivot": [0, 3, 1],
					"cubes": [
						{"origin": [-3.5, 0, 0], "size": [2.5, 3.5, 3], "inflate": 0.25, "uv": [33, 31]},
						{"origin": [1, 0, 0], "size": [2.5, 3.5, 3], "inflate": 0.25, "uv": [33, 31], "mirror": true}
					]
				},
				{
					"name": "pokedex",
					"pivot": [0, 28, 0],
					"locators": {
						"pokedex": [0, 28, 0]
					}
				}
			]
		}
	]
}