{
	"format_version": "1.12.0",
	"minecraft:geometry": [
		{
			"description": {
				"identifier": "geometry.serpivysaur",
				"texture_width": 80,
				"texture_height": 80,
				"visible_bounds_width": 3,
				"visible_bounds_height": 2.5,
				"visible_bounds_offset": [0, 0.75, 0]
			},
			"bones": [
				{
					"name": "ivysaur",
					"pivot": [0, 9, -1]
				},
				{
					"name": "body",
					"parent": "ivysaur",
					"pivot": [0, 2, 0],
					"cubes": [
						{"origin": [-4.5, 4.5, -5], "size": [9, 6.5, 12], "uv": [0, 0]},
						{"origin": [-4, 5, 6.5], "size": [8, 5.5, 1], "uv": [28, 53]},
						{"origin": [2.5, 11, -3.5], "size": [9, 0, 9], "pivot": [3, 11, 1.5], "rotation": [0, 0, -15], "uv": [28, 30]},
						{"origin": [-4.5, 11, 4.5], "size": [9, 0, 9], "pivot": [0, 11, 4.5], "rotation": [15, 0, 0], "uv": [0, 29]},
						{"origin": [-4.5, 11, -11.5], "size": [9, 0, 9], "pivot": [0, 11, -2.5], "rotation": [-25, 0, 0], "uv": [28, 20]},
						{"origin": [-11.5, 11, -3.5], "size": [9, 0, 9], "pivot": [-3, 11, 1.5], "rotation": [0, 0, 15], "uv": [0, 19]},
						{"origin": [-3.5, 10, -2.5], "size": [7, 7, 7], "uv": [0, 39]},
						{"origin": [-3, 16.5, -2], "size": [6, 1, 6], "uv": [31, 0]},
						{"origin": [-3, 11.5, 4], "size": [6, 5, 1], "uv": [56, 0]},
						{"origin": [-3, 11.5, -3], "size": [6, 5, 1], "uv": [56, 0]},
						{"origin": [-3, 16.5, -3], "size": [6, 4, 0], "pivot": [0, 16.5, -3], "rotation": [-35, 0, 0], "uv": [43, 15]},
						{"origin": [-3, 16.5, 5], "size": [6, 4, 0], "pivot": [0, 16.5, 5], "rotation": [145, 0, 180], "uv": [43, 15]},
						{"origin": [-4, 11.5, -2], "size": [1, 5, 6], "uv": [52, 47]},
						{"origin": [-4, 16.5, -2], "size": [0, 4, 6], "pivot": [-4, 16.5, 1], "rotation": [0, 0, 35], "uv": [0, 54]},
						{"origin": [4, 16.5, -2], "size": [0, 4, 6], "pivot": [4, 16.5, 1], "rotation": [0, 0, -35], "uv": [0, 54], "mirror": true},
						{"origin": [3, 11.5, -2], "size": [1, 5, 6], "uv": [52, 47]}
					]
				},
				{
					"name": "front_legs",
					"parent": "ivysaur",
					"pivot": [0, 5, -4.5]
				},
				{
					"name": "right_front_leg",
					"parent": "front_legs",
					"pivot": [-3, 5, -4.5],
					"cubes": [
						{"origin": [-4.5, 0, -5], "size": [3, 6.5, 3], "uv": [13, 54], "mirror": true},
						{"origin": [-4.5, 1, -7], "size": [3, 0, 2], "pivot": [-3, 1, -5], "rotation": [45, 0, 0], "uv": [31, 8]}
					]
				},
				{
					"name": "left_front_leg",
					"parent": "front_legs",
					"pivot": [3, 5, -4.5],
					"cubes": [
						{"origin": [1.5, 0, -5], "size": [3, 6.5, 3], "uv": [13, 54]},
						{"origin": [1.5, 1, -7], "size": [3, 0, 2], "pivot": [3, 1, -5], "rotation": [45, 0, 0], "uv": [31, 8], "mirror": true}
					]
				},
				{
					"name": "back_legs",
					"parent": "ivysaur",
					"pivot": [0, 4, 5.5]
				},
				{
					"name": "right_back_leg",
					"parent": "back_legs",
					"pivot": [-4, 4, 5.5],
					"cubes": [
						{"origin": [-4.5, 0, 3.5], "size": [3, 5.5, 3.5], "uv": [56, 15]},
						{"origin": [-4.5, 1, 1.5], "size": [3, 0, 2], "pivot": [-4, 1, 3.5], "rotation": [45, 0, 0], "uv": [31, 8]}
					]
				},
				{
					"name": "left_back_leg",
					"parent": "back_legs",
					"pivot": [4, 4, 5.5],
					"cubes": [
						{"origin": [1.5, 0, 3.5], "size": [3, 5.5, 3.5], "uv": [56, 15], "mirror": true},
						{"origin": [1.5, 1, 1.5], "size": [3, 0, 2], "pivot": [4, 1, 3.5], "rotation": [45, 0, 0], "uv": [31, 8], "mirror": true}
					]
				},
				{
					"name": "head",
					"parent": "ivysaur",
					"pivot": [0, 8.5, -6],
					"cubes": [
						{"origin": [-4.25, 5.5, -11], "size": [8.5, 5.5, 6], "uv": [29, 40]},
						{"origin": [-3.75, 10.5, -10.55], "size": [7.5, 1, 5], "uv": [43, 8]},
						{"origin": [-2.25, 5.5, -13], "size": [4.5, 3, 2], "uv": [22, 40]},
						{"origin": [-1.5, 8.5, -13], "size": [3, 3.6, 2], "pivot": [0, 8.5, -13], "rotation": [-34, 0, 0], "uv": [0, 0]},
						{"origin": [-5.08, 5.5, -13], "size": [2.83, 3, 2], "pivot": [-2.25, 7, -13], "rotation": [0, 45, 0], "uv": [0, 6]},
						{"origin": [2.25, 5.5, -13], "size": [2.83, 3, 2], "pivot": [2.25, 7, -13], "rotation": [0, -45, 0], "uv": [0, 6], "mirror": true},
						{"origin": [-5.5, 12, -9], "size": [3.5, 3, 0], "pivot": [-2, 12, -9], "rotation": [-15, 30, -30], "uv": [0, 19]},
						{"origin": [2, 12, -9], "size": [3.5, 3, 0], "pivot": [2, 12, -9], "rotation": [-15, -30, 30], "uv": [0, 19], "mirror": true}
					]
				},
				{
					"name": "open_eyes",
					"parent": "head",
					"pivot": [0, 8.5, -6],
					"cubes": [
						{"origin": [-4, 8.5, -11], "size": [3, 2, 0], "pivot": [-4, 9.5, -11], "rotation": [0, 30, 0], "uv": [28, 22]},
						{"origin": [1, 8.5, -11], "size": [3, 2, 0], "pivot": [4, 9.5, -11], "rotation": [0, -30, 0], "uv": [28, 22], "mirror": true}
					]
				},
				{
					"name": "closed_eyes",
					"parent": "head",
					"pivot": [0, 8.5, -6],
					"cubes": [
						{"origin": [-4, 8.5, -11], "size": [3, 2, 0], "pivot": [-4, 9.5, -11], "rotation": [0, 30, 0], "uv": [28, 19]},
						{"origin": [1, 8.5, -11], "size": [3, 2, 0], "pivot": [4, 9.5, -11], "rotation": [0, -30, 0], "uv": [28, 19], "mirror": true}
					]
				},
				{
					"name": "angry_eyes",
					"parent": "head",
					"pivot": [0, 8.5, -6],
					"cubes": [
						{"origin": [-4, 8.5, -11], "size": [3, 2, 0], "pivot": [-4, 9.5, -11], "rotation": [0, 30, 0], "uv": [0, 23]},
						{"origin": [1, 8.5, -11], "size": [3, 2, 0], "pivot": [4, 9.5, -11], "rotation": [0, -30, 0], "uv": [0, 23], "mirror": true}
					]
				}
			]
		},
		{
			"description": {
				"identifier": "geometry.serpivysaur_aura",
				"texture_width": 80,
				"texture_height": 80,
				"visible_bounds_width": 3,
				"visible_bounds_height": 2.5,
				"visible_bounds_offset": [0, 0.75, 0]
			},
			"bones": [
				{
					"name": "ivysaur",
					"pivot": [0, 9, -1]
				},
				{
					"name": "body",
					"parent": "ivysaur",
					"pivot": [0, 2, 0],
					"cubes": [
						{"origin": [-4.5, 4.5, -5], "size": [9, 6.5, 12], "inflate": 0.25, "uv": [0, 0]},
						{"origin": [-4, 5, 6.5], "size": [8, 5.5, 1], "inflate": 0.25, "uv": [28, 53]},
						{"origin": [2.5, 11, -3.5], "size": [9, 0, 9], "inflate": 0.25, "pivot": [3, 11, 1.5], "rotation": [0, 0, -15], "uv": [28, 30]},
						{"origin": [-4.5, 11, 4.5], "size": [9, 0, 9], "inflate": 0.25, "pivot": [0, 11, 4.5], "rotation": [15, 0, 0], "uv": [0, 29]},
						{"origin": [-4.5, 11, -11.5], "size": [9, 0, 9], "inflate": 0.25, "pivot": [0, 11, -2.5], "rotation": [-25, 0, 0], "uv": [28, 20]},
						{"origin": [-11.5, 11, -3.5], "size": [9, 0, 9], "inflate": 0.25, "pivot": [-3, 11, 1.5], "rotation": [0, 0, 15], "uv": [0, 19]},
						{"origin": [-3.5, 10, -2.5], "size": [7, 7, 7], "inflate": 0.25, "uv": [0, 39]},
						{"origin": [-3, 16.5, -2], "size": [6, 1, 6], "inflate": 0.25, "uv": [31, 0]},
						{"origin": [-3, 11.5, 4], "size": [6, 5, 1], "inflate": 0.25, "uv": [56, 0]},
						{"origin": [-3, 11.5, -3], "size": [6, 5, 1], "inflate": 0.25, "uv": [56, 0]},
						{"origin": [-3, 16.5, -3], "size": [6, 4, 0], "inflate": 0.25, "pivot": [0, 16.5, -3], "rotation": [-35, 0, 0], "uv": [43, 15]},
						{"origin": [-3, 16.5, 5], "size": [6, 4, 0], "inflate": 0.25, "pivot": [0, 16.5, 5], "rotation": [145, 0, 180], "uv": [43, 15]},
						{"origin": [-4, 11.5, -2], "size": [1, 5, 6], "inflate": 0.25, "uv": [52, 47]},
						{"origin": [-4, 16.5, -2], "size": [0, 4, 6], "inflate": 0.25, "pivot": [-4, 16.5, 1], "rotation": [0, 0, 35], "uv": [0, 54]},
						{"origin": [4, 16.5, -2], "size": [0, 4, 6], "inflate": 0.25, "pivot": [4, 16.5, 1], "rotation": [0, 0, -35], "uv": [0, 54], "mirror": true},
						{"origin": [3, 11.5, -2], "size": [1, 5, 6], "inflate": 0.25, "uv": [52, 47]}
					]
				},
				{
					"name": "front_legs",
					"parent": "ivysaur",
					"pivot": [0, 5, -4.5]
				},
				{
					"name": "right_front_leg",
					"parent": "front_legs",
					"pivot": [-3, 5, -4.5],
					"cubes": [
						{"origin": [-4.5, 0, -5], "size": [3, 6.5, 3], "inflate": 0.25, "uv": [13, 54], "mirror": true},
						{"origin": [-4.5, 1, -7], "size": [3, 0, 2], "inflate": 0.25, "pivot": [-3, 1, -5], "rotation": [45, 0, 0], "uv": [31, 8]}
					]
				},
				{
					"name": "left_front_leg",
					"parent": "front_legs",
					"pivot": [3, 5, -4.5],
					"cubes": [
						{"origin": [1.5, 0, -5], "size": [3, 6.5, 3], "inflate": 0.25, "uv": [13, 54]},
						{"origin": [1.5, 1, -7], "size": [3, 0, 2], "inflate": 0.25, "pivot": [3, 1, -5], "rotation": [45, 0, 0], "uv": [31, 8], "mirror": true}
					]
				},
				{
					"name": "back_legs",
					"parent": "ivysaur",
					"pivot": [0, 4, 5.5]
				},
				{
					"name": "right_back_leg",
					"parent": "back_legs",
					"pivot": [-4, 4, 5.5],
					"cubes": [
						{"origin": [-4.5, 0, 3.5], "size": [3, 5.5, 3.5], "inflate": 0.25, "uv": [56, 15]},
						{"origin": [-4.5, 1, 1.5], "size": [3, 0, 2], "inflate": 0.25, "pivot": [-4, 1, 3.5], "rotation": [45, 0, 0], "uv": [31, 8]}
					]
				},
				{
					"name": "left_back_leg",
					"parent": "back_legs",
					"pivot": [4, 4, 5.5],
					"cubes": [
						{"origin": [1.5, 0, 3.5], "size": [3, 5.5, 3.5], "inflate": 0.25, "uv": [56, 15], "mirror": true},
						{"origin": [1.5, 1, 1.5], "size": [3, 0, 2], "inflate": 0.25, "pivot": [4, 1, 3.5], "rotation": [45, 0, 0], "uv": [31, 8], "mirror": true}
					]
				},
				{
					"name": "head",
					"parent": "ivysaur",
					"pivot": [0, 8.5, -6],
					"cubes": [
						{"origin": [-4.25, 5.5, -11], "size": [8.5, 5.5, 6], "inflate": 0.25, "uv": [29, 40]},
						{"origin": [-3.75, 10.5, -10.55], "size": [7.5, 1, 5], "inflate": 0.25, "uv": [43, 8]},
						{"origin": [-2.25, 5.5, -13], "size": [4.5, 3, 2], "inflate": 0.25, "uv": [22, 40]},
						{"origin": [-1.5, 8.5, -13], "size": [3, 3.6, 2], "inflate": 0.25, "pivot": [0, 8.5, -13], "rotation": [-34, 0, 0], "uv": [0, 0]},
						{"origin": [-5.08, 5.5, -13], "size": [2.83, 3, 2], "inflate": 0.25, "pivot": [-2.25, 7, -13], "rotation": [0, 45, 0], "uv": [0, 6]},
						{"origin": [2.25, 5.5, -13], "size": [2.83, 3, 2], "inflate": 0.25, "pivot": [2.25, 7, -13], "rotation": [0, -45, 0], "uv": [0, 6], "mirror": true},
						{"origin": [-5.5, 12, -9], "size": [3.5, 3, 0], "inflate": 0.25, "pivot": [-2, 12, -9], "rotation": [-15, 30, -30], "uv": [0, 19]},
						{"origin": [2, 12, -9], "size": [3.5, 3, 0], "inflate": 0.25, "pivot": [2, 12, -9], "rotation": [-15, -30, 30], "uv": [0, 19], "mirror": true}
					]
				},
				{
					"name": "open_eyes",
					"parent": "head",
					"pivot": [0, 8.5, -6],
					"cubes": [
						{"origin": [-4, 8.5, -11], "size": [3, 2, 0], "inflate": 0.25, "pivot": [-4, 9.5, -11], "rotation": [0, 30, 0], "uv": [28, 22]},
						{"origin": [1, 8.5, -11], "size": [3, 2, 0], "inflate": 0.25, "pivot": [4, 9.5, -11], "rotation": [0, -30, 0], "uv": [28, 22], "mirror": true}
					]
				},
				{
					"name": "closed_eyes",
					"parent": "head",
					"pivot": [0, 8.5, -6],
					"cubes": [
						{"origin": [-4, 8.5, -11], "size": [3, 2, 0], "inflate": 0.25, "pivot": [-4, 9.5, -11], "rotation": [0, 30, 0], "uv": [28, 19]},
						{"origin": [1, 8.5, -11], "size": [3, 2, 0], "inflate": 0.25, "pivot": [4, 9.5, -11], "rotation": [0, -30, 0], "uv": [28, 19], "mirror": true}
					]
				},
				{
					"name": "angry_eyes",
					"parent": "head",
					"pivot": [0, 8.5, -6],
					"cubes": [
						{"origin": [-4, 8.5, -11], "size": [3, 2, 0], "inflate": 0.25, "pivot": [-4, 9.5, -11], "rotation": [0, 30, 0], "uv": [0, 23]},
						{"origin": [1, 8.5, -11], "size": [3, 2, 0], "inflate": 0.25, "pivot": [4, 9.5, -11], "rotation": [0, -30, 0], "uv": [0, 23], "mirror": true}
					]
				}
			]
		}
	]
}