{
	"format_version": "1.12.0",
	"minecraft:geometry": [
		{
			"description": {
				"identifier": "geometry.serprapidash",
				"texture_width": 96,
				"texture_height": 96,
				"visible_bounds_width": 4,
				"visible_bounds_height": 3.5,
				"visible_bounds_offset": [0, 1.25, 0]
			},
			"bones": [
				{
					"name": "ponyta",
					"pivot": [0, 0, 0]
				},
				{
					"name": "body_root",
					"parent": "ponyta",
					"pivot": [0, 15, 7]
				},
				{
					"name": "head",
					"parent": "body_root",
					"pivot": [0, 21, -5],
					"cubes": [
						{"origin": [-2.5, 20, -7], "size": [5, 9, 5], "uv": [20, 48]},
						{"origin": [-3, 29, -8], "size": [6, 5, 6], "uv": [35, 0]},
						{"origin": [-4, 33, -4], "size": [3, 6, 0], "inflate": 0.01, "pivot": [-1, 34, -4], "rotation": [0, 0, -20], "uv": [77, 65]},
						{"origin": [1, 33, -4], "size": [3, 6, 0], "inflate": 0.01, "pivot": [1, 34, -4], "rotation": [0, 0, 20], "uv": [77, 65], "mirror": true},
						{"origin": [-3, 32, -10.5], "size": [0, 3, 3], "inflate": 0.01, "pivot": [-3, 33, -8], "rotation": [0, -35, 0], "uv": [10, 56]},
						{"origin": [3, 32, -10.5], "size": [0, 3, 3], "inflate": 0.01, "pivot": [3, 33, -8], "rotation": [0, 35, 0], "uv": [10, 56], "mirror": true},
						{"origin": [-2.5, 29.5, -2.5], "size": [5, 4, 1], "uv": [70, 48]},
						{"origin": [-2.5, 33.5, -7.5], "size": [5, 1, 5], "uv": [57, 58]},
						{"origin": [-1, 33.5, -8.5], "size": [2, 6, 0], "inflate": 0.01, "pivot": [0, 34.5, -7.5], "rotation": [30, 0, 0], "uv": [20, 46]},
						{"origin": [0, 33.5, -9.5], "size": [0, 6, 2], "pivot": [0, 34.5, -7.5], "rotation": [30, 0, 0], "uv": [77, 0]},
						{"origin": [-3.5, 29.5, -7.5], "size": [1, 4, 5], "uv": [26, 71]},
						{"origin": [2.5, 29.5, -7.5], "size": [1, 4, 5], "uv": [13, 71]},
						{"origin": [-1.5, 29, -14], "size": [3, 3, 6], "uv": [57, 48]},
						{"origin": [-1, 28.5, -13.5], "size": [2, 1, 6], "uv": [64, 36]},
						{"origin": [-1.5, 30.5, -8], "size": [3, 3.53, 2], "pivot": [0, 34, -8], "rotation": [-55, 0, 0], "uv": [74, 56]},
						{"origin": [-1.5, 29, -14], "size": [2, 3, 6.18], "pivot": [-1.5, 32, -14], "rotation": [0, -14, 0], "uv": [32, 27]},
						{"origin": [-0.5, 29, -14], "size": [2, 3, 6.18], "pivot": [1.5, 32, -14], "rotation": [0, 14, 0], "uv": [32, 27], "mirror": true},
						{"origin": [-1, 28.5, -13.5], "size": [2, 3, 6.18], "pivot": [-1, 31, -13.5], "rotation": [0, -14, 0], "uv": [0, 27]},
						{"origin": [-1, 28.5, -13.5], "size": [2, 3, 6.18], "pivot": [1, 31, -13.5], "rotation": [0, 14, 0], "uv": [0, 27], "mirror": true},
						{"origin": [-2.5, 19, -8], "size": [5, 11, 3], "pivot": [0, 29, -8], "rotation": [-7.5, 0, 0], "uv": [0, 0]}
					],
					"locators": {
						"fire": [0, 28, -2],
						"fire2": [0, 26, -2],
						"fire3": [0, 24, -2]
					}
				},
				{
					"name": "hair",
					"parent": "head",
					"pivot": [0, 34, -2],
					"rotation": [0, -30, 0],
					"locators": {
						"fire_tail5": [0, 38, -3],
						"fire_tail6": [0, 38, 1],
						"fire_tail7": [0, 38, 5],
						"fire_tail8": [0, 38, 9]
					}
				},
				{
					"name": "body",
					"parent": "body_root",
					"pivot": [0, 14, 8],
					"cubes": [
						{"origin": [-4, 13, -9], "size": [8, 8, 18], "uv": [0, 0]},
						{"origin": [-3.5, 20.5, -8.5], "size": [7, 1, 17], "uv": [32, 29]},
						{"origin": [-3.5, 12.5, -8.5], "size": [7, 1, 17], "uv": [0, 27]},
						{"origin": [3.5, 13.5, -8.5], "size": [1, 7, 17], "uv": [37, 48]},
						{"origin": [-4.5, 13.5, -8.5], "size": [1, 7, 17], "uv": [0, 46]},
						{"origin": [-3.5, 13.5, 8.5], "size": [7, 7, 1], "uv": [64, 27]},
						{"origin": [-3.5, 13.5, -9.5], "size": [7, 7, 1], "uv": [60, 0]}
					],
					"locators": {
						"fire4": [0, 21.5, 0],
						"fire5": [0, 21.5, 2],
						"fire6": [0, 21.5, 4],
						"fire7": [0, 21.5, 6],
						"fire8": [0, 21.5, 8]
					}
				},
				{
					"name": "saddle",
					"parent": "body",
					"pivot": [0, 14, 8],
					"cubes": [
						{"origin": [-2, 16, -9.52], "size": [4, 4, 0], "uv": [0, 83]},
						{"origin": [-4, 21.51, -2], "size": [8, 0, 6], "uv": [2, 83]}
					]
				},
				{
					"name": "front_legs",
					"parent": "body_root",
					"pivot": [0, 18, -7]
				},
				{
					"name": "right_front_leg",
					"parent": "front_legs",
					"pivot": [-4, 18, -7],
					"cubes": [
						{"origin": [-5, 9, -8.5], "size": [3, 10, 3], "uv": [18, 28]},
						{"origin": [-5, 10, -6.5], "size": [3, 8.94, 1], "pivot": [-4, 10, -5.5], "rotation": [-6.3, 0, 0], "uv": [39, 73]},
						{"origin": [-5, 11.54836, -8.36508], "size": [3, 8.94, 1], "pivot": [-4, 9.54836, 5.63492], "rotation": [6.3, 0, 0], "uv": [72, 15]}
					]
				},
				{
					"name": "right_front_paw",
					"parent": "right_front_leg",
					"pivot": [-3.5, 9, -7],
					"cubes": [
						{"origin": [-5, 0, -8.5], "size": [3, 9, 3], "uv": [41, 48]},
						{"origin": [-5.5, -0.2, -9], "size": [4, 3, 3], "inflate": -0.2, "uv": [0, 37]}
					],
					"locators": {
						"fire_front": {
							"offset": [-4, 8, -5.5],
							"rotation": [-20, 0, 0]
						}
					}
				},
				{
					"name": "left_front_leg",
					"parent": "front_legs",
					"pivot": [4, 18, -7],
					"cubes": [
						{"origin": [2, 9, -8.5], "size": [3, 10, 3], "uv": [18, 28], "mirror": true},
						{"origin": [2, 10, -6.5], "size": [3, 8.94, 1], "pivot": [4, 10, -5.5], "rotation": [-6.3, 0, 0], "uv": [39, 73], "mirror": true},
						{"origin": [2, 11.54836, -8.36508], "size": [3, 8.94, 1], "pivot": [4, 9.54836, 5.63492], "rotation": [6.3, 0, 0], "uv": [72, 15], "mirror": true}
					]
				},
				{
					"name": "left_front_paw",
					"parent": "left_front_leg",
					"pivot": [3.5, 9, -7],
					"cubes": [
						{"origin": [2, 0, -8.5], "size": [3, 9, 3], "uv": [41, 48], "mirror": true},
						{"origin": [1.5, -0.2, -9], "size": [4, 3, 3], "inflate": -0.2, "uv": [0, 37], "mirror": true}
					],
					"locators": {
						"fire_front2": {
							"offset": [4, 8, -5.5],
							"rotation": [-20, 0, 0]
						}
					}
				},
				{
					"name": "tail",
					"parent": "body_root",
					"pivot": [0, 23, 9],
					"rotation": [-40, 0, 0],
					"locators": {
						"fire_tail": [0, 23, 9]
					}
				},
				{
					"name": "back_legs",
					"parent": "ponyta",
					"pivot": [0, 17, 7]
				},
				{
					"name": "right_back_leg",
					"parent": "back_legs",
					"pivot": [-3, 17, 7],
					"rotation": [10, 0, 0],
					"cubes": [
						{"origin": [-5, 7.84154, 4.81116], "size": [4, 9, 5], "pivot": [-5, 15.84154, 7.81116], "rotation": [10, 0, 0], "uv": [53, 12]},
						{"origin": [-5.5, 8.34154, 5.31116], "size": [1, 8, 4], "pivot": [-5, 15.84154, 7.81116], "rotation": [10, 0, 0], "uv": [70, 69]},
						{"origin": [-4.5, 8.34154, 9.31116], "size": [3, 8, 1], "pivot": [-5, 15.84154, 7.81116], "rotation": [10, 0, 0], "uv": [57, 73]},
						{"origin": [-4.5, 8.34154, 4.31116], "size": [3, 8, 1], "pivot": [-5, 15.84154, 7.81116], "rotation": [10, 0, 0], "uv": [48, 73]},
						{"origin": [-4.5, 16.34154, 5.31116], "size": [3, 1, 4], "pivot": [-5, 15.84154, 7.81116], "rotation": [10, 0, 0], "uv": [67, 9]},
						{"origin": [-4.5, 7.34154, 5.31116], "size": [3, 1, 4], "pivot": [-5, 15.84154, 7.81116], "rotation": [10, 0, 0], "uv": [35, 12]}
					]
				},
				{
					"name": "right_back_paw",
					"parent": "right_back_leg",
					"pivot": [-3, 8.01519, 6.82635],
					"cubes": [
						{"origin": [-4.5, 0.34154, 5.61116], "size": [3, 8.4, 3], "pivot": [-2, 4.84154, 3.81116], "rotation": [-10, 0, 0], "uv": [0, 71]},
						{"origin": [-5, 0.2, 5.12635], "size": [4, 3, 3], "inflate": -0.2, "pivot": [-2, 4.84154, 3.81116], "rotation": [-10, 0, 0], "uv": [32, 37]}
					],
					"locators": {
						"fire_back": {
							"offset": [-4, 6, 8.42232],
							"rotation": [-40, 0, 0]
						}
					}
				},
				{
					"name": "left_back_leg",
					"parent": "back_legs",
					"pivot": [3, 17, 7],
					"rotation": [10, 0, 0],
					"cubes": [
						{"origin": [1, 7.84154, 4.81116], "size": [4, 9, 5], "pivot": [5, 15.84154, 7.81116], "rotation": [10, 0, 0], "uv": [53, 12], "mirror": true},
						{"origin": [4.5, 8.34154, 5.31116], "size": [1, 8, 4], "pivot": [5, 15.84154, 7.81116], "rotation": [10, 0, 0], "uv": [70, 69], "mirror": true},
						{"origin": [1.5, 8.34154, 9.31116], "size": [3, 8, 1], "pivot": [5, 15.84154, 7.81116], "rotation": [10, 0, 0], "uv": [57, 73], "mirror": true},
						{"origin": [1.5, 8.34154, 4.31116], "size": [3, 8, 1], "pivot": [5, 15.84154, 7.81116], "rotation": [10, 0, 0], "uv": [48, 73], "mirror": true},
						{"origin": [1.5, 16.34154, 5.31116], "size": [3, 1, 4], "pivot": [5, 15.84154, 7.81116], "rotation": [10, 0, 0], "uv": [67, 9], "mirror": true},
						{"origin": [1.5, 7.34154, 5.31116], "size": [3, 1, 4], "pivot": [5, 15.84154, 7.81116], "rotation": [10, 0, 0], "uv": [35, 12], "mirror": true}
					]
				},
				{
					"name": "left_back_paw",
					"parent": "left_back_leg",
					"pivot": [3, 8.01519, 6.82635],
					"cubes": [
						{"origin": [1.5, 0.34154, 5.61116], "size": [3, 8.4, 3], "pivot": [2, 4.84154, 3.81116], "rotation": [-10, 0, 0], "uv": [0, 71], "mirror": true},
						{"origin": [1, 0.2, 5.12635], "size": [4, 3, 3], "inflate": -0.2, "pivot": [2, 4.84154, 3.81116], "rotation": [-10, 0, 0], "uv": [32, 37], "mirror": true}
					],
					"locators": {
						"fire_back2": {
							"offset": [4, 6, 8.42232],
							"rotation": [-40, 0, 0]
						}
					}
				},
				{
					"name": "pokedex",
					"pivot": [0, 23, -15],
					"locators": {
						"pokedex": [0, 23, -15]
					}
				}
			]
		},
		{
			"description": {
				"identifier": "geometry.serprapidash_aura",
				"texture_width": 96,
				"texture_height": 96,
				"visible_bounds_width": 4,
				"visible_bounds_height": 3.5,
				"visible_bounds_offset": [0, 1.25, 0]
			},
			"bones": [
				{
					"name": "ponyta",
					"pivot": [0, 0, 0]
				},
				{
					"name": "body_root",
					"parent": "ponyta",
					"pivot": [0, 15, 7]
				},
				{
					"name": "head",
					"parent": "body_root",
					"pivot": [0, 21, -5],
					"cubes": [
						{"origin": [-2.5, 20, -7], "size": [5, 9, 5], "inflate": 0.25, "uv": [20, 48]},
						{"origin": [-3, 29, -8], "size": [6, 5, 6], "inflate": 0.25, "uv": [35, 0]},
						{"origin": [-4, 33, -4], "size": [3, 6, 0], "inflate": 0.25, "pivot": [-1, 34, -4], "rotation": [0, 0, -20], "uv": [77, 65]},
						{"origin": [1, 33, -4], "size": [3, 6, 0], "inflate": 0.25, "pivot": [1, 34, -4], "rotation": [0, 0, 20], "uv": [77, 65], "mirror": true},
						{"origin": [-3, 32, -10.5], "size": [0, 3, 3], "inflate": 0.25, "pivot": [-3, 33, -8], "rotation": [0, -35, 0], "uv": [10, 56]},
						{"origin": [3, 32, -10.5], "size": [0, 3, 3], "inflate": 0.25, "pivot": [3, 33, -8], "rotation": [0, 35, 0], "uv": [10, 56], "mirror": true},
						{"origin": [-2.5, 29.5, -2.5], "size": [5, 4, 1], "inflate": 0.25, "uv": [70, 48]},
						{"origin": [-2.5, 33.5, -7.5], "size": [5, 1, 5], "inflate": 0.25, "uv": [57, 58]},
						{"origin": [-1, 33.5, -8.5], "size": [2, 6, 0], "inflate": 0.25, "pivot": [0, 34.5, -7.5], "rotation": [30, 0, 0], "uv": [20, 46]},
						{"origin": [0, 33.5, -9.5], "size": [0, 6, 2], "inflate": 0.25, "pivot": [0, 34.5, -7.5], "rotation": [30, 0, 0], "uv": [77, 0]},
						{"origin": [-3.5, 29.5, -7.5], "size": [1, 4, 5], "inflate": 0.25, "uv": [26, 71]},
						{"origin": [2.5, 29.5, -7.5], "size": [1, 4, 5], "inflate": 0.25, "uv": [13, 71]},
						{"origin": [-1.5, 29, -14], "size": [3, 3, 6], "inflate": 0.25, "uv": [57, 48]},
						{"origin": [-1, 28.5, -13.5], "size": [2, 1, 6], "inflate": 0.25, "uv": [64, 36]},
						{"origin": [-1.5, 30.5, -8], "size": [3, 3.53, 2], "inflate": 0.25, "pivot": [0, 34, -8], "rotation": [-55, 0, 0], "uv": [74, 56]},
						{"origin": [-1.5, 29, -14], "size": [2, 3, 6.18], "inflate": 0.25, "pivot": [-1.5, 32, -14], "rotation": [0, -14, 0], "uv": [32, 27]},
						{"origin": [-0.5, 29, -14], "size": [2, 3, 6.18], "inflate": 0.25, "pivot": [1.5, 32, -14], "rotation": [0, 14, 0], "uv": [32, 27], "mirror": true},
						{"origin": [-1, 28.5, -13.5], "size": [2, 3, 6.18], "inflate": 0.25, "pivot": [-1, 31, -13.5], "rotation": [0, -14, 0], "uv": [0, 27]},
						{"origin": [-1, 28.5, -13.5], "size": [2, 3, 6.18], "inflate": 0.25, "pivot": [1, 31, -13.5], "rotation": [0, 14, 0], "uv": [0, 27], "mirror": true},
						{"origin": [-2.5, 19, -8], "size": [5, 11, 3], "inflate": 0.25, "pivot": [0, 29, -8], "rotation": [-7.5, 0, 0], "uv": [0, 0]}
					],
					"locators": {
						"fire": [0, 28, -2],
						"fire2": [0, 26, -2],
						"fire3": [0, 24, -2]
					}
				},
				{
					"name": "hair",
					"parent": "head",
					"pivot": [0, 34, -2],
					"rotation": [0, -30, 0],
					"locators": {
						"fire_tail5": [0, 38, -3],
						"fire_tail6": [0, 38, 1],
						"fire_tail7": [0, 38, 5],
						"fire_tail8": [0, 38, 9]
					}
				},
				{
					"name": "body",
					"parent": "body_root",
					"pivot": [0, 14, 8],
					"cubes": [
						{"origin": [-4, 13, -9], "size": [8, 8, 18], "inflate": 0.25, "uv": [0, 0]},
						{"origin": [-3.5, 20.5, -8.5], "size": [7, 1, 17], "inflate": 0.25, "uv": [32, 29]},
						{"origin": [-3.5, 12.5, -8.5], "size": [7, 1, 17], "inflate": 0.25, "uv": [0, 27]},
						{"origin": [3.5, 13.5, -8.5], "size": [1, 7, 17], "inflate": 0.25, "uv": [37, 48]},
						{"origin": [-4.5, 13.5, -8.5], "size": [1, 7, 17], "inflate": 0.25, "uv": [0, 46]},
						{"origin": [-3.5, 13.5, 8.5], "size": [7, 7, 1], "inflate": 0.25, "uv": [64, 27]},
						{"origin": [-3.5, 13.5, -9.5], "size": [7, 7, 1], "inflate": 0.25, "uv": [60, 0]}
					],
					"locators": {
						"fire4": [0, 21.5, 0],
						"fire5": [0, 21.5, 2],
						"fire6": [0, 21.5, 4],
						"fire7": [0, 21.5, 6],
						"fire8": [0, 21.5, 8]
					}
				},
				{
					"name": "saddle",
					"parent": "body",
					"pivot": [0, 14, 8],
					"cubes": [
						{"origin": [-2, 16, -9.52], "size": [4, 4, 0], "inflate": 0.25, "uv": [0, 83]},
						{"origin": [-4, 21.51, -2], "size": [8, 0, 6], "inflate": 0.25, "uv": [2, 83]}
					]
				},
				{
					"name": "front_legs",
					"parent": "body_root",
					"pivot": [0, 18, -7]
				},
				{
					"name": "right_front_leg",
					"parent": "front_legs",
					"pivot": [-4, 18, -7],
					"cubes": [
						{"origin": [-5, 9, -8.5], "size": [3, 10, 3], "inflate": 0.25, "uv": [18, 28]},
						{"origin": [-5, 10, -6.5], "size": [3, 8.94, 1], "inflate": 0.25, "pivot": [-4, 10, -5.5], "rotation": [-6.3, 0, 0], "uv": [39, 73]},
						{"origin": [-5, 11.54836, -8.36508], "size": [3, 8.94, 1], "inflate": 0.25, "pivot": [-4, 9.54836, 5.63492], "rotation": [6.3, 0, 0], "uv": [72, 15]}
					]
				},
				{
					"name": "right_front_paw",
					"parent": "right_front_leg",
					"pivot": [-3.5, 9, -7],
					"cubes": [
						{"origin": [-5, 0, -8.5], "size": [3, 9, 3], "inflate": 0.25, "uv": [41, 48]},
						{"origin": [-5.5, -0.2, -9], "size": [4, 3, 3], "inflate": 0.25, "uv": [0, 37]}
					],
					"locators": {
						"fire_front": {
							"offset": [-4, 8, -5.5],
							"rotation": [-20, 0, 0]
						}
					}
				},
				{
					"name": "left_front_leg",
					"parent": "front_legs",
					"pivot": [4, 18, -7],
					"cubes": [
						{"origin": [2, 9, -8.5], "size": [3, 10, 3], "inflate": 0.25, "uv": [18, 28], "mirror": true},
						{"origin": [2, 10, -6.5], "size": [3, 8.94, 1], "inflate": 0.25, "pivot": [4, 10, -5.5], "rotation": [-6.3, 0, 0], "uv": [39, 73], "mirror": true},
						{"origin": [2, 11.54836, -8.36508], "size": [3, 8.94, 1], "inflate": 0.25, "pivot": [4, 9.54836, 5.63492], "rotation": [6.3, 0, 0], "uv": [72, 15], "mirror": true}
					]
				},
				{
					"name": "left_front_paw",
					"parent": "left_front_leg",
					"pivot": [3.5, 9, -7],
					"cubes": [
						{"origin": [2, 0, -8.5], "size": [3, 9, 3], "inflate": 0.25, "uv": [41, 48], "mirror": true},
						{"origin": [1.5, -0.2, -9], "size": [4, 3, 3], "inflate": 0.25, "uv": [0, 37], "mirror": true}
					],
					"locators": {
						"fire_front2": {
							"offset": [4, 8, -5.5],
							"rotation": [-20, 0, 0]
						}
					}
				},
				{
					"name": "tail",
					"parent": "body_root",
					"pivot": [0, 23, 9],
					"rotation": [-40, 0, 0],
					"locators": {
						"fire_tail": [0, 23, 9]
					}
				},
				{
					"name": "back_legs",
					"parent": "ponyta",
					"pivot": [0, 17, 7]
				},
				{
					"name": "right_back_leg",
					"parent": "back_legs",
					"pivot": [-3, 17, 7],
					"rotation": [10, 0, 0],
					"cubes": [
						{"origin": [-5, 7.84154, 4.81116], "size": [4, 9, 5], "inflate": 0.25, "pivot": [-5, 15.84154, 7.81116], "rotation": [10, 0, 0], "uv": [53, 12]},
						{"origin": [-5.5, 8.34154, 5.31116], "size": [1, 8, 4], "inflate": 0.25, "pivot": [-5, 15.84154, 7.81116], "rotation": [10, 0, 0], "uv": [70, 69]},
						{"origin": [-4.5, 8.34154, 9.31116], "size": [3, 8, 1], "inflate": 0.25, "pivot": [-5, 15.84154, 7.81116], "rotation": [10, 0, 0], "uv": [57, 73]},
						{"origin": [-4.5, 8.34154, 4.31116], "size": [3, 8, 1], "inflate": 0.25, "pivot": [-5, 15.84154, 7.81116], "rotation": [10, 0, 0], "uv": [48, 73]},
						{"origin": [-4.5, 16.34154, 5.31116], "size": [3, 1, 4], "inflate": 0.25, "pivot": [-5, 15.84154, 7.81116], "rotation": [10, 0, 0], "uv": [67, 9]},
						{"origin": [-4.5, 7.34154, 5.31116], "size": [3, 1, 4], "inflate": 0.25, "pivot": [-5, 15.84154, 7.81116], "rotation": [10, 0, 0], "uv": [35, 12]}
					]
				},
				{
					"name": "right_back_paw",
					"parent": "right_back_leg",
					"pivot": [-3, 8.01519, 6.82635],
					"cubes": [
						{"origin": [-4.5, 0.34154, 5.61116], "size": [3, 8.4, 3], "inflate": 0.25, "pivot": [-2, 4.84154, 3.81116], "rotation": [-10, 0, 0], "uv": [0, 71]},
						{"origin": [-5, 0.2, 5.12635], "size": [4, 3, 3], "inflate": 0.25, "pivot": [-2, 4.84154, 3.81116], "rotation": [-10, 0, 0], "uv": [32, 37]}
					],
					"locators": {
						"fire_back": {
							"offset": [-4, 6, 8.42232],
							"rotation": [-40, 0, 0]
						}
					}
				},
				{
					"name": "left_back_leg",
					"parent": "back_legs",
					"pivot": [3, 17, 7],
					"rotation": [10, 0, 0],
					"cubes": [
						{"origin": [1, 7.84154, 4.81116], "size": [4, 9, 5], "inflate": 0.25, "pivot": [5, 15.84154, 7.81116], "rotation": [10, 0, 0], "uv": [53, 12], "mirror": true},
						{"origin": [4.5, 8.34154, 5.31116], "size": [1, 8, 4], "inflate": 0.25, "pivot": [5, 15.84154, 7.81116], "rotation": [10, 0, 0], "uv": [70, 69], "mirror": true},
						{"origin": [1.5, 8.34154, 9.31116], "size": [3, 8, 1], "inflate": 0.25, "pivot": [5, 15.84154, 7.81116], "rotation": [10, 0, 0], "uv": [57, 73], "mirror": true},
						{"origin": [1.5, 8.34154, 4.31116], "size": [3, 8, 1], "inflate": 0.25, "pivot": [5, 15.84154, 7.81116], "rotation": [10, 0, 0], "uv": [48, 73], "mirror": true},
						{"origin": [1.5, 16.34154, 5.31116], "size": [3, 1, 4], "inflate": 0.25, "pivot": [5, 15.84154, 7.81116], "rotation": [10, 0, 0], "uv": [67, 9], "mirror": true},
						{"origin": [1.5, 7.34154, 5.31116], "size": [3, 1, 4], "inflate": 0.25, "pivot": [5, 15.84154, 7.81116], "rotation": [10, 0, 0], "uv": [35, 12], "mirror": true}
					]
				},
				{
					"name": "left_back_paw",
					"parent": "left_back_leg",
					"pivot": [3, 8.01519, 6.82635],
					"cubes": [
						{"origin": [1.5, 0.34154, 5.61116], "size": [3, 8.4, 3], "inflate": 0.25, "pivot": [2, 4.84154, 3.81116], "rotation": [-10, 0, 0], "uv": [0, 71], "mirror": true},
						{"origin": [1, 0.2, 5.12635], "size": [4, 3, 3], "inflate": 0.25, "pivot": [2, 4.84154, 3.81116], "rotation": [-10, 0, 0], "uv": [32, 37], "mirror": true}
					],
					"locators": {
						"fire_back2": {
							"offset": [4, 6, 8.42232],
							"rotation": [-40, 0, 0]
						}
					}
				},
				{
					"name": "pokedex",
					"pivot": [0, 23, -15],
					"locators": {
						"pokedex": [0, 23, -15]
					}
				}
			]
		}
	]
}