{
	"format_version": "1.12.0",
	"minecraft:geometry": [
		{
			"description": {
				"identifier": "geometry.serpponyta",
				"texture_width": 64,
				"texture_height": 64,
				"visible_bounds_width": 2,
				"visible_bounds_height": 2.5,
				"visible_bounds_offset": [0, 0.75, 0]
			},
			"bones": [
				{
					"name": "ponyta",
					"pivot": [0, 2, 0]
				},
				{
					"name": "body_root",
					"parent": "ponyta",
					"pivot": [0, 8, 5]
				},
				{
					"name": "head",
					"parent": "body_root",
					"pivot": [0, 13, -4],
					"cubes": [
						{"origin": [-2, 12, -6], "size": [4, 6, 4], "uv": [39, 34]},
						{"origin": [-2, 12.45307, -5.99974], "size": [4, 5.55, 1], "pivot": [0, 18.00478, -6.03896], "rotation": [-4.5, 0, 0], "uv": [0, 19]}
					],
					"locators": {
						"fire3": [0, 17, -2],
						"fire4": [0, 15, -2]
					}
				},
				{
					"name": "skull",
					"parent": "head",
					"pivot": [0, 18, -2],
					"rotation": [10, 0, 0],
					"cubes": [
						{"origin": [-1.5, 18, -10], "size": [3, 4, 8], "uv": [37, 0]},
						{"origin": [-6.5, 18.7, -4], "size": [4, 3, 0], "pivot": [-2, 21, -4], "rotation": [41.21063, 48.13623, 35.30596], "uv": [22, 19]},
						{"origin": [2.5, 18.7, -4], "size": [4, 3, 0], "pivot": [2, 21, -4], "rotation": [41.21063, -48.13623, -35.30596], "uv": [22, 19], "mirror": true},
						{"origin": [-1.5, 18, -10], "size": [1, 4, 7.95], "pivot": [-1.5, 20, -10], "rotation": [0, -7, 0], "uv": [44, 13]},
						{"origin": [0.5, 18, -10], "size": [1, 4, 7.95], "pivot": [1.5, 20, -10], "rotation": [0, 7, 0], "uv": [44, 13], "mirror": true}
					],
					"locators": {
						"fire_head": [0, 25, -4],
						"fire_head2": [0, 25, -1],
						"fire": [0, 21, -2],
						"fire2": [0, 19, -2]
					}
				},
				{
					"name": "body",
					"parent": "body_root",
					"pivot": [0, 8, 5],
					"cubes": [
						{"origin": [-3, 7, -6], "size": [6, 6, 12], "uv": [0, 0]},
						{"origin": [-2.5, 12.5, -5.5], "size": [5, 1, 11], "uv": [22, 21]},
						{"origin": [-2.5, 6.5, -5.5], "size": [5, 1, 11], "uv": [0, 19]},
						{"origin": [2.5, 7.5, -5.5], "size": [1, 5, 11], "uv": [25, 34]},
						{"origin": [-3.5, 7.5, -5.5], "size": [1, 5, 11], "uv": [0, 32]},
						{"origin": [-2.5, 7.5, 5.5], "size": [5, 5, 1], "uv": [14, 34]},
						{"origin": [-2.5, 7.5, -6.5], "size": [5, 5, 1], "uv": [25, 0]}
					],
					"locators": {
						"fire5": [0, 13.5, -1],
						"fire6": [0, 13.5, 1],
						"fire7": [0, 13.5, 3],
						"fire8": [0, 13.5, 5]
					}
				},
				{
					"name": "front_legs",
					"parent": "body_root",
					"pivot": [0, 10, -5],
					"cubes": [
						{"origin": [-3.5, 0, -6], "size": [2, 10, 2], "uv": [0, 49]},
						{"origin": [1.5, 0, -6], "size": [2, 10, 2], "uv": [0, 49], "mirror": true}
					],
					"locators": {
						"fire_front": {
							"offset": [-3, 6, -4],
							"rotation": [-20, 0, 0]
						},
						"fire_front2": {
							"offset": [3, 6, -4],
							"rotation": [-20, 0, 0]
						}
					}
				},
				{
					"name": "tail",
					"parent": "body_root",
					"pivot": [0, 15, 6],
					"rotation": [-40, 0, 0],
					"locators": {
						"fire_tail": [0, 15, 7]
					}
				},
				{
					"name": "back_legs",
					"parent": "ponyta",
					"pivot": [0, 11, 4]
				},
				{
					"name": "right_leg",
					"parent": "back_legs",
					"pivot": [-3, 11, 4],
					"cubes": [
						{"origin": [-4, 6, 2], "size": [3, 6, 4], "pivot": [-3, 11, 4], "rotation": [10, 0, 0], "uv": [46, 47]},
						{"origin": [-3.5, 0, 4.8], "size": [2, 6.4, 2], "uv": [0, 0]}
					],
					"locators": {
						"fire_back": {
							"offset": [-3, 5, 6.8],
							"rotation": [-15, 0, 0]
						}
					}
				},
				{
					"name": "left_leg",
					"parent": "back_legs",
					"pivot": [3, 11, 4],
					"cubes": [
						{"origin": [1, 6, 2], "size": [3, 6, 4], "pivot": [3, 11, 4], "rotation": [10, 0, 0], "uv": [46, 47], "mirror": true},
						{"origin": [1.5, 0, 4.8], "size": [2, 6.4, 2], "uv": [0, 0], "mirror": true}
					],
					"locators": {
						"fire_back2": {
							"offset": [3, 5, 6.8],
							"rotation": [-15, 0, 0]
						}
					}
				},
				{
					"name": "pokedex",
					"pivot": [0, 35, -10],
					"locators": {
						"pokedex": [0, 35, -10]
					}
				}
			]
		},
		{
			"description": {
				"identifier": "geometry.serpponyta_aura",
				"texture_width": 64,
				"texture_height": 64,
				"visible_bounds_width": 2,
				"visible_bounds_height": 2.5,
				"visible_bounds_offset": [0, 0.75, 0]
			},
			"bones": [
				{
					"name": "ponyta",
					"pivot": [0, 2, 0]
				},
				{
					"name": "body_root",
					"parent": "ponyta",
					"pivot": [0, 8, 5]
				},
				{
					"name": "head",
					"parent": "body_root",
					"pivot": [0, 13, -4],
					"cubes": [
						{"origin": [-2, 12, -6], "size": [4, 6, 4], "inflate": 0.25, "uv": [39, 34]},
						{"origin": [-2, 12.45307, -5.99974], "size": [4, 5.55, 1], "inflate": 0.25, "pivot": [0, 18.00478, -6.03896], "rotation": [-4.5, 0, 0], "uv": [0, 19]}
					],
					"locators": {
						"fire3": [0, 17, -2],
						"fire4": [0, 15, -2]
					}
				},
				{
					"name": "skull",
					"parent": "head",
					"pivot": [0, 18, -2],
					"rotation": [10, 0, 0],
					"cubes": [
						{"origin": [-1.5, 18, -10], "size": [3, 4, 8], "inflate": 0.25, "uv": [37, 0]},
						{"origin": [-6.5, 18.7, -4], "size": [4, 3, 0], "inflate": 0.25, "pivot": [-2, 21, -4], "rotation": [41.21063, 48.13623, 35.30596], "uv": [22, 19]},
						{"origin": [2.5, 18.7, -4], "size": [4, 3, 0], "inflate": 0.25, "pivot": [2, 21, -4], "rotation": [41.21063, -48.13623, -35.30596], "uv": [22, 19], "mirror": true},
						{"origin": [-1.5, 18, -10], "size": [1, 4, 7.95], "inflate": 0.25, "pivot": [-1.5, 20, -10], "rotation": [0, -7, 0], "uv": [44, 13]},
						{"origin": [0.5, 18, -10], "size": [1, 4, 7.95], "inflate": 0.25, "pivot": [1.5, 20, -10], "rotation": [0, 7, 0], "uv": [44, 13], "mirror": true}
					],
					"locators": {
						"fire_head": [0, 25, -4],
						"fire_head2": [0, 25, -1],
						"fire": [0, 21, -2],
						"fire2": [0, 19, -2]
					}
				},
				{
					"name": "body",
					"parent": "body_root",
					"pivot": [0, 8, 5],
					"cubes": [
						{"origin": [-3, 7, -6], "size": [6, 6, 12], "inflate": 0.25, "uv": [0, 0]},
						{"origin": [-2.5, 12.5, -5.5], "size": [5, 1, 11], "inflate": 0.25, "uv": [22, 21]},
						{"origin": [-2.5, 6.5, -5.5], "size": [5, 1, 11], "inflate": 0.25, "uv": [0, 19]},
						{"origin": [2.5, 7.5, -5.5], "size": [1, 5, 11], "inflate": 0.25, "uv": [25, 34]},
						{"origin": [-3.5, 7.5, -5.5], "size": [1, 5, 11], "inflate": 0.25, "uv": [0, 32]},
						{"origin": [-2.5, 7.5, 5.5], "size": [5, 5, 1], "inflate": 0.25, "uv": [14, 34]},
						{"origin": [-2.5, 7.5, -6.5], "size": [5, 5, 1], "inflate": 0.25, "uv": [25, 0]}
					],
					"locators": {
						"fire5": [0, 13.5, -1],
						"fire6": [0, 13.5, 1],
						"fire7": [0, 13.5, 3],
						"fire8": [0, 13.5, 5]
					}
				},
				{
					"name": "front_legs",
					"parent": "body_root",
					"pivot": [0, 10, -5],
					"cubes": [
						{"origin": [-3.5, 0, -6], "size": [2, 10, 2], "inflate": 0.25, "uv": [0, 49]},
						{"origin": [1.5, 0, -6], "size": [2, 10, 2], "inflate": 0.25, "uv": [0, 49], "mirror": true}
					],
					"locators": {
						"fire_front": {
							"offset": [-3, 6, -4],
							"rotation": [-20, 0, 0]
						},
						"fire_front2": {
							"offset": [3, 6, -4],
							"rotation": [-20, 0, 0]
						}
					}
				},
				{
					"name": "tail",
					"parent": "body_root",
					"pivot": [0, 15, 6],
					"rotation": [-40, 0, 0],
					"locators": {
						"fire_tail": [0, 15, 7]
					}
				},
				{
					"name": "back_legs",
					"parent": "ponyta",
					"pivot": [0, 11, 4]
				},
				{
					"name": "right_leg",
					"parent": "back_legs",
					"pivot": [-3, 11, 4],
					"cubes": [
						{"origin": [-4, 6, 2], "size": [3, 6, 4], "inflate": 0.25, "pivot": [-3, 11, 4], "rotation": [10, 0, 0], "uv": [46, 47]},
						{"origin": [-3.5, 0, 4.8], "size": [2, 6.4, 2], "inflate": 0.25, "uv": [0, 0]}
					],
					"locators": {
						"fire_back": {
							"offset": [-3, 5, 6.8],
							"rotation": [-15, 0, 0]
						}
					}
				},
				{
					"name": "left_leg",
					"parent": "back_legs",
					"pivot": [3, 11, 4],
					"cubes": [
						{"origin": [1, 6, 2], "size": [3, 6, 4], "inflate": 0.25, "pivot": [3, 11, 4], "rotation": [10, 0, 0], "uv": [46, 47], "mirror": true},
						{"origin": [1.5, 0, 4.8], "size": [2, 6.4, 2], "inflate": 0.25, "uv": [0, 0], "mirror": true}
					],
					"locators": {
						"fire_back2": {
							"offset": [3, 5, 6.8],
							"rotation": [-15, 0, 0]
						}
					}
				},
				{
					"name": "pokedex",
					"pivot": [0, 35, -10],
					"locators": {
						"pokedex": [0, 35, -10]
					}
				}
			]
		}
	]
}