{
	"format_version": "1.12.0",
	"minecraft:geometry": [
		{
			"description": {
				"identifier": "geometry.serpparasect",
				"texture_width": 80,
				"texture_height": 80,
				"visible_bounds_width": 2,
				"visible_bounds_height": 2.5,
				"visible_bounds_offset": [0, 0.75, 0]
			},
			"bones": [
				{
					"name": "parasect",
					"pivot": [0, 0, 0]
				},
				{
					"name": "body_root",
					"parent": "parasect",
					"pivot": [0, 3, 0]
				},
				{
					"name": "head",
					"parent": "body_root",
					"pivot": [0, 4, -4],
					"cubes": [
						{"origin": [0.5, 4.5, -7], "size": [1, 1, 1], "uv": [34, 34]},
						{"origin": [-1.5, 4.5, -7], "size": [1, 1, 1], "uv": [34, 34]},
						{"origin": [-1.5, 3, -6], "size": [3, 2, 2], "uv": [0, 6]}
					]
				},
				{
					"name": "body",
					"parent": "body_root",
					"pivot": [0, 3, 0],
					"cubes": [
						{"origin": [-2, 3, -4], "size": [4, 2, 8], "uv": [37, 0]},
						{"origin": [-6, 5.5, -6], "size": [12, 3, 12], "uv": [0, 0]},
						{"origin": [-5.5, 5, -5.5], "size": [11, 1, 11], "uv": [0, 29]},
						{"origin": [-5.5, 8, -5.5], "size": [11, 1, 11], "uv": [0, 16]},
						{"origin": [-5.5, 6, -6.5], "size": [11, 2, 1], "uv": [10, 42]},
						{"origin": [-5.5, 6, 5.5], "size": [11, 2, 1], "uv": [10, 42]},
						{"origin": [-6.5, 6, -5.5], "size": [1, 2, 11], "uv": [34, 35]},
						{"origin": [5.5, 6, -5.5], "size": [1, 2, 11], "uv": [34, 35], "mirror": true},
						{"origin": [-4.5, 9, -3.5], "size": [1, 5.1, 7], "pivot": [-4.5, 9, 0], "rotation": [0, 0, 11.31], "uv": [0, 42]},
						{"origin": [3.5, 9, -3.5], "size": [1, 5.1, 7], "pivot": [4.5, 9, 0], "rotation": [0, 0, -11.31], "uv": [0, 42], "mirror": true},
						{"origin": [-3.5, 9, -4.5], "size": [7, 5.1, 1], "pivot": [0, 9, -4.5], "rotation": [-11.31, 0, 0], "uv": [38, 49]},
						{"origin": [-3.4998, 8.80388, 2.51962], "size": [7, 5.1, 1], "pivot": [0.0002, 8.80388, 3.51962], "rotation": [168.69, 0, 180], "uv": [38, 49]},
						{"origin": [-3.5, 9, -3.5], "size": [7, 5, 7], "uv": [38, 22]},
						{"origin": [-2.5, 14, -3.5], "size": [5, 1.415, 1], "pivot": [0, 14, -3.5], "rotation": [-45, 0, 0], "uv": [17, 53]},
						{"origin": [-2.5, 14, 2.5], "size": [5, 1.415, 1], "pivot": [0, 14, 3.5], "rotation": [45, 0, 0], "uv": [17, 53]},
						{"origin": [-3.5, 14, -2.5], "size": [1, 1.415, 5], "pivot": [-3.5, 14, 0], "rotation": [0, 0, 45], "uv": [50, 51]},
						{"origin": [2.5, 14, -2.5], "size": [1, 1.415, 5], "pivot": [3.5, 14, 0], "rotation": [0, 0, -45], "uv": [50, 51], "mirror": true},
						{"origin": [-2.5, 14, -2.5], "size": [5, 1, 5], "uv": [17, 46]},
						{"origin": [-1.5, 2.5, -3.5], "size": [3, 1, 7], "uv": [42, 11]},
						{"origin": [-1.5, 3.5, 3.5], "size": [3, 2, 1], "uv": [0, 29]},
						{"origin": [-2.5, 3.5, -3.5], "size": [1, 2, 7], "uv": [48, 35]},
						{"origin": [1.5, 3.5, -3.5], "size": [1, 2, 7], "uv": [48, 35], "mirror": true}
					]
				},
				{
					"name": "arms",
					"parent": "body_root",
					"pivot": [0, 4, -3.5]
				},
				{
					"name": "right_arm",
					"parent": "arms",
					"pivot": [-1.5, 4, -3.5],
					"rotation": [0, 45, 0],
					"cubes": [
						{"origin": [-2, 3.5, -6], "size": [1, 1, 3], "uv": [0, 19]}
					]
				},
				{
					"name": "right_claw",
					"parent": "right_arm",
					"pivot": [-1.5, 4, -6],
					"rotation": [45, -30, 0],
					"cubes": [
						{"origin": [-2.5, 3, -8], "size": [2, 2, 3], "uv": [0, 0]},
						{"origin": [-2.5, 4, -10], "size": [2, 1, 2], "pivot": [-1, 5, -8], "rotation": [20, 0, 0], "uv": [34, 18]},
						{"origin": [-2.90702, 2.77461, -11.95252], "size": [1.41, 1, 1.41], "pivot": [-0.08281, 3.77461, -11.36674], "rotation": [27.23631, 41.64114, 18.88172], "uv": [6, 19]},
						{"origin": [-2.5, 2.7, -9.5], "size": [2, 1, 2], "inflate": -0.3, "pivot": [-1, 3, -8], "rotation": [-7.5, 0, 0], "uv": [0, 33]}
					]
				},
				{
					"name": "left_arm",
					"parent": "arms",
					"pivot": [1.5, 4, -3.5],
					"rotation": [0, -45, 0],
					"cubes": [
						{"origin": [1, 3.5, -6], "size": [1, 1, 3], "uv": [0, 19], "mirror": true}
					]
				},
				{
					"name": "left_claw",
					"parent": "left_arm",
					"pivot": [1.5, 4, -6],
					"rotation": [45, 30, 0],
					"cubes": [
						{"origin": [0.5, 3, -8], "size": [2, 2, 3], "uv": [0, 0], "mirror": true},
						{"origin": [0.5, 4, -10], "size": [2, 1, 2], "pivot": [1, 5, -8], "rotation": [20, 0, 0], "uv": [34, 18], "mirror": true},
						{"origin": [1.49702, 2.77461, -11.95252], "size": [1.41, 1, 1.41], "pivot": [0.08281, 3.77461, -11.36674], "rotation": [27.23631, -41.64114, -18.88172], "uv": [6, 19], "mirror": true},
						{"origin": [0.5, 2.7, -9.5], "size": [2, 1, 2], "inflate": -0.3, "pivot": [1, 3, -8], "rotation": [-7.5, 0, 0], "uv": [0, 33], "mirror": true}
					]
				},
				{
					"name": "legs",
					"parent": "parasect",
					"pivot": [0, 4.5, 0]
				},
				{
					"name": "leg1",
					"parent": "legs",
					"pivot": [-2.5, 4.5, 1.5],
					"rotation": [0, 30, 0],
					"cubes": [
						{"origin": [-9, 3.9641, 1], "size": [4, 1, 1], "pivot": [-5, 4.9641, 1], "rotation": [0, 0, -60], "uv": [0, 16]},
						{"origin": [-7, 0, 1], "size": [1, 1.5, 1], "uv": [34, 22]},
						{"origin": [-5, 3.9641, 1], "size": [3, 1, 1], "uv": [0, 24]}
					]
				},
				{
					"name": "leg3",
					"parent": "legs",
					"pivot": [2.5, 4.5, 1.5],
					"rotation": [0, -30, 0],
					"cubes": [
						{"origin": [5, 3.9641, 1], "size": [4, 1, 1], "pivot": [5, 4.9641, 1], "rotation": [0, 0, 60], "uv": [0, 16], "mirror": true},
						{"origin": [6, 0, 1], "size": [1, 1.5, 1], "uv": [34, 22], "mirror": true},
						{"origin": [2, 3.9641, 1], "size": [3, 1, 1], "uv": [0, 24], "mirror": true}
					]
				},
				{
					"name": "leg2",
					"parent": "legs",
					"pivot": [-2.5, 4.5, -1.5],
					"rotation": [0, -30, 0],
					"cubes": [
						{"origin": [-9, 3.9641, -2], "size": [4, 1, 1], "pivot": [-5, 4.9641, -2], "rotation": [0, 0, -60], "uv": [0, 16]},
						{"origin": [-7, 0, -2], "size": [1, 1.5, 1], "uv": [34, 22]},
						{"origin": [-5, 3.9641, -2], "size": [3, 1, 1], "uv": [0, 24]}
					]
				},
				{
					"name": "leg4",
					"parent": "legs",
					"pivot": [2.5, 4.5, -1.5],
					"rotation": [0, 30, 0],
					"cubes": [
						{"origin": [5, 3.9641, -2], "size": [4, 1, 1], "pivot": [5, 4.9641, -2], "rotation": [0, 0, 60], "uv": [0, 16], "mirror": true},
						{"origin": [6, 0, -2], "size": [1, 1.5, 1], "uv": [34, 22], "mirror": true},
						{"origin": [2, 3.9641, -2], "size": [3, 1, 1], "uv": [0, 24], "mirror": true}
					]
				}
			]
		},
		{
			"description": {
				"identifier": "geometry.serpparasect_aura",
				"texture_width": 80,
				"texture_height": 80,
				"visible_bounds_width": 2,
				"visible_bounds_height": 2.5,
				"visible_bounds_offset": [0, 0.75, 0]
			},
			"bones": [
				{
					"name": "parasect",
					"pivot": [0, 0, 0]
				},
				{
					"name": "body_root",
					"parent": "parasect",
					"pivot": [0, 3, 0]
				},
				{
					"name": "head",
					"parent": "body_root",
					"pivot": [0, 4, -4],
					"cubes": [
						{"origin": [0.5, 4.5, -7], "size": [1, 1, 1], "inflate": 0.25, "uv": [34, 34]},
						{"origin": [-1.5, 4.5, -7], "size": [1, 1, 1], "inflate": 0.25, "uv": [34, 34]},
						{"origin": [-1.5, 3, -6], "size": [3, 2, 2], "inflate": 0.25, "uv": [0, 6]}
					]
				},
				{
					"name": "body",
					"parent": "body_root",
					"pivot": [0, 3, 0],
					"cubes": [
						{"origin": [-2, 3, -4], "size": [4, 2, 8], "inflate": 0.25, "uv": [37, 0]},
						{"origin": [-6, 5.5, -6], "size": [12, 3, 12], "inflate": 0.25, "uv": [0, 0]},
						{"origin": [-5.5, 5, -5.5], "size": [11, 1, 11], "inflate": 0.25, "uv": [0, 29]},
						{"origin": [-5.5, 8, -5.5], "size": [11, 1, 11], "inflate": 0.25, "uv": [0, 16]},
						{"origin": [-5.5, 6, -6.5], "size": [11, 2, 1], "inflate": 0.25, "uv": [10, 42]},
						{"origin": [-5.5, 6, 5.5], "size": [11, 2, 1], "inflate": 0.25, "uv": [10, 42]},
						{"origin": [-6.5, 6, -5.5], "size": [1, 2, 11], "inflate": 0.25, "uv": [34, 35]},
						{"origin": [5.5, 6, -5.5], "size": [1, 2, 11], "inflate": 0.25, "uv": [34, 35], "mirror": true},
						{"origin": [-4.5, 9, -3.5], "size": [1, 5.1, 7], "inflate": 0.25, "pivot": [-4.5, 9, 0], "rotation": [0, 0, 11.31], "uv": [0, 42]},
						{"origin": [3.5, 9, -3.5], "size": [1, 5.1, 7], "inflate": 0.25, "pivot": [4.5, 9, 0], "rotation": [0, 0, -11.31], "uv": [0, 42], "mirror": true},
						{"origin": [-3.5, 9, -4.5], "size": [7, 5.1, 1], "inflate": 0.25, "pivot": [0, 9, -4.5], "rotation": [-11.31, 0, 0], "uv": [38, 49]},
						{"origin": [-3.4998, 8.80388, 2.51962], "size": [7, 5.1, 1], "inflate": 0.25, "pivot": [0.0002, 8.80388, 3.51962], "rotation": [168.69, 0, 180], "uv": [38, 49]},
						{"origin": [-3.5, 9, -3.5], "size": [7, 5, 7], "inflate": 0.25, "uv": [38, 22]},
						{"origin": [-2.5, 14, -3.5], "size": [5, 1.415, 1], "inflate": 0.25, "pivot": [0, 14, -3.5], "rotation": [-45, 0, 0], "uv": [17, 53]},
						{"origin": [-2.5, 14, 2.5], "size": [5, 1.415, 1], "inflate": 0.25, "pivot": [0, 14, 3.5], "rotation": [45, 0, 0], "uv": [17, 53]},
						{"origin": [-3.5, 14, -2.5], "size": [1, 1.415, 5], "inflate": 0.25, "pivot": [-3.5, 14, 0], "rotation": [0, 0, 45], "uv": [50, 51]},
						{"origin": [2.5, 14, -2.5], "size": [1, 1.415, 5], "inflate": 0.25, "pivot": [3.5, 14, 0], "rotation": [0, 0, -45], "uv": [50, 51], "mirror": true},
						{"origin": [-2.5, 14, -2.5], "size": [5, 1, 5], "inflate": 0.25, "uv": [17, 46]},
						{"origin": [-1.5, 2.5, -3.5], "size": [3, 1, 7], "inflate": 0.25, "uv": [42, 11]},
						{"origin": [-1.5, 3.5, 3.5], "size": [3, 2, 1], "inflate": 0.25, "uv": [0, 29]},
						{"origin": [-2.5, 3.5, -3.5], "size": [1, 2, 7], "inflate": 0.25, "uv": [48, 35]},
						{"origin": [1.5, 3.5, -3.5], "size": [1, 2, 7], "inflate": 0.25, "uv": [48, 35], "mirror": true}
					]
				},
				{
					"name": "arms",
					"parent": "body_root",
					"pivot": [0, 4, -3.5]
				},
				{
					"name": "right_arm",
					"parent": "arms",
					"pivot": [-1.5, 4, -3.5],
					"rotation": [0, 45, 0],
					"cubes": [
						{"origin": [-2, 3.5, -6], "size": [1, 1, 3], "inflate": 0.25, "uv": [0, 19]}
					]
				},
				{
					"name": "right_claw",
					"parent": "right_arm",
					"pivot": [-1.5, 4, -6],
					"rotation": [45, -30, 0],
					"cubes": [
						{"origin": [-2.5, 3, -8], "size": [2, 2, 3], "inflate": 0.25, "uv": [0, 0]},
						{"origin": [-2.5, 4, -10], "size": [2, 1, 2], "inflate": 0.25, "pivot": [-1, 5, -8], "rotation": [20, 0, 0], "uv": [34, 18]},
						{"origin": [-2.90702, 2.77461, -11.95252], "size": [1.41, 1, 1.41], "inflate": 0.25, "pivot": [-0.08281, 3.77461, -11.36674], "rotation": [27.23631, 41.64114, 18.88172], "uv": [6, 19]},
						{"origin": [-2.5, 2.7, -9.5], "size": [2, 1, 2], "inflate": 0.25, "pivot": [-1, 3, -8], "rotation": [-7.5, 0, 0], "uv": [0, 33]}
					]
				},
				{
					"name": "left_arm",
					"parent": "arms",
					"pivot": [1.5, 4, -3.5],
					"rotation": [0, -45, 0],
					"cubes": [
						{"origin": [1, 3.5, -6], "size": [1, 1, 3], "inflate": 0.25, "uv": [0, 19], "mirror": true}
					]
				},
				{
					"name": "left_claw",
					"parent": "left_arm",
					"pivot": [1.5, 4, -6],
					"rotation": [45, 30, 0],
					"cubes": [
						{"origin": [0.5, 3, -8], "size": [2, 2, 3], "inflate": 0.25, "uv": [0, 0], "mirror": true},
						{"origin": [0.5, 4, -10], "size": [2, 1, 2], "inflate": 0.25, "pivot": [1, 5, -8], "rotation": [20, 0, 0], "uv": [34, 18], "mirror": true},
						{"origin": [1.49702, 2.77461, -11.95252], "size": [1.41, 1, 1.41], "inflate": 0.25, "pivot": [0.08281, 3.77461, -11.36674], "rotation": [27.23631, -41.64114, -18.88172], "uv": [6, 19], "mirror": true},
						{"origin": [0.5, 2.7, -9.5], "size": [2, 1, 2], "inflate": 0.25, "pivot": [1, 3, -8], "rotation": [-7.5, 0, 0], "uv": [0, 33], "mirror": true}
					]
				},
				{
					"name": "legs",
					"parent": "parasect",
					"pivot": [0, 4.5, 0]
				},
				{
					"name": "leg1",
					"parent": "legs",
					"pivot": [-2.5, 4.5, 1.5],
					"rotation": [0, 30, 0],
					"cubes": [
						{"origin": [-9, 3.9641, 1], "size": [4, 1, 1], "inflate": 0.25, "pivot": [-5, 4.9641, 1], "rotation": [0, 0, -60], "uv": [0, 16]},
						{"origin": [-7, 0, 1], "size": [1, 1.5, 1], "inflate": 0.25, "uv": [34, 22]},
						{"origin": [-5, 3.9641, 1], "size": [3, 1, 1], "inflate": 0.25, "uv": [0, 24]}
					]
				},
				{
					"name": "leg3",
					"parent": "legs",
					"pivot": [2.5, 4.5, 1.5],
					"rotation": [0, -30, 0],
					"cubes": [
						{"origin": [5, 3.9641, 1], "size": [4, 1, 1], "inflate": 0.25, "pivot": [5, 4.9641, 1], "rotation": [0, 0, 60], "uv": [0, 16], "mirror": true},
						{"origin": [6, 0, 1], "size": [1, 1.5, 1], "inflate": 0.25, "uv": [34, 22], "mirror": true},
						{"origin": [2, 3.9641, 1], "size": [3, 1, 1], "inflate": 0.25, "uv": [0, 24], "mirror": true}
					]
				},
				{
					"name": "leg2",
					"parent": "legs",
					"pivot": [-2.5, 4.5, -1.5],
					"rotation": [0, -30, 0],
					"cubes": [
						{"origin": [-9, 3.9641, -2], "size": [4, 1, 1], "inflate": 0.25, "pivot": [-5, 4.9641, -2], "rotation": [0, 0, -60], "uv": [0, 16]},
						{"origin": [-7, 0, -2], "size": [1, 1.5, 1], "inflate": 0.25, "uv": [34, 22]},
						{"origin": [-5, 3.9641, -2], "size": [3, 1, 1], "inflate": 0.25, "uv": [0, 24]}
					]
				},
				{
					"name": "leg4",
					"parent": "legs",
					"pivot": [2.5, 4.5, -1.5],
					"rotation": [0, 30, 0],
					"cubes": [
						{"origin": [5, 3.9641, -2], "size": [4, 1, 1], "inflate": 0.25, "pivot": [5, 4.9641, -2], "rotation": [0, 0, 60], "uv": [0, 16], "mirror": true},
						{"origin": [6, 0, -2], "size": [1, 1.5, 1], "inflate": 0.25, "uv": [34, 22], "mirror": true},
						{"origin": [2, 3.9641, -2], "size": [3, 1, 1], "inflate": 0.25, "uv": [0, 24], "mirror": true}
					]
				}
			]
		}
	]
}