{
	"format_version": "1.8.0",
	"animations": {
		"animation.lombre.quiet": {
			"loop": true,
			"animation_length": 1.2,
			"bones": {
				"head": {
					"position": {
						"0.0": [0, -1, -4],
						"0.6": [0, -2, -6],
						"1.2": [0, -1, -4]
					}
				},
				"body": {
					"rotation": {
						"0.0": [20, 0, 0],
						"0.6": [30, 0, 0],
						"1.2": [20, 0, 0]
					}
				},
				"arms": {
					"rotation": {
						"0.0": [15, 0, 0],
						"0.6": [10, 0, 0],
						"1.2": [15, 0, 0]
					},
					"position": {
						"0.0": [0, -1, -2],
						"0.6": [0, -2, -3],
						"1.2": [0, -1, -2]
					}
				},
				"right_arm": {
					"rotation": [-75, -35, 50]
				},
				"left_arm": {
					"rotation": [-75, 35, -50]
				}
			}
		},
		"animation.lombre.walk": {
			"loop": true,
			"animation_length": 0.8,
			"bones": {
				"lombre": {
					"position": {
						"0.0": [0, 1, 0],
						"0.2": [0, 1, 0],
						"0.4": [0, 0, 0],
						"0.6": [0, 1, 0],
						"0.8": [0, 1, 0]
					}
				},
				"head": {
					"position": {
						"0.0": [0, 0, -1],
						"0.4": [0, -1, -2],
						"0.8": [0, 0, -1]
					}
				},
				"body": {
					"rotation": {
						"0.0": [-15, 0, 0],
						"0.4": [15, 0, 0],
						"0.8": [-15, 0, 0]
					},
					"position": {
						"0.0": [0, 0, -2],
						"0.4": [0, 0, 1],
						"0.8": [0, 0, -2]
					}
				},
				"right_arm": {
					"rotation": {
						"0.0": [-20, 0, -15],
						"0.2": [20, 0, -15],
						"0.4": [20, 0, 15],
						"0.6": [-20, 0, 15],
						"0.8": [-20, 0, -15]
					}
				},
				"left_arm": {
					"rotation": {
						"0.0": [-20, 0, 15],
						"0.2": [20, 0, 15],
						"0.4": [20, 0, -15],
						"0.6": [-20, 0, -15],
						"0.8": [-20, 0, 15]
					}
				},
				"legs": {
					"rotation": {
						"0.0": [-70, 0, 0],
						"0.6": [20, 0, 0],
						"0.8": [-70, 0, 0]
					},
					"position": {
						"0.0": [0, 0, -3],
						"0.4": [0, 0, 0],
						"0.8": [0, 0, -3]
					}
				}
			}
		},
		"animation.lombre.sitting": {
			"loop": true,
			"bones": {
				"lombre": {
					"position": [0, -5.5, 0]
				},
				"arms": {
					"position": [0, 0, 2]
				},
				"right_arm": {
					"rotation": [-50, -20, 35]
				},
				"left_arm": {
					"rotation": [-50, 20, -35]
				},
				"legs": {
					"rotation": [-90, 0, 0]
				}
			}
		},
		"animation.lombre.jump": {
			"loop": true,
			"bones": {
				"arms": {
					"rotation": [-130, 0, 0]
				},
				"legs": {
					"rotation": [25, 0, 0],
					"position": [0, 0, -2]
				}
			}
		},
		"animation.lombre.attack": {
			"loop": true,
			"bones": {
				"lombre": {
					"position": [0, 0, 3]
				},
				"head": {
					"position": [0, -1, -2]
				},
				"arms": {
					"rotation": [-80, 0, 0],
					"position": [0, -1, 0]
				},
				"legs": {
					"rotation": [-50, 0, 0]
				},
				"right_leg": {
					"rotation": [0, 0, 15]
				},
				"left_leg": {
					"rotation": [0, 0, -15]
				}
			}
		},
		"animation.lombre.swimming": {
			"loop": true,
			"animation_length": 0.6,
			"bones": {
				"lombre": {
					"position": {
						"0.0": [0, -8, 0],
						"0.3": [0, -7, 0],
						"0.6": [0, -8, 0]
					}
				},
				"right_arm": {
					"rotation": {
						"0.0": [0, 0, 55],
						"0.4": [-40, 0, 55],
						"0.6": [0, 0, 55]
					}
				},
				"left_arm": {
					"rotation": {
						"0.0": [0, 0, -55],
						"0.4": [-40, 0, -55],
						"0.6": [0, 0, -55]
					}
				},
				"right_leg": {
					"rotation": {
						"0.0": [-35, 0, 0],
						"0.3": [35, 0, 0],
						"0.6": [-35, 0, 0]
					}
				},
				"left_leg": {
					"rotation": {
						"0.0": [35, 0, 0],
						"0.3": [-35, 0, 0],
						"0.6": [35, 0, 0]
					}
				}
			}
		},
		"animation.lombre.sink": {
			"loop": true,
			"animation_length": 0.6,
			"bones": {
				"lombre": {
					"position": [0, -9, 0]
				},
				"head": {
					"position": {
						"0.0": [0, -1, 0],
						"0.3": [0, -2, -1],
						"0.6": [0, -1, 0]
					}
				},
				"body": {
					"rotation": {
						"0.0": [20, 0, 0],
						"0.3": [30, 0, 0],
						"0.6": [20, 0, 0]
					},
					"position": [0, 0, 3]
				},
				"arms": {
					"rotation": {
						"0.0": [-55, 0, 0],
						"0.2": [-15, 0, 0],
						"0.6": [-55, 0, 0]
					},
					"position": [0, -1, 1]
				},
				"right_arm": {
					"rotation": [0, 0, -20]
				},
				"left_arm": {
					"rotation": [0, 0, 20]
				},
				"legs": {
					"rotation": {
						"0.0": [20, 0, 0],
						"0.4": [-15, 0, 0],
						"0.6": [20, 0, 0]
					},
					"position": [0, 0, 3]
				}
			}
		},
		"animation.lombre.direction": {
			"loop": true,
			"bones": {
				"lombre": {
					"rotation": [ "query.target_x_rotation - this", "query.target_y_rotation - this", "-math.max(-20,math.min(20,query.yaw_speed))"]
				},
				"tail": {
					"rotation": [0, 0, "math.max(-35,math.min(35,query.yaw_speed))"]
				}
			}
		},
        "animation.lombre.health_bar":{
            "loop":true,
            "bones":{
                "health_hover":{
    "rotation":["q.camera_rotation(0)","q.camera_rotation(1)-q.body_y_rotation",0],
	"position": [0,33,0],
    "scale":"query.is_in_ui?0:1.5"
                },
				"bar_green": {
					"scale": ["query.health/query.max_health*1", 1, 1]
				},
				"bar_black": {
					"scale": ["(1)+(query.health/query.max_health*-1)", 1, 1]
				}
			}
        }
	}
}