{
	"format_version": "1.8.0",
	"animations": {
		"animation.ludicolo.quiet": {
			"loop": true,
			"animation_length": 1,
			"bones": {
				"ludicolo": {
					"position": {
						"0.0": [0, 0, 0],
						"0.3": [0, 1, 0],
						"0.5": [0, 0, 0],
						"0.8": [0, 1, 0],
						"1.0": [0, 0, 0]
					}
				},
				"body_root": {
					"rotation": {
						"0.0": [0, 0, -10],
						"0.5": [0, 0, 10],
						"1.0": [0, 0, -10]
					}
				},
				"mouth": {
					"position": {
						"0.0": [0, 0, 0],
						"0.3": [0, 1, 0.2],
						"0.5": [0, 0, 0],
						"0.8": [0, 1, 0.2],
						"1.0": [0, 0, 0]
					}
				},
				"arms": {
					"rotation": {
						"0.0": [0, 0, 0],
						"0.3": [20, 0, 0],
						"0.5": [0, 0, 0],
						"0.8": [20, 0, 0],
						"1.0": [0, 0, 0]
					}
				},
				"right_arm": {
					"rotation": {
						"0.0": [0, 0, 20],
						"0.5": [0, 0, 0],
						"1.0": [0, 0, 20]
					}
				},
				"right_leg": {
					"rotation": {
						"0.0": [0, 0, 0],
						"0.5": [-45, 0, 0],
						"1.0": [0, 0, 0]
					},
					"position": {
						"0.0": [0, 0, 0],
						"0.5": [0, 0, -2],
						"1.0": [0, 0, 0]
					}
				},
				"left_arm": {
					"rotation": {
						"0.0": [0, 0, 0],
						"0.5": [0, 0, -20],
						"1.0": [0, 0, 0]
					}
				},
				"left_leg": {
					"rotation": {
						"0.0": [-45, 0, 0],
						"0.5": [0, 0, 0],
						"1.0": [-45, 0, 0]
					},
					"position": {
						"0.0": [0, 0, -2],
						"0.5": [0, 0, 0],
						"1.0": [0, 0, -2]
					}
				}
			}
		},
		"animation.ludicolo.walk": {
			"loop": true,
			"animation_length": 0.8,
			"bones": {
				"ludicolo": {
					"position": {
						"0.0": [0, 1, 0],
						"0.2": [0, 0, 0],
						"0.4": [0, 1, 0],
						"0.6": [0, 0, 0],
						"0.8": [0, 1, 0]
					}
				},
				"body_root": {
					"rotation": {
						"0.0": [-5, 0, 0],
						"0.1": [5, 0, 0],
						"0.4": [-5, 0, 0],
						"0.5": [5, 0, 0],
						"0.8": [-5, 0, 0]
					}
				},
				"mouth": {
					"position": [0, 2, 0.7]
				},
				"arms": {
					"position": {
						"0.0": [0, 2, 4],
						"0.3": [0, 1, 4],
						"0.4": [0, 2, 4],
						"0.7": [0, 1, 4],
						"0.8": [0, 2, 4]
					}
				},
				"right_arm": {
					"rotation": [0, 85, 0],
					"position": [3, 0, 0]
				},
				"right_leg": {
					"rotation": {
						"0.0": [35, 0, 0],
						"0.4": [-35, 0, 0],
						"0.8": [35, 0, 0]
					}
				},
				"left_arm": {
					"rotation": [0, -85, 0],
					"position": [-3, 0, 0]
				},
				"left_leg": {
					"rotation": {
						"0.0": [-35, 0, 0],
						"0.4": [35, 0, 0],
						"0.8": [-35, 0, 0]
					}
				}
			}
		},
		"animation.ludicolo.sitting": {
			"loop": true,
			"bones": {
				"ludicolo": {
					"position": [0, -2, 0]
				},
				"mouth": {
					"position": [0, 3, 1.1]
				},
				"arms": {
					"rotation": [55, 0, 0],
					"position": [0, 1, -3]
				},
				"right_arm": {
					"rotation": [0, -45, 0]
				},
				"legs": {
					"rotation": [-90, 0, 0],
					"position": [0, 0, -4]
				},
				"right_leg": {
					"rotation": [0, 0, 20],
					"position": [-1, 0, 0]
				},
				"left_arm": {
					"rotation": [0, 45, 0]
				},
				"left_leg": {
					"rotation": [0, 0, -20],
					"position": [1, 0, 0]
				}
			}
		},
		"animation.ludicolo.jump": {
			"loop": true,
			"bones": {
				"ludicolo": {
					"position": [0, 1, 0]
				},
				"arms": {
					"rotation": [-45, 0, 0]
				},
				"right_arm": {
					"rotation": [0, -10, 25]
				},
				"legs": {
					"rotation": [35, 0, 0],
					"position": [0, -1, 0]
				},
				"left_arm": {
					"rotation": [0, 10, -25]
				}
			}
		},
		"animation.ludicolo.attack": {
			"loop": true,
			"bones": {
				"ludicolo": {
					"position": [0, 0, 3]
				},
				"body": {
					"rotation": [30, 0, 0]
				},
				"mouth": {
					"position": [0, 3, 1.1]
				},
				"right_arm": {
					"rotation": [90, -65, 0],
					"position": [0, -4, -2]
				},
				"right_leg": {
					"position": [0, 0, 1]
				},
				"left_arm": {
					"rotation": [0, 80, 0],
					"position": [0, -8, -2]
				},
				"left_leg": {
					"position": [0, 0, -3]
				}
			}
		},
		"animation.ludicolo.swimming": {
			"loop": true,
			"animation_length": 0.6,
			"bones": {
				"ludicolo": {
					"position": {
						"0.0": [0, -1, 0],
						"0.3": [0, 0, 0],
						"0.6": [0, -1, 0]
					}
				},
				"mouth": {
					"position": [0, 3, 1.1]
				},
				"arms": {
					"rotation": [-30, 0, 0]
				},
				"right_arm": {
					"rotation": {
						"0.0": [20, -90, 0],
						"0.4": [45, -90, 0],
						"0.6": [20, -90, 0]
					}
				},
				"right_leg": {
					"rotation": {
						"0.0": [-45, 0, 0],
						"0.3": [45, 0, 0],
						"0.6": [-45, 0, 0]
					}
				},
				"left_arm": {
					"rotation": {
						"0.0": [20, 90, 0],
						"0.4": [45, 90, 0],
						"0.6": [20, 90, 0]
					}
				},
				"left_leg": {
					"rotation": {
						"0.0": [45, 0, 0],
						"0.3": [-45, 0, 0],
						"0.6": [45, 0, 0]
					}
				}
			}
		},
		"animation.ludicolo.sink": {
			"loop": true,
			"animation_length": 0.8,
			"bones": {
				"ludicolo": {
					"rotation": {
						"0.0": [0, 0, 0],
						"0.8": [0, 0, 360]
					},
					"position": [0, 0, 9]
				},
				"body_root": {
					"rotation": [90, 0, 0],
					"position": [0, -3, 0]
				},
				"arms": {
					"position": {
						"0.0": [0, 2, 4],
						"0.3": [0, 1, 4],
						"0.4": [0, 2, 4],
						"0.7": [0, 1, 4],
						"0.8": [0, 2, 4]
					}
				},
				"right_arm": {
					"rotation": [0, 85, 0],
					"position": [3, 0, 0]
				},
				"legs": {
					"rotation": [90, 0, 0],
					"position": [0, -4, 0]
				},
				"left_arm": {
					"rotation": [0, -85, 0],
					"position": [-3, 0, 0]
				}
			}
		},
		"animation.ludicolo.direction": {
			"loop": true,
			"bones": {
				"ludicolo": {
					"rotation": [ "query.target_x_rotation - this", "query.target_y_rotation - this", "-math.max(-20,math.min(20,query.yaw_speed))"]
				},
				"tail": {
					"rotation": [0, 0, "math.max(-35,math.min(35,query.yaw_speed))"]
				}
			}
		},
        "animation.ludicolo.health_bar":{
            "loop":true,
            "bones":{
                "health_hover":{
    "rotation":["q.camera_rotation(0)","q.camera_rotation(1)-q.body_y_rotation",0],
	"position": [0,34,0],
    "scale":"query.is_in_ui?0:1.5"
                },
				"bar_green": {
					"scale": ["query.health/query.max_health*1", 1, 1]
				},
				"bar_black": {
					"scale": ["(1)+(query.health/query.max_health*-1)", 1, 1]
				}
			}
        }
	}
}