{
	"format_version": "1.8.0",
	"animations": {
		"animation.lotad.quiet": {
			"loop": true,
			"animation_length": 1.6,
			"bones": {
				"cap": {
					"rotation": {
						"0.0": [0, 10, 0],
						"0.8": [0, -10, 0],
						"1.6": [0, 10, 0]
					}
				},
				"body": {
					"rotation": {
						"0.0": [0, 0, -5],
						"0.8": [0, 0, 5],
						"1.6": [0, 0, -5]
					},
					"position": {
						"0.0": [0, -0.2, 0],
						"0.4": [0, 0, 0],
						"0.8": [0, -0.2, 0],
						"1.2": [0, 0, 0],
						"1.6": [0, -0.2, 0]
					}
				}
			}
		},
		"animation.lotad.walk": {
			"loop": true,
			"animation_length": 0.6,
			"bones": {
				"cap": {
					"rotation": {
						"0.0": [-5, 0, 0],
						"0.4": [5, 0, 0],
						"0.6": [-5, 0, 0]
					},
					"position": [0, 0.2, 0]
				},
				"body": {
					"rotation": {
						"0.0": [-5, 0, 0],
						"0.3": [5, 0, 0],
						"0.6": [-5, 0, 0]
					}
				},
				"right_legs": {
					"position": {
						"0.0": [0, 0, 0.5],
						"0.2": [0, 1, 0],
						"0.4": [0, 0, -0.5],
						"0.6": [0, 0, 0.5]
					}
				},
				"left_legs": {
					"position": {
						"0.0": [0, 0, 0.5],
						"0.2": [0, 1, 0],
						"0.4": [0, 0, -0.5],
						"0.6": [0, 0, 0.5]
					}
				}
			}
		},
		"animation.lotad.sitting": {
			"loop": true,
			"bones": {
				"cap": {
					"position": [0, -0.5, 0]
				},
				"body": {
					"position": [0, -0.5, 0]
				},
				"right_legs": {
					"rotation": [0, 0, -45],
					"position": [-0.1, 0.5, 0]
				},
				"left_legs": {
					"rotation": [0, 0, 45],
					"position": [0.1, 0.5, 0]
				}
			}
		},
		"animation.lotad.jump": {
			"loop": true,
			"bones": {
				"lotad": {
					"rotation": [-15, 0, 0],
					"position": [0, 1, -1]
				}
			}
		},
		"animation.lotad.attack": {
			"loop": true,
			"bones": {
				"cap": {
					"rotation": [10, 0, 0],
					"scale": 1.2
				},
				"body": {
					"rotation": [10, 0, 0],
					"position": [0, -0.5, 0]
				}
			}
		},
		"animation.lotad.swimming": {
			"loop": true,
			"animation_length": 0.8,
			"bones": {
				"lotad": {
					"position": {
						"0.0": [0, -4.5, 0],
						"0.4": [0, -5.5, 0],
						"0.8": [0, -4.5, 0]
					}
				}
			}
		},
		"animation.lotad.sink": {
			"loop": true,
			"animation_length": 0.6,
			"bones": {
				"right_legs": {
					"position": {
						"0.0": [0, 0, 0.5],
						"0.2": [0, 1, 0],
						"0.4": [0, 0, -0.5],
						"0.6": [0, 0, 0.5]
					}
				},
				"left_legs": {
					"position": {
						"0.0": [0, 0, 0.5],
						"0.2": [0, 1, 0],
						"0.4": [0, 0, -0.5],
						"0.6": [0, 0, 0.5]
					}
				},
				"lotad": {
					"position": {
						"0.0": [0, -3, 0],
						"0.5": [0, -3, -1],
						"0.6": [0, -3, 0]
					}
				}
			}
		},
		"animation.lotad.direction": {
			"loop": true,
			"bones": {
				"lotad": {
					"rotation": [ "query.target_x_rotation - this", "query.target_y_rotation - this", "-math.max(-20,math.min(20,query.yaw_speed))"]
				},
				"tail": {
					"rotation": [0, 0, "math.max(-35,math.min(35,query.yaw_speed))"]
				}
			}
		},
        "animation.lotad.health_bar":{
            "loop":true,
            "bones":{
                "health_hover":{
    "rotation":["q.camera_rotation(0)","q.camera_rotation(1)-q.body_y_rotation",0],
	"position": [0,20,0],
    "scale":"query.is_in_ui?0:1.5"
                },
				"bar_green": {
					"scale": ["query.health/query.max_health*1", 1, 1]
				},
				"bar_black": {
					"scale": ["(1)+(query.health/query.max_health*-1)", 1, 1]
				}
			}
        }
	}
}