{
	"format_version": "1.12.0",
	"minecraft:geometry": [
		{
			"description": {
				"identifier": "geometry.serpswampert",
				"texture_width": 96,
				"texture_height": 96,
				"visible_bounds_width": 4,
				"visible_bounds_height": 3.5,
				"visible_bounds_offset": [0, 1.25, 0]
			},
			"bones": [
				{
					"name": "swampert",
					"pivot": [0, 0, 0]
				},
				{
					"name": "body_root",
					"parent": "swampert",
					"pivot": [0, 3, 0]
				},
				{
					"name": "head",
					"parent": "body_root",
					"pivot": [0, 13, -8],
					"cubes": [
						{"origin": [-4.5, 12, -13.5], "size": [9, 6, 7], "uv": [0, 41]},
						{"origin": [-4, 17.5, -13], "size": [8, 1, 6], "uv": [46, 19]},
						{"origin": [-4, 11.5, -13], "size": [8, 1, 6], "uv": [46, 19]},
						{"origin": [-2, 17.5, -14], "size": [0, 8, 8], "pivot": [-2, 17.5, -10], "rotation": [0, 0, -20], "uv": [54, 49]},
						{"origin": [2, 17.5, -14], "size": [0, 8, 8], "pivot": [2, 17.5, -10], "rotation": [0, 0, 20], "uv": [54, 49], "mirror": true},
						{"origin": [-5, 12.5, -13], "size": [1, 5, 6], "uv": [13, 64]},
						{"origin": [4, 12.5, -13], "size": [1, 5, 6], "uv": [13, 64], "mirror": true},
						{"origin": [-10, 15, -12.5], "size": [6, 0, 5], "pivot": [0, 15, -10], "rotation": [20, 0, 0], "uv": [46, 27]},
						{"origin": [4, 15, -12.5], "size": [6, 0, 5], "pivot": [0, 15, -10], "rotation": [20, 0, 0], "uv": [46, 27], "mirror": true},
						{"origin": [-4, 12.5, -14], "size": [8, 5, 1], "uv": [65, 33]},
						{"origin": [-4, 12.5, -7], "size": [8, 5, 1], "uv": [65, 33]}
					]
				},
				{
					"name": "open_eyes",
					"parent": "head",
					"pivot": [0, 12, -10],
					"cubes": [
						{"origin": [-3.5, 15, -14.05], "size": [7, 2, 0], "uv": [0, 78]}
					]
				},
				{
					"name": "closed_eyes",
					"parent": "head",
					"pivot": [0, 12, -10],
					"cubes": [
						{"origin": [-3.5, 15, -14.05], "size": [7, 2, 0], "uv": [0, 80]}
					]
				},
				{
					"name": "angry_eyes",
					"parent": "head",
					"pivot": [0, 12, -10],
					"cubes": [
						{"origin": [-3.5, 15, -14.05], "size": [7, 2, 0], "uv": [0, 82]}
					]
				},
				{
					"name": "body",
					"parent": "body_root",
					"pivot": [0, 4, 6.5],
					"rotation": [-10, 0, 0],
					"cubes": [
						{"origin": [-4.5, 3, -3.5], "size": [9, 7, 11], "uv": [16, 22]},
						{"origin": [-1, 9.5, 4], "size": [2, 4, 4], "pivot": [0, 9.5, 8], "rotation": [35, 0, 0], "uv": [0, 0]},
						{"origin": [-3, 3, -11.5], "size": [6, 7, 8], "pivot": [0, 3, -3.5], "rotation": [-30, 0, 0], "uv": [33, 41]},
						{"origin": [-2.5, 3.5, -12], "size": [5, 6, 1], "pivot": [0, 3, -3.5], "rotation": [-30, 0, 0], "uv": [27, 12]},
						{"origin": [-3.5, 3.5, -11], "size": [1, 6, 8], "pivot": [0, 3, -3.5], "rotation": [-30, 0, 0], "uv": [54, 33]},
						{"origin": [2.5, 3.5, -11], "size": [1, 6, 8], "pivot": [0, 3, -3.5], "rotation": [-30, 0, 0], "uv": [54, 33], "mirror": true},
						{"origin": [-4, 9.5, -3], "size": [8, 1, 10], "uv": [14, 0]},
						{"origin": [-4, 2.5, -3], "size": [8, 1, 10], "uv": [14, 0]},
						{"origin": [-5, 3.5, -3], "size": [1, 6, 10], "uv": [41, 2]},
						{"origin": [4, 3.5, -3], "size": [1, 6, 10], "uv": [41, 2], "mirror": true},
						{"origin": [-4, 3.5, 7], "size": [8, 6, 1], "uv": [64, 9]},
						{"origin": [0, 0.5, 0], "size": [0, 23, 13], "uv": [55, 53]}
					]
				},
				{
					"name": "arms",
					"parent": "body_root",
					"pivot": [0, 9.5, -6],
					"rotation": [45, 0, 0]
				},
				{
					"name": "right_arm",
					"parent": "arms",
					"pivot": [-3.5, 9.5, -6],
					"rotation": [0, -35, 0],
					"cubes": [
						{"origin": [-10.5, 8, -7.5], "size": [7, 3, 3], "uv": [63, 48]},
						{"origin": [-17.5, 7.5, -8.5], "size": [7, 4, 4], "pivot": [-10.5, 9.5, -4.5], "rotation": [0, -45, 0], "uv": [54, 0]},
						{"origin": [-17, 11.5, -7.5], "size": [5, 1, 2], "pivot": [-10.5, 9.5, -4.5], "rotation": [0, -45, 0], "uv": [0, 33]},
						{"origin": [-20.42893, 10.5, -12.5], "size": [5, 1, 2], "pivot": [-15.5, 11.5, -9.5], "rotation": [0, -45, 0], "uv": [0, 74]},
						{"origin": [-19.42893, 10, -11.5], "size": [5, 1, 2], "pivot": [-15.5, 11.5, -9.5], "rotation": [0, -20, 0], "uv": [0, 74]},
						{"origin": [-16.42893, 10, -12.25736], "size": [5, 1, 2], "pivot": [-12.5, 11.5, -12.5], "rotation": [0, -70, 0], "uv": [0, 74]}
					]
				},
				{
					"name": "left_arm",
					"parent": "arms",
					"pivot": [3.5, 9.5, -6],
					"rotation": [0, 35, 0],
					"cubes": [
						{"origin": [3.5, 8, -7.5], "size": [7, 3, 3], "uv": [63, 48], "mirror": true},
						{"origin": [10.5, 7.5, -8.5], "size": [7, 4, 4], "pivot": [10.5, 9.5, -4.5], "rotation": [0, 45, 0], "uv": [54, 0], "mirror": true},
						{"origin": [12, 11.5, -7.5], "size": [5, 1, 2], "pivot": [10.5, 9.5, -4.5], "rotation": [0, 45, 0], "uv": [0, 33], "mirror": true},
						{"origin": [15.42893, 10.5, -12.5], "size": [5, 1, 2], "pivot": [15.5, 11.5, -9.5], "rotation": [0, 45, 0], "uv": [0, 74], "mirror": true},
						{"origin": [14.42893, 10, -11.5], "size": [5, 1, 2], "pivot": [15.5, 11.5, -9.5], "rotation": [0, 20, 0], "uv": [0, 74], "mirror": true},
						{"origin": [11.42893, 10, -12.25736], "size": [5, 1, 2], "pivot": [12.5, 11.5, -12.5], "rotation": [0, 70, 0], "uv": [0, 74], "mirror": true}
					]
				},
				{
					"name": "legs",
					"parent": "swampert",
					"pivot": [0, 6, 5]
				},
				{
					"name": "right_leg",
					"parent": "legs",
					"pivot": [-4, 6, 5],
					"rotation": [0, 35, 0],
					"cubes": [
						{"origin": [-5.5, 0, 0], "size": [4, 5, 4], "uv": [38, 62]},
						{"origin": [-5.5, 0, -2], "size": [4, 1, 2], "uv": [0, 9]},
						{"origin": [-5.5, 5, 0], "size": [4, 6, 5], "pivot": [-3.5, 5, 0], "rotation": [-45, 0, 0], "uv": [0, 55]},
						{"origin": [-6, 5, 1.5], "size": [1, 5, 2], "pivot": [-3.5, 5, 0], "rotation": [-45, 0, 0], "uv": [0, 40]},
						{"origin": [-5, 5.5, -0.5], "size": [3, 5, 1], "pivot": [-3.5, 5, 0], "rotation": [-45, 0, 0], "uv": [14, 0]}
					]
				},
				{
					"name": "left_leg",
					"parent": "legs",
					"pivot": [4, 6, 5],
					"rotation": [0, -35, 0],
					"cubes": [
						{"origin": [1.5, 0, 0], "size": [4, 5, 4], "uv": [38, 62], "mirror": true},
						{"origin": [1.5, 0, -2], "size": [4, 1, 2], "uv": [0, 9], "mirror": true},
						{"origin": [1.5, 5, 0], "size": [4, 6, 5], "pivot": [3.5, 5, 0], "rotation": [-45, 0, 0], "uv": [0, 55], "mirror": true},
						{"origin": [5, 5, 1.5], "size": [1, 5, 2], "pivot": [3.5, 5, 0], "rotation": [-45, 0, 0], "uv": [0, 40], "mirror": true},
						{"origin": [2, 5.5, -0.5], "size": [3, 5, 1], "pivot": [3.5, 5, 0], "rotation": [-45, 0, 0], "uv": [14, 0], "mirror": true}
					]
				}
			]
		},
		{
			"description": {
				"identifier": "geometry.serpswampert_aura",
				"texture_width": 96,
				"texture_height": 96,
				"visible_bounds_width": 4,
				"visible_bounds_height": 3.5,
				"visible_bounds_offset": [0, 1.25, 0]
			},
			"bones": [
				{
					"name": "swampert",
					"pivot": [0, 0, 0]
				},
				{
					"name": "body_root",
					"parent": "swampert",
					"pivot": [0, 3, 0]
				},
				{
					"name": "head",
					"parent": "body_root",
					"pivot": [0, 13, -8],
					"cubes": [
						{"origin": [-4.5, 12, -13.5], "size": [9, 6, 7], "inflate": 0.25, "uv": [0, 41]},
						{"origin": [-4, 17.5, -13], "size": [8, 1, 6], "inflate": 0.25, "uv": [46, 19]},
						{"origin": [-4, 11.5, -13], "size": [8, 1, 6], "inflate": 0.25, "uv": [46, 19]},
						{"origin": [-2, 17.5, -14], "size": [0, 8, 8], "inflate": 0.25, "pivot": [-2, 17.5, -10], "rotation": [0, 0, -20], "uv": [54, 49]},
						{"origin": [2, 17.5, -14], "size": [0, 8, 8], "inflate": 0.25, "pivot": [2, 17.5, -10], "rotation": [0, 0, 20], "uv": [54, 49], "mirror": true},
						{"origin": [-5, 12.5, -13], "size": [1, 5, 6], "inflate": 0.25, "uv": [13, 64]},
						{"origin": [4, 12.5, -13], "size": [1, 5, 6], "inflate": 0.25, "uv": [13, 64], "mirror": true},
						{"origin": [-10, 15, -12.5], "size": [6, 0, 5], "inflate": 0.25, "pivot": [0, 15, -10], "rotation": [20, 0, 0], "uv": [46, 27]},
						{"origin": [4, 15, -12.5], "size": [6, 0, 5], "inflate": 0.25, "pivot": [0, 15, -10], "rotation": [20, 0, 0], "uv": [46, 27], "mirror": true},
						{"origin": [-4, 12.5, -14], "size": [8, 5, 1], "inflate": 0.25, "uv": [65, 33]},
						{"origin": [-4, 12.5, -7], "size": [8, 5, 1], "inflate": 0.25, "uv": [65, 33]}
					]
				},
				{
					"name": "open_eyes",
					"parent": "head",
					"pivot": [0, 12, -10],
					"cubes": [
						{"origin": [-3.5, 15, -14.05], "size": [7, 2, 0], "inflate": 0.25, "uv": [0, 78]}
					]
				},
				{
					"name": "closed_eyes",
					"parent": "head",
					"pivot": [0, 12, -10],
					"cubes": [
						{"origin": [-3.5, 15, -14.05], "size": [7, 2, 0], "inflate": 0.25, "uv": [0, 80]}
					]
				},
				{
					"name": "angry_eyes",
					"parent": "head",
					"pivot": [0, 12, -10],
					"cubes": [
						{"origin": [-3.5, 15, -14.05], "size": [7, 2, 0], "inflate": 0.25, "uv": [0, 82]}
					]
				},
				{
					"name": "body",
					"parent": "body_root",
					"pivot": [0, 4, 6.5],
					"rotation": [-10, 0, 0],
					"cubes": [
						{"origin": [-4.5, 3, -3.5], "size": [9, 7, 11], "inflate": 0.25, "uv": [16, 22]},
						{"origin": [-1, 9.5, 4], "size": [2, 4, 4], "inflate": 0.25, "pivot": [0, 9.5, 8], "rotation": [35, 0, 0], "uv": [0, 0]},
						{"origin": [-3, 3, -11.5], "size": [6, 7, 8], "inflate": 0.25, "pivot": [0, 3, -3.5], "rotation": [-30, 0, 0], "uv": [33, 41]},
						{"origin": [-2.5, 3.5, -12], "size": [5, 6, 1], "inflate": 0.25, "pivot": [0, 3, -3.5], "rotation": [-30, 0, 0], "uv": [27, 12]},
						{"origin": [-3.5, 3.5, -11], "size": [1, 6, 8], "inflate": 0.25, "pivot": [0, 3, -3.5], "rotation": [-30, 0, 0], "uv": [54, 33]},
						{"origin": [2.5, 3.5, -11], "size": [1, 6, 8], "inflate": 0.25, "pivot": [0, 3, -3.5], "rotation": [-30, 0, 0], "uv": [54, 33], "mirror": true},
						{"origin": [-4, 9.5, -3], "size": [8, 1, 10], "inflate": 0.25, "uv": [14, 0]},
						{"origin": [-4, 2.5, -3], "size": [8, 1, 10], "inflate": 0.25, "uv": [14, 0]},
						{"origin": [-5, 3.5, -3], "size": [1, 6, 10], "inflate": 0.25, "uv": [41, 2]},
						{"origin": [4, 3.5, -3], "size": [1, 6, 10], "inflate": 0.25, "uv": [41, 2], "mirror": true},
						{"origin": [-4, 3.5, 7], "size": [8, 6, 1], "inflate": 0.25, "uv": [64, 9]},
						{"origin": [0, 0.5, 0], "size": [0, 23, 13], "inflate": 0.25, "uv": [55, 53]}
					]
				},
				{
					"name": "arms",
					"parent": "body_root",
					"pivot": [0, 9.5, -6],
					"rotation": [45, 0, 0]
				},
				{
					"name": "right_arm",
					"parent": "arms",
					"pivot": [-3.5, 9.5, -6],
					"rotation": [0, -35, 0],
					"cubes": [
						{"origin": [-10.5, 8, -7.5], "size": [7, 3, 3], "inflate": 0.25, "uv": [63, 48]},
						{"origin": [-17.5, 7.5, -8.5], "size": [7, 4, 4], "inflate": 0.25, "pivot": [-10.5, 9.5, -4.5], "rotation": [0, -45, 0], "uv": [54, 0]},
						{"origin": [-17, 11.5, -7.5], "size": [5, 1, 2], "inflate": 0.25, "pivot": [-10.5, 9.5, -4.5], "rotation": [0, -45, 0], "uv": [0, 33]},
						{"origin": [-20.42893, 10.5, -12.5], "size": [5, 1, 2], "inflate": 0.25, "pivot": [-15.5, 11.5, -9.5], "rotation": [0, -45, 0], "uv": [0, 74]},
						{"origin": [-19.42893, 10, -11.5], "size": [5, 1, 2], "inflate": 0.25, "pivot": [-15.5, 11.5, -9.5], "rotation": [0, -20, 0], "uv": [0, 74]},
						{"origin": [-16.42893, 10, -12.25736], "size": [5, 1, 2], "inflate": 0.25, "pivot": [-12.5, 11.5, -12.5], "rotation": [0, -70, 0], "uv": [0, 74]}
					]
				},
				{
					"name": "left_arm",
					"parent": "arms",
					"pivot": [3.5, 9.5, -6],
					"rotation": [0, 35, 0],
					"cubes": [
						{"origin": [3.5, 8, -7.5], "size": [7, 3, 3], "inflate": 0.25, "uv": [63, 48], "mirror": true},
						{"origin": [10.5, 7.5, -8.5], "size": [7, 4, 4], "inflate": 0.25, "pivot": [10.5, 9.5, -4.5], "rotation": [0, 45, 0], "uv": [54, 0], "mirror": true},
						{"origin": [12, 11.5, -7.5], "size": [5, 1, 2], "inflate": 0.25, "pivot": [10.5, 9.5, -4.5], "rotation": [0, 45, 0], "uv": [0, 33], "mirror": true},
						{"origin": [15.42893, 10.5, -12.5], "size": [5, 1, 2], "inflate": 0.25, "pivot": [15.5, 11.5, -9.5], "rotation": [0, 45, 0], "uv": [0, 74], "mirror": true},
						{"origin": [14.42893, 10, -11.5], "size": [5, 1, 2], "inflate": 0.25, "pivot": [15.5, 11.5, -9.5], "rotation": [0, 20, 0], "uv": [0, 74], "mirror": true},
						{"origin": [11.42893, 10, -12.25736], "size": [5, 1, 2], "inflate": 0.25, "pivot": [12.5, 11.5, -12.5], "rotation": [0, 70, 0], "uv": [0, 74], "mirror": true}
					]
				},
				{
					"name": "legs",
					"parent": "swampert",
					"pivot": [0, 6, 5]
				},
				{
					"name": "right_leg",
					"parent": "legs",
					"pivot": [-4, 6, 5],
					"rotation": [0, 35, 0],
					"cubes": [
						{"origin": [-5.5, 0, 0], "size": [4, 5, 4], "inflate": 0.25, "uv": [38, 62]},
						{"origin": [-5.5, 0, -2], "size": [4, 1, 2], "inflate": 0.25, "uv": [0, 9]},
						{"origin": [-5.5, 5, 0], "size": [4, 6, 5], "inflate": 0.25, "pivot": [-3.5, 5, 0], "rotation": [-45, 0, 0], "uv": [0, 55]},
						{"origin": [-6, 5, 1.5], "size": [1, 5, 2], "inflate": 0.25, "pivot": [-3.5, 5, 0], "rotation": [-45, 0, 0], "uv": [0, 40]},
						{"origin": [-5, 5.5, -0.5], "size": [3, 5, 1], "inflate": 0.25, "pivot": [-3.5, 5, 0], "rotation": [-45, 0, 0], "uv": [14, 0]}
					]
				},
				{
					"name": "left_leg",
					"parent": "legs",
					"pivot": [4, 6, 5],
					"rotation": [0, -35, 0],
					"cubes": [
						{"origin": [1.5, 0, 0], "size": [4, 5, 4], "inflate": 0.25, "uv": [38, 62], "mirror": true},
						{"origin": [1.5, 0, -2], "size": [4, 1, 2], "inflate": 0.25, "uv": [0, 9], "mirror": true},
						{"origin": [1.5, 5, 0], "size": [4, 6, 5], "inflate": 0.25, "pivot": [3.5, 5, 0], "rotation": [-45, 0, 0], "uv": [0, 55], "mirror": true},
						{"origin": [5, 5, 1.5], "size": [1, 5, 2], "inflate": 0.25, "pivot": [3.5, 5, 0], "rotation": [-45, 0, 0], "uv": [0, 40], "mirror": true},
						{"origin": [2, 5.5, -0.5], "size": [3, 5, 1], "inflate": 0.25, "pivot": [3.5, 5, 0], "rotation": [-45, 0, 0], "uv": [14, 0], "mirror": true}
					]
				}
			]
		},
		{
			"description": {
				"identifier": "geometry.serpswampert_mega",
				"texture_width": 96,
				"texture_height": 96,
				"visible_bounds_width": 4,
				"visible_bounds_height": 3.5,
				"visible_bounds_offset": [0, 1.25, 0]
			},
			"bones": [
				{
					"name": "swampert",
					"pivot": [0, 0, 0]
				},
				{
					"name": "body_root",
					"parent": "swampert",
					"pivot": [0, 3, 0]
				},
				{
					"name": "head",
					"parent": "body_root",
					"pivot": [0, 11, -14],
					"cubes": [
						{"origin": [-4.5, 8, -19.5], "size": [9, 6, 7], "uv": [31, 49]},
						{"origin": [-4, 13.5, -19], "size": [8, 1, 6], "uv": [0, 14]},
						{"origin": [-4, 7.5, -19], "size": [8, 1, 6], "uv": [0, 14]},
						{"origin": [-2, 13.5, -20], "size": [0, 4, 9], "pivot": [-2, 13.5, -16], "rotation": [0, 0, -20], "uv": [0, 70]},
						{"origin": [0, 13.5, -19.5], "size": [0, 3, 8], "uv": [0, 71]},
						{"origin": [2, 13.5, -20], "size": [0, 4, 8], "pivot": [2, 13.5, -16], "rotation": [0, 0, 20], "uv": [0, 71], "mirror": true},
						{"origin": [-5, 8.5, -19], "size": [1, 5, 6], "uv": [77, 76]},
						{"origin": [4, 8.5, -19], "size": [1, 5, 6], "uv": [77, 76], "mirror": true},
						{"origin": [-11, 6, -16], "size": [6, 12, 0], "pivot": [0, 11, -16], "rotation": [-15, 0, 0], "uv": [28, 74]},
						{"origin": [5, 6, -16], "size": [6, 12, 0], "pivot": [0, 11, -16], "rotation": [-15, 0, 0], "uv": [28, 74], "mirror": true},
						{"origin": [-4, 8.5, -20], "size": [8, 5, 1], "uv": [59, 34]},
						{"origin": [-4, 8.5, -13], "size": [8, 5, 1], "uv": [59, 34]}
					]
				},
				{
					"name": "open_eyes",
					"parent": "head",
					"pivot": [0, 8, -16],
					"cubes": [
						{"origin": [-3.5, 11, -20.05], "size": [7, 2, 0], "uv": [0, 90]}
					]
				},
				{
					"name": "closed_eyes",
					"parent": "head",
					"pivot": [0, 8, -16],
					"cubes": [
						{"origin": [-3.5, 11, -20.05], "size": [7, 2, 0], "uv": [0, 92]}
					]
				},
				{
					"name": "angry_eyes",
					"parent": "head",
					"pivot": [0, 8, -16],
					"cubes": [
						{"origin": [-3.5, 11, -20.05], "size": [7, 2, 0], "uv": [0, 94]}
					]
				},
				{
					"name": "body",
					"parent": "body_root",
					"pivot": [0, 4, 6.5],
					"cubes": [
						{"origin": [-3.5, 3, -0.5], "size": [7, 7, 8], "uv": [0, 49]},
						{"origin": [-4, 2.5, -8], "size": [7, 3, 8], "pivot": [-0.5, 2.5, 0], "rotation": [-18, 0, 0], "uv": [56, 56]},
						{"origin": [-3.5, 10, 0], "size": [7, 8.88, 5], "pivot": [0, 10, 5], "rotation": [38.2, 0, 0], "uv": [0, 0]},
						{"origin": [-2.5, 5, 7.5], "size": [5, 5, 5], "pivot": [0, 10, 7.5], "rotation": [-45, 0, 0], "uv": [67, 0]},
						{"origin": [-6, 5, -11.5], "size": [12, 12, 11], "uv": [30, 1]},
						{"origin": [-12, 17, -10], "size": [7, 1, 2], "pivot": [-5, 17, -9.5], "rotation": [0, 90, 0], "uv": [30, 25]},
						{"origin": [5, 17, -10], "size": [7, 1, 2], "pivot": [5, 17, -9.5], "rotation": [0, -90, 0], "uv": [30, 25], "mirror": true},
						{"origin": [-5, 6, -12.5], "size": [10, 10, 1], "uv": [54, 82]},
						{"origin": [-3, 17, -11.5], "size": [0, 4, 10], "pivot": [-3, 17, -7.5], "rotation": [0, 0, -15], "uv": [0, 64]},
						{"origin": [3, 17, -11.5], "size": [0, 4, 10], "pivot": [3, 17, -7.5], "rotation": [0, 0, 15], "uv": [0, 64], "mirror": true},
						{"origin": [-2.5, 3.5, -12], "size": [5, 6, 1], "pivot": [0, 3, -3.5], "rotation": [-30, 0, 0], "uv": [78, 34]},
						{"origin": [-3, 2.5, 0], "size": [6, 1, 7], "uv": [59, 25]},
						{"origin": [-4, 3.5, 0], "size": [1, 6, 7], "uv": [66, 68]},
						{"origin": [3, 3.5, 0], "size": [1, 6, 7], "uv": [66, 68], "mirror": true},
						{"origin": [-2, 3.5, 7], "size": [4, 6, 1], "uv": [30, 0]},
						{"origin": [0, 0.5, -12.5], "size": [0, 19, 29], "uv": [0, 0]}
					]
				},
				{
					"name": "arms",
					"parent": "body_root",
					"pivot": [0, 10.5, -6],
					"rotation": [45, 0, 0]
				},
				{
					"name": "right_arm",
					"parent": "arms",
					"pivot": [-6.5, 10.5, -6],
					"rotation": [0, -35, 0],
					"cubes": [
						{"origin": [-12.5, 8, -8.5], "size": [6, 5, 5], "uv": [26, 63]},
						{"origin": [-22.5, 7.5, -9.5], "size": [10, 6, 6], "pivot": [-13.5, 10.5, -4.5], "rotation": [0, -45, 0], "uv": [57, 43]},
						{"origin": [-21.5, 13, -8.5], "size": [8, 1, 4], "pivot": [-13.5, 10.5, -4.5], "rotation": [0, -45, 0], "uv": [0, 22]},
						{"origin": [-21.5, 7, -8.5], "size": [8, 1, 4], "pivot": [-13.5, 10.5, -4.5], "rotation": [0, -45, 0], "uv": [0, 22]},
						{"origin": [-21.5, 8.5, -4], "size": [8, 4, 1], "pivot": [-13.5, 10.5, -4.5], "rotation": [0, -45, 0], "uv": [77, 19]},
						{"origin": [-21.5, 8.5, -10], "size": [8, 4, 1], "pivot": [-13.5, 10.5, -4.5], "rotation": [0, -45, 0], "uv": [77, 19]},
						{"origin": [-20, 12.5, -4.5], "size": [5, 2, 2], "pivot": [-13.5, 10.5, -4.5], "rotation": [0, -45, 0], "uv": [23, 49]},
						{"origin": [-20, 12.5, -10.5], "size": [5, 2, 2], "pivot": [-13.5, 10.5, -4.5], "rotation": [0, -45, 0], "uv": [23, 49]},
						{"origin": [-21, 13.5, -7.5], "size": [7, 1, 2], "pivot": [-13.5, 10.5, -4.5], "rotation": [0, -45, 0], "uv": [30, 25]},
						{"origin": [-23.42893, 10.5, -12.5], "size": [5, 1, 2], "pivot": [-18.5, 12.5, -9.5], "rotation": [0, -45, 0], "uv": [49, 25]},
						{"origin": [-22.42893, 10, -11.5], "size": [5, 1, 2], "pivot": [-18.5, 12.5, -9.5], "rotation": [0, -20, 0], "uv": [49, 25]},
						{"origin": [-19.42893, 10, -12.25736], "size": [5, 1, 2], "pivot": [-15.5, 12.5, -12.5], "rotation": [0, -70, 0], "uv": [49, 25]}
					]
				},
				{
					"name": "left_arm",
					"parent": "arms",
					"pivot": [6.5, 10.5, -6],
					"rotation": [0, 35, 0],
					"cubes": [
						{"origin": [6.5, 8, -8.5], "size": [6, 5, 5], "uv": [26, 63], "mirror": true},
						{"origin": [12.5, 7.5, -9.5], "size": [10, 6, 6], "pivot": [13.5, 10.5, -4.5], "rotation": [0, 45, 0], "uv": [57, 43], "mirror": true},
						{"origin": [13.5, 13, -8.5], "size": [8, 1, 4], "pivot": [13.5, 10.5, -4.5], "rotation": [0, 45, 0], "uv": [0, 22], "mirror": true},
						{"origin": [13.5, 7, -8.5], "size": [8, 1, 4], "pivot": [13.5, 10.5, -4.5], "rotation": [0, 45, 0], "uv": [0, 22], "mirror": true},
						{"origin": [13.5, 8.5, -4], "size": [8, 4, 1], "pivot": [13.5, 10.5, -4.5], "rotation": [0, 45, 0], "uv": [77, 19], "mirror": true},
						{"origin": [13.5, 8.5, -10], "size": [8, 4, 1], "pivot": [13.5, 10.5, -4.5], "rotation": [0, 45, 0], "uv": [77, 19], "mirror": true},
						{"origin": [15, 12.5, -4.5], "size": [5, 2, 2], "pivot": [13.5, 10.5, -4.5], "rotation": [0, 45, 0], "uv": [23, 49], "mirror": true},
						{"origin": [15, 12.5, -10.5], "size": [5, 2, 2], "pivot": [13.5, 10.5, -4.5], "rotation": [0, 45, 0], "uv": [23, 49], "mirror": true},
						{"origin": [14, 13.5, -7.5], "size": [7, 1, 2], "pivot": [13.5, 10.5, -4.5], "rotation": [0, 45, 0], "uv": [30, 25], "mirror": true},
						{"origin": [18.42893, 10.5, -12.5], "size": [5, 1, 2], "pivot": [18.5, 12.5, -9.5], "rotation": [0, 45, 0], "uv": [49, 25], "mirror": true},
						{"origin": [17.42893, 10, -11.5], "size": [5, 1, 2], "pivot": [18.5, 12.5, -9.5], "rotation": [0, 20, 0], "uv": [49, 25], "mirror": true},
						{"origin": [14.42893, 10, -12.25736], "size": [5, 1, 2], "pivot": [15.5, 12.5, -12.5], "rotation": [0, 70, 0], "uv": [49, 25], "mirror": true}
					]
				},
				{
					"name": "legs",
					"parent": "swampert",
					"pivot": [0, 6, 5]
				},
				{
					"name": "right_leg",
					"parent": "legs",
					"pivot": [-4, 6, 4],
					"rotation": [0, 25, 0],
					"cubes": [
						{"origin": [-5.5, 0, 0], "size": [4, 9, 4], "uv": [49, 68]},
						{"origin": [-5.5, 0, -1], "size": [4, 2, 1], "uv": [30, 8]},
						{"origin": [-5, 3.5, -0.5], "size": [3, 5, 1], "uv": [0, 65]},
						{"origin": [-5, 3.5, 3.5], "size": [3, 5, 1], "uv": [0, 65]}
					]
				},
				{
					"name": "left_leg",
					"parent": "legs",
					"pivot": [4, 6, 4],
					"rotation": [0, -25, 0],
					"cubes": [
						{"origin": [1.5, 0, 0], "size": [4, 9, 4], "uv": [49, 68], "mirror": true},
						{"origin": [1.5, 0, -1], "size": [4, 2, 1], "uv": [30, 8], "mirror": true},
						{"origin": [2, 3.5, -0.5], "size": [3, 5, 1], "uv": [0, 65], "mirror": true},
						{"origin": [2, 3.5, 3.5], "size": [3, 5, 1], "uv": [0, 65], "mirror": true}
					]
				}
			]
		}
	]
}