{
	"format_version": "1.12.0",
	"minecraft:geometry": [
		{
			"description": {
				"identifier": "geometry.serpmarshtomp",
				"texture_width": 64,
				"texture_height": 64,
				"visible_bounds_width": 3,
				"visible_bounds_height": 3.5,
				"visible_bounds_offset": [0, 1.25, 0]
			},
			"bones": [
				{
					"name": "marshtomp",
					"pivot": [0, 0, 0]
				},
				{
					"name": "body_root",
					"parent": "marshtomp",
					"pivot": [0, 3, 0]
				},
				{
					"name": "head",
					"parent": "body_root",
					"pivot": [0, 14, 0],
					"cubes": [
						{"origin": [-3.5, 14, -3.5], "size": [7, 6, 7], "uv": [0, 18]},
						{"origin": [-3, 19.5, -3], "size": [6, 1, 6], "uv": [30, 20]},
						{"origin": [-3, 13.5, -3], "size": [6, 1, 6], "uv": [30, 20]},
						{"origin": [0, 19.5, -4], "size": [0, 6, 8], "uv": [30, 32]},
						{"origin": [-4, 14.5, -3], "size": [1, 5, 6], "uv": [39, 28]},
						{"origin": [3, 14.5, -3], "size": [1, 5, 6], "uv": [39, 28], "mirror": true},
						{"origin": [-7, 16, 0], "size": [3, 2, 0], "uv": [0, 0]},
						{"origin": [4, 16, 0], "size": [3, 2, 0], "uv": [0, 0], "mirror": true},
						{"origin": [-7, 17, -1], "size": [3, 0, 2], "uv": [-2, 0]},
						{"origin": [4, 17, -1], "size": [3, 0, 2], "uv": [-2, 0], "mirror": true},
						{"origin": [-3, 14.5, -4], "size": [6, 5, 1], "uv": [46, 40]},
						{"origin": [-3, 14.5, 3], "size": [6, 5, 1], "uv": [46, 40]}
					]
				},
				{
					"name": "open_eyes",
					"parent": "head",
					"pivot": [0, 14, 0],
					"cubes": [
						{"origin": [-2.5, 17, -4.05], "size": [5, 2, 0], "uv": [0, 48]}
					]
				},
				{
					"name": "closed_eyes",
					"parent": "head",
					"pivot": [0, 14, 0],
					"cubes": [
						{"origin": [-2.5, 17, -4.05], "size": [5, 2, 0], "uv": [0, 50]}
					]
				},
				{
					"name": "angry_eyes",
					"parent": "head",
					"pivot": [0, 14, 0],
					"cubes": [
						{"origin": [-2.5, 17, -4.05], "size": [5, 2, 0], "uv": [0, 52]}
					]
				},
				{
					"name": "body",
					"parent": "body_root",
					"pivot": [0, 3, 0],
					"cubes": [
						{"origin": [-3.5, 3, -3.5], "size": [7, 10, 7], "uv": [0, 0]},
						{"origin": [-3, 12.5, -3], "size": [6, 1, 6], "uv": [23, 12]},
						{"origin": [-3, 2.5, -3], "size": [6, 1, 6], "uv": [23, 12]},
						{"origin": [-4, 3.5, -3], "size": [1, 9, 6], "uv": [0, 32]},
						{"origin": [3, 3.5, -3], "size": [1, 9, 6], "uv": [0, 32], "mirror": true},
						{"origin": [-3, 3.5, -4], "size": [6, 9, 1], "uv": [15, 40]},
						{"origin": [-3, 3.5, 3], "size": [6, 9, 1], "uv": [15, 40]},
						{"origin": [-1.5, 3.5, 4], "size": [0, 8, 7], "pivot": [-1.5, 6.5, 4], "rotation": [-15, -25, 0], "uv": [22, 44]},
						{"origin": [1.5, 3.5, 4], "size": [0, 8, 7], "pivot": [1.5, 6.5, 4], "rotation": [-15, 25, 0], "uv": [22, 44], "mirror": true}
					]
				},
				{
					"name": "arms",
					"parent": "body_root",
					"pivot": [0, 12, 0]
				},
				{
					"name": "right_arm",
					"parent": "arms",
					"pivot": [-3.5, 12, 0],
					"rotation": [0, 0, -45],
					"cubes": [
						{"origin": [-14.5, 11, -1.5], "size": [11, 2, 3], "inflate": 0.02, "uv": [22, 0]},
						{"origin": [-14.36, 11, -1.5], "size": [7.86, 2, 1.5], "pivot": [-6.5, 12, -1.5], "rotation": [0, -10.78, 0], "uv": [30, 7]},
						{"origin": [-14.36, 11, 0], "size": [7.86, 2, 1.5], "pivot": [-6.5, 12, 1.5], "rotation": [0, 10.78, 0], "uv": [30, 7]}
					]
				},
				{
					"name": "left_arm",
					"parent": "arms",
					"pivot": [3.5, 12, 0],
					"rotation": [0, 0, 45],
					"cubes": [
						{"origin": [3.5, 11, -1.5], "size": [11, 2, 3], "inflate": 0.02, "uv": [22, 0], "mirror": true},
						{"origin": [6.5, 11, -1.5], "size": [7.86, 2, 1.5], "pivot": [6.5, 12, -1.5], "rotation": [0, 10.78, 0], "uv": [30, 7], "mirror": true},
						{"origin": [6.5, 11, 0], "size": [7.86, 2, 1.5], "pivot": [6.5, 12, 1.5], "rotation": [0, -10.78, 0], "uv": [30, 7], "mirror": true}
					]
				},
				{
					"name": "legs",
					"parent": "marshtomp",
					"pivot": [0, 6, 0]
				},
				{
					"name": "right_leg",
					"parent": "legs",
					"pivot": [-3, 6, 0],
					"cubes": [
						{"origin": [-4.5, 0, -1.5], "size": [3, 6, 3], "uv": [45, 8]}
					]
				},
				{
					"name": "left_leg",
					"parent": "legs",
					"pivot": [3, 6, 0],
					"cubes": [
						{"origin": [1.5, 0, -1.5], "size": [3, 6, 3], "uv": [45, 8], "mirror": true}
					]
				}
			]
		},
		{
			"description": {
				"identifier": "geometry.serpmarshtomp_aura",
				"texture_width": 64,
				"texture_height": 64,
				"visible_bounds_width": 3,
				"visible_bounds_height": 3.5,
				"visible_bounds_offset": [0, 1.25, 0]
			},
			"bones": [
				{
					"name": "marshtomp",
					"pivot": [0, 0, 0]
				},
				{
					"name": "body_root",
					"parent": "marshtomp",
					"pivot": [0, 3, 0]
				},
				{
					"name": "head",
					"parent": "body_root",
					"pivot": [0, 14, 0],
					"cubes": [
						{"origin": [-3.5, 14, -3.5], "size": [7, 6, 7], "inflate": 0.25, "uv": [0, 18]},
						{"origin": [-3, 19.5, -3], "size": [6, 1, 6], "inflate": 0.25, "uv": [30, 20]},
						{"origin": [-3, 13.5, -3], "size": [6, 1, 6], "inflate": 0.25, "uv": [30, 20]},
						{"origin": [0, 19.5, -4], "size": [0, 6, 8], "inflate": 0.25, "uv": [30, 32]},
						{"origin": [-4, 14.5, -3], "size": [1, 5, 6], "inflate": 0.25, "uv": [39, 28]},
						{"origin": [3, 14.5, -3], "size": [1, 5, 6], "inflate": 0.25, "uv": [39, 28], "mirror": true},
						{"origin": [-7, 16, 0], "size": [3, 2, 0], "inflate": 0.25, "uv": [0, 0]},
						{"origin": [4, 16, 0], "size": [3, 2, 0], "inflate": 0.25, "uv": [0, 0], "mirror": true},
						{"origin": [-7, 17, -1], "size": [3, 0, 2], "inflate": 0.25, "uv": [-2, 0]},
						{"origin": [4, 17, -1], "size": [3, 0, 2], "inflate": 0.25, "uv": [-2, 0], "mirror": true},
						{"origin": [-3, 14.5, -4], "size": [6, 5, 1], "inflate": 0.25, "uv": [46, 40]},
						{"origin": [-3, 14.5, 3], "size": [6, 5, 1], "inflate": 0.25, "uv": [46, 40]}
					]
				},
				{
					"name": "open_eyes",
					"parent": "head",
					"pivot": [0, 14, 0],
					"cubes": [
						{"origin": [-2.5, 17, -4.05], "size": [5, 2, 0], "inflate": 0.25, "uv": [0, 48]}
					]
				},
				{
					"name": "closed_eyes",
					"parent": "head",
					"pivot": [0, 14, 0],
					"cubes": [
						{"origin": [-2.5, 17, -4.05], "size": [5, 2, 0], "inflate": 0.25, "uv": [0, 50]}
					]
				},
				{
					"name": "angry_eyes",
					"parent": "head",
					"pivot": [0, 14, 0],
					"cubes": [
						{"origin": [-2.5, 17, -4.05], "size": [5, 2, 0], "inflate": 0.25, "uv": [0, 52]}
					]
				},
				{
					"name": "body",
					"parent": "body_root",
					"pivot": [0, 3, 0],
					"cubes": [
						{"origin": [-3.5, 3, -3.5], "size": [7, 10, 7], "inflate": 0.25, "uv": [0, 0]},
						{"origin": [-3, 12.5, -3], "size": [6, 1, 6], "inflate": 0.25, "uv": [23, 12]},
						{"origin": [-3, 2.5, -3], "size": [6, 1, 6], "inflate": 0.25, "uv": [23, 12]},
						{"origin": [-4, 3.5, -3], "size": [1, 9, 6], "inflate": 0.25, "uv": [0, 32]},
						{"origin": [3, 3.5, -3], "size": [1, 9, 6], "inflate": 0.25, "uv": [0, 32], "mirror": true},
						{"origin": [-3, 3.5, -4], "size": [6, 9, 1], "inflate": 0.25, "uv": [15, 40]},
						{"origin": [-3, 3.5, 3], "size": [6, 9, 1], "inflate": 0.25, "uv": [15, 40]},
						{"origin": [-1.5, 3.5, 4], "size": [0, 8, 7], "inflate": 0.25, "pivot": [-1.5, 6.5, 4], "rotation": [-15, -25, 0], "uv": [22, 44]},
						{"origin": [1.5, 3.5, 4], "size": [0, 8, 7], "inflate": 0.25, "pivot": [1.5, 6.5, 4], "rotation": [-15, 25, 0], "uv": [22, 44], "mirror": true}
					]
				},
				{
					"name": "arms",
					"parent": "body_root",
					"pivot": [0, 12, 0]
				},
				{
					"name": "right_arm",
					"parent": "arms",
					"pivot": [-3.5, 12, 0],
					"rotation": [0, 0, -45],
					"cubes": [
						{"origin": [-14.5, 11, -1.5], "size": [11, 2, 3], "inflate": 0.25, "uv": [22, 0]},
						{"origin": [-14.36, 11, -1.5], "size": [7.86, 2, 1.5], "inflate": 0.25, "pivot": [-6.5, 12, -1.5], "rotation": [0, -10.78, 0], "uv": [30, 7]},
						{"origin": [-14.36, 11, 0], "size": [7.86, 2, 1.5], "inflate": 0.25, "pivot": [-6.5, 12, 1.5], "rotation": [0, 10.78, 0], "uv": [30, 7]}
					]
				},
				{
					"name": "left_arm",
					"parent": "arms",
					"pivot": [3.5, 12, 0],
					"rotation": [0, 0, 45],
					"cubes": [
						{"origin": [3.5, 11, -1.5], "size": [11, 2, 3], "inflate": 0.25, "uv": [22, 0], "mirror": true},
						{"origin": [6.5, 11, -1.5], "size": [7.86, 2, 1.5], "inflate": 0.25, "pivot": [6.5, 12, -1.5], "rotation": [0, 10.78, 0], "uv": [30, 7], "mirror": true},
						{"origin": [6.5, 11, 0], "size": [7.86, 2, 1.5], "inflate": 0.25, "pivot": [6.5, 12, 1.5], "rotation": [0, -10.78, 0], "uv": [30, 7], "mirror": true}
					]
				},
				{
					"name": "legs",
					"parent": "marshtomp",
					"pivot": [0, 6, 0]
				},
				{
					"name": "right_leg",
					"parent": "legs",
					"pivot": [-3, 6, 0],
					"cubes": [
						{"origin": [-4.5, 0, -1.5], "size": [3, 6, 3], "inflate": 0.25, "uv": [45, 8]}
					]
				},
				{
					"name": "left_leg",
					"parent": "legs",
					"pivot": [3, 6, 0],
					"cubes": [
						{"origin": [1.5, 0, -1.5], "size": [3, 6, 3], "inflate": 0.25, "uv": [45, 8], "mirror": true}
					]
				}
			]
		}
	]
}