{
	"format_version": "1.12.0",
	"minecraft:geometry": [
		{
			"description": {
				"identifier": "geometry.serpmudkip",
				"texture_width": 64,
				"texture_height": 64,
				"visible_bounds_width": 3,
				"visible_bounds_height": 2.5,
				"visible_bounds_offset": [0, 0.75, 0]
			},
			"bones": [
				{
					"name": "mudkip",
					"pivot": [0, 0, 0]
				},
				{
					"name": "body_root",
					"parent": "mudkip",
					"pivot": [0, 2, 4]
				},
				{
					"name": "head",
					"parent": "body_root",
					"pivot": [0, 7, -3],
					"cubes": [
						{"origin": [-3.5, 7, -7], "size": [7, 6, 7], "uv": [0, 0]},
						{"origin": [-3, 12.5, -6.5], "size": [6, 1, 6], "uv": [0, 32]},
						{"origin": [-3, 6.5, -6.5], "size": [6, 1, 6], "uv": [38, 47]},
						{"origin": [0, 13.5, -6.5], "size": [0, 7, 7], "pivot": [0, 13.5, -1], "rotation": [5, 0, 0], "uv": [33, 31]},
						{"origin": [-4, 7.5, -6.5], "size": [1, 5, 6], "uv": [0, 40]},
						{"origin": [3, 7.5, -6.5], "size": [1, 5, 6], "uv": [0, 40], "mirror": true},
						{"origin": [-7, 8, -3.5], "size": [3, 4, 0], "uv": [0, 0]},
						{"origin": [4, 8, -3.5], "size": [3, 4, 0], "uv": [0, 0], "mirror": true},
						{"origin": [-3, 7.5, -7.5], "size": [6, 5, 1], "uv": [37, 0]},
						{"origin": [-3, 7.5, -0.5], "size": [6, 5, 1], "uv": [22, 0]}
					]
				},
				{
					"name": "open_eyes",
					"parent": "head",
					"pivot": [0, 7, -3],
					"cubes": [
						{"origin": [-2.5, 9.5, -7.55], "size": [5, 2, 0], "uv": [0, 52]}
					]
				},
				{
					"name": "closed_eyes",
					"parent": "head",
					"pivot": [0, 7, -3],
					"cubes": [
						{"origin": [-2.5, 9.5, -7.55], "size": [5, 2, 0], "uv": [0, 54]}
					]
				},
				{
					"name": "angry_eyes",
					"parent": "head",
					"pivot": [0, 7, -3],
					"cubes": [
						{"origin": [-2.5, 9.5, -7.55], "size": [5, 2, 0], "uv": [0, 56]}
					]
				},
				{
					"name": "body",
					"parent": "body_root",
					"pivot": [0, 2, 4],
					"cubes": [
						{"origin": [-3, 2, -4], "size": [6, 5, 8], "inflate": -0.05, "uv": [0, 14]},
						{"origin": [-3.5, 2.5, -3.5], "size": [1, 4, 7], "uv": [18, 39]},
						{"origin": [2.5, 2.5, -3.5], "size": [1, 4, 7], "uv": [18, 39], "mirror": true},
						{"origin": [-2.5, 6.5, -3.5], "size": [5, 1, 7], "uv": [30, 16]},
						{"origin": [-2.5, 1.5, -3.5], "size": [5, 1, 7], "uv": [22, 7]},
						{"origin": [-2.5, 2.5, -4.5], "size": [5, 4, 1], "uv": [9, 40]},
						{"origin": [-2.5, 2.5, 3.5], "size": [5, 4, 1], "uv": [40, 7]}
					]
				},
				{
					"name": "tail",
					"parent": "body",
					"pivot": [0, 4.5, 4.5],
					"cubes": [
						{"origin": [0, 1.5, 4.5], "size": [0, 9, 10], "uv": [19, 18]}
					]
				},
				{
					"name": "front_legs",
					"parent": "body_root",
					"pivot": [0, 4, -3]
				},
				{
					"name": "right_front_leg",
					"parent": "front_legs",
					"pivot": [-2.5, 4, -3],
					"cubes": [
						{"origin": [-3.5, 0, -4], "size": [2, 4, 2], "uv": [35, 46]}
					]
				},
				{
					"name": "left_front_leg",
					"parent": "front_legs",
					"pivot": [2.5, 4, -3],
					"cubes": [
						{"origin": [1.5, 0, -4], "size": [2, 4, 2], "uv": [35, 46], "mirror": true}
					]
				},
				{
					"name": "back_legs",
					"parent": "mudkip",
					"pivot": [0, 4, 3]
				},
				{
					"name": "right_back_leg",
					"parent": "back_legs",
					"pivot": [-2.5, 4, 3],
					"cubes": [
						{"origin": [-3.5, 0, 2], "size": [2, 4, 2], "uv": [35, 46]}
					]
				},
				{
					"name": "left_back_leg",
					"parent": "back_legs",
					"pivot": [2.5, 4, 3],
					"cubes": [
						{"origin": [1.5, 0, 2], "size": [2, 4, 2], "uv": [35, 46], "mirror": true}
					]
				}
			]
		},
		{
			"description": {
				"identifier": "geometry.serpmudkip_aura",
				"texture_width": 64,
				"texture_height": 64,
				"visible_bounds_width": 3,
				"visible_bounds_height": 2.5,
				"visible_bounds_offset": [0, 0.75, 0]
			},
			"bones": [
				{
					"name": "mudkip",
					"pivot": [0, 0, 0]
				},
				{
					"name": "body_root",
					"parent": "mudkip",
					"pivot": [0, 2, 4]
				},
				{
					"name": "head",
					"parent": "body_root",
					"pivot": [0, 7, -3],
					"cubes": [
						{"origin": [-3.5, 7, -7], "size": [7, 6, 7], "inflate": 0.25, "uv": [0, 0]},
						{"origin": [-3, 12.5, -6.5], "size": [6, 1, 6], "inflate": 0.25, "uv": [0, 32]},
						{"origin": [-3, 6.5, -6.5], "size": [6, 1, 6], "inflate": 0.25, "uv": [38, 47]},
						{"origin": [0, 13.5, -6.5], "size": [0, 7, 7], "inflate": 0.25, "pivot": [0, 13.5, -1], "rotation": [5, 0, 0], "uv": [33, 31]},
						{"origin": [-4, 7.5, -6.5], "size": [1, 5, 6], "inflate": 0.25, "uv": [0, 40]},
						{"origin": [3, 7.5, -6.5], "size": [1, 5, 6], "inflate": 0.25, "uv": [0, 40], "mirror": true},
						{"origin": [-7, 8, -3.5], "size": [3, 4, 0], "inflate": 0.25, "uv": [0, 0]},
						{"origin": [4, 8, -3.5], "size": [3, 4, 0], "inflate": 0.25, "uv": [0, 0], "mirror": true},
						{"origin": [-3, 7.5, -7.5], "size": [6, 5, 1], "inflate": 0.25, "uv": [37, 0]},
						{"origin": [-3, 7.5, -0.5], "size": [6, 5, 1], "inflate": 0.25, "uv": [22, 0]}
					]
				},
				{
					"name": "open_eyes",
					"parent": "head",
					"pivot": [0, 7, -3],
					"cubes": [
						{"origin": [-2.5, 9.5, -7.55], "size": [5, 2, 0], "inflate": 0.25, "uv": [0, 52]}
					]
				},
				{
					"name": "closed_eyes",
					"parent": "head",
					"pivot": [0, 7, -3],
					"cubes": [
						{"origin": [-2.5, 9.5, -7.55], "size": [5, 2, 0], "inflate": 0.25, "uv": [0, 54]}
					]
				},
				{
					"name": "angry_eyes",
					"parent": "head",
					"pivot": [0, 7, -3],
					"cubes": [
						{"origin": [-2.5, 9.5, -7.55], "size": [5, 2, 0], "inflate": 0.25, "uv": [0, 56]}
					]
				},
				{
					"name": "body",
					"parent": "body_root",
					"pivot": [0, 2, 4],
					"cubes": [
						{"origin": [-3, 2, -4], "size": [6, 5, 8], "inflate": 0.25, "uv": [0, 14]},
						{"origin": [-3.5, 2.5, -3.5], "size": [1, 4, 7], "inflate": 0.25, "uv": [18, 39]},
						{"origin": [2.5, 2.5, -3.5], "size": [1, 4, 7], "inflate": 0.25, "uv": [18, 39], "mirror": true},
						{"origin": [-2.5, 6.5, -3.5], "size": [5, 1, 7], "inflate": 0.25, "uv": [30, 16]},
						{"origin": [-2.5, 1.5, -3.5], "size": [5, 1, 7], "inflate": 0.25, "uv": [22, 7]},
						{"origin": [-2.5, 2.5, -4.5], "size": [5, 4, 1], "inflate": 0.25, "uv": [9, 40]},
						{"origin": [-2.5, 2.5, 3.5], "size": [5, 4, 1], "inflate": 0.25, "uv": [40, 7]}
					]
				},
				{
					"name": "tail",
					"parent": "body",
					"pivot": [0, 4.5, 4.5],
					"cubes": [
						{"origin": [0, 1.5, 4.5], "size": [0, 9, 10], "inflate": 0.25, "uv": [19, 18]}
					]
				},
				{
					"name": "front_legs",
					"parent": "body_root",
					"pivot": [0, 4, -3]
				},
				{
					"name": "right_front_leg",
					"parent": "front_legs",
					"pivot": [-2.5, 4, -3],
					"cubes": [
						{"origin": [-3.5, 0, -4], "size": [2, 4, 2], "inflate": 0.25, "uv": [35, 46]}
					]
				},
				{
					"name": "left_front_leg",
					"parent": "front_legs",
					"pivot": [2.5, 4, -3],
					"cubes": [
						{"origin": [1.5, 0, -4], "size": [2, 4, 2], "inflate": 0.25, "uv": [35, 46], "mirror": true}
					]
				},
				{
					"name": "back_legs",
					"parent": "mudkip",
					"pivot": [0, 4, 3]
				},
				{
					"name": "right_back_leg",
					"parent": "back_legs",
					"pivot": [-2.5, 4, 3],
					"cubes": [
						{"origin": [-3.5, 0, 2], "size": [2, 4, 2], "inflate": 0.25, "uv": [35, 46]}
					]
				},
				{
					"name": "left_back_leg",
					"parent": "back_legs",
					"pivot": [2.5, 4, 3],
					"cubes": [
						{"origin": [1.5, 0, 2], "size": [2, 4, 2], "inflate": 0.25, "uv": [35, 46], "mirror": true}
					]
				}
			]
		}
	]
}