{
  "format_version": "1.10.0",
  "minecraft:client_entity": {
    "description": {
      "identifier": "serp:pc_box",
      "materials": {
    "default": "entity_emissive_alpha"
    },
      "textures": {
"tame": "textures/entity/pc_box/tamed",
"off": "textures/entity/pc_box/default"
      },
      "geometry": {
    "default": "geometry.serppc_box"
      },
      "scripts": {
        "animate": [
          "serp_pc"
        ]
      },
      "animations": {
    "on": "animation.serppc_box.wake",
    "off": "animation.serppc_box.sleep",
    "serp_pc": "controller.animation.serp_pc"
      },
      "render_controllers": [ "controller.render.pc_box" ]
    }
  }
}