{
  "pools": [
    {
      "rolls": 1,
      "entries": [
        {
          "type": "item",
          "weight": 75,
          "name": "serp:pokeball",
          "functions": [
            {
              "function": "minecraft:set_count",
              "count": 8
            }
          ]
        },
        {
          "type": "item",
          "weight": 20,
          "name": "serp:duskball",
          "functions": [
            {
              "function": "minecraft:set_count",
              "count": 6
            }
          ]
        },
        {
          "type": "item",
          "weight": 20,
          "name": "serp:moonball",
          "functions": [
            {
              "function": "minecraft:set_count",
              "count": 4
            }
          ]
        }
      ]
    },
    {
      "rolls": {
        "min": 3,
        "max": 8
      },
      "entries": [
        {
          "type": "item",
          "name": "minecraft:clay_ball"
        },
        {
          "type": "item",
          "functions": [
            {
              "function": "set_data",
              "data": 2
            }
          ],
          "name": "minecraft:dye"
        },
        {
          "type": "item",
          "weight": 10,
          "functions": [
            {
              "function": "set_count",
              "count": {
                "min": 1,
                "max": 4
              }
            }
          ],
          "name": "minecraft:cactus"
        },
        {
          "type": "item",
          "weight": 10,
          "functions": [
            {
              "function": "set_count",
              "count": {
                "min": 1,
                "max": 7
              }
            }
          ],
          "name": "minecraft:wheat"
        },
        {
          "type": "item",
          "weight": 10,
          "functions": [
            {
              "function": "set_count",
              "count": {
                "min": 1,
                "max": 4
              }
            }
          ],
          "name": "minecraft:bread"
        },
        {
          "type": "item",
          "name": "minecraft:book"
        },
        {
          "type": "item",
          "weight": 2,
          "functions": [
            {
              "function": "set_count",
              "count": {
                "min": 1,
                "max": 3
              }
            }
          ],
          "name": "minecraft:deadbush"
        },
        {
          "type": "item",
          "functions": [
            {
              "function": "set_count",
              "count": {
                "min": 1,
                "max": 3
              }
            }
          ],
          "name": "minecraft:emerald"
        }
      ]
    }
  ]
}