{
	"format_version": "1.10.0",
	"particle_effect": {
		"description": {
			"identifier": "serp:capture1",
			"basic_render_parameters": {
				"material": "particles_alpha",
				"texture": "textures/particle/particles"
			}
		},
		"components": {
			"minecraft:emitter_rate_instant": {
				"num_particles": 5
			},
			"minecraft:emitter_lifetime_once": {
				"active_time": 0.4
			},
			"minecraft:emitter_shape_sphere": {
				"radius": 0.3,
				"direction": ["Math.random(5,-5)", 5, "Math.random(5,-5)"]
			},
			"minecraft:particle_lifetime_expression": {
				"max_lifetime": "Math.random(0.5, 0.7)"
			},
			"minecraft:particle_initial_speed": 5,
			"minecraft:particle_motion_dynamic": {
				"linear_drag_coefficient": 6
			},
			"minecraft:particle_appearance_billboard": {
				"size": [0.05, 0.05],
				"facing_camera_mode": "lookat_xyz",
				"uv": {
					"texture_width": 128,
					"texture_height": 128,
					"flipbook": {
						"base_UV": [0, 88],
						"size_UV": [8, 8],
						"step_UV": [8, 0],
						"frames_per_second": 8,
						"max_frame": 8,
						"stretch_to_lifetime": true
					}
				}
			},
			"minecraft:particle_appearance_tinting": {
				"color": {
					"interpolant": "variable.particle_age",
					"gradient": {
						"0.0": "#FFFF1212",
						"0.11": "#FFFFBE15",
						"0.24": "#FF01FDFF",
						"0.37": "#FF3800FE",
						"0.5": "#FFD300FF"
					}
				}
			}
		}
	}
}