{
	"format_version": "1.10.0",
	"particle_effect": {
		"description": {
			"identifier": "serp:capture3",
			"basic_render_parameters": {
				"material": "particles_alpha",
				"texture": "textures/particle/star_big"
			}
		},
		"components": {
			"minecraft:emitter_rate_instant": {
				"num_particles": 6
			},
			"minecraft:emitter_lifetime_once": {
				"active_time": 0.4
			},
			"minecraft:emitter_shape_sphere": {
				"offset": [0, 1, 0],
				"radius": 0.5,
				"direction": ["Math.random(30,-30)", 15, "Math.random(30,-30)"]
			},
			"minecraft:particle_lifetime_expression": {
				"max_lifetime": "Math.random(0.5,0.7)"
			},
			"minecraft:particle_initial_spin": {
				"rotation_rate": 20
			},
			"minecraft:particle_initial_speed": 3,
			"minecraft:particle_motion_dynamic": {
				"linear_acceleration": [0, -12, 0],
				"linear_drag_coefficient": 5,
				"rotation_acceleration": 100
			},
			"minecraft:particle_appearance_billboard": {
				"size": [0.1, 0.1],
				"facing_camera_mode": "lookat_xyz",
				"uv": {
					"texture_width": 10,
					"texture_height": 1,
					"flipbook": {
						"base_UV": [0, 0],
						"size_UV": [1, 1],
						"step_UV": [1, 0],
						"frames_per_second": 10,
						"max_frame": 10,
						"stretch_to_lifetime": true
					}
				}
			},
			"minecraft:particle_motion_collision": {
				"collision_radius": 0.1
			}
		}
	}
}