{
	"format_version": "1.10.0",
	"particle_effect": {
		"description": {
			"identifier": "serp:capture2",
			"basic_render_parameters": {
				"material": "particles_alpha",
				"texture": "textures/particle/star_small"
			}
		},
		"components": {
			"minecraft:emitter_rate_instant": {
				"num_particles": 12
			},
			"minecraft:emitter_lifetime_once": {
				"active_time": 0.4
			},
			"minecraft:emitter_shape_disc": {
				"offset": [0, 0.4, 0],
				"radius": 0.3,
				"direction": "outwards"
			},
			"minecraft:particle_lifetime_expression": {
				"max_lifetime": "Math.random(0.5,0.7)"
			},
			"minecraft:particle_initial_speed": 2,
			"minecraft:particle_motion_dynamic": {
				"linear_drag_coefficient": 5
			},
			"minecraft:particle_appearance_billboard": {
				"size": ["(0.05 + variable.particle_random_1*0.05) - (0.1 * variable.particle_age)", "(0.05 + variable.particle_random_1*0.05) - (0.1 * variable.particle_age)"],
				"facing_camera_mode": "lookat_xyz",
				"uv": {
					"texture_width": 26,
					"texture_height": 26,
					"uv": [0, 0],
					"uv_size": [26, 26]
				}
			}
		}
	}
}