{
	"format_version": "1.12.0",
	"minecraft:geometry": [
		{
			"description": {
				"identifier": "geometry.serpgraveler",
				"texture_width": 64,
				"texture_height": 64,
				"visible_bounds_width": 4,
				"visible_bounds_height": 2.5,
				"visible_bounds_offset": [0, 0.75, 0]
			},
			"bones": [
				{
					"name": "graveler",
					"pivot": [0, 9, 0]
				},
				{
					"name": "body_root",
					"parent": "graveler",
					"pivot": [0, 9, 0]
				},
				{
					"name": "head",
					"parent": "body_root",
					"pivot": [0, 0, 0]
				},
				{
					"name": "body",
					"parent": "body_root",
					"pivot": [0, 9, 0],
					"cubes": [
						{"origin": [-6, 3, -6], "size": [12, 12, 12], "uv": [0, 0]},
						{"origin": [-5, 15, -5], "size": [10, 1, 10], "uv": [0, 25]},
						{"origin": [-5, 2, -5], "size": [10, 1, 10], "uv": [0, 25]},
						{"origin": [-7, 4, -5], "size": [1, 10, 10], "uv": [31, 27]},
						{"origin": [6, 4, -5], "size": [1, 10, 10], "uv": [31, 27], "mirror": true},
						{"origin": [-5, 4, -7], "size": [10, 10, 1], "uv": [0, 37]},
						{"origin": [-5, 4, 6], "size": [10, 10, 1], "uv": [0, 37]},
						{"origin": [-4.5, 11, -7], "size": [9, 5, 0], "pivot": [0, 11, -7], "rotation": [10, 0, 0], "uv": [0, 49]}
					]
				},
				{
					"name": "body_arms",
					"parent": "body",
					"pivot": [0, 6.5, -1],
					"rotation": [15, 0, 0],
					"cubes": [
						{"origin": [-9, 5, -5], "size": [2, 4, 4], "uv": [49, 52]},
						{"origin": [7, 5, -5], "size": [2, 4, 4], "uv": [49, 52], "mirror": true},
						{"origin": [-6.17157, 5, -6.17157], "size": [5, 4, 3], "pivot": [-6.17157, 8, -2.17157], "rotation": [0, 45, 0], "uv": [36, 48]},
						{"origin": [1.17157, 5, -6.17157], "size": [5, 4, 3], "pivot": [6.17157, 8, -2.17157], "rotation": [0, -45, 0], "uv": [36, 48], "mirror": true},
						{"origin": [-1.17157, 5, -6.17157], "size": [1, 4, 3], "pivot": [-6.17157, 8, -2.17157], "rotation": [0, 45, 0], "uv": [0, 0]},
						{"origin": [0.17157, 5, -6.17157], "size": [1, 4, 3], "pivot": [6.17157, 8, -2.17157], "rotation": [0, -45, 0], "uv": [0, 0], "mirror": true}
					]
				},
				{
					"name": "open_eyes",
					"parent": "body",
					"pivot": [0, 9, 0],
					"cubes": [
						{"origin": [-3, 10, -7.1], "size": [6, 2, 0], "uv": [49, 21]}
					]
				},
				{
					"name": "closed_eyes",
					"parent": "body",
					"pivot": [0, 9, 0],
					"cubes": [
						{"origin": [-3, 10, -7.1], "size": [6, 2, 0], "uv": [49, 18]}
					]
				},
				{
					"name": "angry_eyes",
					"parent": "body",
					"pivot": [0, 9, 0],
					"cubes": [
						{"origin": [-3, 10, -7.1], "size": [6, 2, 0], "uv": [37, 9]}
					]
				},
				{
					"name": "arms",
					"parent": "body_root",
					"pivot": [0, 11, 0]
				},
				{
					"name": "right_arm",
					"parent": "arms",
					"pivot": [-7, 11, 0],
					"rotation": [0, -20, 10],
					"cubes": [
						{"origin": [-13, 9.5, -1], "size": [6, 3, 3], "uv": [44, 25]},
						{"origin": [-19, 9, -2], "size": [6, 4, 4], "pivot": [-13, 11, 2], "rotation": [0, -45, 0], "uv": [37, 0]},
						{"origin": [-21, 9, -2], "size": [2, 4, 4], "pivot": [-13, 11, 2], "rotation": [0, -45, 0], "uv": [49, 9]}
					]
				},
				{
					"name": "left_arm",
					"parent": "arms",
					"pivot": [7, 11, 0],
					"rotation": [0, 20, -10],
					"cubes": [
						{"origin": [7, 9.5, -1], "size": [6, 3, 3], "uv": [44, 25], "mirror": true},
						{"origin": [13, 9, -2], "size": [6, 4, 4], "pivot": [13, 11, 2], "rotation": [0, 45, 0], "uv": [37, 0], "mirror": true},
						{"origin": [19, 9, -2], "size": [2, 4, 4], "pivot": [13, 11, 2], "rotation": [0, 45, 0], "uv": [49, 9], "mirror": true}
					]
				},
				{
					"name": "legs",
					"parent": "graveler",
					"pivot": [0, 3, 0]
				},
				{
					"name": "right_leg",
					"parent": "legs",
					"pivot": [-3, 3, 0],
					"cubes": [
						{"origin": [-5, 0, -2], "size": [4, 3, 4], "uv": [19, 48]},
						{"origin": [-5, 0, -4], "size": [4, 1, 2], "uv": [44, 32]}
					]
				},
				{
					"name": "left_leg",
					"parent": "legs",
					"pivot": [3, 3, 0],
					"cubes": [
						{"origin": [1, 0, -2], "size": [4, 3, 4], "uv": [19, 48], "mirror": true},
						{"origin": [1, 0, -4], "size": [4, 1, 2], "uv": [44, 32], "mirror": true}
					]
				}
			]
		},
		{
			"description": {
				"identifier": "geometry.serpgraveler_aura",
				"texture_width": 64,
				"texture_height": 64,
				"visible_bounds_width": 4,
				"visible_bounds_height": 2.5,
				"visible_bounds_offset": [0, 0.75, 0]
			},
			"bones": [
				{
					"name": "graveler",
					"pivot": [0, 9, 0]
				},
				{
					"name": "body_root",
					"parent": "graveler",
					"pivot": [0, 9, 0]
				},
				{
					"name": "body",
					"parent": "body_root",
					"pivot": [0, 9, 0],
					"cubes": [
						{"origin": [-6, 3, -6], "size": [12, 12, 12], "inflate": 0.25, "uv": [0, 0]},
						{"origin": [-5, 15, -5], "size": [10, 1, 10], "inflate": 0.25, "uv": [0, 25]},
						{"origin": [-5, 2, -5], "size": [10, 1, 10], "inflate": 0.25, "uv": [0, 25]},
						{"origin": [-7, 4, -5], "size": [1, 10, 10], "inflate": 0.25, "uv": [31, 27]},
						{"origin": [6, 4, -5], "size": [1, 10, 10], "inflate": 0.25, "uv": [31, 27], "mirror": true},
						{"origin": [-5, 4, -7], "size": [10, 10, 1], "inflate": 0.25, "uv": [0, 37]},
						{"origin": [-5, 4, 6], "size": [10, 10, 1], "inflate": 0.25, "uv": [0, 37]},
						{"origin": [-4.5, 11, -7], "size": [9, 5, 0], "inflate": 0.25, "pivot": [0, 11, -7], "rotation": [10, 0, 0], "uv": [0, 49]}
					]
				},
				{
					"name": "body_arms",
					"parent": "body",
					"pivot": [0, 6.5, -1],
					"rotation": [15, 0, 0],
					"cubes": [
						{"origin": [-9, 5, -5], "size": [2, 4, 4], "inflate": 0.25, "uv": [49, 52]},
						{"origin": [7, 5, -5], "size": [2, 4, 4], "inflate": 0.25, "uv": [49, 52], "mirror": true},
						{"origin": [-6.17157, 5, -6.17157], "size": [5, 4, 3], "inflate": 0.25, "pivot": [-6.17157, 8, -2.17157], "rotation": [0, 45, 0], "uv": [36, 48]},
						{"origin": [1.17157, 5, -6.17157], "size": [5, 4, 3], "inflate": 0.25, "pivot": [6.17157, 8, -2.17157], "rotation": [0, -45, 0], "uv": [36, 48], "mirror": true},
						{"origin": [-1.17157, 5, -6.17157], "size": [1, 4, 3], "inflate": 0.25, "pivot": [-6.17157, 8, -2.17157], "rotation": [0, 45, 0], "uv": [0, 0]},
						{"origin": [0.17157, 5, -6.17157], "size": [1, 4, 3], "inflate": 0.25, "pivot": [6.17157, 8, -2.17157], "rotation": [0, -45, 0], "uv": [0, 0], "mirror": true}
					]
				},
				{
					"name": "open_eyes",
					"parent": "body",
					"pivot": [0, 9, 0],
					"cubes": [
						{"origin": [-3, 10, -7.1], "size": [6, 2, 0], "inflate": 0.25, "uv": [49, 21]}
					]
				},
				{
					"name": "closed_eyes",
					"parent": "body",
					"pivot": [0, 9, 0],
					"cubes": [
						{"origin": [-3, 10, -7.1], "size": [6, 2, 0], "inflate": 0.25, "uv": [49, 18]}
					]
				},
				{
					"name": "angry_eyes",
					"parent": "body",
					"pivot": [0, 9, 0],
					"cubes": [
						{"origin": [-3, 10, -7.1], "size": [6, 2, 0], "inflate": 0.25, "uv": [37, 9]}
					]
				},
				{
					"name": "arms",
					"parent": "body_root",
					"pivot": [0, 11, 0]
				},
				{
					"name": "right_arm",
					"parent": "arms",
					"pivot": [-7, 11, 0],
					"rotation": [0, -20, 10],
					"cubes": [
						{"origin": [-13, 9.5, -1], "size": [6, 3, 3], "inflate": 0.25, "uv": [44, 25]},
						{"origin": [-19, 9, -2], "size": [6, 4, 4], "inflate": 0.25, "pivot": [-13, 11, 2], "rotation": [0, -45, 0], "uv": [37, 0]},
						{"origin": [-21, 9, -2], "size": [2, 4, 4], "inflate": 0.25, "pivot": [-13, 11, 2], "rotation": [0, -45, 0], "uv": [49, 9]}
					]
				},
				{
					"name": "left_arm",
					"parent": "arms",
					"pivot": [7, 11, 0],
					"rotation": [0, 20, -10],
					"cubes": [
						{"origin": [7, 9.5, -1], "size": [6, 3, 3], "inflate": 0.25, "uv": [44, 25], "mirror": true},
						{"origin": [13, 9, -2], "size": [6, 4, 4], "inflate": 0.25, "pivot": [13, 11, 2], "rotation": [0, 45, 0], "uv": [37, 0], "mirror": true},
						{"origin": [19, 9, -2], "size": [2, 4, 4], "inflate": 0.25, "pivot": [13, 11, 2], "rotation": [0, 45, 0], "uv": [49, 9], "mirror": true}
					]
				},
				{
					"name": "legs",
					"parent": "graveler",
					"pivot": [0, 3, 0]
				},
				{
					"name": "right_leg",
					"parent": "legs",
					"pivot": [-3, 3, 0],
					"cubes": [
						{"origin": [-5, 0, -2], "size": [4, 3, 4], "inflate": 0.25, "uv": [19, 48]},
						{"origin": [-5, 0, -4], "size": [4, 1, 2], "inflate": 0.25, "uv": [44, 32]}
					]
				},
				{
					"name": "left_leg",
					"parent": "legs",
					"pivot": [3, 3, 0],
					"cubes": [
						{"origin": [1, 0, -2], "size": [4, 3, 4], "inflate": 0.25, "uv": [19, 48], "mirror": true},
						{"origin": [1, 0, -4], "size": [4, 1, 2], "inflate": 0.25, "uv": [44, 32], "mirror": true}
					]
				}
			]
		}
	]
}