{
	"format_version": "1.12.0",
	"minecraft:geometry": [
		{
			"description": {
				"identifier": "geometry.serpgeodude",
				"texture_width": 64,
				"texture_height": 64,
				"visible_bounds_width": 3,
				"visible_bounds_height": 2.5,
				"visible_bounds_offset": [0, 0.75, 0]
			},
			"bones": [
				{
					"name": "geodude",
					"pivot": [0, 5, 0]
				},
				{
					"name": "head",
					"parent": "geodude",
					"pivot": [0, 5, 0],
					"cubes": [
						{"origin": [-4, 2, -4], "size": [8, 7, 8], "uv": [0, 0]},
						{"origin": [-4, 6, -5], "size": [3.5, 1.25, 1], "pivot": [-0.5, 6, -5], "rotation": [0, 0, 20], "uv": [0, 35]},
						{"origin": [0.5, 6, -5], "size": [3.5, 1.25, 1], "pivot": [0.5, 6, -5], "rotation": [0, 0, -20], "uv": [0, 35], "mirror": true},
						{"origin": [-4, 5, -3.5], "size": [2, 4, 3], "pivot": [-4, 9, -3.5], "rotation": [0, 0, -65], "uv": [14, 34]},
						{"origin": [2, 5, -3.5], "size": [2, 4, 3], "pivot": [4, 9, -3.5], "rotation": [0, 0, 65], "uv": [14, 34], "mirror": true},
						{"origin": [-4, 5, 0.5], "size": [2, 4, 3], "pivot": [-4, 9, -3.5], "rotation": [0, 0, -65], "uv": [14, 34]},
						{"origin": [2, 5, 0.5], "size": [2, 4, 3], "pivot": [4, 9, -3.5], "rotation": [0, 0, 65], "uv": [14, 34], "mirror": true},
						{"origin": [0.5, 9.5, -1.5], "size": [3, 3, 3], "pivot": [3.5, 9.5, 0], "rotation": [0, 0, -50], "uv": [39, 27], "mirror": true},
						{"origin": [-3.5, 9.5, -1.5], "size": [3, 3, 3], "pivot": [-3.5, 9.5, 0], "rotation": [0, 0, 50], "uv": [39, 27]},
						{"origin": [-4, 3, -5], "size": [8, 2, 1], "pivot": [0, 5, -5.5], "rotation": [0, 0, 0], "uv": [32, 21]},
						{"origin": [-4.5, 2.5, -3.5], "size": [1, 6, 7], "uv": [22, 19]},
						{"origin": [3.5, 2.5, -3.5], "size": [1, 6, 7], "uv": [22, 19], "mirror": true},
						{"origin": [-3.5, 2.5, -4.5], "size": [7, 6, 1], "uv": [0, 26]},
						{"origin": [-3.5, 2.5, 3.5], "size": [7, 6, 1], "uv": [0, 26]},
						{"origin": [-3.5, 8.5, -3.5], "size": [7, 1, 7], "uv": [0, 17]},
						{"origin": [-3.5, 1.5, -3.5], "size": [7, 1, 7], "uv": [0, 17]}
					]
				},
				{
					"name": "arms",
					"parent": "head",
					"pivot": [0, 5, 0]
				},
				{
					"name": "right_arm",
					"parent": "arms",
					"pivot": [-4, 5, 0],
					"cubes": [
						{"origin": [-9, 4, -1], "size": [5, 2, 2], "uv": [33, 7]},
						{"origin": [-15, 3.5, -2], "size": [6, 3, 3], "pivot": [-9, 5, 1], "rotation": [0, -55, 0], "uv": [25, 0]},
						{"origin": [-18, 3.5, -3], "size": [3, 3, 4], "pivot": [-9, 5, 1], "rotation": [0, -55, 0], "uv": [32, 13]},
						{"origin": [-15.5, 3, -3.5], "size": [1, 1, 2], "pivot": [-9, 5, 1], "rotation": [0, -55, 0], "uv": [0, 0]}
					]
				},
				{
					"name": "left_arm",
					"parent": "arms",
					"pivot": [4, 5, 0],
					"cubes": [
						{"origin": [4, 4, -1], "size": [5, 2, 2], "uv": [33, 7], "mirror": true},
						{"origin": [9, 3.5, -2], "size": [6, 3, 3], "pivot": [9, 5, 1], "rotation": [0, 55, 0], "uv": [25, 0], "mirror": true},
						{"origin": [15, 3.5, -3], "size": [3, 3, 4], "pivot": [9, 5, 1], "rotation": [0, 55, 0], "uv": [32, 13], "mirror": true},
						{"origin": [14.5, 3, -3.5], "size": [1, 1, 2], "pivot": [9, 5, 1], "rotation": [0, 55, 0], "uv": [0, 0], "mirror": true}
					]
				},
				{
					"name": "open_eyes",
					"parent": "head",
					"pivot": [0, 5, 0],
					"cubes": [
						{"origin": [-3.5, 5, -4.6], "size": [7, 2, 0], "uv": [0, 38]}
					]
				},
				{
					"name": "closed_eyes",
					"parent": "head",
					"pivot": [0, 5, 0],
					"cubes": [
						{"origin": [-3.5, 5, -4.6], "size": [7, 2, 0], "uv": [0, 40]}
					]
				},
				{
					"name": "angry_eyes",
					"parent": "head",
					"pivot": [0, 5, 0],
					"cubes": [
						{"origin": [-3.5, 5, -4.6], "size": [7, 2, 0], "uv": [0, 42]}
					]
				}
			]
		},
		{
			"description": {
				"identifier": "geometry.serpgeodude_aura",
				"texture_width": 64,
				"texture_height": 64,
				"visible_bounds_width": 3,
				"visible_bounds_height": 2.5,
				"visible_bounds_offset": [0, 0.75, 0]
			},
			"bones": [
				{
					"name": "geodude",
					"pivot": [0, 5, 0]
				},
				{
					"name": "head",
					"parent": "geodude",
					"pivot": [0, 5, 0],
					"cubes": [
						{"origin": [-4, 2, -4], "size": [8, 7, 8], "inflate": 0.25, "uv": [0, 0]},
						{"origin": [-4, 6, -5], "size": [3.5, 1.25, 1], "inflate": 0.25, "pivot": [-0.5, 6, -5], "rotation": [0, 0, 20], "uv": [0, 35]},
						{"origin": [0.5, 6, -5], "size": [3.5, 1.25, 1], "inflate": 0.25, "pivot": [0.5, 6, -5], "rotation": [0, 0, -20], "uv": [0, 35], "mirror": true},
						{"origin": [-4, 5, -3.5], "size": [2, 4, 3], "inflate": 0.25, "pivot": [-4, 9, -3.5], "rotation": [0, 0, -65], "uv": [14, 34]},
						{"origin": [2, 5, -3.5], "size": [2, 4, 3], "inflate": 0.25, "pivot": [4, 9, -3.5], "rotation": [0, 0, 65], "uv": [14, 34], "mirror": true},
						{"origin": [-4, 5, 0.5], "size": [2, 4, 3], "inflate": 0.25, "pivot": [-4, 9, -3.5], "rotation": [0, 0, -65], "uv": [14, 34]},
						{"origin": [2, 5, 0.5], "size": [2, 4, 3], "inflate": 0.25, "pivot": [4, 9, -3.5], "rotation": [0, 0, 65], "uv": [14, 34], "mirror": true},
						{"origin": [0.5, 9.5, -1.5], "size": [3, 3, 3], "inflate": 0.25, "pivot": [3.5, 9.5, 0], "rotation": [0, 0, -50], "uv": [39, 27], "mirror": true},
						{"origin": [-3.5, 9.5, -1.5], "size": [3, 3, 3], "inflate": 0.25, "pivot": [-3.5, 9.5, 0], "rotation": [0, 0, 50], "uv": [39, 27]},
						{"origin": [-4, 3, -5], "size": [8, 2, 1], "inflate": 0.25, "pivot": [0, 5, -5.5], "rotation": [0, 0, 0], "uv": [32, 21]},
						{"origin": [-4.5, 2.5, -3.5], "size": [1, 6, 7], "inflate": 0.25, "uv": [22, 19]},
						{"origin": [3.5, 2.5, -3.5], "size": [1, 6, 7], "inflate": 0.25, "uv": [22, 19], "mirror": true},
						{"origin": [-3.5, 2.5, -4.5], "size": [7, 6, 1], "inflate": 0.25, "uv": [0, 26]},
						{"origin": [-3.5, 2.5, 3.5], "size": [7, 6, 1], "inflate": 0.25, "uv": [0, 26]},
						{"origin": [-3.5, 8.5, -3.5], "size": [7, 1, 7], "inflate": 0.25, "uv": [0, 17]},
						{"origin": [-3.5, 1.5, -3.5], "size": [7, 1, 7], "inflate": 0.25, "uv": [0, 17]}
					]
				},
				{
					"name": "arms",
					"parent": "head",
					"pivot": [0, 5, 0]
				},
				{
					"name": "right_arm",
					"parent": "arms",
					"pivot": [-4, 5, 0],
					"cubes": [
						{"origin": [-9, 4, -1], "size": [5, 2, 2], "inflate": 0.25, "uv": [33, 7]},
						{"origin": [-15, 3.5, -2], "size": [6, 3, 3], "inflate": 0.25, "pivot": [-9, 5, 1], "rotation": [0, -55, 0], "uv": [25, 0]},
						{"origin": [-18, 3.5, -3], "size": [3, 3, 4], "inflate": 0.25, "pivot": [-9, 5, 1], "rotation": [0, -55, 0], "uv": [32, 13]},
						{"origin": [-15.5, 3, -3.5], "size": [1, 1, 2], "inflate": 0.25, "pivot": [-9, 5, 1], "rotation": [0, -55, 0], "uv": [0, 0]}
					]
				},
				{
					"name": "left_arm",
					"parent": "arms",
					"pivot": [4, 5, 0],
					"cubes": [
						{"origin": [4, 4, -1], "size": [5, 2, 2], "inflate": 0.25, "uv": [33, 7], "mirror": true},
						{"origin": [9, 3.5, -2], "size": [6, 3, 3], "inflate": 0.25, "pivot": [9, 5, 1], "rotation": [0, 55, 0], "uv": [25, 0], "mirror": true},
						{"origin": [15, 3.5, -3], "size": [3, 3, 4], "inflate": 0.25, "pivot": [9, 5, 1], "rotation": [0, 55, 0], "uv": [32, 13], "mirror": true},
						{"origin": [14.5, 3, -3.5], "size": [1, 1, 2], "inflate": 0.25, "pivot": [9, 5, 1], "rotation": [0, 55, 0], "uv": [0, 0], "mirror": true}
					]
				},
				{
					"name": "open_eyes",
					"parent": "head",
					"pivot": [0, 5, 0],
					"cubes": [
						{"origin": [-3.5, 5, -4.6], "size": [7, 2, 0], "inflate": 0.25, "uv": [0, 38]}
					]
				},
				{
					"name": "closed_eyes",
					"parent": "head",
					"pivot": [0, 5, 0],
					"cubes": [
						{"origin": [-3.5, 5, -4.6], "size": [7, 2, 0], "inflate": 0.25, "uv": [0, 40]}
					]
				},
				{
					"name": "angry_eyes",
					"parent": "head",
					"pivot": [0, 5, 0],
					"cubes": [
						{"origin": [-3.5, 5, -4.6], "size": [7, 2, 0], "inflate": 0.25, "uv": [0, 42]}
					]
				}
			]
		}
	]
}