{
	"format_version": "1.12.0",
	"minecraft:geometry": [
		{
			"description": {
				"identifier": "geometry.serpgolem",
				"texture_width": 48,
				"texture_height": 48,
				"visible_bounds_width": 3,
				"visible_bounds_height": 2.5,
				"visible_bounds_offset": [0, 0.75, 0]
			},
			"bones": [
				{
					"name": "golem",
					"pivot": [0, 10, 0]
				},
				{
					"name": "body_root",
					"parent": "golem",
					"pivot": [0, 2, 0]
				},
				{
					"name": "head",
					"parent": "body_root",
					"pivot": [0, 9, -9],
					"rotation": [10, 0, 0],
					"cubes": [
						{"origin": [-2, 10, -12], "size": [4, 2, 4], "uv": [25, 0]},
						{"origin": [-1.5, 9.5, -8.5], "size": [3, 2, 1], "uv": [28, 33]},
						{"origin": [-1.5, 11.5, -11.5], "size": [3, 1, 3], "uv": [28, 28]},
						{"origin": [-2.5, 9.5, -11.5], "size": [1, 2, 3], "uv": [0, 32]},
						{"origin": [1.5, 9.5, -11.5], "size": [1, 2, 3], "uv": [0, 32], "mirror": true},
						{"origin": [-1, 9.5, -14], "size": [2, 1.5, 2], "uv": [34, 15]},
						{"origin": [-1, 10, -14], "size": [2, 1, 2.92], "pivot": [0, 11, -14], "rotation": [31, 0, 0], "uv": [25, 15]},
						{"origin": [-2, 10.95403, -13.07099], "size": [4, 0, 2], "pivot": [0, 10.95403, -14.07099], "rotation": [31, 0, 0], "uv": [17, 35]},
						{"origin": [-1, 9.5, -14], "size": [2, 1.5, 2.91], "pivot": [-1, 11, -14], "rotation": [0, -30.85, 0], "uv": [9, 33]},
						{"origin": [-1, 9.5, -14], "size": [2, 1.5, 2.91], "pivot": [1, 11, -14], "rotation": [0, 30.85, 0], "uv": [9, 33], "mirror": true}
					]
				},
				{
					"name": "mouth",
					"parent": "head",
					"pivot": [0, 10, -9],
					"rotation": [20, 0, 0],
					"cubes": [
						{"origin": [-2, 9, -12], "size": [4, 1, 4], "uv": [32, 37]},
						{"origin": [-1.5, 10.05, -13], "size": [3, 0, 4], "uv": [38, 43]},
						{"origin": [-1, 9, -13.5], "size": [1, 1, 1.8], "pivot": [-1, 10.5, -13.5], "rotation": [0, -33.37, 0], "uv": [13, 23]},
						{"origin": [0.8, 10, -13], "size": [0, 1, 1], "pivot": [1, 10.5, -13.5], "rotation": [0, 33.37, 0], "uv": [0, 37], "mirror": true},
						{"origin": [-0.8, 10, -13], "size": [0, 1, 1], "pivot": [-1, 10.5, -13.5], "rotation": [0, -33.37, 0], "uv": [0, 37]},
						{"origin": [-1, 9, -13.5], "size": [2, 1, 2], "uv": [19, 0]},
						{"origin": [0, 9, -13.5], "size": [1, 1, 1.8], "pivot": [1, 10.5, -13.5], "rotation": [0, 33.37, 0], "uv": [13, 23], "mirror": true}
					]
				},
				{
					"name": "open_eyes",
					"parent": "head",
					"pivot": [0, 9, -9],
					"cubes": [
						{"origin": [-2, 11, -13.5], "size": [0, 1, 2], "pivot": [-2, 11, -12], "rotation": [0, -30, 0], "uv": [0, -1]},
						{"origin": [2, 11, -13.5], "size": [0, 1, 2], "pivot": [2, 11, -12], "rotation": [0, 30, 0], "uv": [0, -1], "mirror": true}
					]
				},
				{
					"name": "closed_eyes",
					"parent": "head",
					"pivot": [0, 9, -9],
					"cubes": [
						{"origin": [-2, 11, -13.5], "size": [0, 1, 2], "pivot": [-2, 11, -12], "rotation": [0, -30, 0], "uv": [0, 0]},
						{"origin": [2, 11, -13.5], "size": [0, 1, 2], "pivot": [2, 11, -12], "rotation": [0, 30, 0], "uv": [0, 0], "mirror": true}
					]
				},
				{
					"name": "angry_eyes",
					"parent": "head",
					"pivot": [0, 9, -9],
					"cubes": [
						{"origin": [-2, 11, -13.5], "size": [0, 1, 2], "pivot": [-2, 11, -12], "rotation": [0, -30, 0], "uv": [0, 1]},
						{"origin": [2, 11, -13.5], "size": [0, 1, 2], "pivot": [2, 11, -12], "rotation": [0, 30, 0], "uv": [0, 1], "mirror": true}
					]
				},
				{
					"name": "body",
					"parent": "body_root",
					"pivot": [0, 10, 0],
					"cubes": [
						{"origin": [-3, 2, -3], "size": [6, 16, 6], "uv": [0, 0]},
						{"origin": [-3, 2, -3], "size": [6, 16, 6], "pivot": [0, 10, 0], "rotation": [0, 0, -90], "uv": [0, 0]},
						{"origin": [-3, 2, -3], "size": [6, 16, 6], "pivot": [0, 10, 0], "rotation": [45, 0, -90], "uv": [0, 0]},
						{"origin": [-3, 2, -3], "size": [6, 16, 6], "pivot": [0, 10, 0], "rotation": [-45, 0, -90], "uv": [0, 0]},
						{"origin": [-3, 2, -3], "size": [6, 16, 6], "pivot": [0, 10, 0], "rotation": [-90, 0, 0], "uv": [0, 0]},
						{"origin": [-3, 2, -3], "size": [6, 16, 6], "pivot": [0, 10, 0], "rotation": [45, 0, 0], "uv": [0, 0]},
						{"origin": [-3, 2, -3], "size": [6, 16, 6], "pivot": [0, 10, 0], "rotation": [-45, 0, 0], "uv": [0, 0]},
						{"origin": [-3, 2, -3], "size": [6, 16, 6], "pivot": [0, 10, 0], "rotation": [0, 0, -45], "uv": [0, 0]},
						{"origin": [-3, 2, -3], "size": [6, 16, 6], "pivot": [0, 10, 0], "rotation": [0, 0, 45], "uv": [0, 0], "mirror": true}
					]
				},
				{
					"name": "arms",
					"parent": "body_root",
					"pivot": [0, 10, 0]
				},
				{
					"name": "right_arm",
					"parent": "arms",
					"pivot": [-8, 10, 0],
					"rotation": [0, -50, 0],
					"cubes": [
						{"origin": [-13, 8.5, -1.5], "size": [5, 3, 3], "uv": [25, 8]},
						{"origin": [-15, 8.5, -1.5], "size": [2, 3, 3], "uv": [17, 28]}
					]
				},
				{
					"name": "left_arm",
					"parent": "arms",
					"pivot": [8, 10, 0],
					"rotation": [0, 50, 0],
					"cubes": [
						{"origin": [8, 8.5, -1.5], "size": [5, 3, 3], "uv": [25, 8], "mirror": true},
						{"origin": [13, 8.5, -1.5], "size": [2, 3, 3], "uv": [17, 28], "mirror": true}
					]
				},
				{
					"name": "legs",
					"parent": "golem",
					"pivot": [0, 5, 0]
				},
				{
					"name": "right_leg",
					"parent": "legs",
					"pivot": [-6, 5, 0],
					"cubes": [
						{"origin": [-8, 0, -4], "size": [4, 4, 4], "uv": [0, 23]},
						{"origin": [-7, -1, 0], "size": [2, 2, 0], "pivot": [-6, 1, 0], "rotation": [45, 0, 0], "uv": [0, 23]},
						{"origin": [-8, -1, -4], "size": [4, 2, 0], "pivot": [-6, 1, -4], "rotation": [-45, 0, 0], "uv": [34, 19]},
						{"origin": [-8, 4, -4], "size": [4, 4, 4], "pivot": [-6, 4, -4], "rotation": [-45, 0, 0], "uv": [21, 19]}
					]
				},
				{
					"name": "left_leg",
					"parent": "legs",
					"pivot": [6, 5, 0],
					"cubes": [
						{"origin": [4, 0, -4], "size": [4, 4, 4], "uv": [0, 23], "mirror": true},
						{"origin": [5, -1, 0], "size": [2, 2, 0], "pivot": [6, 1, 0], "rotation": [45, 0, 0], "uv": [0, 23], "mirror": true},
						{"origin": [4, -1, -4], "size": [4, 2, 0], "pivot": [6, 1, -4], "rotation": [-45, 0, 0], "uv": [34, 19], "mirror": true},
						{"origin": [4, 4, -4], "size": [4, 4, 4], "pivot": [6, 4, -4], "rotation": [-45, 0, 0], "uv": [21, 19], "mirror": true}
					]
				}
			]
		},
		{
			"description": {
				"identifier": "geometry.serpgolem_aura",
				"texture_width": 48,
				"texture_height": 48,
				"visible_bounds_width": 3,
				"visible_bounds_height": 2.5,
				"visible_bounds_offset": [0, 0.75, 0]
			},
			"bones": [
				{
					"name": "golem",
					"pivot": [0, 10, 0]
				},
				{
					"name": "body_root",
					"parent": "golem",
					"pivot": [0, 2, 0]
				},
				{
					"name": "head",
					"parent": "body_root",
					"pivot": [0, 9, -9],
					"rotation": [10, 0, 0],
					"cubes": [
						{"origin": [-2, 10, -12], "size": [4, 2, 4], "inflate": 0.25, "uv": [25, 0]},
						{"origin": [-1.5, 9.5, -8.5], "size": [3, 2, 1], "inflate": 0.25, "uv": [28, 33]},
						{"origin": [-1.5, 11.5, -11.5], "size": [3, 1, 3], "inflate": 0.25, "uv": [28, 28]},
						{"origin": [-2.5, 9.5, -11.5], "size": [1, 2, 3], "inflate": 0.25, "uv": [0, 32]},
						{"origin": [1.5, 9.5, -11.5], "size": [1, 2, 3], "inflate": 0.25, "uv": [0, 32], "mirror": true},
						{"origin": [-1, 9.5, -14], "size": [2, 1.5, 2], "inflate": 0.25, "uv": [34, 15]},
						{"origin": [-1, 10, -14], "size": [2, 1, 2.92], "inflate": 0.25, "pivot": [0, 11, -14], "rotation": [31, 0, 0], "uv": [25, 15]},
						{"origin": [-2, 10.95403, -13.07099], "size": [4, 0, 2], "inflate": 0.25, "pivot": [0, 10.95403, -14.07099], "rotation": [31, 0, 0], "uv": [17, 35]},
						{"origin": [-1, 9.5, -14], "size": [2, 1.5, 2.91], "inflate": 0.25, "pivot": [-1, 11, -14], "rotation": [0, -30.85, 0], "uv": [9, 33]},
						{"origin": [-1, 9.5, -14], "size": [2, 1.5, 2.91], "inflate": 0.25, "pivot": [1, 11, -14], "rotation": [0, 30.85, 0], "uv": [9, 33], "mirror": true}
					]
				},
				{
					"name": "mouth",
					"parent": "head",
					"pivot": [0, 10, -9],
					"rotation": [20, 0, 0],
					"cubes": [
						{"origin": [-2, 9, -12], "size": [4, 1, 4], "inflate": 0.25, "uv": [32, 37]},
						{"origin": [-1.5, 10.05, -13], "size": [3, 0, 4], "inflate": 0.25, "uv": [38, 43]},
						{"origin": [-1, 9, -13.5], "size": [1, 1, 1.8], "inflate": 0.25, "pivot": [-1, 10.5, -13.5], "rotation": [0, -33.37, 0], "uv": [13, 23]},
						{"origin": [0.8, 10, -13], "size": [0, 1, 1], "inflate": 0.25, "pivot": [1, 10.5, -13.5], "rotation": [0, 33.37, 0], "uv": [0, 37], "mirror": true},
						{"origin": [-0.8, 10, -13], "size": [0, 1, 1], "inflate": 0.25, "pivot": [-1, 10.5, -13.5], "rotation": [0, -33.37, 0], "uv": [0, 37]},
						{"origin": [-1, 9, -13.5], "size": [2, 1, 2], "inflate": 0.25, "uv": [19, 0]},
						{"origin": [0, 9, -13.5], "size": [1, 1, 1.8], "inflate": 0.25, "pivot": [1, 10.5, -13.5], "rotation": [0, 33.37, 0], "uv": [13, 23], "mirror": true}
					]
				},
				{
					"name": "open_eyes",
					"parent": "head",
					"pivot": [0, 9, -9],
					"cubes": [
						{"origin": [-2, 11, -13.5], "size": [0, 1, 2], "inflate": 0.25, "pivot": [-2, 11, -12], "rotation": [0, -30, 0], "uv": [0, -1]},
						{"origin": [2, 11, -13.5], "size": [0, 1, 2], "inflate": 0.25, "pivot": [2, 11, -12], "rotation": [0, 30, 0], "uv": [0, -1], "mirror": true}
					]
				},
				{
					"name": "closed_eyes",
					"parent": "head",
					"pivot": [0, 9, -9],
					"cubes": [
						{"origin": [-2, 11, -13.5], "size": [0, 1, 2], "inflate": 0.25, "pivot": [-2, 11, -12], "rotation": [0, -30, 0], "uv": [0, 0]},
						{"origin": [2, 11, -13.5], "size": [0, 1, 2], "inflate": 0.25, "pivot": [2, 11, -12], "rotation": [0, 30, 0], "uv": [0, 0], "mirror": true}
					]
				},
				{
					"name": "angry_eyes",
					"parent": "head",
					"pivot": [0, 9, -9],
					"cubes": [
						{"origin": [-2, 11, -13.5], "size": [0, 1, 2], "inflate": 0.25, "pivot": [-2, 11, -12], "rotation": [0, -30, 0], "uv": [0, 1]},
						{"origin": [2, 11, -13.5], "size": [0, 1, 2], "inflate": 0.25, "pivot": [2, 11, -12], "rotation": [0, 30, 0], "uv": [0, 1], "mirror": true}
					]
				},
				{
					"name": "body",
					"parent": "body_root",
					"pivot": [0, 10, 0],
					"cubes": [
						{"origin": [-3, 2, -3], "size": [6, 16, 6], "inflate": 0.25, "uv": [0, 0]},
						{"origin": [-3, 2, -3], "size": [6, 16, 6], "inflate": 0.25, "pivot": [0, 10, 0], "rotation": [0, 0, -90], "uv": [0, 0]},
						{"origin": [-3, 2, -3], "size": [6, 16, 6], "inflate": 0.25, "pivot": [0, 10, 0], "rotation": [45, 0, -90], "uv": [0, 0]},
						{"origin": [-3, 2, -3], "size": [6, 16, 6], "inflate": 0.25, "pivot": [0, 10, 0], "rotation": [-45, 0, -90], "uv": [0, 0]},
						{"origin": [-3, 2, -3], "size": [6, 16, 6], "inflate": 0.25, "pivot": [0, 10, 0], "rotation": [-90, 0, 0], "uv": [0, 0]},
						{"origin": [-3, 2, -3], "size": [6, 16, 6], "inflate": 0.25, "pivot": [0, 10, 0], "rotation": [45, 0, 0], "uv": [0, 0]},
						{"origin": [-3, 2, -3], "size": [6, 16, 6], "inflate": 0.25, "pivot": [0, 10, 0], "rotation": [-45, 0, 0], "uv": [0, 0]},
						{"origin": [-3, 2, -3], "size": [6, 16, 6], "inflate": 0.25, "pivot": [0, 10, 0], "rotation": [0, 0, -45], "uv": [0, 0]},
						{"origin": [-3, 2, -3], "size": [6, 16, 6], "inflate": 0.25, "pivot": [0, 10, 0], "rotation": [0, 0, 45], "uv": [0, 0], "mirror": true}
					]
				},
				{
					"name": "arms",
					"parent": "body_root",
					"pivot": [0, 10, 0]
				},
				{
					"name": "right_arm",
					"parent": "arms",
					"pivot": [-8, 10, 0],
					"rotation": [0, -50, 0],
					"cubes": [
						{"origin": [-13, 8.5, -1.5], "size": [5, 3, 3], "inflate": 0.25, "uv": [25, 8]},
						{"origin": [-15, 8.5, -1.5], "size": [2, 3, 3], "inflate": 0.25, "uv": [17, 28]}
					]
				},
				{
					"name": "left_arm",
					"parent": "arms",
					"pivot": [8, 10, 0],
					"rotation": [0, 50, 0],
					"cubes": [
						{"origin": [8, 8.5, -1.5], "size": [5, 3, 3], "inflate": 0.25, "uv": [25, 8], "mirror": true},
						{"origin": [13, 8.5, -1.5], "size": [2, 3, 3], "inflate": 0.25, "uv": [17, 28], "mirror": true}
					]
				},
				{
					"name": "legs",
					"parent": "golem",
					"pivot": [0, 5, 0]
				},
				{
					"name": "right_leg",
					"parent": "legs",
					"pivot": [-6, 5, 0],
					"cubes": [
						{"origin": [-8, 0, -4], "size": [4, 4, 4], "inflate": 0.25, "uv": [0, 23]},
						{"origin": [-7, -1, 0], "size": [2, 2, 0], "inflate": 0.25, "pivot": [-6, 1, 0], "rotation": [45, 0, 0], "uv": [0, 23]},
						{"origin": [-8, -1, -4], "size": [4, 2, 0], "inflate": 0.25, "pivot": [-6, 1, -4], "rotation": [-45, 0, 0], "uv": [34, 19]},
						{"origin": [-8, 4, -4], "size": [4, 4, 4], "inflate": 0.25, "pivot": [-6, 4, -4], "rotation": [-45, 0, 0], "uv": [21, 19]}
					]
				},
				{
					"name": "left_leg",
					"parent": "legs",
					"pivot": [6, 5, 0],
					"cubes": [
						{"origin": [4, 0, -4], "size": [4, 4, 4], "inflate": 0.25, "uv": [0, 23], "mirror": true},
						{"origin": [5, -1, 0], "size": [2, 2, 0], "inflate": 0.25, "pivot": [6, 1, 0], "rotation": [45, 0, 0], "uv": [0, 23], "mirror": true},
						{"origin": [4, -1, -4], "size": [4, 2, 0], "inflate": 0.25, "pivot": [6, 1, -4], "rotation": [-45, 0, 0], "uv": [34, 19], "mirror": true},
						{"origin": [4, 4, -4], "size": [4, 4, 4], "inflate": 0.25, "pivot": [6, 4, -4], "rotation": [-45, 0, 0], "uv": [21, 19], "mirror": true}
					]
				}
			]
		}
	]
}