{
  "format_version":"1.10.0",
  "minecraft:client_entity":{
    "description":{
      "identifier":"pokemon:p9",
      "materials":{"default":"entity_emissive_alpha","aura":"charged_creeper"},
      "textures":{
    "hp":"textures/ui/hp",
    "max_aura":"textures/entity/aura/max",
    "totem_aura":"textures/entity/aura/totem",
    "default":"textures/entity/normal/squirtle/blastoise",
    "default_s":"textures/entity/shiny/squirtle/blastoise",
    "mega1":"textures/entity/normal/squirtle/blastoise_mega",
    "mega_s1":"textures/entity/shiny/squirtle/blastoise_mega",
    "max":"textures/entity/normal/squirtle/blastoise",
    "max_s":"textures/entity/shiny/squirtle/blastoise"
      },
      "geometry":{
    "hp":"geometry.health_bar",
    "aura":"geometry.serpblastoise_aura",
    "default":"geometry.serpblastoise",
    "mega1":"geometry.serpblastoise_mega",
    "max":"geometry.serpblastoise"
      },
      "animations":{
    "health_bar":"animation.blastoise.health_bar",
    "health_bar_mega":"animation.blastoise.health_bar_mega",
    "eyes_controller":"controller.animation.eyes",
    "open":"animation.serpmob.open",
    "close":"animation.serpmob.close",
    "angry":"animation.serpmob.angry",
    "fainted":"animation.serpmob.fainted",
    "quiet":"animation.blastoise.quiet",
    "walk":"animation.blastoise.walk",
    "sit":"animation.blastoise.sitting",
    "attack":"animation.blastoise.attack",
    "jump":"animation.blastoise.jump",
    "swimming":"animation.blastoise.swimming",
    "sink":"animation.blastoise.sink",
    "look_at_target":"animation.common.look_at_target",
    "direction":"animation.blastoise.direction",
    "direction_rider":"animation.totodile.direction_rider",
    "main_controller":"controller.animation.pokemon_swim",
    "effects_controller":"controller.animation.effects"
      },
      "particle_effects":{
    "shiny":"serp:shiny"
      },
      "scripts":{
        "scale":"1.2",
        "animate":["effects_controller","main_controller",{"direction_rider":"query.has_rider"},{"health_bar_mega":"query.variant==2"}]
      },
      "render_controllers":[{"controller.render.blastoise":"query.property('serp:v')>=0&&query.property('serp:v')<=2"},{"controller.render.blastoises":"query.property('serp:v')>=3&&query.property('serp:v')<=5"},{"controller.render.max":"query.variant==4"},{"controller.render.totem":"query.variant==6"},"controller.render.hp"]
    }
  }
}