{
	"format_version": "1.8.0",
	"animations": {
		"animation.wigglytuff.quiet": {
			"loop": true,
			"animation_length": 0.8,
			"bones": {
				"body": {
					"rotation": {
						"0.0": [5, 0, 0],
						"0.4": [0, 0, 0],
						"0.8": [5, 0, 0]
					}
				},
				"arms": {
					"rotation": {
						"0.0": [15, 0, 0],
						"0.4": [0, 0, 0],
						"0.8": [15, 0, 0]
					}
				}
			}
		},
		"animation.wigglytuff.walk": {
			"loop": true,
			"animation_length": 0.8,
			"bones": {
				"wigglytuff": {
					"rotation": {
						"0.0": [0, 0, -5],
						"0.4": [0, 0, 5],
						"0.8": [0, 0, -5]
					},
					"position": {
						"0.0": [0, 2, 0],
						"0.2": [0, 0, 0],
						"0.4": [0, 2, 0],
						"0.6": [0, 0, 0],
						"0.8": [0, 2, 0]
					}
				},
				"body": {
					"rotation": {
						"0.0": [0, 5, 0],
						"0.4": [0, -5, 0],
						"0.8": [0, 5, 0]
					}
				},
				"arms": {
					"rotation": {
						"0.0": [-5, 0, 0],
						"0.2": [5, 0, 0],
						"0.4": [-5, 0, 0],
						"0.6": [5, 0, 0],
						"0.8": [-5, 0, 0]
					}
				},
				"right_leg": {
					"rotation": {
						"0.0": [15, 0, 0],
						"0.4": [-25, 0, 0],
						"0.8": [15, 0, 0]
					}
				},
				"left_leg": {
					"rotation": {
						"0.0": [-25, 0, 0],
						"0.4": [15, 0, 0],
						"0.8": [-25, 0, 0]
					}
				}
			}
		},
		"animation.wigglytuff.sitting": {
			"loop": true,
			"bones": {
				"wigglytuff": {
					"position": [0, -1, 0]
				},
				"legs": {
					"rotation": [-67.5, 0, 0],
					"position": [0, -4, 1]
				}
			}
		},
        "animation.wigglytuff.health_bar":{
            "loop":true,
            "bones":{
                "health_hover":{
    "rotation":["q.camera_rotation(0)","q.camera_rotation(1)-q.body_y_rotation",0],
	"position": [0,32,0],
    "scale":"query.is_in_ui?0:1.5"
                },
				"bar_green": {
					"scale": ["query.health/query.max_health*1", 1, 1]
				},
				"bar_black": {
					"scale": ["(1)+(query.health/query.max_health*-1)", 1, 1]
				}
			}
        }
	}
}