{
	"format_version": "1.8.0",
	"animations": {
		"animation.jigglypuff.quiet": {
			"loop": true,
			"animation_length": 0.8,
			"bones": {
				"jigglypuff": {
					"rotation": {
						"0.0": [0, -5, 0],
						"0.4": [0, 5, 0],
						"0.8": [0, -5, 0]
					}
				},
				"right_arm": {
					"rotation": {
						"0.0": [-10, 0, 0],
						"0.4": [10, 0, 0],
						"0.8": [-10, 0, 0]
					}
				},
				"left_arm": {
					"rotation": {
						"0.0": [10, 0, 0],
						"0.4": [-10, 0, 0],
						"0.8": [10, 0, 0]
					}
				}
			}
		},
		"animation.jigglypuff.walk": {
			"loop": true,
			"animation_length": 0.8,
			"bones": {
				"jigglypuff": {
					"rotation": {
						"0.0": [0, 0, -10],
						"0.4": [0, 0, 10],
						"0.8": [0, 0, -10]
					},
					"position": {
						"0.0": [0, 0, 0],
						"0.2": [0, 2, 0],
						"0.4": [0, 0, 0],
						"0.6": [0, 2, 0],
						"0.8": [0, 0, 0]
					}
				},
				"right_arm": {
					"rotation": {
						"0.0": [-20, 0, 0],
						"0.4": [20, 0, 0],
						"0.8": [-20, 0, 0]
					}
				},
				"left_arm": {
					"rotation": {
						"0.0": [20, 0, 0],
						"0.4": [-20, 0, 0],
						"0.8": [20, 0, 0]
					}
				},
				"right_leg": {
					"rotation": {
						"0.0": [25, 0, 0],
						"0.4": [-25, 0, 0],
						"0.8": [25, 0, 0]
					},
					"position": {
						"0.0": [0, 0, 1],
						"0.4": [0, 0, -1],
						"0.8": [0, 0, 1]
					}
				},
				"left_leg": {
					"rotation": {
						"0.0": [-25, 0, 0],
						"0.4": [25, 0, 0],
						"0.8": [-25, 0, 0]
					},
					"position": {
						"0.0": [0, 0, -1],
						"0.4": [0, 0, 0],
						"0.8": [0, 0, -1]
					}
				}
			}
		},
		"animation.jigglypuff.sitting": {
			"loop": true,
			"bones": {
				"legs": {
					"rotation": [-45, 0, 0],
					"position": [0, 0, -1]
				}
			}
		},
        "animation.jigglypuff.health_bar":{
            "loop":true,
            "bones":{
                "health_hover":{
    "rotation":["q.camera_rotation(0)","q.camera_rotation(1)-q.body_y_rotation",0],
	"position": [0,22.5,0],
    "scale":"query.is_in_ui?0:1.5"
                },
				"bar_green": {
					"scale": ["query.health/query.max_health*1", 1, 1]
				},
				"bar_black": {
					"scale": ["(1)+(query.health/query.max_health*-1)", 1, 1]
				}
			}
        }
	}
}