{
	"format_version": "1.12.0",
	"minecraft:geometry": [
		{
			"description": {
				"identifier": "geometry.serpscyther",
				"texture_width": 64,
				"texture_height": 64,
				"visible_bounds_width": 3,
				"visible_bounds_height": 3.5,
				"visible_bounds_offset": [0, 1.25, 0]
			},
			"bones": [
				{
					"name": "scyther",
					"pivot": [0, 0, 0]
				},
				{
					"name": "body_root",
					"parent": "scyther",
					"pivot": [0, 14, 0]
				},
				{
					"name": "head",
					"parent": "body_root",
					"pivot": [0, 20.5, 0],
					"cubes": [
						{"origin": [-2, 21.5, -2], "size": [4, 4, 4], "uv": [17, 16]},
						{"origin": [-1, 24, -2.5], "size": [0, 3, 5], "pivot": [-1, 24.5, 0], "rotation": [0, -10, -25], "uv": [32, 29]},
						{"origin": [1, 24, -2.5], "size": [0, 3, 5], "pivot": [1, 24.5, 0], "rotation": [0, 10, 25], "uv": [32, 29], "mirror": true},
						{"origin": [0, 25, -2.5], "size": [0, 3, 5], "uv": [32, 29]},
						{"origin": [-1.5, 22, -2.5], "size": [3, 3, 1], "uv": [46, 41]},
						{"origin": [-1.5, 22, 1.5], "size": [3, 3, 1], "uv": [46, 41]},
						{"origin": [-2.5, 22, -1.5], "size": [1, 3, 3], "uv": [29, 43]},
						{"origin": [1.5, 22, -1.5], "size": [1, 3, 3], "uv": [29, 43], "mirror": true},
						{"origin": [-1.5, 25, -1.5], "size": [3, 1, 3], "uv": [38, 29]},
						{"origin": [-2, 21.5, -1.5], "size": [1, 2, 3], "pivot": [-2.5, 23.5, -1.5], "rotation": [20, -15, 20], "uv": [38, 43]},
						{"origin": [1, 21.5, -1.5], "size": [1, 2, 3], "pivot": [2.5, 23.5, -1.5], "rotation": [20, 15, -20], "uv": [38, 43], "mirror": true},
						{"origin": [-1, 21.5, -4], "size": [2, 1.5, 2], "uv": [16, 47]},
						{"origin": [-1, 21.5, -4.05], "size": [2, 1, 0], "uv": [0, 56]},
						{"origin": [-1, 21.5, -4], "size": [2, 1.5, 2.91], "pivot": [-1, 23, -4], "rotation": [0, -30.9, 0], "uv": [18, 0]},
						{"origin": [-1, 21.5, -4], "size": [2, 1.5, 2.91], "pivot": [1, 23, -4], "rotation": [0, 30.9, 0], "uv": [18, 0], "mirror": true},
						{"origin": [-1.05, 21.5, -4], "size": [0, 1, 2], "pivot": [-1, 23, -4], "rotation": [0, -30.9, 0], "uv": [0, 51]},
						{"origin": [1.05, 21.5, -4], "size": [0, 1, 2], "pivot": [1, 23, -4], "rotation": [0, 30.9, 0], "uv": [0, 51], "mirror": true},
						{"origin": [-1, 21.5, -4], "size": [2, 1.5, 3], "pivot": [0, 23, -4], "rotation": [45, 0, 0], "uv": [18, 42]},
						{"origin": [-1, 20.5, -1], "size": [2, 1, 2], "uv": [45, 47]}
					]
				},
				{
					"name": "open_eyes",
					"parent": "head",
					"pivot": [0, 22.5, -1],
					"cubes": [
						{"origin": [-2.5, 23, -3.7], "size": [0, 2, 2], "pivot": [-2.5, 23.5, -1.5], "rotation": [0, -45, 0], "uv": [9, 51]},
						{"origin": [2.5, 23, -3.7], "size": [0, 2, 2], "pivot": [2.5, 23.5, -1.5], "rotation": [0, 45, 0], "uv": [9, 51], "mirror": true}
					]
				},
				{
					"name": "closed_eyes",
					"parent": "head",
					"pivot": [0, 22.5, -1],
					"cubes": [
						{"origin": [-2.5, 23, -3.7], "size": [0, 2, 2], "pivot": [-2.5, 23.5, -1.5], "rotation": [0, -45, 0], "uv": [9, 53]},
						{"origin": [2.5, 23, -3.7], "size": [0, 2, 2], "pivot": [2.5, 23.5, -1.5], "rotation": [0, 45, 0], "uv": [9, 53], "mirror": true}
					]
				},
				{
					"name": "angry_eyes",
					"parent": "head",
					"pivot": [0, 22.5, -1],
					"cubes": [
						{"origin": [-2.5, 23, -3.7], "size": [0, 2, 2], "pivot": [-2.5, 23.5, -1.5], "rotation": [0, -45, 0], "uv": [9, 55]},
						{"origin": [2.5, 23, -3.7], "size": [0, 2, 2], "pivot": [2.5, 23.5, -1.5], "rotation": [0, 45, 0], "uv": [9, 55], "mirror": true}
					]
				},
				{
					"name": "body",
					"parent": "body_root",
					"pivot": [0, 13, 0],
					"cubes": [
						{"origin": [-3, 16, -2.5], "size": [6, 4, 5], "uv": [0, 0]},
						{"origin": [-2.5, 15.5, -2], "size": [5, 1, 4], "uv": [23, 6]},
						{"origin": [-1, 14.5, -1], "size": [2, 1, 2], "uv": [47, 10]},
						{"origin": [-2.5, 19.5, -2], "size": [5, 1, 4], "uv": [23, 0]},
						{"origin": [-2.5, 16.5, -3], "size": [5, 3, 1], "uv": [41, 5]},
						{"origin": [-2.5, 16.5, 2], "size": [5, 3, 1], "uv": [39, 17]},
						{"origin": [-3.5, 16.5, -2], "size": [1, 3, 4], "uv": [22, 34]}
					]
				},
				{
					"name": "body2",
					"parent": "body",
					"pivot": [0, 14, 0],
					"cubes": [
						{"origin": [-2, 8.5, -2], "size": [4, 6, 4], "inflate": 0.02, "uv": [0, 16]},
						{"origin": [1.5, 9, -1.5], "size": [1, 5, 3], "uv": [0, 42]},
						{"origin": [-2.5, 9, -1.5], "size": [1, 5, 3], "uv": [0, 42]},
						{"origin": [-1.5, 9, 1.5], "size": [3, 5, 1], "uv": [43, 34]},
						{"origin": [-1.5, 9, -2.5], "size": [3, 5, 1], "uv": [43, 34]},
						{"origin": [-1.5, 14, -1.5], "size": [3, 1, 3], "uv": [33, 38]},
						{"origin": [-1.5, 8, -1.5], "size": [3, 1, 3], "uv": [33, 38]}
					]
				},
				{
					"name": "wings",
					"parent": "body",
					"pivot": [0, 18, 3]
				},
				{
					"name": "Right_wings",
					"parent": "wings",
					"pivot": [-1, 18, 3],
					"cubes": [
						{"origin": [-12, 16, 3], "size": [11, 5, 0], "pivot": [-1, 17, 3], "rotation": [0, 40, 0], "uv": [0, 10]},
						{"origin": [-9, 15, 3], "size": [8, 4, 0], "pivot": [-1, 17, 3], "rotation": [0, 30, -25], "uv": [30, 12]}
					]
				},
				{
					"name": "Left_wings",
					"parent": "wings",
					"pivot": [1, 18, 3],
					"cubes": [
						{"origin": [1, 16, 3], "size": [11, 5, 0], "pivot": [1, 17, 3], "rotation": [0, -40, 0], "uv": [0, 10], "mirror": true},
						{"origin": [1, 15, 3], "size": [8, 4, 0], "pivot": [1, 17, 3], "rotation": [0, -30, 25], "uv": [30, 12], "mirror": true}
					]
				},
				{
					"name": "arms",
					"parent": "body_root",
					"pivot": [0, 18, 0]
				},
				{
					"name": "right_arm",
					"parent": "arms",
					"pivot": [-4, 18, 0],
					"rotation": [0, 0, 20],
					"cubes": [
						{"origin": [-4, 14, -0.5], "size": [1, 3, 1], "uv": [25, 49]},
						{"origin": [-5, 17, -1.5], "size": [3, 3, 3], "uv": [0, 35]}
					]
				},
				{
					"name": "right_hand",
					"parent": "right_arm",
					"pivot": [-4, 14, 0.5],
					"cubes": [
						{"origin": [-3.5, 2, -3], "size": [0, 12, 4], "uv": [13, 25]}
					]
				},
				{
					"name": "left_arm",
					"parent": "arms",
					"pivot": [4, 18, 0],
					"rotation": [0, 0, -20],
					"cubes": [
						{"origin": [3, 14, -0.5], "size": [1, 3, 1], "uv": [25, 49], "mirror": true},
						{"origin": [2, 17, -1.5], "size": [3, 3, 3], "uv": [0, 35], "mirror": true}
					]
				},
				{
					"name": "left_hand",
					"parent": "left_arm",
					"pivot": [4, 14, 0.5],
					"cubes": [
						{"origin": [3.5, 2, -3], "size": [0, 12, 4], "uv": [13, 25], "mirror": true}
					]
				},
				{
					"name": "legs",
					"parent": "scyther",
					"pivot": [0, 13, 0]
				},
				{
					"name": "right_leg",
					"parent": "legs",
					"pivot": [-1, 13, 0],
					"cubes": [
						{"origin": [-4, 9, -2], "size": [3, 4, 4], "uv": [22, 25]},
						{"origin": [-3, 7, -0.5], "size": [1, 2, 1], "uv": [23, 12]},
						{"origin": [-4.5, 12.5, -2], "size": [3, 1.5, 0], "pivot": [-3, 12.5, -2], "rotation": [15, 0, 0], "uv": [18, 25]},
						{"origin": [-4.5, 9.5, -1.5], "size": [1, 3, 3], "uv": [9, 42]},
						{"origin": [-3.5, 12.5, -1.5], "size": [2, 1, 3], "inflate": 0.02, "uv": [42, 0]},
						{"origin": [-3.5, 9.5, -2.5], "size": [2, 3, 1], "uv": [9, 49]},
						{"origin": [-3.5, 9.5, 1.5], "size": [2, 3, 1], "uv": [9, 49]}
					]
				},
				{
					"name": "right_foot",
					"parent": "right_leg",
					"pivot": [-2.5, 7, 0],
					"cubes": [
						{"origin": [-3.5, 4, -1], "size": [2, 3, 2], "uv": [44, 22]},
						{"origin": [-4, 0, -1.5], "size": [3, 4, 3], "uv": [0, 27]},
						{"origin": [-4, -0.5, -1.5], "size": [3, 2, 0], "pivot": [-2.5, 1, -1.5], "rotation": [-45, 0, 0], "uv": [13, 16]}
					]
				},
				{
					"name": "left_leg",
					"parent": "legs",
					"pivot": [1, 13, 0],
					"cubes": [
						{"origin": [1, 9, -2], "size": [3, 4, 4], "uv": [22, 25], "mirror": true},
						{"origin": [2, 7, -0.5], "size": [1, 2, 1], "uv": [23, 12], "mirror": true},
						{"origin": [1.5, 12.5, -2], "size": [3, 1.5, 0], "pivot": [3, 12.5, -2], "rotation": [15, 0, 0], "uv": [18, 25], "mirror": true},
						{"origin": [3.5, 9.5, -1.5], "size": [1, 3, 3], "uv": [9, 42], "mirror": true},
						{"origin": [1.5, 12.5, -1.5], "size": [2, 1, 3], "inflate": 0.02, "uv": [42, 0], "mirror": true},
						{"origin": [1.5, 9.5, -2.5], "size": [2, 3, 1], "uv": [9, 49], "mirror": true},
						{"origin": [1.5, 9.5, 1.5], "size": [2, 3, 1], "uv": [9, 49], "mirror": true}
					]
				},
				{
					"name": "left_foot",
					"parent": "left_leg",
					"pivot": [2.5, 7, 0],
					"cubes": [
						{"origin": [1.5, 4, -1], "size": [2, 3, 2], "uv": [44, 22], "mirror": true},
						{"origin": [1, 0, -1.5], "size": [3, 4, 3], "uv": [0, 27], "mirror": true},
						{"origin": [1, -0.5, -1.5], "size": [3, 2, 0], "pivot": [2.5, 1, -1.5], "rotation": [-45, 0, 0], "uv": [13, 16], "mirror": true}
					]
				}
			]
		},
		{
			"description": {
				"identifier": "geometry.serpscyther_aura",
				"texture_width": 64,
				"texture_height": 64,
				"visible_bounds_width": 3,
				"visible_bounds_height": 3.5,
				"visible_bounds_offset": [0, 1.25, 0]
			},
			"bones": [
				{
					"name": "scyther",
					"pivot": [0, 0, 0]
				},
				{
					"name": "body_root",
					"parent": "scyther",
					"pivot": [0, 14, 0]
				},
				{
					"name": "head",
					"parent": "body_root",
					"pivot": [0, 20.5, 0],
					"cubes": [
						{"origin": [-2, 21.5, -2], "size": [4, 4, 4], "inflate": 0.25, "uv": [17, 16]},
						{"origin": [-1, 24, -2.5], "size": [0, 3, 5], "inflate": 0.25, "pivot": [-1, 24.5, 0], "rotation": [0, -10, -25], "uv": [32, 29]},
						{"origin": [1, 24, -2.5], "size": [0, 3, 5], "inflate": 0.25, "pivot": [1, 24.5, 0], "rotation": [0, 10, 25], "uv": [32, 29], "mirror": true},
						{"origin": [0, 25, -2.5], "size": [0, 3, 5], "inflate": 0.25, "uv": [32, 29]},
						{"origin": [-1.5, 22, -2.5], "size": [3, 3, 1], "inflate": 0.25, "uv": [46, 41]},
						{"origin": [-1.5, 22, 1.5], "size": [3, 3, 1], "inflate": 0.25, "uv": [46, 41]},
						{"origin": [-2.5, 22, -1.5], "size": [1, 3, 3], "inflate": 0.25, "uv": [29, 43]},
						{"origin": [1.5, 22, -1.5], "size": [1, 3, 3], "inflate": 0.25, "uv": [29, 43], "mirror": true},
						{"origin": [-1.5, 25, -1.5], "size": [3, 1, 3], "inflate": 0.25, "uv": [38, 29]},
						{"origin": [-2, 21.5, -1.5], "size": [1, 2, 3], "inflate": 0.25, "pivot": [-2.5, 23.5, -1.5], "rotation": [20, -15, 20], "uv": [38, 43]},
						{"origin": [1, 21.5, -1.5], "size": [1, 2, 3], "inflate": 0.25, "pivot": [2.5, 23.5, -1.5], "rotation": [20, 15, -20], "uv": [38, 43], "mirror": true},
						{"origin": [-1, 21.5, -4], "size": [2, 1.5, 2], "inflate": 0.25, "uv": [16, 47]},
						{"origin": [-1, 21.5, -4.05], "size": [2, 1, 0], "inflate": 0.25, "uv": [0, 56]},
						{"origin": [-1, 21.5, -4], "size": [2, 1.5, 2.91], "inflate": 0.25, "pivot": [-1, 23, -4], "rotation": [0, -30.9, 0], "uv": [18, 0]},
						{"origin": [-1, 21.5, -4], "size": [2, 1.5, 2.91], "inflate": 0.25, "pivot": [1, 23, -4], "rotation": [0, 30.9, 0], "uv": [18, 0], "mirror": true},
						{"origin": [-1.05, 21.5, -4], "size": [0, 1, 2], "inflate": 0.25, "pivot": [-1, 23, -4], "rotation": [0, -30.9, 0], "uv": [0, 51]},
						{"origin": [1.05, 21.5, -4], "size": [0, 1, 2], "inflate": 0.25, "pivot": [1, 23, -4], "rotation": [0, 30.9, 0], "uv": [0, 51], "mirror": true},
						{"origin": [-1, 21.5, -4], "size": [2, 1.5, 3], "inflate": 0.25, "pivot": [0, 23, -4], "rotation": [45, 0, 0], "uv": [18, 42]},
						{"origin": [-1, 20.5, -1], "size": [2, 1, 2], "inflate": 0.25, "uv": [45, 47]}
					]
				},
				{
					"name": "open_eyes",
					"parent": "head",
					"pivot": [0, 22.5, -1],
					"cubes": [
						{"origin": [-2.5, 23, -3.7], "size": [0, 2, 2], "inflate": 0.25, "pivot": [-2.5, 23.5, -1.5], "rotation": [0, -45, 0], "uv": [0, 0]},
						{"origin": [2.5, 23, -3.7], "size": [0, 2, 2], "inflate": 0.25, "pivot": [2.5, 23.5, -1.5], "rotation": [0, 45, 0], "uv": [0, 0], "mirror": true}
					]
				},
				{
					"name": "body",
					"parent": "body_root",
					"pivot": [0, 13, 0],
					"cubes": [
						{"origin": [-3, 16, -2.5], "size": [6, 4, 5], "inflate": 0.25, "uv": [0, 0]},
						{"origin": [-2.5, 15.5, -2], "size": [5, 1, 4], "inflate": 0.25, "uv": [23, 6]},
						{"origin": [-1, 14.5, -1], "size": [2, 1, 2], "inflate": 0.25, "uv": [47, 10]},
						{"origin": [-2.5, 19.5, -2], "size": [5, 1, 4], "inflate": 0.25, "uv": [23, 0]},
						{"origin": [-2.5, 16.5, -3], "size": [5, 3, 1], "inflate": 0.25, "uv": [41, 5]},
						{"origin": [-2.5, 16.5, 2], "size": [5, 3, 1], "inflate": 0.25, "uv": [39, 17]},
						{"origin": [-3.5, 16.5, -2], "size": [1, 3, 4], "inflate": 0.25, "uv": [22, 34]}
					]
				},
				{
					"name": "body2",
					"parent": "body",
					"pivot": [0, 14, 0],
					"cubes": [
						{"origin": [-2, 8.5, -2], "size": [4, 6, 4], "inflate": 0.25, "uv": [0, 16]},
						{"origin": [1.5, 9, -1.5], "size": [1, 5, 3], "inflate": 0.25, "uv": [0, 42]},
						{"origin": [-2.5, 9, -1.5], "size": [1, 5, 3], "inflate": 0.25, "uv": [0, 42]},
						{"origin": [-1.5, 9, 1.5], "size": [3, 5, 1], "inflate": 0.25, "uv": [43, 34]},
						{"origin": [-1.5, 9, -2.5], "size": [3, 5, 1], "inflate": 0.25, "uv": [43, 34]},
						{"origin": [-1.5, 14, -1.5], "size": [3, 1, 3], "inflate": 0.25, "uv": [33, 38]},
						{"origin": [-1.5, 8, -1.5], "size": [3, 1, 3], "inflate": 0.25, "uv": [33, 38]}
					]
				},
				{
					"name": "wings",
					"parent": "body",
					"pivot": [0, 18, 3]
				},
				{
					"name": "Right_wings",
					"parent": "wings",
					"pivot": [-1, 18, 3],
					"cubes": [
						{"origin": [-12, 16, 3], "size": [11, 5, 0], "inflate": 0.25, "pivot": [-1, 17, 3], "rotation": [0, 40, 0], "uv": [0, 10]},
						{"origin": [-9, 15, 3], "size": [8, 4, 0], "inflate": 0.25, "pivot": [-1, 17, 3], "rotation": [0, 30, -25], "uv": [30, 12]}
					]
				},
				{
					"name": "Left_wings",
					"parent": "wings",
					"pivot": [1, 18, 3],
					"cubes": [
						{"origin": [1, 16, 3], "size": [11, 5, 0], "inflate": 0.25, "pivot": [1, 17, 3], "rotation": [0, -40, 0], "uv": [0, 10], "mirror": true},
						{"origin": [1, 15, 3], "size": [8, 4, 0], "inflate": 0.25, "pivot": [1, 17, 3], "rotation": [0, -30, 25], "uv": [30, 12], "mirror": true}
					]
				},
				{
					"name": "arms",
					"parent": "body_root",
					"pivot": [0, 18, 0]
				},
				{
					"name": "right_arm",
					"parent": "arms",
					"pivot": [-4, 18, 0],
					"rotation": [0, 0, 20],
					"cubes": [
						{"origin": [-4, 14, -0.5], "size": [1, 3, 1], "inflate": 0.25, "uv": [25, 49]},
						{"origin": [-5, 17, -1.5], "size": [3, 3, 3], "inflate": 0.25, "uv": [0, 35]}
					]
				},
				{
					"name": "right_hand",
					"parent": "right_arm",
					"pivot": [-4, 14, 0.5],
					"cubes": [
						{"origin": [-3.5, 2, -3], "size": [0, 12, 4], "inflate": 0.25, "uv": [13, 25]}
					]
				},
				{
					"name": "left_arm",
					"parent": "arms",
					"pivot": [4, 18, 0],
					"rotation": [0, 0, -20],
					"cubes": [
						{"origin": [3, 14, -0.5], "size": [1, 3, 1], "inflate": 0.25, "uv": [25, 49], "mirror": true},
						{"origin": [2, 17, -1.5], "size": [3, 3, 3], "inflate": 0.25, "uv": [0, 35], "mirror": true}
					]
				},
				{
					"name": "left_hand",
					"parent": "left_arm",
					"pivot": [4, 14, 0.5],
					"cubes": [
						{"origin": [3.5, 2, -3], "size": [0, 12, 4], "inflate": 0.25, "uv": [13, 25], "mirror": true}
					]
				},
				{
					"name": "legs",
					"parent": "scyther",
					"pivot": [0, 13, 0]
				},
				{
					"name": "right_leg",
					"parent": "legs",
					"pivot": [-1, 13, 0],
					"cubes": [
						{"origin": [-4, 9, -2], "size": [3, 4, 4], "inflate": 0.25, "uv": [22, 25]},
						{"origin": [-3, 7, -0.5], "size": [1, 2, 1], "inflate": 0.25, "uv": [23, 12]},
						{"origin": [-4.5, 12.5, -2], "size": [3, 1.5, 0], "inflate": 0.25, "pivot": [-3, 12.5, -2], "rotation": [15, 0, 0], "uv": [18, 25]},
						{"origin": [-4.5, 9.5, -1.5], "size": [1, 3, 3], "inflate": 0.25, "uv": [9, 42]},
						{"origin": [-3.5, 12.5, -1.5], "size": [2, 1, 3], "inflate": 0.25, "uv": [42, 0]},
						{"origin": [-3.5, 9.5, -2.5], "size": [2, 3, 1], "inflate": 0.25, "uv": [9, 49]},
						{"origin": [-3.5, 9.5, 1.5], "size": [2, 3, 1], "inflate": 0.25, "uv": [9, 49]}
					]
				},
				{
					"name": "right_foot",
					"parent": "right_leg",
					"pivot": [-2.5, 7, 0],
					"cubes": [
						{"origin": [-3.5, 4, -1], "size": [2, 3, 2], "inflate": 0.25, "uv": [44, 22]},
						{"origin": [-4, 0, -1.5], "size": [3, 4, 3], "inflate": 0.25, "uv": [0, 27]},
						{"origin": [-4, -0.5, -1.5], "size": [3, 2, 0], "inflate": 0.25, "pivot": [-2.5, 1, -1.5], "rotation": [-45, 0, 0], "uv": [13, 16]}
					]
				},
				{
					"name": "left_leg",
					"parent": "legs",
					"pivot": [1, 13, 0],
					"cubes": [
						{"origin": [1, 9, -2], "size": [3, 4, 4], "inflate": 0.25, "uv": [22, 25], "mirror": true},
						{"origin": [2, 7, -0.5], "size": [1, 2, 1], "inflate": 0.25, "uv": [23, 12], "mirror": true},
						{"origin": [1.5, 12.5, -2], "size": [3, 1.5, 0], "inflate": 0.25, "pivot": [3, 12.5, -2], "rotation": [15, 0, 0], "uv": [18, 25], "mirror": true},
						{"origin": [3.5, 9.5, -1.5], "size": [1, 3, 3], "inflate": 0.25, "uv": [9, 42], "mirror": true},
						{"origin": [1.5, 12.5, -1.5], "size": [2, 1, 3], "inflate": 0.25, "uv": [42, 0], "mirror": true},
						{"origin": [1.5, 9.5, -2.5], "size": [2, 3, 1], "inflate": 0.25, "uv": [9, 49], "mirror": true},
						{"origin": [1.5, 9.5, 1.5], "size": [2, 3, 1], "inflate": 0.25, "uv": [9, 49], "mirror": true}
					]
				},
				{
					"name": "left_foot",
					"parent": "left_leg",
					"pivot": [2.5, 7, 0],
					"cubes": [
						{"origin": [1.5, 4, -1], "size": [2, 3, 2], "inflate": 0.25, "uv": [44, 22], "mirror": true},
						{"origin": [1, 0, -1.5], "size": [3, 4, 3], "inflate": 0.25, "uv": [0, 27], "mirror": true},
						{"origin": [1, -0.5, -1.5], "size": [3, 2, 0], "inflate": 0.25, "pivot": [2.5, 1, -1.5], "rotation": [-45, 0, 0], "uv": [13, 16], "mirror": true}
					]
				}
			]
		}
	]
}