{
  "format_version":"1.10.0",
  "minecraft:client_entity":{
    "description":{
      "identifier":"pokemon:p270",
      "materials":{"default":"entity_emissive_alpha","aura":"charged_creeper"},
      "textures":{
    "hp":"textures/ui/hp",
    "evo_aura":"textures/entity/aura/evolve",
    "max_aura":"textures/entity/aura/max",
    "default":"textures/entity/normal/lotad/lotad",
    "default_s":"textures/entity/shiny/lotad/lotad",
    "evolve":"textures/entity/evolving",
    "max":"textures/entity/normal/lotad/lotad",
    "max_s":"textures/entity/shiny/lotad/lotad"
      },
      "geometry":{
    "hp":"geometry.health_bar",
    "aura":"geometry.serplotad_aura",
    "default":"geometry.serplotad",
    "max":"geometry.serplotad"
      },
      "animations":{
    "health_bar":"animation.lotad.health_bar",
    "eyes_controller":"controller.animation.eyes",
    "open":"animation.serpmob.open",
    "close":"animation.serpmob.close",
    "angry":"animation.serpmob.angry",
    "fainted":"animation.serpmob.fainted",
    "quiet":"animation.lotad.quiet",
    "walk":"animation.lotad.walk",
    "sit":"animation.lotad.sitting",
    "attack":"animation.lotad.attack",
    "jump":"animation.lotad.jump",
    "swimming":"animation.lotad.swimming",
    "sink":"animation.lotad.sink",
    "look_at_target":"animation.common.look_at_target",
    "direction":"animation.lotad.direction",
    "main_controller":"controller.animation.pokemon_swim",
    "effects_controller":"controller.animation.effects"
      },
      "particle_effects":{
    "shiny":"serp:shiny",
    "evolve":"serp:evolve"
      },
      "scripts":{
        "scale":"0.8",
        "animate":["effects_controller","main_controller"]
      },
      "render_controllers":[{"controller.render.pokemon":"query.property('serp:v')>=0&&query.property('serp:v')<=2"},{"controller.render.pokemons":"query.property('serp:v')>=3&&query.property('serp:v')<=5"},{"controller.render.evolve":"query.variant==1"},{"controller.render.max":"query.variant==4"},"controller.render.hp"]
    }
  }
}