{
  "format_version":"1.10.0",
  "minecraft:client_entity":{
    "description":{
      "identifier":"pokemon:p272",
      "materials":{"default":"entity_emissive_alpha","aura":"charged_creeper"},
      "textures":{
    "hp":"textures/ui/hp",
    "max_aura":"textures/entity/aura/max",
    "totem_aura":"textures/entity/aura/totem",
    "default":"textures/entity/normal/lotad/ludicolo",
    "default_s":"textures/entity/shiny/lotad/ludicolo",
    "max":"textures/entity/normal/lotad/ludicolo",
    "max_s":"textures/entity/shiny/lotad/ludicolo"
      },
      "geometry":{
    "hp":"geometry.health_bar",
    "aura":"geometry.serpludicolo_aura",
    "default":"geometry.serpludicolo",
    "max":"geometry.serpludicolo"
      },
      "animations":{
    "health_bar":"animation.ludicolo.health_bar",
    "eyes_controller":"controller.animation.eyes",
    "open":"animation.serpmob.open",
    "close":"animation.serpmob.close",
    "angry":"animation.serpmob.angry",
    "fainted":"animation.serpmob.fainted",
    "quiet":"animation.ludicolo.quiet",
    "walk":"animation.ludicolo.walk",
    "sit":"animation.ludicolo.sitting",
    "attack":"animation.ludicolo.attack",
    "jump":"animation.ludicolo.jump",
    "swimming":"animation.ludicolo.swimming",
    "sink":"animation.ludicolo.sink",
    "look_at_target":"animation.common.look_at_target",
    "direction":"animation.ludicolo.direction",
    "direction_rider":"animation.ludicolo.direction_rider",
    "main_controller":"controller.animation.pokemon_swim",
    "effects_controller":"controller.animation.effects"
      },
      "particle_effects":{
    "shiny":"serp:shiny"
      },
      "scripts":{
        "scale":"1.25",
        "animate":["effects_controller","main_controller",{"direction_rider":"query.has_rider"}]
      },
      "render_controllers":[{"controller.render.pokemon":"query.property('serp:v')>=0&&query.property('serp:v')<=2"},{"controller.render.pokemons":"query.property('serp:v')>=3&&query.property('serp:v')<=5"},{"controller.render.max":"query.variant==4"},{"controller.render.totem":"query.variant==6"},"controller.render.hp"]
    }
  }
}