{
	"format_version": "1.12.0",
	"minecraft:geometry": [
		{
			"description": {
				"identifier": "geometry.serpeevee",
				"texture_width": 48,
				"texture_height": 48,
				"visible_bounds_width": 3,
				"visible_bounds_height": 2.5,
				"visible_bounds_offset": [0, 0.75, 0]
			},
			"bones": [
				{
					"name": "eevee",
					"pivot": [0, 0, 0]
				},
				{
					"name": "head",
					"parent": "eevee",
					"pivot": [0, 8, -3],
					"cubes": [
						{"origin": [-2.5, 7.5, -7], "size": [5, 4.5, 5], "uv": [16, 19]},
						{"origin": [-3, 7.5, -6.5], "size": [1, 4, 4], "uv": [28, 29]},
						{"origin": [2, 7.5, -6.5], "size": [1, 4, 4], "uv": [28, 29]},
						{"origin": [-2, 11.5, -6.5], "size": [4, 1, 4], "uv": [21, 0]},
						{"origin": [-2, 7.5, -7.5], "size": [4, 4, 1], "uv": [37, 22]},
						{"origin": [-2, 7.5, -2.5], "size": [4, 4, 1], "uv": [37, 22]},
						{"origin": [-3, 11.5, -5.5], "size": [2, 6, 0], "inflate": 0.02, "pivot": [-2, 12, -5.5], "rotation": [0, 0, -40], "uv": [0, 41]},
						{"origin": [1, 11.5, -5.5], "size": [2, 6, 0], "inflate": 0.02, "pivot": [2, 12, -5.5], "rotation": [0, 0, 40], "uv": [0, 41], "mirror": true},
						{"origin": [-2, 12.5, -5.5], "size": [4, 1, 0], "pivot": [0, 12.5, -5.5], "rotation": [45, 0, 0], "uv": [38, 3]},
						{"origin": [-1.5, 7.5, -8], "size": [3, 2, 1], "uv": [39, 32]},
						{"origin": [-3.62, 7.5, -8], "size": [2.12, 2, 1], "pivot": [-1.5, 8, -8], "rotation": [0, 45, 0], "uv": [24, 29]},
						{"origin": [1.5, 7.5, -8], "size": [2.12, 2, 1], "pivot": [1.5, 8, -8], "rotation": [0, -45, 0], "uv": [24, 29], "mirror": true}
					]
				},
				{
					"name": "open_eyes",
					"parent": "head",
					"pivot": [0, 8, -3],
					"cubes": [
						{"origin": [-2.5, 9.5, -7.6], "size": [5, 2, 0], "uv": [11, 40]}
					]
				},
				{
					"name": "closed_eyes",
					"parent": "head",
					"pivot": [0, 8, -3],
					"cubes": [
						{"origin": [-2.5, 9.5, -7.6], "size": [5, 2, 0], "uv": [11, 43]}
					]
				},
				{
					"name": "angry_eyes",
					"parent": "head",
					"pivot": [0, 8, -3],
					"cubes": [
						{"origin": [-2.5, 9.5, -7.6], "size": [5, 2, 0], "uv": [11, 46]}
					]
				},
				{
					"name": "body",
					"parent": "eevee",
					"pivot": [0, 5, 0],
					"cubes": [
						{"origin": [-3, 3, -4], "size": [6, 5, 8], "uv": [0, 0]},
						{"origin": [-2.5, 3.5, 3.5], "size": [5, 4, 1], "uv": [11, 35]},
						{"origin": [2.5, 3.5, -3.5], "size": [1, 4, 7], "uv": [22, 7]},
						{"origin": [-3.5, 3.5, -3.5], "size": [1, 4, 7], "uv": [22, 7]}
					]
				},
				{
					"name": "neck",
					"parent": "body",
					"pivot": [0, 8, 0],
					"rotation": [-35, 0, 0],
					"cubes": [
						{"origin": [-3.5, 2, -3], "size": [7, 6, 3], "inflate": 0.02, "uv": [0, 14]},
						{"origin": [-3.48, -0.02, -3.02], "size": [7, 2, 0], "pivot": [0.52, 1.98, -3.02], "rotation": [35, 0, 0], "uv": [32, 19]},
						{"origin": [-6.5, 2, -3], "size": [3, 6, 0], "pivot": [-3.5, 6, -3], "rotation": [0, 40, 0], "uv": [0, 0]},
						{"origin": [3.5, 2, -3], "size": [3, 6, 0], "pivot": [3.5, 6, -3], "rotation": [0, -40, 0], "uv": [0, 0], "mirror": true},
						{"origin": [-3.5, 8, -2], "size": [7, 2, 0], "pivot": [-0.5, 8, -2], "rotation": [-30, 0, 0], "uv": [34, 0]}
					]
				},
				{
					"name": "tail",
					"parent": "body",
					"pivot": [0, 7, 4],
					"rotation": [45, 0, 0],
					"cubes": [
						{"origin": [-1.5, 6, 4], "size": [3, 3, 5], "uv": [0, 24]},
						{"origin": [-1, 7, 9], "size": [2, 2, 2], "inflate": 0.2, "pivot": [0, 7, 9], "rotation": [35, 0, 0], "uv": [39, 14]},
						{"origin": [-2, 6, 4.5], "size": [1, 3, 4], "uv": [0, 33]},
						{"origin": [1, 6, 4.5], "size": [1, 3, 4], "uv": [0, 33]},
						{"origin": [-1.5, 5.5, 4.5], "size": [3, 1, 4], "uv": [13, 29]},
						{"origin": [-1.5, 8.5, 4.5], "size": [3, 1, 4], "uv": [13, 29]}
					]
				},
				{
					"name": "front_legs",
					"parent": "eevee",
					"pivot": [0, 4, -3]
				},
				{
					"name": "right_front_leg",
					"parent": "front_legs",
					"pivot": [-2, 4, -3],
					"cubes": [
						{"origin": [-3, 0, -4], "size": [2, 4, 2], "inflate": -0.02, "uv": [37, 36]}
					]
				},
				{
					"name": "left_front_leg",
					"parent": "front_legs",
					"pivot": [2, 4, -3],
					"cubes": [
						{"origin": [1, 0, -4], "size": [2, 4, 2], "inflate": -0.02, "uv": [37, 36], "mirror": true}
					]
				},
				{
					"name": "back_legs",
					"parent": "eevee",
					"pivot": [0, 5, 2]
				},
				{
					"name": "right_back_leg",
					"parent": "back_legs",
					"pivot": [-3, 5, 2],
					"cubes": [
						{"origin": [-4, 2, 1], "size": [2, 4, 3], "uv": [32, 6]},
						{"origin": [-4, 0, 2], "size": [2, 2, 2], "uv": [24, 38]}
					]
				},
				{
					"name": "left_back_leg",
					"parent": "back_legs",
					"pivot": [3, 5, 2],
					"cubes": [
						{"origin": [2, 2, 1], "size": [2, 4, 3], "uv": [32, 6], "mirror": true},
						{"origin": [2, 0, 2], "size": [2, 2, 2], "uv": [24, 38], "mirror": true}
					]
				},
				{
					"name": "pokedex",
					"pivot": [0, 28, -5],
					"locators": {
						"pokedex": [0, 28, -5]
					}
				}
			]
		},
		{
			"description": {
				"identifier": "geometry.serpeevee_aura",
				"texture_width": 48,
				"texture_height": 48,
				"visible_bounds_width": 3,
				"visible_bounds_height": 2.5,
				"visible_bounds_offset": [0, 0.75, 0]
			},
			"bones": [
				{
					"name": "eevee",
					"pivot": [0, 0, 0]
				},
				{
					"name": "head",
					"parent": "eevee",
					"pivot": [0, 8, -3],
					"cubes": [
						{"origin": [-2.5, 7.5, -7], "size": [5, 4.5, 5], "inflate": 0.25, "uv": [16, 19]},
						{"origin": [-3, 7.5, -6.5], "size": [1, 4, 4], "inflate": 0.25, "uv": [28, 29]},
						{"origin": [2, 7.5, -6.5], "size": [1, 4, 4], "inflate": 0.25, "uv": [28, 29]},
						{"origin": [-2, 11.5, -6.5], "size": [4, 1, 4], "inflate": 0.25, "uv": [21, 0]},
						{"origin": [-2, 7.5, -7.5], "size": [4, 4, 1], "inflate": 0.25, "uv": [37, 22]},
						{"origin": [-2, 7.5, -2.5], "size": [4, 4, 1], "inflate": 0.25, "uv": [37, 22]},
						{"origin": [-3, 11.5, -5.5], "size": [2, 6, 0], "inflate": 0.25, "pivot": [-2, 12, -5.5], "rotation": [0, 0, -40], "uv": [0, 41]},
						{"origin": [1, 11.5, -5.5], "size": [2, 6, 0], "inflate": 0.25, "pivot": [2, 12, -5.5], "rotation": [0, 0, 40], "uv": [0, 41], "mirror": true},
						{"origin": [-2, 12.5, -5.5], "size": [4, 1, 0], "inflate": 0.25, "pivot": [0, 12.5, -5.5], "rotation": [45, 0, 0], "uv": [38, 3]},
						{"origin": [-1.5, 7.5, -8], "size": [3, 2, 1], "inflate": 0.25, "uv": [39, 32]},
						{"origin": [-3.62, 7.5, -8], "size": [2.12, 2, 1], "inflate": 0.25, "pivot": [-1.5, 8, -8], "rotation": [0, 45, 0], "uv": [24, 29]},
						{"origin": [1.5, 7.5, -8], "size": [2.12, 2, 1], "inflate": 0.25, "pivot": [1.5, 8, -8], "rotation": [0, -45, 0], "uv": [24, 29], "mirror": true}
					]
				},
				{
					"name": "open_eyes",
					"parent": "head",
					"pivot": [0, 8, -3],
					"cubes": [
						{"origin": [-2.5, 9.5, -7.6], "size": [5, 2, 0], "inflate": 0.25, "uv": [11, 40]}
					]
				},
				{
					"name": "closed_eyes",
					"parent": "head",
					"pivot": [0, 8, -3],
					"cubes": [
						{"origin": [-2.5, 9.5, -7.6], "size": [5, 2, 0], "inflate": 0.25, "uv": [11, 43]}
					]
				},
				{
					"name": "angry_eyes",
					"parent": "head",
					"pivot": [0, 8, -3],
					"cubes": [
						{"origin": [-2.5, 9.5, -7.6], "size": [5, 2, 0], "inflate": 0.25, "uv": [11, 46]}
					]
				},
				{
					"name": "body",
					"parent": "eevee",
					"pivot": [0, 5, 0],
					"cubes": [
						{"origin": [-3, 3, -4], "size": [6, 5, 8], "inflate": 0.25, "uv": [0, 0]},
						{"origin": [-2.5, 3.5, 3.5], "size": [5, 4, 1], "inflate": 0.25, "uv": [11, 35]},
						{"origin": [2.5, 3.5, -3.5], "size": [1, 4, 7], "inflate": 0.25, "uv": [22, 7]},
						{"origin": [-3.5, 3.5, -3.5], "size": [1, 4, 7], "inflate": 0.25, "uv": [22, 7]}
					]
				},
				{
					"name": "neck",
					"parent": "body",
					"pivot": [0, 8, 0],
					"rotation": [-35, 0, 0],
					"cubes": [
						{"origin": [-3.5, 2, -3], "size": [7, 6, 3], "inflate": 0.25, "uv": [0, 14]},
						{"origin": [-3.48, -0.02, -3.02], "size": [7, 2, 0], "inflate": 0.25, "pivot": [0.52, 1.98, -3.02], "rotation": [35, 0, 0], "uv": [32, 19]},
						{"origin": [-6.5, 2, -3], "size": [3, 6, 0], "inflate": 0.25, "pivot": [-3.5, 6, -3], "rotation": [0, 40, 0], "uv": [0, 0]},
						{"origin": [3.5, 2, -3], "size": [3, 6, 0], "inflate": 0.25, "pivot": [3.5, 6, -3], "rotation": [0, -40, 0], "uv": [0, 0], "mirror": true},
						{"origin": [-3.5, 8, -2], "size": [7, 2, 0], "inflate": 0.25, "pivot": [-0.5, 8, -2], "rotation": [-30, 0, 0], "uv": [34, 0]}
					]
				},
				{
					"name": "tail",
					"parent": "body",
					"pivot": [0, 7, 4],
					"rotation": [45, 0, 0],
					"cubes": [
						{"origin": [-1.5, 6, 4], "size": [3, 3, 5], "inflate": 0.25, "uv": [0, 24]},
						{"origin": [-1, 7, 9], "size": [2, 2, 2], "inflate": 0.25, "pivot": [0, 7, 9], "rotation": [35, 0, 0], "uv": [39, 14]},
						{"origin": [-2, 6, 4.5], "size": [1, 3, 4], "inflate": 0.25, "uv": [0, 33]},
						{"origin": [1, 6, 4.5], "size": [1, 3, 4], "inflate": 0.25, "uv": [0, 33]},
						{"origin": [-1.5, 5.5, 4.5], "size": [3, 1, 4], "inflate": 0.25, "uv": [13, 29]},
						{"origin": [-1.5, 8.5, 4.5], "size": [3, 1, 4], "inflate": 0.25, "uv": [13, 29]}
					]
				},
				{
					"name": "front_legs",
					"parent": "eevee",
					"pivot": [0, 4, -3]
				},
				{
					"name": "right_front_leg",
					"parent": "front_legs",
					"pivot": [-2, 4, -3],
					"cubes": [
						{"origin": [-3, 0, -4], "size": [2, 4, 2], "inflate": 0.25, "uv": [37, 36]}
					]
				},
				{
					"name": "left_front_leg",
					"parent": "front_legs",
					"pivot": [2, 4, -3],
					"cubes": [
						{"origin": [1, 0, -4], "size": [2, 4, 2], "inflate": 0.25, "uv": [37, 36], "mirror": true}
					]
				},
				{
					"name": "back_legs",
					"parent": "eevee",
					"pivot": [0, 5, 2]
				},
				{
					"name": "right_back_leg",
					"parent": "back_legs",
					"pivot": [-3, 5, 2],
					"cubes": [
						{"origin": [-4, 2, 1], "size": [2, 4, 3], "inflate": 0.25, "uv": [32, 6]},
						{"origin": [-4, 0, 2], "size": [2, 2, 2], "inflate": 0.25, "uv": [24, 38]}
					]
				},
				{
					"name": "left_back_leg",
					"parent": "back_legs",
					"pivot": [3, 5, 2],
					"cubes": [
						{"origin": [2, 2, 1], "size": [2, 4, 3], "inflate": 0.25, "uv": [32, 6], "mirror": true},
						{"origin": [2, 0, 2], "size": [2, 2, 2], "inflate": 0.25, "uv": [24, 38], "mirror": true}
					]
				},
				{
					"name": "pokedex",
					"pivot": [0, 28, -5],
					"locators": {
						"pokedex": [0, 28, -5]
					}
				}
			]
		}
	]
}