{
	"format_version": "1.12.0",
	"minecraft:geometry": [
		{
			"description": {
				"identifier": "geometry.serpvaporeon",
				"texture_width": 64,
				"texture_height": 64,
				"visible_bounds_width": 4,
				"visible_bounds_height": 3,
				"visible_bounds_offset": [0, 0.5, 0]
			},
			"bones": [
				{
					"name": "vaporeon",
					"pivot": [0, 1, 0]
				},
				{
					"name": "head",
					"parent": "vaporeon",
					"pivot": [0, 11, -4],
					"cubes": [
						{"origin": [-2, 11, -3.5], "size": [4, 3.5, 1], "uv": [25, 7]},
						{"origin": [-1.5, 10.5, -9], "size": [3, 2, 1], "uv": [35, 36]},
						{"origin": [-1, 12.5, -9], "size": [2, 2, 1], "pivot": [0, 12.5, -9], "rotation": [-30, 0, 0], "uv": [49, 16]},
						{"origin": [-3.62, 10.5, -9], "size": [2.12, 2, 1], "pivot": [-1.5, 11, -9], "rotation": [0, 45, 0], "uv": [47, 30]},
						{"origin": [1.5, 10.5, -9], "size": [2.12, 2, 1], "pivot": [1.5, 11, -9], "rotation": [0, -45, 0], "uv": [47, 30], "mirror": true},
						{"origin": [-2.5, 10.5, -8], "size": [5, 4.5, 5], "uv": [36, 20]},
						{"origin": [0, 15.5, -7.3], "size": [0, 3.5, 4], "uv": [0, 50]},
						{"origin": [-0.5, 14.90326, -8.26579], "size": [1, 5.5, 1], "inflate": -0.2, "pivot": [2.2, 14.90326, -8.26579], "rotation": [-25, 0, 0], "uv": [9, 52]},
						{"origin": [-1.5, 8.5, -6], "size": [3, 2.5, 3], "pivot": [0, 11, -6], "rotation": [25, 0, 0], "uv": [41, 46]},
						{"origin": [-3, 11, -7.5], "size": [1, 3.5, 4], "uv": [0, 18]},
						{"origin": [2, 11, -7.5], "size": [1, 3.5, 4], "uv": [0, 18]},
						{"origin": [-2, 14.5, -7.5], "size": [4, 1, 4], "uv": [11, 46]},
						{"origin": [-8.5, 10.5, -6], "size": [6, 6, 0], "pivot": [-2.5, 14, -6], "rotation": [0, 20, 0], "uv": [0, 42]},
						{"origin": [2.5, 10.5, -6], "size": [6, 6, 0], "pivot": [2.5, 14, -6], "rotation": [0, -20, 0], "uv": [0, 42], "mirror": true}
					]
				},
				{
					"name": "open_eyes",
					"parent": "head",
					"pivot": [0, 11, -4],
					"cubes": [
						{"origin": [-2.8, 12.5, -8], "size": [3, 2, 0], "pivot": [-2.5, 14, -8], "rotation": [0, 30, 0], "uv": [0, 58]},
						{"origin": [-0.2, 12.5, -8], "size": [3, 2, 0], "pivot": [2.5, 14, -8], "rotation": [0, -30, 0], "uv": [0, 58], "mirror": true}
					]
				},
				{
					"name": "closed_eyes",
					"parent": "head",
					"pivot": [0, 11, -4],
					"cubes": [
						{"origin": [-2.8, 12.5, -8], "size": [3, 2, 0], "pivot": [-2.5, 14, -8], "rotation": [0, 30, 0], "uv": [0, 60]},
						{"origin": [-0.2, 12.5, -8], "size": [3, 2, 0], "pivot": [2.5, 14, -8], "rotation": [0, -30, 0], "uv": [0, 60], "mirror": true}
					]
				},
				{
					"name": "angry_eyes",
					"parent": "head",
					"pivot": [0, 11, -4],
					"cubes": [
						{"origin": [-2.8, 12.5, -8], "size": [3, 2, 0], "pivot": [-2.5, 14, -8], "rotation": [0, 30, 0], "uv": [0, 62]},
						{"origin": [-0.2, 12.5, -8], "size": [3, 2, 0], "pivot": [2.5, 14, -8], "rotation": [0, -30, 0], "uv": [0, 62], "mirror": true}
					]
				},
				{
					"name": "body",
					"parent": "vaporeon",
					"pivot": [0, 7, 0],
					"cubes": [
						{"origin": [-3, 5, -5], "size": [6, 5, 12], "uv": [0, 0]},
						{"origin": [-3.5, 5.5, -4.5], "size": [1, 4, 11], "uv": [22, 20]},
						{"origin": [2.5, 5.5, -4.5], "size": [1, 4, 11], "uv": [22, 20]},
						{"origin": [-2.5, 9.5, -4.5], "size": [5, 1, 11], "uv": [0, 18]},
						{"origin": [-2.5, 4.5, -4.5], "size": [5, 1, 11], "uv": [0, 18]},
						{"origin": [0, 10.5, -4.5], "size": [0, 1, 11], "uv": [26, 7]},
						{"origin": [-2.5, 5.5, -5.5], "size": [5, 4, 1], "uv": [28, 46]},
						{"origin": [-2.5, 5.5, 6.5], "size": [5, 4, 1], "uv": [28, 46]}
					]
				},
				{
					"name": "neck",
					"parent": "body",
					"pivot": [0, 10, -4],
					"cubes": [
						{"origin": [-5, 5, -4.5], "size": [10, 10, 0], "inflate": 0.02, "pivot": [0, 10, -4], "rotation": [-60, 0, 0], "uv": [0, 31]}
					]
				},
				{
					"name": "tail_root",
					"parent": "body",
					"pivot": [0, 8.5, 6.5],
					"cubes": [
						{"origin": [-2, 6.5, 6.5], "size": [4, 4, 5], "uv": [21, 36]},
						{"origin": [0, 10.5, 6.5], "size": [0, 1, 5], "uv": [49, 30]}
					]
				},
				{
					"name": "tail_mid",
					"parent": "tail_root",
					"pivot": [0, 8.5, 11.5],
					"cubes": [
						{"origin": [-1.5, 7, 11.5], "size": [3, 3, 5], "uv": [38, 7]},
						{"origin": [0, 10, 11.5], "size": [0, 1, 5], "uv": [22, 20]}
					]
				},
				{
					"name": "tail_top",
					"parent": "tail_mid",
					"pivot": [0, 8.5, 16.5],
					"cubes": [
						{"origin": [-4, 8.5, 16.5], "size": [8, 0, 5], "uv": [26, 0]}
					]
				},
				{
					"name": "front_legs",
					"parent": "vaporeon",
					"pivot": [0, 6, -4]
				},
				{
					"name": "right_front_leg",
					"parent": "front_legs",
					"pivot": [-2, 6, -4],
					"cubes": [
						{"origin": [-3, 0, -5], "size": [2, 7, 2], "uv": [0, 0]}
					]
				},
				{
					"name": "left_front_leg",
					"parent": "front_legs",
					"pivot": [2, 6, -4],
					"cubes": [
						{"origin": [1, 0, -5], "size": [2, 7, 2], "uv": [0, 0], "mirror": true}
					]
				},
				{
					"name": "back_legs",
					"parent": "vaporeon",
					"pivot": [0, 7, 5]
				},
				{
					"name": "right_back_leg",
					"parent": "back_legs",
					"pivot": [-3, 7, 5],
					"cubes": [
						{"origin": [-4, 3, 3], "size": [2, 5, 4], "uv": [40, 36]}
					]
				},
				{
					"name": "right_back_paw",
					"parent": "right_back_leg",
					"pivot": [-3, 3, 6],
					"cubes": [
						{"origin": [-4, 0, 5], "size": [2, 3, 2], "uv": [48, 0]}
					]
				},
				{
					"name": "left_back_leg",
					"parent": "back_legs",
					"pivot": [3, 7, 5],
					"cubes": [
						{"origin": [2, 3, 3], "size": [2, 5, 4], "uv": [40, 36], "mirror": true}
					]
				},
				{
					"name": "left_back_paw",
					"parent": "left_back_leg",
					"pivot": [3, 3, 6],
					"cubes": [
						{"origin": [2, 0, 5], "size": [2, 3, 2], "uv": [48, 0], "mirror": true}
					]
				},
				{
					"name": "pokedex",
					"pivot": [0, 28, -10],
					"locators": {
						"pokedex": [0, 28, -10]
					}
				}
			]
		},
		{
			"description": {
				"identifier": "geometry.serpvaporeon_aura",
				"texture_width": 64,
				"texture_height": 64,
				"visible_bounds_width": 4,
				"visible_bounds_height": 3,
				"visible_bounds_offset": [0, 0.5, 0]
			},
			"bones": [
				{
					"name": "vaporeon",
					"pivot": [0, 1, 0]
				},
				{
					"name": "head",
					"parent": "vaporeon",
					"pivot": [0, 11, -4],
					"cubes": [
						{"origin": [-2, 11, -3.5], "size": [4, 3.5, 1], "inflate": 0.25, "uv": [25, 7]},
						{"origin": [-1.5, 10.5, -9], "size": [3, 2, 1], "inflate": 0.25, "uv": [35, 36]},
						{"origin": [-1, 12.5, -9], "size": [2, 2, 1], "inflate": 0.25, "pivot": [0, 12.5, -9], "rotation": [-30, 0, 0], "uv": [49, 16]},
						{"origin": [-3.62, 10.5, -9], "size": [2.12, 2, 1], "inflate": 0.25, "pivot": [-1.5, 11, -9], "rotation": [0, 45, 0], "uv": [47, 30]},
						{"origin": [1.5, 10.5, -9], "size": [2.12, 2, 1], "inflate": 0.25, "pivot": [1.5, 11, -9], "rotation": [0, -45, 0], "uv": [47, 30], "mirror": true},
						{"origin": [-2.5, 10.5, -8], "size": [5, 4.5, 5], "inflate": 0.25, "uv": [36, 20]},
						{"origin": [0, 15.5, -7.3], "size": [0, 3.5, 4], "inflate": 0.25, "uv": [0, 50]},
						{"origin": [-0.5, 14.90326, -8.26579], "size": [1, 5.5, 1], "inflate": 0.25, "pivot": [2.2, 14.90326, -8.26579], "rotation": [-25, 0, 0], "uv": [9, 52]},
						{"origin": [-1.5, 8.5, -6], "size": [3, 2.5, 3], "inflate": 0.25, "pivot": [0, 11, -6], "rotation": [25, 0, 0], "uv": [41, 46]},
						{"origin": [-3, 11, -7.5], "size": [1, 3.5, 4], "inflate": 0.25, "uv": [0, 18]},
						{"origin": [2, 11, -7.5], "size": [1, 3.5, 4], "inflate": 0.25, "uv": [0, 18]},
						{"origin": [-2, 14.5, -7.5], "size": [4, 1, 4], "inflate": 0.25, "uv": [11, 46]},
						{"origin": [-8.5, 10.5, -6], "size": [6, 6, 0], "inflate": 0.25, "pivot": [-2.5, 14, -6], "rotation": [0, 20, 0], "uv": [0, 42]},
						{"origin": [2.5, 10.5, -6], "size": [6, 6, 0], "inflate": 0.25, "pivot": [2.5, 14, -6], "rotation": [0, -20, 0], "uv": [0, 42], "mirror": true}
					]
				},
				{
					"name": "open_eyes",
					"parent": "head",
					"pivot": [0, 11, -4],
					"cubes": [
						{"origin": [-2.8, 12.5, -8], "size": [3, 2, 0], "inflate": 0.25, "pivot": [-2.5, 14, -8], "rotation": [0, 30, 0], "uv": [0, 58]},
						{"origin": [-0.2, 12.5, -8], "size": [3, 2, 0], "inflate": 0.25, "pivot": [2.5, 14, -8], "rotation": [0, -30, 0], "uv": [0, 58], "mirror": true}
					]
				},
				{
					"name": "body",
					"parent": "vaporeon",
					"pivot": [0, 7, 0],
					"cubes": [
						{"origin": [-3, 5, -5], "size": [6, 5, 12], "inflate": 0.25, "uv": [0, 0]},
						{"origin": [-3.5, 5.5, -4.5], "size": [1, 4, 11], "inflate": 0.25, "uv": [22, 20]},
						{"origin": [2.5, 5.5, -4.5], "size": [1, 4, 11], "inflate": 0.25, "uv": [22, 20]},
						{"origin": [-2.5, 9.5, -4.5], "size": [5, 1, 11], "inflate": 0.25, "uv": [0, 18]},
						{"origin": [-2.5, 4.5, -4.5], "size": [5, 1, 11], "inflate": 0.25, "uv": [0, 18]},
						{"origin": [0, 10.5, -4.5], "size": [0, 1, 11], "inflate": 0.25, "uv": [26, 7]},
						{"origin": [-2.5, 5.5, -5.5], "size": [5, 4, 1], "inflate": 0.25, "uv": [28, 46]},
						{"origin": [-2.5, 5.5, 6.5], "size": [5, 4, 1], "inflate": 0.25, "uv": [28, 46]}
					]
				},
				{
					"name": "neck",
					"parent": "body",
					"pivot": [0, 10, -4],
					"cubes": [
						{"origin": [-5, 5, -4.5], "size": [10, 10, 0], "inflate": 0.25, "pivot": [0, 10, -4], "rotation": [-60, 0, 0], "uv": [0, 31]}
					]
				},
				{
					"name": "tail_root",
					"parent": "body",
					"pivot": [0, 8.5, 6.5],
					"cubes": [
						{"origin": [-2, 6.5, 6.5], "size": [4, 4, 5], "inflate": 0.25, "uv": [21, 36]},
						{"origin": [0, 10.5, 6.5], "size": [0, 1, 5], "inflate": 0.25, "uv": [49, 30]}
					]
				},
				{
					"name": "tail_mid",
					"parent": "tail_root",
					"pivot": [0, 8.5, 11.5],
					"cubes": [
						{"origin": [-1.5, 7, 11.5], "size": [3, 3, 5], "inflate": 0.25, "uv": [38, 7]},
						{"origin": [0, 10, 11.5], "size": [0, 1, 5], "inflate": 0.25, "uv": [22, 20]}
					]
				},
				{
					"name": "tail_top",
					"parent": "tail_mid",
					"pivot": [0, 8.5, 16.5],
					"cubes": [
						{"origin": [-4, 8.5, 16.5], "size": [8, 0, 5], "inflate": 0.25, "uv": [26, 0]}
					]
				},
				{
					"name": "front_legs",
					"parent": "vaporeon",
					"pivot": [0, 6, -4]
				},
				{
					"name": "right_front_leg",
					"parent": "front_legs",
					"pivot": [-2, 6, -4],
					"cubes": [
						{"origin": [-3, 0, -5], "size": [2, 7, 2], "inflate": 0.25, "uv": [0, 0]}
					]
				},
				{
					"name": "left_front_leg",
					"parent": "front_legs",
					"pivot": [2, 6, -4],
					"cubes": [
						{"origin": [1, 0, -5], "size": [2, 7, 2], "inflate": 0.25, "uv": [0, 0], "mirror": true}
					]
				},
				{
					"name": "back_legs",
					"parent": "vaporeon",
					"pivot": [0, 7, 5]
				},
				{
					"name": "right_back_leg",
					"parent": "back_legs",
					"pivot": [-3, 7, 5],
					"cubes": [
						{"origin": [-4, 3, 3], "size": [2, 5, 4], "inflate": 0.25, "uv": [40, 36]}
					]
				},
				{
					"name": "right_back_paw",
					"parent": "right_back_leg",
					"pivot": [-3, 3, 6],
					"cubes": [
						{"origin": [-4, 0, 5], "size": [2, 3, 2], "inflate": 0.25, "uv": [48, 0]}
					]
				},
				{
					"name": "left_back_leg",
					"parent": "back_legs",
					"pivot": [3, 7, 5],
					"cubes": [
						{"origin": [2, 3, 3], "size": [2, 5, 4], "inflate": 0.25, "uv": [40, 36], "mirror": true}
					]
				},
				{
					"name": "left_back_paw",
					"parent": "left_back_leg",
					"pivot": [3, 3, 6],
					"cubes": [
						{"origin": [2, 0, 5], "size": [2, 3, 2], "inflate": 0.25, "uv": [48, 0], "mirror": true}
					]
				},
				{
					"name": "pokedex",
					"pivot": [0, 28, -10],
					"locators": {
						"pokedex": [0, 28, -10]
					}
				}
			]
		}
	]
}