{
	"format_version": "1.12.0",
	"minecraft:geometry": [
		{
			"description": {
				"identifier": "geometry.serpflareon",
				"texture_width": 80,
				"texture_height": 80,
				"visible_bounds_width": 4,
				"visible_bounds_height": 2.5,
				"visible_bounds_offset": [0, 0.75, 0]
			},
			"bones": [
				{
					"name": "flareon",
					"pivot": [0, 1, 0]
				},
				{
					"name": "head",
					"parent": "flareon",
					"pivot": [0, 11, -4],
					"cubes": [
						{"origin": [-2, 11, -3.5], "size": [4, 3.5, 1], "uv": [36, 24]},
						{"origin": [-1.5, 10.5, -9], "size": [3, 2, 1], "uv": [27, 37]},
						{"origin": [-1, 12.5, -9], "size": [2, 2, 1], "pivot": [0, 12.5, -9], "rotation": [-30, 0, 0], "uv": [37, 9]},
						{"origin": [-3.62, 10.5, -9], "size": [2.12, 2, 1], "pivot": [-1.5, 11, -9], "rotation": [0, 45, 0], "uv": [25, 0]},
						{"origin": [1.5, 10.5, -9], "size": [2.12, 2, 1], "pivot": [1.5, 11, -9], "rotation": [0, -45, 0], "uv": [25, 0], "mirror": true},
						{"origin": [-2.5, 10.5, -8], "size": [5, 4.5, 5], "uv": [48, 0]},
						{"origin": [-2, 13.5, -8], "size": [4, 5, 0], "pivot": [0, 15, -8], "rotation": [-35, 0, 0], "uv": [14, 43]},
						{"origin": [-1.5, 8.5, -6], "size": [3, 2.5, 3], "pivot": [0, 11, -6], "rotation": [25, 0, 0], "uv": [43, 56]},
						{"origin": [-3, 11, -7.5], "size": [1, 3.5, 4], "uv": [14, 18]},
						{"origin": [2, 11, -7.5], "size": [1, 3.5, 4], "uv": [14, 18], "mirror": true},
						{"origin": [-2, 14.5, -7.5], "size": [4, 1, 4], "uv": [49, 33]},
						{"origin": [-2, 15, -6.5], "size": [0, 8, 4], "inflate": 0.01, "pivot": [-2, 15, -6.5], "rotation": [-30, -30, -10], "uv": [21, 56]},
						{"origin": [2, 15, -6.5], "size": [0, 8, 4], "inflate": 0.01, "pivot": [2, 15, -6.5], "rotation": [-30, 30, 10], "uv": [21, 56], "mirror": true}
					]
				},
				{
					"name": "open_eyes",
					"parent": "head",
					"pivot": [0, 11, -4],
					"cubes": [
						{"origin": [-2.8, 12.5, -8], "size": [3, 2, 0], "pivot": [-2.5, 14, -8], "rotation": [0, 30, 0], "uv": [0, 59]},
						{"origin": [-0.2, 12.5, -8], "size": [3, 2, 0], "pivot": [2.5, 14, -8], "rotation": [0, -30, 0], "uv": [0, 59], "mirror": true}
					]
				},
				{
					"name": "closed_eyes",
					"parent": "head",
					"pivot": [0, 11, -4],
					"cubes": [
						{"origin": [-2.8, 12.5, -8], "size": [3, 2, 0], "pivot": [-2.5, 14, -8], "rotation": [0, 30, 0], "uv": [0, 62]},
						{"origin": [-0.2, 12.5, -8], "size": [3, 2, 0], "pivot": [2.5, 14, -8], "rotation": [0, -30, 0], "uv": [0, 62], "mirror": true}
					]
				},
				{
					"name": "angry_eyes",
					"parent": "head",
					"pivot": [0, 11, -4],
					"cubes": [
						{"origin": [-2.8, 12.5, -8], "size": [3, 2, 0], "pivot": [-2.5, 14, -8], "rotation": [0, 30, 0], "uv": [0, 65]},
						{"origin": [-0.2, 12.5, -8], "size": [3, 2, 0], "pivot": [2.5, 14, -8], "rotation": [0, -30, 0], "uv": [0, 65], "mirror": true}
					]
				},
				{
					"name": "body",
					"parent": "flareon",
					"pivot": [0, 7, 0],
					"cubes": [
						{"origin": [-3, 5, -5], "size": [6, 5, 12], "uv": [0, 0]},
						{"origin": [-3.5, 5.5, -4.5], "size": [1, 4, 11], "uv": [0, 43]},
						{"origin": [2.5, 5.5, -4.5], "size": [1, 4, 11], "uv": [0, 43], "mirror": true},
						{"origin": [-2.5, 9.5, -4.5], "size": [5, 1, 11], "uv": [27, 31]},
						{"origin": [-2.5, 4.5, -4.5], "size": [5, 1, 11], "uv": [14, 18]},
						{"origin": [-2.5, 5.5, -5.5], "size": [5, 4, 1], "uv": [30, 56]},
						{"origin": [-2.5, 5.5, 6.5], "size": [5, 4, 1], "uv": [55, 10]}
					]
				},
				{
					"name": "neck",
					"parent": "body",
					"pivot": [0, 10, -4],
					"rotation": [-45, 0, 0],
					"cubes": [
						{"origin": [-5.5, 4.5, -4], "size": [11, 11, 0], "uv": [25, 44]},
						{"origin": [-5.5, 4.5, -4], "size": [11, 11, 0], "pivot": [0, 10, -4], "rotation": [0, -20, 0], "uv": [25, 44]},
						{"origin": [-5.5, 4.5, -4], "size": [11, 11, 0], "pivot": [0, 10, -4], "rotation": [0, 20, 0], "uv": [25, 44]},
						{"origin": [-3, 7, -5], "size": [6, 6, 2], "inflate": 0.1, "uv": [49, 24]}
					]
				},
				{
					"name": "tail",
					"parent": "body",
					"pivot": [0, 9, 7.5],
					"cubes": [
						{"origin": [0, 3.5, 7.5], "size": [0, 11, 13], "uv": [0, 18]},
						{"origin": [0, 3.5, 7.5], "size": [0, 11, 13], "pivot": [0, 9, 8], "rotation": [0, 0, 120], "uv": [0, 18]},
						{"origin": [0, 3.5, 7.5], "size": [0, 11, 13], "pivot": [0, 9, 8], "rotation": [0, 0, 60], "uv": [0, 18]}
					]
				},
				{
					"name": "front_legs",
					"parent": "flareon",
					"pivot": [0, 6, -4]
				},
				{
					"name": "right_front_leg",
					"parent": "front_legs",
					"pivot": [-2, 6, -4],
					"cubes": [
						{"origin": [-3, 0, -5], "size": [2, 7, 2], "uv": [0, 0]}
					]
				},
				{
					"name": "left_front_leg",
					"parent": "front_legs",
					"pivot": [2, 6, -4],
					"cubes": [
						{"origin": [1, 0, -5], "size": [2, 7, 2], "uv": [0, 0], "mirror": true}
					]
				},
				{
					"name": "back_legs",
					"parent": "flareon",
					"pivot": [0, 7, 5]
				},
				{
					"name": "right_back_leg",
					"parent": "back_legs",
					"pivot": [-3, 7, 5],
					"cubes": [
						{"origin": [-4, 3, 3], "size": [2, 5, 4], "uv": [0, 18]}
					]
				},
				{
					"name": "right_back_paw",
					"parent": "right_back_leg",
					"pivot": [-3, 3, 6],
					"cubes": [
						{"origin": [-4, 0, 5], "size": [2, 3, 2], "uv": [56, 56]}
					]
				},
				{
					"name": "left_back_leg",
					"parent": "back_legs",
					"pivot": [3, 7, 5],
					"cubes": [
						{"origin": [2, 3, 3], "size": [2, 5, 4], "uv": [0, 18], "mirror": true}
					]
				},
				{
					"name": "left_back_paw",
					"parent": "left_back_leg",
					"pivot": [3, 3, 6],
					"cubes": [
						{"origin": [2, 0, 5], "size": [2, 3, 2], "uv": [56, 56], "mirror": true}
					]
				},
				{
					"name": "pokedex",
					"pivot": [0, 28, -10],
					"locators": {
						"pokedex": [0, 28, -10]
					}
				}
			]
		},
		{
			"description": {
				"identifier": "geometry.serpflareon_aura",
				"texture_width": 80,
				"texture_height": 80,
				"visible_bounds_width": 4,
				"visible_bounds_height": 2.5,
				"visible_bounds_offset": [0, 0.75, 0]
			},
			"bones": [
				{
					"name": "flareon",
					"pivot": [0, 1, 0]
				},
				{
					"name": "head",
					"parent": "flareon",
					"pivot": [0, 11, -4],
					"cubes": [
						{"origin": [-2, 11, -3.5], "size": [4, 3.5, 1], "inflate": 0.25, "uv": [36, 24]},
						{"origin": [-1.5, 10.5, -9], "size": [3, 2, 1], "inflate": 0.25, "uv": [27, 37]},
						{"origin": [-1, 12.5, -9], "size": [2, 2, 1], "inflate": 0.25, "pivot": [0, 12.5, -9], "rotation": [-30, 0, 0], "uv": [37, 9]},
						{"origin": [-3.62, 10.5, -9], "size": [2.12, 2, 1], "inflate": 0.25, "pivot": [-1.5, 11, -9], "rotation": [0, 45, 0], "uv": [25, 0]},
						{"origin": [1.5, 10.5, -9], "size": [2.12, 2, 1], "inflate": 0.25, "pivot": [1.5, 11, -9], "rotation": [0, -45, 0], "uv": [25, 0], "mirror": true},
						{"origin": [-2.5, 10.5, -8], "size": [5, 4.5, 5], "inflate": 0.25, "uv": [48, 0]},
						{"origin": [-2, 13.5, -8], "size": [4, 5, 0], "inflate": 0.25, "pivot": [0, 15, -8], "rotation": [-35, 0, 0], "uv": [14, 43]},
						{"origin": [-1.5, 8.5, -6], "size": [3, 2.5, 3], "inflate": 0.25, "pivot": [0, 11, -6], "rotation": [25, 0, 0], "uv": [43, 56]},
						{"origin": [-3, 11, -7.5], "size": [1, 3.5, 4], "inflate": 0.25, "uv": [14, 18]},
						{"origin": [2, 11, -7.5], "size": [1, 3.5, 4], "inflate": 0.25, "uv": [14, 18], "mirror": true},
						{"origin": [-2, 14.5, -7.5], "size": [4, 1, 4], "inflate": 0.25, "uv": [49, 33]},
						{"origin": [-2, 15, -6.5], "size": [0, 8, 4], "inflate": 0.25, "pivot": [-2, 15, -6.5], "rotation": [-30, -30, -10], "uv": [21, 56]},
						{"origin": [2, 15, -6.5], "size": [0, 8, 4], "inflate": 0.25, "pivot": [2, 15, -6.5], "rotation": [-30, 30, 10], "uv": [21, 56], "mirror": true}
					]
				},
				{
					"name": "open_eyes",
					"parent": "head",
					"pivot": [0, 11, -4],
					"cubes": [
						{"origin": [-2.8, 12.5, -8], "size": [3, 2, 0], "inflate": 0.25, "pivot": [-2.5, 14, -8], "rotation": [0, 30, 0], "uv": [0, 59]},
						{"origin": [-0.2, 12.5, -8], "size": [3, 2, 0], "inflate": 0.25, "pivot": [2.5, 14, -8], "rotation": [0, -30, 0], "uv": [0, 59], "mirror": true}
					]
				},
				{
					"name": "closed_eyes",
					"parent": "head",
					"pivot": [0, 11, -4],
					"cubes": [
						{"origin": [-2.8, 12.5, -8], "size": [3, 2, 0], "inflate": 0.25, "pivot": [-2.5, 14, -8], "rotation": [0, 30, 0], "uv": [0, 62]},
						{"origin": [-0.2, 12.5, -8], "size": [3, 2, 0], "inflate": 0.25, "pivot": [2.5, 14, -8], "rotation": [0, -30, 0], "uv": [0, 62], "mirror": true}
					]
				},
				{
					"name": "angry_eyes",
					"parent": "head",
					"pivot": [0, 11, -4],
					"cubes": [
						{"origin": [-2.8, 12.5, -8], "size": [3, 2, 0], "inflate": 0.25, "pivot": [-2.5, 14, -8], "rotation": [0, 30, 0], "uv": [0, 65]},
						{"origin": [-0.2, 12.5, -8], "size": [3, 2, 0], "inflate": 0.25, "pivot": [2.5, 14, -8], "rotation": [0, -30, 0], "uv": [0, 65], "mirror": true}
					]
				},
				{
					"name": "body",
					"parent": "flareon",
					"pivot": [0, 7, 0],
					"cubes": [
						{"origin": [-3, 5, -5], "size": [6, 5, 12], "inflate": 0.25, "uv": [0, 0]},
						{"origin": [-3.5, 5.5, -4.5], "size": [1, 4, 11], "inflate": 0.25, "uv": [0, 43]},
						{"origin": [2.5, 5.5, -4.5], "size": [1, 4, 11], "inflate": 0.25, "uv": [0, 43], "mirror": true},
						{"origin": [-2.5, 9.5, -4.5], "size": [5, 1, 11], "inflate": 0.25, "uv": [27, 31]},
						{"origin": [-2.5, 4.5, -4.5], "size": [5, 1, 11], "inflate": 0.25, "uv": [14, 18]},
						{"origin": [-2.5, 5.5, -5.5], "size": [5, 4, 1], "inflate": 0.25, "uv": [30, 56]},
						{"origin": [-2.5, 5.5, 6.5], "size": [5, 4, 1], "inflate": 0.25, "uv": [55, 10]}
					]
				},
				{
					"name": "neck",
					"parent": "body",
					"pivot": [0, 10, -4],
					"rotation": [-45, 0, 0],
					"cubes": [
						{"origin": [-5.5, 4.5, -4], "size": [11, 11, 0], "inflate": 0.25, "uv": [25, 44]},
						{"origin": [-5.5, 4.5, -4], "size": [11, 11, 0], "inflate": 0.25, "pivot": [0, 10, -4], "rotation": [0, -20, 0], "uv": [25, 44]},
						{"origin": [-5.5, 4.5, -4], "size": [11, 11, 0], "inflate": 0.25, "pivot": [0, 10, -4], "rotation": [0, 20, 0], "uv": [25, 44]},
						{"origin": [-3, 7, -5], "size": [6, 6, 2], "inflate": 0.25, "uv": [49, 24]}
					]
				},
				{
					"name": "tail",
					"parent": "body",
					"pivot": [0, 9, 7.5],
					"cubes": [
						{"origin": [0, 3.5, 7.5], "size": [0, 11, 13], "inflate": 0.25, "uv": [0, 18]},
						{"origin": [0, 3.5, 7.5], "size": [0, 11, 13], "inflate": 0.25, "pivot": [0, 9, 8], "rotation": [0, 0, 120], "uv": [0, 18]},
						{"origin": [0, 3.5, 7.5], "size": [0, 11, 13], "inflate": 0.25, "pivot": [0, 9, 8], "rotation": [0, 0, 60], "uv": [0, 18]}
					]
				},
				{
					"name": "front_legs",
					"parent": "flareon",
					"pivot": [0, 6, -4]
				},
				{
					"name": "right_front_leg",
					"parent": "front_legs",
					"pivot": [-2, 6, -4],
					"cubes": [
						{"origin": [-3, 0, -5], "size": [2, 7, 2], "inflate": 0.25, "uv": [0, 0]}
					]
				},
				{
					"name": "left_front_leg",
					"parent": "front_legs",
					"pivot": [2, 6, -4],
					"cubes": [
						{"origin": [1, 0, -5], "size": [2, 7, 2], "inflate": 0.25, "uv": [0, 0], "mirror": true}
					]
				},
				{
					"name": "back_legs",
					"parent": "flareon",
					"pivot": [0, 7, 5]
				},
				{
					"name": "right_back_leg",
					"parent": "back_legs",
					"pivot": [-3, 7, 5],
					"cubes": [
						{"origin": [-4, 3, 3], "size": [2, 5, 4], "inflate": 0.25, "uv": [0, 18]}
					]
				},
				{
					"name": "right_back_paw",
					"parent": "right_back_leg",
					"pivot": [-3, 3, 6],
					"cubes": [
						{"origin": [-4, 0, 5], "size": [2, 3, 2], "inflate": 0.25, "uv": [56, 56]}
					]
				},
				{
					"name": "left_back_leg",
					"parent": "back_legs",
					"pivot": [3, 7, 5],
					"cubes": [
						{"origin": [2, 3, 3], "size": [2, 5, 4], "inflate": 0.25, "uv": [0, 18], "mirror": true}
					]
				},
				{
					"name": "left_back_paw",
					"parent": "left_back_leg",
					"pivot": [3, 3, 6],
					"cubes": [
						{"origin": [2, 0, 5], "size": [2, 3, 2], "inflate": 0.25, "uv": [56, 56], "mirror": true}
					]
				},
				{
					"name": "pokedex",
					"pivot": [0, 28, -10],
					"locators": {
						"pokedex": [0, 28, -10]
					}
				}
			]
		}
	]
}