{
	"format_version": "1.12.0",
	"minecraft:geometry": [
		{
			"description": {
				"identifier": "geometry.serpjolteon",
				"texture_width": 64,
				"texture_height": 64,
				"visible_bounds_width": 4,
				"visible_bounds_height": 2.5,
				"visible_bounds_offset": [0, 0.75, 0]
			},
			"bones": [
				{
					"name": "jolteon",
					"pivot": [0, 1, 0]
				},
				{
					"name": "head",
					"parent": "jolteon",
					"pivot": [0, 11, -4],
					"cubes": [
						{"origin": [-2, 11, -3.5], "size": [4, 3.5, 1], "uv": [27, 45]},
						{"origin": [-1.5, 10.5, -9], "size": [3, 2, 1], "uv": [22, 25]},
						{"origin": [-1, 12.5, -9], "size": [2, 2, 1], "pivot": [0, 12.5, -9], "rotation": [-30, 0, 0], "uv": [45, 14]},
						{"origin": [-3.62, 10.5, -9], "size": [2.12, 2, 1], "pivot": [-1.5, 11, -9], "rotation": [0, 45, 0], "uv": [25, 0]},
						{"origin": [1.5, 10.5, -9], "size": [2.12, 2, 1], "pivot": [1.5, 11, -9], "rotation": [0, -45, 0], "uv": [25, 0], "mirror": true},
						{"origin": [-2.5, 10.5, -8], "size": [5, 4.5, 5], "uv": [0, 31]},
						{"origin": [-2.5, 15, -3], "size": [5, 0, 1], "pivot": [0, 15, -3], "rotation": [30, 0, 0], "uv": [26, 9]},
						{"origin": [-2.5, 10.5, -3], "size": [0, 5, 1], "pivot": [-2.5, 13, -3], "rotation": [0, -30, 0], "uv": [12, 45]},
						{"origin": [2.5, 10.5, -3], "size": [0, 5, 1], "pivot": [2.5, 13, -3], "rotation": [0, 30, 0], "uv": [12, 45], "mirror": true},
						{"origin": [-2, 15, -8], "size": [4, 2, 0], "pivot": [0.5, 15, -8], "rotation": [-45, 0, 0], "uv": [0, 26]},
						{"origin": [-1.5, 8.5, -6], "size": [3, 2.5, 3], "pivot": [0, 11, -6], "rotation": [25, 0, 0], "uv": [37, 8]},
						{"origin": [-3, 11, -7.5], "size": [1, 3.5, 4], "uv": [0, 18]},
						{"origin": [2, 11, -7.5], "size": [1, 3.5, 4], "uv": [0, 18]},
						{"origin": [-2, 14.5, -7.5], "size": [4, 1, 4], "uv": [36, 24]},
						{"origin": [-2, 15, -6.5], "size": [0, 8, 3], "inflate": 0.01, "pivot": [-2, 15, -6.5], "rotation": [-30, -30, -10], "uv": [38, 39]},
						{"origin": [2, 15, -6.5], "size": [0, 8, 3], "inflate": 0.01, "pivot": [2, 15, -6.5], "rotation": [-30, 30, 10], "uv": [38, 39], "mirror": true}
					]
				},
				{
					"name": "open_eyes",
					"parent": "head",
					"pivot": [0, 11, -4],
					"cubes": [
						{"origin": [-2.8, 12.5, -8], "size": [3, 2, 0], "pivot": [-2.5, 14, -8], "rotation": [0, 30, 0], "uv": [0, 46]},
						{"origin": [-0.2, 12.5, -8], "size": [3, 2, 0], "pivot": [2.5, 14, -8], "rotation": [0, -30, 0], "uv": [0, 46], "mirror": true}
					]
				},
				{
					"name": "closed_eyes",
					"parent": "head",
					"pivot": [0, 11, -4],
					"cubes": [
						{"origin": [-2.8, 12.5, -8], "size": [3, 2, 0], "pivot": [-2.5, 14, -8], "rotation": [0, 30, 0], "uv": [0, 49]},
						{"origin": [-0.2, 12.5, -8], "size": [3, 2, 0], "pivot": [2.5, 14, -8], "rotation": [0, -30, 0], "uv": [0, 49], "mirror": true}
					]
				},
				{
					"name": "angry_eyes",
					"parent": "head",
					"pivot": [0, 11, -4],
					"cubes": [
						{"origin": [-2.8, 12.5, -8], "size": [3, 2, 0], "pivot": [-2.5, 14, -8], "rotation": [0, 30, 0], "uv": [0, 52]},
						{"origin": [-0.2, 12.5, -8], "size": [3, 2, 0], "pivot": [2.5, 14, -8], "rotation": [0, -30, 0], "uv": [0, 52], "mirror": true}
					]
				},
				{
					"name": "body",
					"parent": "jolteon",
					"pivot": [0, 7, 0],
					"cubes": [
						{"origin": [-3, 5, -5], "size": [6, 5, 12], "uv": [0, 0]},
						{"origin": [-2.5, 8, 2.5], "size": [0, 4, 6], "pivot": [-3.5, 10, 2.5], "rotation": [0, -10, 30], "uv": [16, 35]},
						{"origin": [2.5, 8, 2.5], "size": [0, 4, 6], "pivot": [3.5, 10, 2.5], "rotation": [0, 10, -30], "uv": [16, 35], "mirror": true},
						{"origin": [-3.5, 5.5, -4.5], "size": [1, 4, 11], "uv": [22, 20]},
						{"origin": [2.5, 5.5, -4.5], "size": [1, 4, 11], "uv": [22, 20], "mirror": true},
						{"origin": [-2.5, 9.5, -4.5], "size": [5, 1, 11], "uv": [0, 18]},
						{"origin": [-2.5, 4.5, -4.5], "size": [5, 1, 11], "uv": [16, 50]},
						{"origin": [-3.5, 10.5, 3], "size": [7, 0, 7], "pivot": [0, 10, 3], "rotation": [15, 0, 0], "uv": [25, 0]},
						{"origin": [-2.5, 5.5, -5.5], "size": [5, 4, 1], "uv": [28, 36]},
						{"origin": [-2.5, 5.5, 6.5], "size": [5, 4, 1], "uv": [38, 55]}
					]
				},
				{
					"name": "neck",
					"parent": "body",
					"pivot": [0, 10, -5],
					"cubes": [
						{"origin": [-4, 3.5, -5.5], "size": [8, 4, 0], "pivot": [0, 7.5, -5.5], "rotation": [-25, 0, 0], "uv": [41, 36]},
						{"origin": [-4, 10.5, -2.5], "size": [8, 4, 0], "pivot": [0, 10.5, -2.5], "rotation": [-40, 0, 0], "uv": [0, 41]},
						{"origin": [-7.5, 7.5, -5.5], "size": [5, 6, 0], "pivot": [-2.5, 9.5, -5.5], "rotation": [0, 45, 0], "uv": [22, 18]},
						{"origin": [2.5, 7.5, -5.5], "size": [5, 6, 0], "pivot": [2.5, 9.5, -5.5], "rotation": [0, -45, 0], "uv": [22, 18], "mirror": true}
					]
				},
				{
					"name": "front_legs",
					"parent": "jolteon",
					"pivot": [0, 6, -4]
				},
				{
					"name": "right_front_leg",
					"parent": "front_legs",
					"pivot": [-2, 6, -4],
					"cubes": [
						{"origin": [-3, 0, -5], "size": [2, 7, 2], "uv": [0, 0]}
					]
				},
				{
					"name": "left_front_leg",
					"parent": "front_legs",
					"pivot": [2, 6, -4],
					"cubes": [
						{"origin": [1, 0, -5], "size": [2, 7, 2], "uv": [0, 0], "mirror": true}
					]
				},
				{
					"name": "back_legs",
					"parent": "jolteon",
					"pivot": [0, 7, 5]
				},
				{
					"name": "right_back_leg",
					"parent": "back_legs",
					"pivot": [-3, 7, 5],
					"cubes": [
						{"origin": [-4, 3, 3], "size": [2, 5, 4], "uv": [36, 14]}
					]
				},
				{
					"name": "right_back_paw",
					"parent": "right_back_leg",
					"pivot": [-3, 3, 6],
					"cubes": [
						{"origin": [-4, 0, 5], "size": [2, 3, 2], "uv": [45, 41]}
					]
				},
				{
					"name": "left_back_leg",
					"parent": "back_legs",
					"pivot": [3, 7, 5],
					"cubes": [
						{"origin": [2, 3, 3], "size": [2, 5, 4], "uv": [36, 14], "mirror": true}
					]
				},
				{
					"name": "left_back_paw",
					"parent": "left_back_leg",
					"pivot": [3, 3, 6],
					"cubes": [
						{"origin": [2, 0, 5], "size": [2, 3, 2], "uv": [45, 41], "mirror": true}
					]
				},
				{
					"name": "pokedex",
					"pivot": [0, 28, -10],
					"locators": {
						"pokedex": [0, 28, -10]
					}
				}
			]
		},
		{
			"description": {
				"identifier": "geometry.serpjolteon_aura",
				"texture_width": 64,
				"texture_height": 64,
				"visible_bounds_width": 4,
				"visible_bounds_height": 2.5,
				"visible_bounds_offset": [0, 0.75, 0]
			},
			"bones": [
				{
					"name": "jolteon",
					"pivot": [0, 1, 0]
				},
				{
					"name": "head",
					"parent": "jolteon",
					"pivot": [0, 11, -4],
					"cubes": [
						{"origin": [-2, 11, -3.5], "size": [4, 3.5, 1], "inflate": 0.25, "uv": [27, 45]},
						{"origin": [-1.5, 10.5, -9], "size": [3, 2, 1], "inflate": 0.25, "uv": [22, 25]},
						{"origin": [-1, 12.5, -9], "size": [2, 2, 1], "inflate": 0.25, "pivot": [0, 12.5, -9], "rotation": [-30, 0, 0], "uv": [45, 14]},
						{"origin": [-3.62, 10.5, -9], "size": [2.12, 2, 1], "inflate": 0.25, "pivot": [-1.5, 11, -9], "rotation": [0, 45, 0], "uv": [25, 0]},
						{"origin": [1.5, 10.5, -9], "size": [2.12, 2, 1], "inflate": 0.25, "pivot": [1.5, 11, -9], "rotation": [0, -45, 0], "uv": [25, 0], "mirror": true},
						{"origin": [-2.5, 10.5, -8], "size": [5, 4.5, 5], "inflate": 0.25, "uv": [0, 31]},
						{"origin": [-2.5, 15, -3], "size": [5, 0, 1], "inflate": 0.25, "pivot": [0, 15, -3], "rotation": [30, 0, 0], "uv": [26, 9]},
						{"origin": [-2.5, 10.5, -3], "size": [0, 5, 1], "inflate": 0.25, "pivot": [-2.5, 13, -3], "rotation": [0, -30, 0], "uv": [12, 45]},
						{"origin": [2.5, 10.5, -3], "size": [0, 5, 1], "inflate": 0.25, "pivot": [2.5, 13, -3], "rotation": [0, 30, 0], "uv": [12, 45], "mirror": true},
						{"origin": [-2, 15, -8], "size": [4, 2, 0], "inflate": 0.25, "pivot": [0.5, 15, -8], "rotation": [-45, 0, 0], "uv": [0, 26]},
						{"origin": [-1.5, 8.5, -6], "size": [3, 2.5, 3], "inflate": 0.25, "pivot": [0, 11, -6], "rotation": [25, 0, 0], "uv": [37, 8]},
						{"origin": [-3, 11, -7.5], "size": [1, 3.5, 4], "inflate": 0.25, "uv": [0, 18]},
						{"origin": [2, 11, -7.5], "size": [1, 3.5, 4], "inflate": 0.25, "uv": [0, 18]},
						{"origin": [-2, 14.5, -7.5], "size": [4, 1, 4], "inflate": 0.25, "uv": [36, 24]},
						{"origin": [-2, 15, -6.5], "size": [0, 8, 3], "inflate": 0.25, "pivot": [-2, 15, -6.5], "rotation": [-30, -30, -10], "uv": [38, 39]},
						{"origin": [2, 15, -6.5], "size": [0, 8, 3], "inflate": 0.25, "pivot": [2, 15, -6.5], "rotation": [-30, 30, 10], "uv": [38, 39], "mirror": true}
					]
				},
				{
					"name": "open_eyes",
					"parent": "head",
					"pivot": [0, 11, -4],
					"cubes": [
						{"origin": [-2.8, 12.5, -8], "size": [3, 2, 0], "inflate": 0.25, "pivot": [-2.5, 14, -8], "rotation": [0, 30, 0], "uv": [0, 46]},
						{"origin": [-0.2, 12.5, -8], "size": [3, 2, 0], "inflate": 0.25, "pivot": [2.5, 14, -8], "rotation": [0, -30, 0], "uv": [0, 46], "mirror": true}
					]
				},
				{
					"name": "body",
					"parent": "jolteon",
					"pivot": [0, 7, 0],
					"cubes": [
						{"origin": [-3, 5, -5], "size": [6, 5, 12], "inflate": 0.25, "uv": [0, 0]},
						{"origin": [-2.5, 8, 2.5], "size": [0, 4, 6], "inflate": 0.25, "pivot": [-3.5, 10, 2.5], "rotation": [0, -10, 30], "uv": [16, 35]},
						{"origin": [2.5, 8, 2.5], "size": [0, 4, 6], "inflate": 0.25, "pivot": [3.5, 10, 2.5], "rotation": [0, 10, -30], "uv": [16, 35], "mirror": true},
						{"origin": [-3.5, 5.5, -4.5], "size": [1, 4, 11], "inflate": 0.25, "uv": [22, 20]},
						{"origin": [2.5, 5.5, -4.5], "size": [1, 4, 11], "inflate": 0.25, "uv": [22, 20], "mirror": true},
						{"origin": [-2.5, 9.5, -4.5], "size": [5, 1, 11], "inflate": 0.25, "uv": [0, 18]},
						{"origin": [-2.5, 4.5, -4.5], "size": [5, 1, 11], "inflate": 0.25, "uv": [16, 50]},
						{"origin": [-3.5, 10.5, 3], "size": [7, 0, 7], "inflate": 0.25, "pivot": [0, 10, 3], "rotation": [15, 0, 0], "uv": [25, 0]},
						{"origin": [-2.5, 5.5, -5.5], "size": [5, 4, 1], "inflate": 0.25, "uv": [28, 36]},
						{"origin": [-2.5, 5.5, 6.5], "size": [5, 4, 1], "inflate": 0.25, "uv": [38, 55]}
					]
				},
				{
					"name": "neck",
					"parent": "body",
					"pivot": [0, 10, -5],
					"cubes": [
						{"origin": [-4, 3.5, -5.5], "size": [8, 4, 0], "inflate": 0.25, "pivot": [0, 7.5, -5.5], "rotation": [-25, 0, 0], "uv": [41, 36]},
						{"origin": [-4, 10.5, -2.5], "size": [8, 4, 0], "inflate": 0.25, "pivot": [0, 10.5, -2.5], "rotation": [-40, 0, 0], "uv": [0, 41]},
						{"origin": [-7.5, 7.5, -5.5], "size": [5, 6, 0], "inflate": 0.25, "pivot": [-2.5, 9.5, -5.5], "rotation": [0, 45, 0], "uv": [22, 18]},
						{"origin": [2.5, 7.5, -5.5], "size": [5, 6, 0], "inflate": 0.25, "pivot": [2.5, 9.5, -5.5], "rotation": [0, -45, 0], "uv": [22, 18], "mirror": true}
					]
				},
				{
					"name": "front_legs",
					"parent": "jolteon",
					"pivot": [0, 6, -4]
				},
				{
					"name": "right_front_leg",
					"parent": "front_legs",
					"pivot": [-2, 6, -4],
					"cubes": [
						{"origin": [-3, 0, -5], "size": [2, 7, 2], "inflate": 0.25, "uv": [0, 0]}
					]
				},
				{
					"name": "left_front_leg",
					"parent": "front_legs",
					"pivot": [2, 6, -4],
					"cubes": [
						{"origin": [1, 0, -5], "size": [2, 7, 2], "inflate": 0.25, "uv": [0, 0], "mirror": true}
					]
				},
				{
					"name": "back_legs",
					"parent": "jolteon",
					"pivot": [0, 7, 5]
				},
				{
					"name": "right_back_leg",
					"parent": "back_legs",
					"pivot": [-3, 7, 5],
					"cubes": [
						{"origin": [-4, 3, 3], "size": [2, 5, 4], "inflate": 0.25, "uv": [36, 14]}
					]
				},
				{
					"name": "right_back_paw",
					"parent": "right_back_leg",
					"pivot": [-3, 3, 6],
					"cubes": [
						{"origin": [-4, 0, 5], "size": [2, 3, 2], "inflate": 0.25, "uv": [45, 41]}
					]
				},
				{
					"name": "left_back_leg",
					"parent": "back_legs",
					"pivot": [3, 7, 5],
					"cubes": [
						{"origin": [2, 3, 3], "size": [2, 5, 4], "inflate": 0.25, "uv": [36, 14], "mirror": true}
					]
				},
				{
					"name": "left_back_paw",
					"parent": "left_back_leg",
					"pivot": [3, 3, 6],
					"cubes": [
						{"origin": [2, 0, 5], "size": [2, 3, 2], "inflate": 0.25, "uv": [45, 41], "mirror": true}
					]
				},
				{
					"name": "pokedex",
					"pivot": [0, 28, -10],
					"locators": {
						"pokedex": [0, 28, -10]
					}
				}
			]
		}
	]
}