{
  "format_version":"1.16.100",
  "minecraft:item":{
    "description":{
      "identifier":"serp:clefairy_plush",
      "category":"Equipment"
    },
    "components":{
    "minecraft:display_name":{"value":"item.serp:clefairy_plush.name"},
    "minecraft:render_offsets":{
      "main_hand":{
"first_person":{"scale":[0.01,0.01,0.01]},
"third_person":{"scale":[0.03,0.03,0.03]}},
      "off_hand":{
"first_person":{"scale":[0.01,0.01,0.01]},
"third_person":{"scale":[0.03,0.03,0.03]}}
      },
    "minecraft:max_stack_size":1,
	  "minecraft:icon":{"texture":"clefairy_plush"}
    }
  }
}