{
  "format_version": "1.16.100",
  "minecraft:item": {
    "description": {
      "identifier": "serp:legendary_gen1",
      "category": "Nature"
    },
    "components": {
      "minecraft:display_name":{
    "value":"item.serp:legendary_gen1.name"
         },
  "minecraft:render_offsets": {
        "main_hand": {
"first_person":{"scale":[0.01,0.01,0.01]},
"third_person":{"scale":[0.03,0.03,0.03]}
        }
      },
      "minecraft:on_use": {
          "on_use":{"event":"serp:using"}
      },
      "minecraft:max_stack_size": 64,
	  "minecraft:icon": {
		"texture": "legendary_gen1"
	  }
    },
    "events": {
        "serp:using": {
            "sequence":[
{"run_command":{"command":["clear @s serp:legendary_gen1 0 1"]}},
        {
        "randomize":[
{"run_command":{"command":["give @s serp:frozen_feather"]}},
{"run_command":{"command":["give @s serp:electric_feather"]}},
{"run_command":{"command":["give @s serp:fire_feather"]}}
            ]
          }
        ]
      }
    }
  }
}