{
  "format_version":"1.16.100",
  "minecraft:item":{
    "description":{
      "identifier":"serp:slowpoke_tail",
      "category":"Nature"
    },
    "components":{
      "minecraft:display_name":{
    "value":"item.serp:slowpoke_tail.name"
      },
      "minecraft:icon":{"texture":"slowpoke_tail"},
      "minecraft:food":{
		"nutrition":2,
		"saturation_modifier":"low",
		"can_always_eat":false
	  },
	  "minecraft:use_duration":1.6,
	  "minecraft:use_animation":"eat",
      "minecraft:render_offsets":{
        "main_hand":{
"first_person":{"scale":[0.01,0.01,0.01]},
"third_person":{"scale":[0.03,0.03,0.03]}
        }
      }
    }
  }
}