{
  "format_version": "1.16.100",
  "minecraft:item": {
    "description": {
      "identifier": "serp:zapdos_offering",
      "category": "Nature"
    },
    "components": {
      "minecraft:display_name":{
    "value":"item.serp:zapdos_offering.name"
         },
  "minecraft:render_offsets": {
        "main_hand": {
"first_person":{"scale":[0.01,0.01,0.01]},
"third_person":{"scale":[0.03,0.03,0.03]}
        }
      },
      "minecraft:max_stack_size": 1,
	  "minecraft:icon": {
		"texture": "zapdos_offering"
	  }
    }
  }
}