{
	"format_version": "1.12.0",
	"minecraft:geometry": [
		{
			"description": {
				"identifier": "geometry.serpnidoranh",
				"texture_width": 64,
				"texture_height": 64,
				"visible_bounds_width": 3,
				"visible_bounds_height": 2.5,
				"visible_bounds_offset": [0, 0.75, 0]
			},
			"bones": [
				{
					"name": "nidoranh",
					"pivot": [1, 0, 0]
				},
				{
					"name": "head",
					"parent": "nidoranh",
					"pivot": [0, 9, -4],
					"cubes": [
						{"origin": [-0.5, 12.5, -10], "size": [1, 2, 1], "pivot": [0, 13, -10], "rotation": [30, 0, 0], "uv": [0, 17]},
						{"origin": [-3.5, 7, -10], "size": [7, 6, 8], "uv": [0, 17]},
						{"origin": [-4, 7.5, -9.5], "size": [1, 5, 7], "uv": [17, 34]},
						{"origin": [3, 7.5, -9.5], "size": [1, 5, 7], "uv": [0, 32]},
						{"origin": [-3, 7.5, -2.5], "size": [6, 5, 1], "uv": [32, 53]},
						{"origin": [-3, 7.5, -10.5], "size": [6, 5, 1], "uv": [46, 0]},
						{"origin": [-3.5, 9.5, -10.51], "size": [7, 3, 0], "inflate": 0.01, "uv": [23, 19]},
						{"origin": [-3, 12.5, -9.5], "size": [6, 1, 7], "uv": [26, 0]},
						{"origin": [1.5, 9, -9], "size": [4, 1, 1], "inflate": -0.3, "uv": [32, 47]},
						{"origin": [-5.5, 9, -9], "size": [4, 1, 1], "inflate": -0.3, "uv": [44, 37]},
						{"origin": [2.5, 10, -9], "size": [4, 1, 1], "inflate": -0.3, "pivot": [3, 10, -9], "rotation": [0, 0, -15], "uv": [44, 34]},
						{"origin": [-6.5, 10, -9], "size": [4, 1, 1], "inflate": -0.3, "pivot": [-3, 10, -9], "rotation": [0, 0, 15], "uv": [38, 19]},
						{"origin": [-1.5, 8, -11.5], "size": [3, 2, 1], "uv": [52, 19]},
						{"origin": [-3.5, 8, -11.5], "size": [2, 2, 1], "pivot": [-1.5, 9, -11.5], "rotation": [0, 60, 0], "uv": [26, 0]},
						{"origin": [1.5, 8, -11.5], "size": [2, 2, 1], "pivot": [1.5, 9, -11.5], "rotation": [0, -60, 0], "uv": [26, 0], "mirror": true},
						{"origin": [-0.5, 7, -11], "size": [1, 1, 0], "uv": [0, 7]}
					]
				},
				{
					"name": "right_ear",
					"parent": "head",
					"pivot": [-3, 12, -6],
					"rotation": [-13, -20, -25],
					"cubes": [
						{"origin": [-3.5, 12.17496, -4.63469], "size": [1, 4, 1], "pivot": [1, 12.17496, -4.63469], "rotation": [-12.5, 0, 0], "uv": [36, 34]},
						{"origin": [-3.5, 16.98502, -6.91396], "size": [1, 1, 2], "uv": [0, 32]},
						{"origin": [-2.5, 11.95, -8.5], "size": [0, 7, 5], "inflate": 0.01, "uv": [46, 19]},
						{"origin": [-3.5, 11.25882, -7.96593], "size": [1, 5, 1], "pivot": [1, 12, -7], "rotation": [15, 0, 0], "uv": [0, 17]},
						{"origin": [-3.5, 15.8637, -9.03528], "size": [1, 3, 1], "pivot": [1, 15.8637, -9.03528], "rotation": [-45, 0, 0], "uv": [5, 54]},
						{"origin": [-3.5, 15.8637, -3.79264], "size": [1, 3, 1], "pivot": [1, 15.8637, -2.79264], "rotation": [45, 0, 0], "uv": [0, 54]}
					]
				},
				{
					"name": "left_ear",
					"parent": "head",
					"pivot": [3, 12, -6],
					"rotation": [-13, 20, 25],
					"cubes": [
						{"origin": [2.5, 12.17496, -4.63469], "size": [1, 4, 1], "pivot": [-1, 12.17496, -4.63469], "rotation": [-12.5, 0, 0], "uv": [36, 34], "mirror": true},
						{"origin": [2.5, 16.98502, -6.91396], "size": [1, 1, 2], "uv": [0, 32], "mirror": true},
						{"origin": [2.5, 11.95, -8.5], "size": [0, 7, 5], "inflate": 0.01, "uv": [46, 19], "mirror": true},
						{"origin": [2.5, 11.25882, -7.96593], "size": [1, 5, 1], "pivot": [-1, 12, -7], "rotation": [15, 0, 0], "uv": [0, 17], "mirror": true},
						{"origin": [2.5, 15.8637, -9.03528], "size": [1, 3, 1], "pivot": [-1, 15.8637, -9.03528], "rotation": [-45, 0, 0], "uv": [5, 54], "mirror": true},
						{"origin": [2.5, 15.8637, -3.79264], "size": [1, 3, 1], "pivot": [-1, 15.8637, -2.79264], "rotation": [45, 0, 0], "uv": [0, 54], "mirror": true}
					]
				},
				{
					"name": "body",
					"parent": "nidoranh",
					"pivot": [1, 6, 0],
					"rotation": [-30, 0, 0],
					"cubes": [
						{"origin": [-4, 3, -4], "size": [8, 7, 9], "uv": [0, 0]},
						{"origin": [-1, 10, -1], "size": [2, 4, 2], "pivot": [0, 9, 0], "rotation": [-22.5, 0, 0], "uv": [0, 0]},
						{"origin": [-1, 10, 3], "size": [2, 2, 2], "pivot": [0, 9, 4], "rotation": [-52.5, 0, 0], "uv": [27, 34]},
						{"origin": [-5, 4, -3], "size": [1, 5, 7], "uv": [44, 40]},
						{"origin": [4, 4, -3], "size": [1, 5, 7], "uv": [34, 34]},
						{"origin": [-3, 3.5, 5], "size": [6, 6, 1], "uv": [50, 9]},
						{"origin": [-3, 3.5, -5], "size": [6, 6, 1], "uv": [17, 47]},
						{"origin": [-3.5, 2, -3.5], "size": [7, 1, 8], "uv": [27, 9]},
						{"origin": [-3.5, 10, -3.5], "size": [7, 1, 8], "uv": [23, 24]}
					]
				},
				{
					"name": "back_legs",
					"parent": "nidoranh",
					"pivot": [0, 4, 2],
					"cubes": [
						{"origin": [-5, 0, 0], "size": [2, 1, 3], "uv": [10, 32]},
						{"origin": [3, 0, 0], "size": [2, 1, 3], "uv": [10, 32], "mirror": true},
						{"origin": [-6, 1, 1], "size": [4, 4, 4], "uv": [0, 45]},
						{"origin": [2, 1, 1], "size": [4, 4, 4], "uv": [0, 45], "mirror": true}
					]
				},
				{
					"name": "front_legs",
					"parent": "nidoranh",
					"pivot": [0, 5, -3],
					"cubes": [
						{"origin": [-4.5, 0, -4.5], "size": [3, 5, 3], "uv": [47, 53]},
						{"origin": [1.5, 0, -4.5], "size": [3, 5, 3], "uv": [47, 53], "mirror": true}
					]
				},
				{
					"name": "pokedex",
					"pivot": [0, 34, 0],
					"locators": {
						"pokedex": [0, 34, 0]
					}
				}
			]
		},
		{
			"description": {
				"identifier": "geometry.serpnidoranh_aura",
				"texture_width": 64,
				"texture_height": 64,
				"visible_bounds_width": 3,
				"visible_bounds_height": 2.5,
				"visible_bounds_offset": [0, 0.75, 0]
			},
			"bones": [
				{
					"name": "nidoranh",
					"pivot": [1, 0, 0]
				},
				{
					"name": "head",
					"parent": "nidoranh",
					"pivot": [0, 9, -4],
					"cubes": [
						{"origin": [-0.5, 12.5, -10], "size": [1, 2, 1], "inflate": 0.25, "pivot": [0, 13, -10], "rotation": [30, 0, 0], "uv": [0, 17]},
						{"origin": [-3.5, 7, -10], "size": [7, 6, 8], "inflate": 0.25, "uv": [0, 17]},
						{"origin": [-4, 7.5, -9.5], "size": [1, 5, 7], "inflate": 0.25, "uv": [17, 34]},
						{"origin": [3, 7.5, -9.5], "size": [1, 5, 7], "inflate": 0.25, "uv": [0, 32]},
						{"origin": [-3, 7.5, -2.5], "size": [6, 5, 1], "inflate": 0.25, "uv": [32, 53]},
						{"origin": [-3, 7.5, -10.5], "size": [6, 5, 1], "inflate": 0.25, "uv": [46, 0]},
						{"origin": [-3.5, 9.5, -10.51], "size": [7, 3, 0], "inflate": 0.25, "uv": [23, 19]},
						{"origin": [-3, 12.5, -9.5], "size": [6, 1, 7], "inflate": 0.25, "uv": [26, 0]},
						{"origin": [1.5, 9, -9], "size": [4, 1, 1], "inflate": 0.25, "uv": [32, 47]},
						{"origin": [-5.5, 9, -9], "size": [4, 1, 1], "inflate": 0.25, "uv": [44, 37]},
						{"origin": [2.5, 10, -9], "size": [4, 1, 1], "inflate": 0.25, "pivot": [3, 10, -9], "rotation": [0, 0, -15], "uv": [44, 34]},
						{"origin": [-6.5, 10, -9], "size": [4, 1, 1], "inflate": 0.25, "pivot": [-3, 10, -9], "rotation": [0, 0, 15], "uv": [38, 19]},
						{"origin": [-1.5, 8, -11.5], "size": [3, 2, 1], "inflate": 0.25, "uv": [52, 19]},
						{"origin": [-3.5, 8, -11.5], "size": [2, 2, 1], "inflate": 0.25, "pivot": [-1.5, 9, -11.5], "rotation": [0, 60, 0], "uv": [26, 0]},
						{"origin": [1.5, 8, -11.5], "size": [2, 2, 1], "inflate": 0.25, "pivot": [1.5, 9, -11.5], "rotation": [0, -60, 0], "uv": [26, 0], "mirror": true},
						{"origin": [-0.5, 7, -11], "size": [1, 1, 0], "inflate": 0.25, "uv": [0, 7]}
					]
				},
				{
					"name": "right_ear",
					"parent": "head",
					"pivot": [-3, 12, -6],
					"rotation": [-13, -20, -25],
					"cubes": [
						{"origin": [-3.5, 12.17496, -4.63469], "size": [1, 4, 1], "inflate": 0.25, "pivot": [1, 12.17496, -4.63469], "rotation": [-12.5, 0, 0], "uv": [36, 34]},
						{"origin": [-3.5, 16.98502, -6.91396], "size": [1, 1, 2], "inflate": 0.25, "uv": [0, 32]},
						{"origin": [-2.5, 11.95, -8.5], "size": [0, 7, 5], "inflate": 0.25, "uv": [46, 19]},
						{"origin": [-3.5, 11.25882, -7.96593], "size": [1, 5, 1], "inflate": 0.25, "pivot": [1, 12, -7], "rotation": [15, 0, 0], "uv": [0, 17]},
						{"origin": [-3.5, 15.8637, -9.03528], "size": [1, 3, 1], "inflate": 0.25, "pivot": [1, 15.8637, -9.03528], "rotation": [-45, 0, 0], "uv": [5, 54]},
						{"origin": [-3.5, 15.8637, -3.79264], "size": [1, 3, 1], "inflate": 0.25, "pivot": [1, 15.8637, -2.79264], "rotation": [45, 0, 0], "uv": [0, 54]}
					]
				},
				{
					"name": "left_ear",
					"parent": "head",
					"pivot": [3, 12, -6],
					"rotation": [-13, 20, 25],
					"cubes": [
						{"origin": [2.5, 12.17496, -4.63469], "size": [1, 4, 1], "inflate": 0.25, "pivot": [-1, 12.17496, -4.63469], "rotation": [-12.5, 0, 0], "uv": [36, 34], "mirror": true},
						{"origin": [2.5, 16.98502, -6.91396], "size": [1, 1, 2], "inflate": 0.25, "uv": [0, 32], "mirror": true},
						{"origin": [2.5, 11.95, -8.5], "size": [0, 7, 5], "inflate": 0.25, "uv": [46, 19], "mirror": true},
						{"origin": [2.5, 11.25882, -7.96593], "size": [1, 5, 1], "inflate": 0.25, "pivot": [-1, 12, -7], "rotation": [15, 0, 0], "uv": [0, 17], "mirror": true},
						{"origin": [2.5, 15.8637, -9.03528], "size": [1, 3, 1], "inflate": 0.25, "pivot": [-1, 15.8637, -9.03528], "rotation": [-45, 0, 0], "uv": [5, 54], "mirror": true},
						{"origin": [2.5, 15.8637, -3.79264], "size": [1, 3, 1], "inflate": 0.25, "pivot": [-1, 15.8637, -2.79264], "rotation": [45, 0, 0], "uv": [0, 54], "mirror": true}
					]
				},
				{
					"name": "body",
					"parent": "nidoranh",
					"pivot": [1, 6, 0],
					"rotation": [-30, 0, 0],
					"cubes": [
						{"origin": [-4, 3, -4], "size": [8, 7, 9], "inflate": 0.25, "uv": [0, 0]},
						{"origin": [-1, 10, -1], "size": [2, 4, 2], "inflate": 0.25, "pivot": [0, 9, 0], "rotation": [-22.5, 0, 0], "uv": [0, 0]},
						{"origin": [-1, 10, 3], "size": [2, 2, 2], "inflate": 0.25, "pivot": [0, 9, 4], "rotation": [-52.5, 0, 0], "uv": [27, 34]},
						{"origin": [-5, 4, -3], "size": [1, 5, 7], "inflate": 0.25, "uv": [44, 40]},
						{"origin": [4, 4, -3], "size": [1, 5, 7], "inflate": 0.25, "uv": [34, 34]},
						{"origin": [-3, 3.5, 5], "size": [6, 6, 1], "inflate": 0.25, "uv": [50, 9]},
						{"origin": [-3, 3.5, -5], "size": [6, 6, 1], "inflate": 0.25, "uv": [17, 47]},
						{"origin": [-3.5, 2, -3.5], "size": [7, 1, 8], "inflate": 0.25, "uv": [27, 9]},
						{"origin": [-3.5, 10, -3.5], "size": [7, 1, 8], "inflate": 0.25, "uv": [23, 24]}
					]
				},
				{
					"name": "back_legs",
					"parent": "nidoranh",
					"pivot": [0, 4, 2],
					"cubes": [
						{"origin": [-5, 0, 0], "size": [2, 1, 3], "inflate": 0.25, "uv": [10, 32]},
						{"origin": [3, 0, 0], "size": [2, 1, 3], "inflate": 0.25, "uv": [10, 32], "mirror": true},
						{"origin": [-6, 1, 1], "size": [4, 4, 4], "inflate": 0.25, "uv": [0, 45]},
						{"origin": [2, 1, 1], "size": [4, 4, 4], "inflate": 0.25, "uv": [0, 45], "mirror": true}
					]
				},
				{
					"name": "front_legs",
					"parent": "nidoranh",
					"pivot": [0, 5, -3],
					"cubes": [
						{"origin": [-4.5, 0, -4.5], "size": [3, 5, 3], "inflate": 0.25, "uv": [47, 53]},
						{"origin": [1.5, 0, -4.5], "size": [3, 5, 3], "inflate": 0.25, "uv": [47, 53], "mirror": true}
					]
				},
				{
					"name": "pokedex",
					"pivot": [0, 34, 0],
					"locators": {
						"pokedex": [0, 34, 0]
					}
				}
			]
		}
	]
}