{
	"format_version": "1.12.0",
	"minecraft:geometry": [
		{
			"description": {
				"identifier": "geometry.serpnidorina",
				"texture_width": 80,
				"texture_height": 80,
				"visible_bounds_width": 3,
				"visible_bounds_height": 2.5,
				"visible_bounds_offset": [0, 0.75, 0]
			},
			"bones": [
				{
					"name": "nidorina",
					"pivot": [0, 0, 1]
				},
				{
					"name": "body_root",
					"parent": "nidorina",
					"pivot": [0, 1, 1]
				},
				{
					"name": "head",
					"parent": "body_root",
					"pivot": [0, 12, -3],
					"cubes": [
						{"origin": [-3.5, 11, -8], "size": [7, 6, 6], "uv": [0, 29]},
						{"origin": [-3, 16.5, -7.5], "size": [6, 1, 5], "uv": [41, 40]},
						{"origin": [-3, 10.5, -7.5], "size": [6, 1, 5], "uv": [38, 31]},
						{"origin": [3, 11.5, -7.5], "size": [1, 5, 5], "uv": [47, 47]},
						{"origin": [-4, 11.5, -7.5], "size": [1, 5, 5], "uv": [34, 47]},
						{"origin": [-3, 11.5, -2.5], "size": [6, 5, 1], "uv": [48, 22]},
						{"origin": [-3, 12.5, -8.5], "size": [6, 4, 1], "uv": [56, 8]},
						{"origin": [-3.5, 13, -8.52], "size": [7, 3, 0], "uv": [19, 54]},
						{"origin": [-2, 12, -10.5], "size": [4, 2, 2], "uv": [56, 29]},
						{"origin": [-1.5, 11, -10], "size": [3, 1, 2], "uv": [21, 31]},
						{"origin": [-5, 12, -10.5], "size": [3, 2, 1], "pivot": [-2, 13, -10.5], "rotation": [0, 61, 0], "uv": [24, 22]},
						{"origin": [2, 12, -10.5], "size": [3, 2, 1], "pivot": [2, 13, -10.5], "rotation": [0, -61, 0], "uv": [24, 22], "mirror": true},
						{"origin": [-4.5, 11, -10], "size": [3, 2, 1], "pivot": [-1.5, 12, -10], "rotation": [0, 61, 0], "uv": [24, 18]},
						{"origin": [1.5, 11, -10], "size": [3, 2, 1], "pivot": [1.5, 12, -10], "rotation": [0, -61, 0], "uv": [24, 18], "mirror": true}
					]
				},
				{
					"name": "right_ear",
					"parent": "head",
					"pivot": [-3, 16, -4],
					"rotation": [-12.96168, -19.71116, -24.95141],
					"cubes": [
						{"origin": [-3.5, 15.17496, -2.63469], "size": [1, 5, 1], "pivot": [1, 16.17496, -2.63469], "rotation": [-12.5, 0, 0], "uv": [47, 58]},
						{"origin": [-3.5, 20.98502, -4.91396], "size": [1, 1, 2], "uv": [27, 35]},
						{"origin": [-3, 21.98502, -4.91396], "size": [0, 1, 2], "uv": [38, 0]},
						{"origin": [-2.5, 16, -6.5], "size": [0, 5, 5], "inflate": 0.01, "uv": [13, 54]},
						{"origin": [-3.5, 15.25882, -5.96593], "size": [1, 5, 1], "pivot": [1, 16, -5], "rotation": [15, 0, 0], "uv": [42, 58]},
						{"origin": [-3, 17.25882, -7.96593], "size": [0, 4, 2], "pivot": [1, 16, -5], "rotation": [15, 0, 0], "uv": [34, 45]},
						{"origin": [-3.5, 19.8637, -7.03528], "size": [1, 3, 1], "pivot": [1, 19.8637, -7.03528], "rotation": [-45, 0, 0], "uv": [42, 47]},
						{"origin": [-3, 20.8637, -8.03528], "size": [0, 2, 1], "pivot": [1, 19.8637, -7.03528], "rotation": [-45, 0, 0], "uv": [27, 0]},
						{"origin": [-3.5, 19.8637, -1.79264], "size": [1, 3, 1], "pivot": [1, 19.8637, -0.79264], "rotation": [45, 0, 0], "uv": [38, 31]}
					]
				},
				{
					"name": "left_ear",
					"parent": "head",
					"pivot": [3, 16, -4],
					"rotation": [-12.96168, 19.71116, 24.95141],
					"cubes": [
						{"origin": [2.5, 15.17496, -2.63469], "size": [1, 5, 1], "pivot": [-1, 16.17496, -2.63469], "rotation": [-12.5, 0, 0], "uv": [47, 58], "mirror": true},
						{"origin": [2.5, 20.98502, -4.91396], "size": [1, 1, 2], "uv": [27, 35], "mirror": true},
						{"origin": [3, 21.98502, -4.91396], "size": [0, 1, 2], "uv": [38, 0], "mirror": true},
						{"origin": [2.5, 16, -6.5], "size": [0, 5, 5], "inflate": 0.01, "uv": [13, 54], "mirror": true},
						{"origin": [2.5, 15.25882, -5.96593], "size": [1, 5, 1], "pivot": [-1, 16, -5], "rotation": [15, 0, 0], "uv": [42, 58], "mirror": true},
						{"origin": [3, 17.25882, -7.96593], "size": [0, 4, 2], "pivot": [-1, 16, -5], "rotation": [15, 0, 0], "uv": [34, 45], "mirror": true},
						{"origin": [2.5, 19.8637, -7.03528], "size": [1, 3, 1], "pivot": [-1, 19.8637, -7.03528], "rotation": [-45, 0, 0], "uv": [42, 47], "mirror": true},
						{"origin": [3, 20.8637, -8.03528], "size": [0, 2, 1], "pivot": [-1, 19.8637, -7.03528], "rotation": [-45, 0, 0], "uv": [27, 0], "mirror": true},
						{"origin": [2.5, 19.8637, -1.79264], "size": [1, 3, 1], "pivot": [-1, 19.8637, -0.79264], "rotation": [45, 0, 0], "uv": [38, 31], "mirror": true}
					]
				},
				{
					"name": "body",
					"parent": "body_root",
					"pivot": [0, 8, 1],
					"rotation": [-60, 0, 0],
					"cubes": [
						{"origin": [-4, 4.13397, -3.5], "size": [8, 7, 10], "uv": [0, 0]},
						{"origin": [-1.56146, 11.45006, -2.62747], "size": [0, 6, 3], "pivot": [0, 10.13397, 0.5], "rotation": [20, 0, -35], "uv": [24, 58]},
						{"origin": [1.56146, 11.45006, -2.62747], "size": [0, 6, 3], "pivot": [0, 10.13397, 0.5], "rotation": [20, 0, 35], "uv": [24, 58], "mirror": true},
						{"origin": [-2, 12.22943, 0.37898], "size": [0, 3, 2], "pivot": [-2, 12.13397, 3.5], "rotation": [0, 0, -20], "uv": [0, 29]},
						{"origin": [2, 12.22943, 0.37898], "size": [0, 3, 2], "pivot": [2, 12.13397, 3.5], "rotation": [0, 0, 20], "uv": [0, 29], "mirror": true},
						{"origin": [-5, 5.13397, -2.5], "size": [1, 5, 8], "uv": [37, 0]},
						{"origin": [4, 5.13397, -2.5], "size": [1, 5, 8], "uv": [27, 31]},
						{"origin": [-3, 4.63397, 6.5], "size": [6, 6, 1], "uv": [48, 14]},
						{"origin": [-3, 4.63397, -4.5], "size": [6, 6, 1], "uv": [48, 0]},
						{"origin": [-3.5, 3.13397, -3], "size": [7, 1, 9], "uv": [24, 20]},
						{"origin": [-3.5, 11.13397, -3], "size": [7, 1, 9], "uv": [0, 18]}
					]
				},
				{
					"name": "tail",
					"parent": "body_root",
					"pivot": [0, 4.9641, 5.59808],
					"cubes": [
						{"origin": [-2, 3, 5], "size": [4, 4, 4], "uv": [17, 45]},
						{"origin": [-1.5, 4, 7], "size": [3, 3, 4], "pivot": [0, 7, 9], "rotation": [25, 0, 0], "uv": [27, 0]},
						{"origin": [-1, 6.01842, 8.64211], "size": [2, 2, 3], "pivot": [-0.5, 8.07949, 10.87734], "rotation": [60, 0, 0], "uv": [57, 55]}
					]
				},
				{
					"name": "arms",
					"parent": "body_root",
					"pivot": [0, 9, -3],
					"rotation": [-25, 0, 0]
				},
				{
					"name": "right_arm",
					"parent": "arms",
					"pivot": [-5, 10, -3],
					"rotation": [0, 0, 10],
					"cubes": [
						{"origin": [-5, 4, -4], "size": [3, 1, 3], "uv": [55, 47]},
						{"origin": [-5, 5, -4], "size": [3, 5, 3], "uv": [0, 52]}
					]
				},
				{
					"name": "left_arm",
					"parent": "arms",
					"pivot": [5, 10, -3],
					"rotation": [0, 0, -10],
					"cubes": [
						{"origin": [2, 4, -4], "size": [3, 1, 3], "uv": [55, 47], "mirror": true},
						{"origin": [2, 5, -4], "size": [3, 5, 3], "uv": [0, 52], "mirror": true}
					]
				},
				{
					"name": "legs",
					"parent": "nidorina",
					"pivot": [0, 5, 1]
				},
				{
					"name": "right_leg",
					"parent": "legs",
					"pivot": [-4, 5, 1],
					"cubes": [
						{"origin": [-6, 1, 0], "size": [4, 5, 4], "uv": [0, 42]},
						{"origin": [-6.5, 1.5, 0.5], "size": [1, 4, 3], "uv": [0, 0]},
						{"origin": [-5.5, 1.5, -0.5], "size": [3, 4, 1], "uv": [0, 18]},
						{"origin": [-5.5, 5.5, 0.5], "size": [3, 1, 3], "uv": [34, 15]},
						{"origin": [-5, 0, 0], "size": [2, 1, 3], "uv": [31, 58]},
						{"origin": [-5, 0, 0.5], "size": [0, 1, 1], "pivot": [-5, 1, 1], "rotation": [0, 0, 30], "uv": [0, 0]},
						{"origin": [-3, 0, 0.5], "size": [0, 1, 1], "pivot": [-3, 1, 1], "rotation": [0, 0, -30], "uv": [0, 0]},
						{"origin": [-5, 0, 0], "size": [2, 1, 0], "pivot": [-4, 1, 0], "rotation": [-40, 0, 0], "uv": [0, 8]}
					]
				},
				{
					"name": "left_leg",
					"parent": "legs",
					"pivot": [4, 5, 1],
					"cubes": [
						{"origin": [2, 1, 0], "size": [4, 5, 4], "uv": [0, 42], "mirror": true},
						{"origin": [5.5, 1.5, 0.5], "size": [1, 4, 3], "uv": [0, 0], "mirror": true},
						{"origin": [2.5, 1.5, -0.5], "size": [3, 4, 1], "uv": [0, 18], "mirror": true},
						{"origin": [2.5, 5.5, 0.5], "size": [3, 1, 3], "uv": [34, 15], "mirror": true},
						{"origin": [3, 0, 0], "size": [2, 1, 3], "uv": [31, 58], "mirror": true},
						{"origin": [5, 0, 0.5], "size": [0, 1, 1], "pivot": [5, 1, 1], "rotation": [0, 0, -30], "uv": [0, 0], "mirror": true},
						{"origin": [3, 0, 0.5], "size": [0, 1, 1], "pivot": [3, 1, 1], "rotation": [0, 0, 30], "uv": [0, 0], "mirror": true},
						{"origin": [3, 0, 0], "size": [2, 1, 0], "pivot": [4, 1, 0], "rotation": [-40, 0, 0], "uv": [0, 8], "mirror": true}
					]
				},
				{
					"name": "pokedex",
					"pivot": [0, 32, -10],
					"locators": {
						"pokedex": [0, 32, -10]
					}
				}
			]
		},
		{
			"description": {
				"identifier": "geometry.serpnidorina_aura",
				"texture_width": 80,
				"texture_height": 80,
				"visible_bounds_width": 3,
				"visible_bounds_height": 2.5,
				"visible_bounds_offset": [0, 0.75, 0]
			},
			"bones": [
				{
					"name": "nidorina",
					"pivot": [0, 0, 1]
				},
				{
					"name": "body_root",
					"parent": "nidorina",
					"pivot": [0, 1, 1]
				},
				{
					"name": "head",
					"parent": "body_root",
					"pivot": [0, 12, -3],
					"cubes": [
						{"origin": [-3.5, 11, -8], "size": [7, 6, 6], "inflate": 0.25, "uv": [0, 29]},
						{"origin": [-3, 16.5, -7.5], "size": [6, 1, 5], "inflate": 0.25, "uv": [41, 40]},
						{"origin": [-3, 10.5, -7.5], "size": [6, 1, 5], "inflate": 0.25, "uv": [38, 31]},
						{"origin": [3, 11.5, -7.5], "size": [1, 5, 5], "inflate": 0.25, "uv": [47, 47]},
						{"origin": [-4, 11.5, -7.5], "size": [1, 5, 5], "inflate": 0.25, "uv": [34, 47]},
						{"origin": [-3, 11.5, -2.5], "size": [6, 5, 1], "inflate": 0.25, "uv": [48, 22]},
						{"origin": [-3, 12.5, -8.5], "size": [6, 4, 1], "inflate": 0.25, "uv": [56, 8]},
						{"origin": [-3.5, 13, -8.52], "size": [7, 3, 0], "inflate": 0.25, "uv": [19, 54]},
						{"origin": [-2, 12, -10.5], "size": [4, 2, 2], "inflate": 0.25, "uv": [56, 29]},
						{"origin": [-1.5, 11, -10], "size": [3, 1, 2], "inflate": 0.25, "uv": [21, 31]},
						{"origin": [-5, 12, -10.5], "size": [3, 2, 1], "inflate": 0.25, "pivot": [-2, 13, -10.5], "rotation": [0, 61, 0], "uv": [24, 22]},
						{"origin": [2, 12, -10.5], "size": [3, 2, 1], "inflate": 0.25, "pivot": [2, 13, -10.5], "rotation": [0, -61, 0], "uv": [24, 22], "mirror": true},
						{"origin": [-4.5, 11, -10], "size": [3, 2, 1], "inflate": 0.25, "pivot": [-1.5, 12, -10], "rotation": [0, 61, 0], "uv": [24, 18]},
						{"origin": [1.5, 11, -10], "size": [3, 2, 1], "inflate": 0.25, "pivot": [1.5, 12, -10], "rotation": [0, -61, 0], "uv": [24, 18], "mirror": true}
					]
				},
				{
					"name": "right_ear",
					"parent": "head",
					"pivot": [-3, 16, -4],
					"rotation": [-12.96168, -19.71116, -24.95141],
					"cubes": [
						{"origin": [-3.5, 15.17496, -2.63469], "size": [1, 5, 1], "inflate": 0.25, "pivot": [1, 16.17496, -2.63469], "rotation": [-12.5, 0, 0], "uv": [47, 58]},
						{"origin": [-3.5, 20.98502, -4.91396], "size": [1, 1, 2], "inflate": 0.25, "uv": [27, 35]},
						{"origin": [-3, 21.98502, -4.91396], "size": [0, 1, 2], "inflate": 0.25, "uv": [38, 0]},
						{"origin": [-2.5, 16, -6.5], "size": [0, 5, 5], "inflate": 0.25, "uv": [13, 54]},
						{"origin": [-3.5, 15.25882, -5.96593], "size": [1, 5, 1], "inflate": 0.25, "pivot": [1, 16, -5], "rotation": [15, 0, 0], "uv": [42, 58]},
						{"origin": [-3, 17.25882, -7.96593], "size": [0, 4, 2], "inflate": 0.25, "pivot": [1, 16, -5], "rotation": [15, 0, 0], "uv": [34, 45]},
						{"origin": [-3.5, 19.8637, -7.03528], "size": [1, 3, 1], "inflate": 0.25, "pivot": [1, 19.8637, -7.03528], "rotation": [-45, 0, 0], "uv": [42, 47]},
						{"origin": [-3, 20.8637, -8.03528], "size": [0, 2, 1], "inflate": 0.25, "pivot": [1, 19.8637, -7.03528], "rotation": [-45, 0, 0], "uv": [27, 0]},
						{"origin": [-3.5, 19.8637, -1.79264], "size": [1, 3, 1], "inflate": 0.25, "pivot": [1, 19.8637, -0.79264], "rotation": [45, 0, 0], "uv": [38, 31]}
					]
				},
				{
					"name": "left_ear",
					"parent": "head",
					"pivot": [3, 16, -4],
					"rotation": [-12.96168, 19.71116, 24.95141],
					"cubes": [
						{"origin": [2.5, 15.17496, -2.63469], "size": [1, 5, 1], "inflate": 0.25, "pivot": [-1, 16.17496, -2.63469], "rotation": [-12.5, 0, 0], "uv": [47, 58], "mirror": true},
						{"origin": [2.5, 20.98502, -4.91396], "size": [1, 1, 2], "inflate": 0.25, "uv": [27, 35], "mirror": true},
						{"origin": [3, 21.98502, -4.91396], "size": [0, 1, 2], "inflate": 0.25, "uv": [38, 0], "mirror": true},
						{"origin": [2.5, 16, -6.5], "size": [0, 5, 5], "inflate": 0.25, "uv": [13, 54], "mirror": true},
						{"origin": [2.5, 15.25882, -5.96593], "size": [1, 5, 1], "inflate": 0.25, "pivot": [-1, 16, -5], "rotation": [15, 0, 0], "uv": [42, 58], "mirror": true},
						{"origin": [3, 17.25882, -7.96593], "size": [0, 4, 2], "inflate": 0.25, "pivot": [-1, 16, -5], "rotation": [15, 0, 0], "uv": [34, 45], "mirror": true},
						{"origin": [2.5, 19.8637, -7.03528], "size": [1, 3, 1], "inflate": 0.25, "pivot": [-1, 19.8637, -7.03528], "rotation": [-45, 0, 0], "uv": [42, 47], "mirror": true},
						{"origin": [3, 20.8637, -8.03528], "size": [0, 2, 1], "inflate": 0.25, "pivot": [-1, 19.8637, -7.03528], "rotation": [-45, 0, 0], "uv": [27, 0], "mirror": true},
						{"origin": [2.5, 19.8637, -1.79264], "size": [1, 3, 1], "inflate": 0.25, "pivot": [-1, 19.8637, -0.79264], "rotation": [45, 0, 0], "uv": [38, 31], "mirror": true}
					]
				},
				{
					"name": "body",
					"parent": "body_root",
					"pivot": [0, 8, 1],
					"rotation": [-60, 0, 0],
					"cubes": [
						{"origin": [-4, 4.13397, -3.5], "size": [8, 7, 10], "inflate": 0.25, "uv": [0, 0]},
						{"origin": [-1.56146, 11.45006, -2.62747], "size": [0, 6, 3], "inflate": 0.25, "pivot": [0, 10.13397, 0.5], "rotation": [20, 0, -35], "uv": [24, 58]},
						{"origin": [1.56146, 11.45006, -2.62747], "size": [0, 6, 3], "inflate": 0.25, "pivot": [0, 10.13397, 0.5], "rotation": [20, 0, 35], "uv": [24, 58], "mirror": true},
						{"origin": [-2, 12.22943, 0.37898], "size": [0, 3, 2], "inflate": 0.25, "pivot": [-2, 12.13397, 3.5], "rotation": [0, 0, -20], "uv": [0, 29]},
						{"origin": [2, 12.22943, 0.37898], "size": [0, 3, 2], "inflate": 0.25, "pivot": [2, 12.13397, 3.5], "rotation": [0, 0, 20], "uv": [0, 29], "mirror": true},
						{"origin": [-5, 5.13397, -2.5], "size": [1, 5, 8], "inflate": 0.25, "uv": [37, 0]},
						{"origin": [4, 5.13397, -2.5], "size": [1, 5, 8], "inflate": 0.25, "uv": [27, 31]},
						{"origin": [-3, 4.63397, 6.5], "size": [6, 6, 1], "inflate": 0.25, "uv": [48, 14]},
						{"origin": [-3, 4.63397, -4.5], "size": [6, 6, 1], "inflate": 0.25, "uv": [48, 0]},
						{"origin": [-3.5, 3.13397, -3], "size": [7, 1, 9], "inflate": 0.25, "uv": [24, 20]},
						{"origin": [-3.5, 11.13397, -3], "size": [7, 1, 9], "inflate": 0.25, "uv": [0, 18]}
					]
				},
				{
					"name": "tail",
					"parent": "body_root",
					"pivot": [0, 4.9641, 5.59808],
					"cubes": [
						{"origin": [-2, 3, 5], "size": [4, 4, 4], "inflate": 0.25, "uv": [17, 45]},
						{"origin": [-1.5, 4, 7], "size": [3, 3, 4], "inflate": 0.25, "pivot": [0, 7, 9], "rotation": [25, 0, 0], "uv": [27, 0]},
						{"origin": [-1, 6.01842, 8.64211], "size": [2, 2, 3], "inflate": 0.25, "pivot": [-0.5, 8.07949, 10.87734], "rotation": [60, 0, 0], "uv": [57, 55]}
					]
				},
				{
					"name": "arms",
					"parent": "body_root",
					"pivot": [0, 9, -3],
					"rotation": [-25, 0, 0]
				},
				{
					"name": "right_arm",
					"parent": "arms",
					"pivot": [-5, 10, -3],
					"rotation": [0, 0, 10],
					"cubes": [
						{"origin": [-5, 4, -4], "size": [3, 1, 3], "inflate": 0.25, "uv": [55, 47]},
						{"origin": [-5, 5, -4], "size": [3, 5, 3], "inflate": 0.25, "uv": [0, 52]}
					]
				},
				{
					"name": "left_arm",
					"parent": "arms",
					"pivot": [5, 10, -3],
					"rotation": [0, 0, -10],
					"cubes": [
						{"origin": [2, 4, -4], "size": [3, 1, 3], "inflate": 0.25, "uv": [55, 47], "mirror": true},
						{"origin": [2, 5, -4], "size": [3, 5, 3], "inflate": 0.25, "uv": [0, 52], "mirror": true}
					]
				},
				{
					"name": "legs",
					"parent": "nidorina",
					"pivot": [0, 5, 1]
				},
				{
					"name": "right_leg",
					"parent": "legs",
					"pivot": [-4, 5, 1],
					"cubes": [
						{"origin": [-6, 1, 0], "size": [4, 5, 4], "inflate": 0.25, "uv": [0, 42]},
						{"origin": [-6.5, 1.5, 0.5], "size": [1, 4, 3], "inflate": 0.25, "uv": [0, 0]},
						{"origin": [-5.5, 1.5, -0.5], "size": [3, 4, 1], "inflate": 0.25, "uv": [0, 18]},
						{"origin": [-5.5, 5.5, 0.5], "size": [3, 1, 3], "inflate": 0.25, "uv": [34, 15]},
						{"origin": [-5, 0, 0], "size": [2, 1, 3], "inflate": 0.25, "uv": [31, 58]},
						{"origin": [-5, 0, 0.5], "size": [0, 1, 1], "inflate": 0.25, "pivot": [-5, 1, 1], "rotation": [0, 0, 30], "uv": [0, 0]},
						{"origin": [-3, 0, 0.5], "size": [0, 1, 1], "inflate": 0.25, "pivot": [-3, 1, 1], "rotation": [0, 0, -30], "uv": [0, 0]},
						{"origin": [-5, 0, 0], "size": [2, 1, 0], "inflate": 0.25, "pivot": [-4, 1, 0], "rotation": [-40, 0, 0], "uv": [0, 8]}
					]
				},
				{
					"name": "left_leg",
					"parent": "legs",
					"pivot": [4, 5, 1],
					"cubes": [
						{"origin": [2, 1, 0], "size": [4, 5, 4], "inflate": 0.25, "uv": [0, 42], "mirror": true},
						{"origin": [5.5, 1.5, 0.5], "size": [1, 4, 3], "inflate": 0.25, "uv": [0, 0], "mirror": true},
						{"origin": [2.5, 1.5, -0.5], "size": [3, 4, 1], "inflate": 0.25, "uv": [0, 18], "mirror": true},
						{"origin": [2.5, 5.5, 0.5], "size": [3, 1, 3], "inflate": 0.25, "uv": [34, 15], "mirror": true},
						{"origin": [3, 0, 0], "size": [2, 1, 3], "inflate": 0.25, "uv": [31, 58], "mirror": true},
						{"origin": [5, 0, 0.5], "size": [0, 1, 1], "inflate": 0.25, "pivot": [5, 1, 1], "rotation": [0, 0, -30], "uv": [0, 0], "mirror": true},
						{"origin": [3, 0, 0.5], "size": [0, 1, 1], "inflate": 0.25, "pivot": [3, 1, 1], "rotation": [0, 0, 30], "uv": [0, 0], "mirror": true},
						{"origin": [3, 0, 0], "size": [2, 1, 0], "inflate": 0.25, "pivot": [4, 1, 0], "rotation": [-40, 0, 0], "uv": [0, 8], "mirror": true}
					]
				},
				{
					"name": "pokedex",
					"pivot": [0, 32, -10],
					"locators": {
						"pokedex": [0, 32, -10]
					}
				}
			]
		}
	]
}