{
  "format_version":"1.10.0",
  "minecraft:client_entity":{
    "description":{
      "identifier":"pokemon:p92",
      "materials":{"default":"entity_emissive_alpha","aura":"charged_creeper"},
      "textures":{
    "hp":"textures/ui/hp",
    "evo_aura":"textures/entity/aura/evolve",
    "max_aura":"textures/entity/aura/max",
    "default":"textures/entity/normal/gastly/gastly",
    "default_s":"textures/entity/shiny/gastly/gastly",
    "evolve":"textures/entity/evolving",
    "max":"textures/entity/normal/gastly/gastly",
    "max_s":"textures/entity/shiny/gastly/gastly"
      },
      "geometry":{
    "hp":"geometry.health_bar",
    "aura":"geometry.serpgastly_aura",
    "default":"geometry.serpgastly",
    "max":"geometry.serpgastly"
      },
      "animations":{
    "health_bar":"animation.gastly.health_bar",
    "eyes_controller":"controller.animation.eyes",
    "open":"animation.serpmob.open",
    "close":"animation.serpmob.close",
    "angry":"animation.serpmob.angry",
    "fainted":"animation.serpmob.fainted",
    "quiet":"animation.gastly.quiet",
    "walk":"animation.gastly.walk",
    "sit":"animation.gastly.sitting",
    "attack":"animation.gastly.attack",
    "look_at_target":"animation.common.look_at_target",
    "direction":"animation.gastly.direction",
    "main_controller":"controller.animation.pokemon_fly",
    "effects_controller":"controller.animation.gastly_effects",
    "gastly_controller":"controller.animation.gastly_smoke"
      },
      "particle_effects":{
    "shiny":"serp:shiny",
    "gastly_smoke":"serp:gastly_smoke",
    "gastly_s_smoke":"serp:gastlys_smoke",
    "evolve":"serp:evolve"
      },
      "scripts":{
        "scale":"1",
        "animate":["effects_controller","main_controller"]
      },
      "render_controllers":[{"controller.render.pokemon_ev":"query.property('serp:v')>=0&&query.property('serp:v')<=2"},{"controller.render.pokemons_ev":"query.property('serp:v')>=3&&query.property('serp:v')<=5"},{"controller.render.evolve":"query.variant==1"},{"controller.render.max":"query.variant==4"},"controller.render.hp"]
    }
  }
}