{
  "format_version":"1.10.0",
  "minecraft:client_entity":{
    "description":{
      "identifier":"pokemon:p94",
      "materials":{"default":"entity_emissive_alpha","aura":"charged_creeper"},
      "textures":{
    "hp":"textures/ui/hp",
    "max_aura":"textures/entity/aura/max",
    "totem_aura":"textures/entity/aura/totem",
    "default":"textures/entity/normal/gastly/gengar",
    "default_s":"textures/entity/shiny/gastly/gengar",
    "mega1":"textures/entity/normal/gastly/gengar_mega",
    "mega_s1":"textures/entity/shiny/gastly/gengar_mega",
    "max":"textures/entity/normal/gastly/gengar",
    "max_s":"textures/entity/shiny/gastly/gengar"
      },
      "geometry":{
    "hp":"geometry.health_bar",
    "aura":"geometry.serpgengar_aura",
    "default":"geometry.serpgengar",
    "mega1":"geometry.serpgengar_mega",
    "max":"geometry.serpgengar"
      },
      "animations":{
    "health_bar":"animation.gengar.health_bar",
    "health_bar_mega":"animation.gengar.health_bar_mega",
    "eyes_controller":"controller.animation.eyes",
    "open":"animation.serpmob.open",
    "close":"animation.serpmob.close",
    "angry":"animation.serpmob.angry",
    "fainted":"animation.serpmob.fainted",
    "quiet":"animation.gengar.quiet",
    "walk":"animation.gengar.walk",
    "sit":"animation.gengar.sitting",
    "attack":"animation.gengar.attack",
    "jump":"animation.gengar.jump",
    "swimming":"animation.gengar.swimming",
    "look_at_target":"animation.common.look_at_target",
    "main_controller":"controller.animation.pokemon_ground",
    "effects_controller":"controller.animation.effects"
      },
      "particle_effects":{
    "shiny":"serp:shiny"
      },
      "scripts":{
        "scale":"1.7",
        "animate":["effects_controller","main_controller",{"health_bar_mega":"query.variant==2"}]
      },
      "render_controllers":[{"controller.render.gengar":"query.property('serp:v')>=0&&query.property('serp:v')<=2"},{"controller.render.gengars":"query.property('serp:v')>=3&&query.property('serp:v')<=5"},{"controller.render.max":"query.variant==4"},{"controller.render.totem":"query.variant==6"},"controller.render.hp"]
    }
  }
}