{
  "format_version":"1.16.0",
  "minecraft:entity":{
    "description":{
      "identifier":"pokemon:p87",
      "is_spawnable":false,"is_summonable":true,
      "is_experimental":true,"properties":{"serp:v":{"client_sync":true,"range":[0,100],"type":"int","default":0}}
    },
  "component_groups":{
    "serp:wild":{
      "minecraft:despawn":{"filters":{"test":"distance_to_nearest_player","operator":">","value":35}},
      "minecraft:loot":{"table":"loot_tables/entities/empty.json"},
      "minecraft:behavior.avoid_mob_type":{"priority":1,"entity_types":[{"filters":{"all_of":[{"test":"has_tag","operator":"!=","value":"battle"},{"test":"is_family","subject":"other","value":"player"}]},"max_dist":8,"walk_speed_multiplier":1,"sprint_speed_multiplier":1}],"on_escape_event":{"event":"serp:wild_attack"}}
    },
    "serp:capture":{"minecraft:spawn_entity":{"entities":[{"min_wait_time":0,"max_wait_time":0,"spawn_entity":"serp:pokeball","single_use":true}]}},
    "serp:despawn":{"minecraft:transformation":{"into":"serp:despawn","delay":{"value":0.2}}},
    "serp:on_attack":{"minecraft:is_sheared":{}},
    "serp:defeated":{"minecraft:is_shaking":{}},
    "serp:tame":{
      "minecraft:is_tamed":{},
      "minecraft:persistent":{},
      "minecraft:behavior.follow_owner":{"priority":1,"speed_multiplier":1,"start_distance":10,"stop_distance":3}
    },
    "serp:unsaddled":{"minecraft:sittable":{}},
    "serp:saddled":{
      "minecraft:is_saddled":{},
      "minecraft:rideable":{
    "seat_count":1,"crouching_skip_interact":true,
    "family_types":["player"],
    "interact_text":"action.interact.mount",
    "seats":{"position":[0,1,0]}},
      "minecraft:behavior.rise_to_liquid_level":{
    "priority":0,"liquid_y_offset":0.25,
    "rise_delta":0.15,"sink_delta":0.01},
      "minecraft:buoyant":{
    "apply_gravity":true,"base_buoyancy":0.6,
    "simulate_waves":true,"big_wave_probability":0.03,
    "big_wave_speed":10,"drag_down_on_buoyancy_removed":0,
    "liquid_blocks":["lava","water"]},
      "minecraft:input_ground_controlled":{},
      "minecraft:can_power_jump":{},
      "minecraft:horse.jump_strength":{"value":{"range_min":0.5,"range_max":1.4}},
      "minecraft:behavior.player_ride_tamed":{}
    },
    "serp:max":{"minecraft:variant":{"value":4},"minecraft:scale":{"value":3}},
    "serp:totem":{"minecraft:variant":{"value":6},"minecraft:scale":{"value":1.5}},
    "serp:normalize":{"minecraft:variant":{"value":0},"minecraft:scale":{"value":1}}
  },
    "components":{
      "minecraft:type_family":{"family":["pokemon","dewgong","heavy","big","water","ice"]},
      "minecraft:breathable":{"total_supply":10,"breathes_water":true,"breathes_air":true,"generates_bubbles":false},
      "minecraft:collision_box":{"width":1,"height":1.5},
      "minecraft:health":{"value":90},
      "minecraft:damage_sensor":{
    "triggers":[
{"on_damage":{"filters":{"any_of":[{"test":"has_tag","value":"defeated"},{"test":"has_tag","value":"evolving"},{"all_of":[{"test":"has_damage","operator":"!=","value":"drowning"},{"test":"has_damage","operator":"!=","value":"fire"}]}]}},"deals_damage":false},
{"on_damage":{"filters":{"all_of":[{"test":"has_damage","value":"fatal"},{"test":"has_tag","operator":"!=","value":"evolving"},{"test":"has_tag","operator":"!=","value":"defeated"},{"any_of":[{"test":"has_damage","value":"drowning"},{"test":"has_damage","value":"fire"}]}]},"event":"serp:defeated"},"deals_damage":false}
        ]
      },
      "minecraft:movement":{"value":0.5},
      "minecraft:navigation.generic":{"is_amphibious":true,"can_path_over_water":true,"can_swim":true,"can_walk":true,"can_sink":false,"avoid_damage_blocks":true},
      "minecraft:movement.amphibious":{"max_turn":90},
      "minecraft:underwater_movement":{"value":0.3},
      "minecraft:jump.static":{},
      "minecraft:can_climb":{},
	    "minecraft:behavior.move_towards_restriction":{"priority":7},
      "minecraft:behavior.random_stroll":{"priority":9,"speed_multiplier":0.7},
      "minecraft:behavior.look_at_entity":{"priority":10,"filters":{"test":"has_tag","operator":"!=","value":"battle"}},
	    "minecraft:physics":{},
      "minecraft:behavior.stay_while_sitting":{"priority":0},
      "minecraft:pushable":{"is_pushable":true}
    },
    "events":{
      "serp:v1":{"set_property":{"serp:v":1}},
      "serp:v2":{"set_property":{"serp:v":2}},
      "serp:v4":{"set_property":{"serp:v":4}},
      "serp:v5":{"set_property":{"serp:v":5}},
      "minecraft:entity_spawned":{"add":{"component_groups":["serp:wild"]}},
      "minecraft:entity_transformed":{"add":{"component_groups":["serp:tame","serp:unsaddled"]}},
      "serp:on_attack":{"add":{"component_groups":["serp:on_attack"]}},
      "serp:end_attack":{"remove":{"component_groups":["serp:on_attack"]}},
      "serp:attacked":{},
      "serp:saddle":{
        "sequence":[
{"filters":{"test":"has_component","operator":"!=","value":"minecraft:is_saddled"},"add":{"component_groups":["serp:saddled"]},"remove":{"component_groups":["serp:unsaddled"]}},
{"filters":{"test":"has_component","value":"minecraft:is_saddled"},"add":{"component_groups":["serp:unsaddled"]},"remove":{"component_groups":["serp:saddled"]}}
        ]
      },
      "serp:despawn":{"add":{"component_groups":["serp:despawn"]}},
      "serp:defeated":{"add":{"component_groups":["serp:defeated"]}},
      "serp:revive":{"remove":{"component_groups":["serp:defeated"]}},
      "serp:max":{"add":{"component_groups":["serp:max"]}},
      "serp:totem":{"add":{"component_groups":["serp:totem"]}},
      "serp:normalize":{"remove":{"component_groups":["serp:max"]},"add":{"component_groups":["serp:normalize"]}},
      "serp:wild_attack":{},
      "serp:capture":{"add":{"component_groups":["serp:capture","serp:despawn"]}}
    }
  }
}