{
	"format_version": "1.8.0",
	"animations": {
		"animation.swellow.quiet": {
			"loop": true,
			"animation_length": 1.2,
			"bones": {
				"head": {
					"position": {
						"0.0": [0, 0.5, 0.5],
						"0.6": [0, 0, 0],
						"1.2": [0, 0.5, 0.5]
					}
				},
				"body": {
					"rotation": {
						"0.0": [0, 0, 0],
						"0.6": [5, 0, 0],
						"1.2": [0, 0, 0]
					}
				},
				"quiet_wings": {
					"rotation": {
						"0.0": [-5, 0, 0],
						"0.4": [0, 0, 0],
						"1.2": [-5, 0, 0]
					}
				}
			}
		},
		"animation.swellow.walk": {
			"loop": true,
			"animation_length": 0.6,
			"bones": {
				"swellow": {
					"position": {
						"0.0": [0, -1, 0],
						"0.3": [0, 0, 0],
						"0.6": [0, -1, 0]
					}
				},
				"head": {
					"position": [0, -2, -4]
				},
				"body": {
					"rotation": [10, 0, 0]
				},
				"flying_wing_right": {
					"rotation": {
						"0.0": [0, 0, 40],
						"0.2": [0, 0, -30],
						"0.6": [0, 0, 40]
					},
					"scale": [1.5, 1, 1.5]
				},
				"flying_wing_left": {
					"rotation": {
						"0.0": [0, 0, -40],
						"0.2": [0, 0, 30],
						"0.6": [0, 0, -40]
					},
					"scale": [1.5, 1, 1.5]
				},
				"legs": {
					"rotation": {
						"0.0": [55, 0, 0],
						"0.4": [40, 0, 0],
						"0.6": [55, 0, 0]
					},
					"position": [0, 1, 2],
					"scale": [0.8, 1, 0.8]
				}
			}
		},
		"animation.swellow.sitting": {
			"loop": true,
			"bones": {
				"swellow": {
					"position": [0, -3, 0]
				},
				"head": {
					"position": [0, -1, -1]
				},
				"body": {
					"rotation": [10, 0, 0]
				},
				"legs": {
					"scale": 0
				}
			}
		},
		"animation.swellow.attack": {
			"loop": true,
			"bones": {
				"head": {
					"position": [0, 0, 2]
				},
				"body": {
					"rotation": [-20, 0, 0]
				},
				"flying_wings": {
					"rotation": [-35, 0, 0],
					"position": [0, -2, 0]
				},
				"flying_wing_right": {
					"rotation": [0, 0, -45],
					"scale": [1.5, 1, 1.5]
				},
				"flying_wing_left": {
					"rotation": [0, 0, 45],
					"scale": [1.5, 1, 1.5]
				},
				"legs": {
					"rotation": [-50, 0, 0]
				},
				"right_leg": {
					"rotation": [0, 0, 15]
				},
				"left_leg": {
					"rotation": [0, 0, -15]
				}
			}
		},
		"animation.swellow.direction": {
			"loop": true,
			"bones": {
				"swellow": {
					"rotation": [ "query.vertical_speed * -3.0", 0, "-math.max(-20,math.min(20,query.yaw_speed))"]
				}
			}
		},
        "animation.swellow.health_bar":{
            "loop":true,
            "bones":{
                "health_hover":{
    "rotation":["q.camera_rotation(0)","q.camera_rotation(1)-q.body_y_rotation",0],
	"position": [0,27,0],
    "scale":"query.is_in_ui?0:1.5"
                },
				"bar_green": {
					"scale": ["query.health/query.max_health*1", 1, 1]
				},
				"bar_black": {
					"scale": ["(1)+(query.health/query.max_health*-1)", 1, 1]
				}
			}
        }
	}
}