{
    "format_version":"1.10.0",
    "animation_controllers":{
    "controller.animation.effects":{
        "states":{
  "default":{"animations":[{"health_bar":"query.variant!=2&&query.variant!=3&&query.variant!=5"},"eyes_controller"],"transitions":[{"shiny":"query.property('serp:v')>2&&query.property('serp:v')<6"},{"evolve":"query.variant==1"}]},
  "shiny":{"particle_effects":[{"effect":"shiny"}],"animations":[{"health_bar":"query.variant!=2&&query.variant!=3&&query.variant!=5"},"eyes_controller"],"transitions":[{"default":"query.property('serp:v')<3"},{"evolve":"query.variant==1"}]},
  "evolve":{"particle_effects":[{"effect":"evolve"}],"transitions":[{"default":"query.variant!=1"}]}
  }
},
    "controller.animation.char_effects":{
        "states":{
  "default":{"animations":[{"health_bar":"query.variant!=2&&query.variant!=3&&query.variant!=5"},"eyes_controller","char_controller"],"transitions":[{"shiny":"query.property('serp:v')>2&&query.property('serp:v')<6"},{"evolve":"query.variant==1"}]},
  "shiny":{"particle_effects":[{"effect":"shiny"}],"animations":[{"health_bar":"query.variant!=2&&query.variant!=3&&query.variant!=5"},"eyes_controller","char_controller"],"transitions":[{"default":"query.property('serp:v')<3"},{"evolve":"query.variant==1"}]},
  "evolve":{"particle_effects":[{"effect":"evolve"}],"transitions":[{"default":"query.variant!=1"}]}
  }
},
    "controller.animation.firehorse_effects":{
        "states":{
  "default":{"animations":[{"health_bar":"query.variant!=2&&query.variant!=3&&query.variant!=5"},"eyes_controller","firehorse_controller"],"transitions":[{"shiny":"query.property('serp:v')>2&&query.property('serp:v')<6"},{"evolve":"query.variant==1"}]},
  "shiny":{"particle_effects":[{"effect":"shiny"}],"animations":[{"health_bar":"query.variant!=2&&query.variant!=3&&query.variant!=5"},"eyes_controller","firehorse_controller"],"transitions":[{"default":"query.property('serp:v')<3"},{"evolve":"query.variant==1"}]},
  "evolve":{"particle_effects":[{"effect":"evolve"}],"transitions":[{"default":"query.variant!=1"}]}
  }
},
    "controller.animation.gastly_effects":{
        "states":{
  "default":{"animations":[{"health_bar":"query.variant!=2&&query.variant!=3&&query.variant!=5"},"eyes_controller","gastly_controller"],"transitions":[{"shiny":"query.property('serp:v')>2&&query.property('serp:v')<6"},{"evolve":"query.variant==1"}]},
  "shiny":{"particle_effects":[{"effect":"shiny"}],"animations":[{"health_bar":"query.variant!=2&&query.variant!=3&&query.variant!=5"},"eyes_controller","gastly_controller"],"transitions":[{"default":"query.property('serp:v')<3"},{"evolve":"query.variant==1"}]},
  "evolve":{"particle_effects":[{"effect":"evolve"}],"transitions":[{"default":"query.variant!=1"}]}
  }
},
    "controller.animation.moltres_effects":{
        "states":{
  "default":{"animations":[{"health_bar":"query.variant!=2&&query.variant!=3&&query.variant!=5"},"eyes_controller","moltres_controller"],"transitions":[{"shiny":"query.property('serp:v')>2&&query.property('serp:v')<6"},{"evolve":"query.variant==1"}]},
  "shiny":{"particle_effects":[{"effect":"shiny"}],"animations":[{"health_bar":"query.variant!=2&&query.variant!=3&&query.variant!=5"},"eyes_controller","moltres_controller"],"transitions":[{"default":"query.property('serp:v')<3"},{"evolve":"query.variant==1"}]},
  "evolve":{"particle_effects":[{"effect":"evolve"}],"transitions":[{"default":"query.variant!=1"}]}
      }
    }
  }
}