{
    "format_version":"1.10.0",
    "animation_controllers":{
"controller.animation.moltres_fire":{
	"initial_state" :"on",
            "states":{
                "on":{
            "particle_effects":[
{"effect":"m_f","locator":"head"},
{"effect":"t_f","locator":"wing1"},
{"effect":"t_f","locator":"wing2"},
{"effect":"t_f","locator":"wing3"},
{"effect":"t_f","locator":"wing4"},
{"effect":"t_f","locator":"wing5"},
{"effect":"t_f","locator":"wing6"},
{"effect":"t_f","locator":"wing7"},
{"effect":"t_f","locator":"wing8"},
{"effect":"t_f","locator":"wing9"},
{"effect":"t_f","locator":"wing10"},
{"effect":"t_f","locator":"wing11"},
{"effect":"t_f","locator":"wing12"},
{"effect":"t_f","locator":"wing13"},
{"effect":"t_f","locator":"wing14"},
{"effect":"t_f","locator":"wing15"},
{"effect":"t_f","locator":"wing16"},
{"effect":"v_b_f","locator":"body"}
                    ]
                }
            }
        },
"controller.animation.gastly_smoke":{
            "states":{
"default":{"particle_effects":[{"effect":"gastly_smoke","locator":"smoke"}],"transitions":[{"shiny":"query.property('serp:v')>2&&query.property('serp:v')<6"}]},
"shiny":{"particle_effects":[{"effect":"gastly_s_smoke","locator":"smoke"}],"transitions":[{"default":"query.property('serp:v')<3"}]}
            }
        },
"controller.animation.fire_tail":{
	"initial_state" :"on",
            "states":{
                "on":{
            "particle_effects":[
{"effect":"tail_flame","locator":"tail"}
                    ]
                }
            }
        },
"controller.animation.effects_charizard":{
	"initial_state" :"on",
            "states":{
                "on":{
            "particle_effects":[
{"effect":"tail_flame","locator":"tail"}
                    ],
            "transitions":[
{"on_megax":"query.variant==2"},
{"on_megay":"query.variant==3"}
                    ]
                },
                "on_megax":{
            "particle_effects":[
{"effect":"flame_mouth","locator" :"right_side"},
{"effect":"flame_mouth","locator" :"left_side"},
{"effect":"tail_flame_mega","locator":"tailx"}
                    ],
            "transitions":[
{"on":"query.variant != 2"}
                    ]
                },
                "on_megay":{
            "particle_effects":[
{"effect":"tail_flame","locator":"taily"}
                    ],
            "transitions":[
{"on":"query.variant != 3"}
                    ]
                }
            }
        },
"controller.animation.ponyta_fire":{
            "states":{
"default":{"particle_effects":[
{"effect":"m_f","locator":"fire_head"},
{"effect":"m_f","locator":"fire_head2"},
{"effect":"t_f","locator":"fire"},
{"effect":"t_f","locator":"fire2"},
{"effect":"t_f","locator":"fire3"},
{"effect":"t_f","locator":"fire4"},
{"effect":"t_f","locator":"fire5"},
{"effect":"t_f","locator":"fire6"},
{"effect":"t_f","locator":"fire7"},
{"effect":"t_f","locator":"fire8"},
{"effect":"t_f","locator":"fire_front"},
{"effect":"t_f","locator":"fire_front2"},
{"effect":"t_f","locator":"fire_back"},
{"effect":"t_f","locator":"fire_back2"},
{"effect":"b_f","locator":"fire_tail"}],"transitions":[{"shiny":"query.property('serp:v')>2&&query.property('serp:v')<6"}]},
"shiny":{"particle_effects":[
{"effect":"m_f_s","locator":"fire_head"},
{"effect":"m_f_s","locator":"fire_head2"},
{"effect":"t_f_s","locator":"fire"},
{"effect":"t_f_s","locator":"fire2"},
{"effect":"t_f_s","locator":"fire3"},
{"effect":"t_f_s","locator":"fire4"},
{"effect":"t_f_s","locator":"fire5"},
{"effect":"t_f_s","locator":"fire6"},
{"effect":"t_f_s","locator":"fire7"},
{"effect":"t_f_s","locator":"fire8"},
{"effect":"t_f_s","locator":"fire_front"},
{"effect":"t_f_s","locator":"fire_front2"},
{"effect":"t_f_s","locator":"fire_back"},
{"effect":"t_f_s","locator":"fire_back2"},
{"effect":"b_f_s","locator":"fire_tail"}],"transitions":[{"default":"query.property('serp:v')<3"}]}
            }
        },
"controller.animation.rapidash_fire":{
            "states":{
"default":{"particle_effects":[
{"effect":"t_f","locator":"fire"},
{"effect":"t_f","locator":"fire2"},
{"effect":"t_f","locator":"fire3"},
{"effect":"t_f","locator":"fire4"},
{"effect":"t_f","locator":"fire5"},
{"effect":"t_f","locator":"fire6"},
{"effect":"t_f","locator":"fire7"},
{"effect":"t_f","locator":"fire8"},
{"effect":"m_f","locator":"fire_front"},
{"effect":"m_f","locator":"fire_front2"},
{"effect":"m_f","locator":"fire_back"},
{"effect":"m_f","locator":"fire_back2"},
{"effect":"v_b_f","locator":"fire_tail"}],"transitions":[{"shiny":"query.property('serp:v')>2&&query.property('serp:v')<6"}]},
"shiny":{"particle_effects":[
{"effect":"t_f_s","locator":"fire"},
{"effect":"t_f_s","locator":"fire2"},
{"effect":"t_f_s","locator":"fire3"},
{"effect":"t_f_s","locator":"fire4"},
{"effect":"t_f_s","locator":"fire5"},
{"effect":"t_f_s","locator":"fire6"},
{"effect":"t_f_s","locator":"fire7"},
{"effect":"t_f_s","locator":"fire8"},
{"effect":"m_f_s","locator":"fire_front"},
{"effect":"m_f_s","locator":"fire_front2"},
{"effect":"m_f_s","locator":"fire_back"},
{"effect":"m_f_s","locator":"fire_back2"},
{"effect":"v_b_f_s","locator":"fire_tail"}],"transitions":[{"default":"query.property('serp:v')<3"}]}
            }
        },
"controller.animation.shiny_stars":{
	"initial_state" :"on",
            "states":{
"on":{"particle_effects":[{"effect":"shiny_stars"}]}
            }
        }
    }
}