{
	"format_version":"1.10.0",
	"animation_controllers":{
    "controller.animation.eyes":{
            "states":{
                "open":{
	"animations":["open"],
        "transitions":[
{"close":"query.any_animation_finished"},
{"angry":"query.has_target||query.is_sheared"},
{"fainted":"query.is_shaking"}
                   ]
                },
                "close":{
	"animations":["close"],
        "transitions":[
{"open":"query.any_animation_finished"},
{"angry":"query.has_target||query.is_sheared"},
{"fainted":"query.is_shaking"}
                   ]
                },
                "angry":{
	"animations":["angry"],
        "transitions":[
{"open":"!query.has_target&&!query.is_sheared"},
{"fainted":"query.is_shaking"}
                   ]
                },
                "fainted":{
	"animations":["fainted"],
        "transitions":[
{"open":"!query.is_shaking"}
                   ]
                }
            }
        },
	"controller.animation.pokemon_fly":{
		"initial_state":"root",
		"states":{
		    "root":{
		"animations":["quiet","look_at_target"],
      "blend_transition":0.15,
      "blend_via_shortest_path":true,
        "transitions":[
{"walking":"query.is_moving||!(query.is_on_ground)||query.is_in_water"},
{"sitting":"query.is_sitting||query.is_riding"},
{"defeated":"query.is_shaking"},
{"attacking":"variable.attack_time>0.0||query.is_sheared"}
                ]
		    },
			"walking":{
        "animations":["walk","direction"],
      "blend_transition":0.15,
      "blend_via_shortest_path":true,
        "transitions":[
{"root":"query.is_on_ground&&query.ground_speed<=0.2"},
{"sitting":"query.is_sitting||query.is_riding"},
{"defeated":"query.is_shaking"},
{"attacking":"variable.attack_time>0.0||query.is_sheared"}
				]
			},
			"sitting":{
        "animations":["sit","look_at_target"],
      "blend_transition":0.15,
      "blend_via_shortest_path":true,
        "transitions":[
{"root":"!query.is_sitting&&!query.is_riding"}
				]
			},
			"defeated":{
        "animations":["sit"],
      "blend_transition":0.15,
      "blend_via_shortest_path":true,
        "transitions":[
{"root":"!query.is_shaking"}
				]
			},
			"attacking":{
		"animations":["attack","look_at_target"],
      "blend_transition":0.15,
      "blend_via_shortest_path":true,
        "transitions":[
{"root":"(!query.is_sheared)&&variable.attack_time==0"}
				]
			}
		}
	},
	"controller.animation.pokemon_ground":{
		"initial_state":"root",
		"states":{
			"root":{
		"animations":["quiet","look_at_target"],
      "blend_transition":0.15,
      "blend_via_shortest_path":true,
        "transitions":[
{"walking":"query.is_moving&&query.is_on_ground"},
{"sitting":"query.is_sitting||query.is_riding"},
{"jumping":"!query.is_on_ground&&!query.is_in_water"},
{"attacking":"variable.attack_time>0.0||query.is_sheared"},
{"defeated":"query.is_shaking"},
{"swimming":"query.is_in_water"}
				]
			},
			"walking":{
        "animations":["walk"],
      "blend_transition":0.15,
      "blend_via_shortest_path":true,
        "transitions":[
{"root":"!(query.is_moving)&&query.is_on_ground&&query.ground_speed<=0.2||query.is_in_water"},
{"jumping":"!query.is_on_ground&&!query.is_in_water"},
{"attacking":"variable.attack_time>0.0||query.is_sheared"},
{"defeated":"query.is_shaking"},
{"sitting":"query.is_sitting||query.is_riding"}
				]
			},
			"sitting":{
        "animations":["sit","look_at_target"],
      "blend_transition":0.15,
      "blend_via_shortest_path":true,
        "transitions":[
{"root":"!query.is_sitting&&!query.is_riding"},
{"jumping":"!query.is_on_ground&&!query.is_in_water"}
				]
			},
			"jumping":{
		"animations":["jump"],
      "blend_transition":0.1,
      "blend_via_shortest_path":true,
        "transitions":[
{"root":"query.is_on_ground||query.is_in_water"}
				]
			},
			"swimming":{
		"animations":["swimming","look_at_target"],
      "blend_transition":0.15,
      "blend_via_shortest_path":true,
        "transitions":[
{"root":"!query.is_in_water"}
				]
			},
			"defeated":{
        "animations":["sit"],
      "blend_transition":0.15,
      "blend_via_shortest_path":true,
        "transitions":[
{"root":"!query.is_shaking"}
				]
			},
			"attacking":{
		"animations":["attack","look_at_target"],
      "blend_transition":0.15,
      "blend_via_shortest_path":true,
        "transitions":[
{"root":"(!query.is_sheared)&&variable.attack_time==0"}
				]
			}
		}
	},
	"controller.animation.pokemon_swim":{
		"initial_state":"root",
		"states":{
			"root":{
		"animations":["quiet","look_at_target"],
      "blend_transition":0.15,
      "blend_via_shortest_path":true,
        "transitions":[
{"walking":"query.is_moving&&query.is_on_ground"},
{"sitting":"query.is_sitting||query.is_riding"},
{"jumping":"!query.is_on_ground&&!query.is_in_water"},
{"attacking":"variable.attack_time>0.0||query.is_sheared"},
{"defeated":"query.is_shaking"},
{"swimming":"query.is_in_water"}
				]
			},
			"walking":{
        "animations":["walk"],
      "blend_transition":0.15,
      "blend_via_shortest_path":true,
        "transitions":[
{"root":"!(query.is_moving)&&query.is_on_ground&&query.ground_speed<=0.2||query.is_in_water"},
{"sitting":"query.is_sitting||query.is_riding"},
{"jumping":"!query.is_on_ground&&!query.is_in_water"},
{"defeated":"query.is_shaking"},
{"attacking":"variable.attack_time>0.0||query.is_sheared"},
{"swimming":"query.is_in_water"}
				]
			},
			"sitting":{
        "animations":["sit","look_at_target"],
      "blend_transition":0.15,
      "blend_via_shortest_path":true,
        "transitions":[
{"root":"!query.is_sitting&&!query.is_riding"},
{"jumping":"!query.is_on_ground&&!query.is_in_water"},
{"swimming":"query.is_in_water"}
				]
			},
			"jumping":{
		"animations":["jump"],
      "blend_transition":0.1,
      "blend_via_shortest_path":true,
        "transitions":[
{"root":"query.is_on_ground||query.is_in_water"},
{"swimming":"query.is_in_water"}
				]
			},
			"swimming":{
		"animations":["swimming","look_at_target"],
      "blend_transition":0.5,
      "blend_via_shortest_path":true,
        "transitions":[
{"root":"!query.is_in_water"},
{"sinking":"query.is_in_water&&query.is_moving"}
				]
			},
			"sinking":{
		"animations":["sink",{"direction":"!query.has_rider"}],
      "blend_transition":0.5,
      "blend_via_shortest_path":true,
        "transitions":[
{"root":"!query.is_in_water"},
{"swimming":"query.is_in_water&&!(query.is_moving)&&query.ground_speed<=0.25"}
				]
			},
			"defeated":{
        "animations":["sit"],
      "blend_transition":0.15,
      "blend_via_shortest_path":true,
        "transitions":[
{"root":"!query.is_shaking"}
				]
			},
			"attacking":{
		"animations":["attack","look_at_target"],
      "blend_transition":0.15,
      "blend_via_shortest_path":true,
        "transitions":[
{"root":"(!query.is_sheared)&&variable.attack_time==0"}
					]
				}
			}
		}
	}
}