{
	"format_version": "1.12.0",
	"minecraft:geometry": [
		{
			"description": {
				"identifier": "geometry.serpcharmeleon",
				"texture_width": 128,
				"texture_height": 128,
				"visible_bounds_width": 4,
				"visible_bounds_height": 5,
				"visible_bounds_offset": [0, 1.5, 0]
			},
			"bones": [
				{
					"name": "charmeleon",
					"pivot": [0, 25, 3]
				},
				{
				"name": "pokedex",
				"parent": "charmeleon",
				"pivot": [0, 52, 0],
				"locators": {
		"pokedex": [0, 52, 0]
					}
				},
				{
					"name": "head",
					"parent": "charmeleon",
					"pivot": [0, 25, 1],
					"cubes": [
						{"origin": [-4, 26, -4], "size": [8, 7, 10], "uv": [0, 19]},
						{"origin": [-3.5, 32.5, -3.5], "size": [7, 1, 9], "uv": [31, 10]},
						{"origin": [-3.5, 25.5, -3.5], "size": [7, 1, 9], "uv": [31, 10]},
						{"origin": [-4, 26.5, 5.5], "size": [8, 6, 1], "uv": [69, 32]},
						{"origin": [-4.5, 26.5, -3.5], "size": [1, 6, 9], "uv": [51, 51]},
						{"origin": [3.5, 26.5, -3.5], "size": [1, 6, 9], "uv": [40, 44]},
						{"origin": [-2, 26.5, -8], "size": [4, 3, 5], "uv": [64, 73]},
						{"origin": [-1.5, 26, -7], "size": [3, 1, 4], "uv": [0, 86]},
						{"origin": [1, 26.5, -8], "size": [1, 3, 5], "pivot": [2, 29, -8], "rotation": [0, 10, 0], "uv": [77, 76]},
						{"origin": [-2, 26.5, -8], "size": [1, 3, 5], "pivot": [-2, 29, -8], "rotation": [0, -10, 0], "uv": [76, 6]},
						{"origin": [-1.5, 24, 19.08846], "size": [3, 3, 9], "pivot": [0, -1, 0], "rotation": [30, 0, 0], "uv": [52, 20]},
						{"origin": [-2, 21, -2], "size": [4, 6, 6], "uv": [65, 61]},
						{"origin": [3.99697, 20.73817, -2], "size": [1, 6, 6], "pivot": [0, -1, 0], "rotation": [0, 0, -5], "uv": [14, 68]},
						{"origin": [-4.99697, 20.73817, -2], "size": [1, 6, 6], "pivot": [0, -1, 0], "rotation": [0, 0, 5], "uv": [50, 67]}
					]
				},
				{
					"name": "body",
					"parent": "charmeleon",
					"pivot": [0, 15, 0],
					"cubes": [
						{"origin": [-5, 7, -4], "size": [10, 9, 10], "uv": [0, 0]},
						{"origin": [-4.5, 6.5, -3.5], "size": [9, 1, 9], "uv": [30, 0]},
						{"origin": [4.5, 7.5, -3.5], "size": [1, 8, 9], "uv": [20, 44]},
						{"origin": [-5.5, 7.5, -3.5], "size": [1, 8, 9], "uv": [0, 37]},
						{"origin": [-4, 15.27786, -6.32701], "size": [8, 7, 1], "pivot": [0, -1, 0], "rotation": [-8, 0, 0], "uv": [31, 44]},
						{"origin": [6.31728, 15.13869, -3], "size": [1, 7, 8], "pivot": [0, -1, 0], "rotation": [0, 0, -8], "uv": [32, 60]},
						{"origin": [-7.31728, 15.13869, -3], "size": [1, 7, 8], "pivot": [0, -1, 0], "rotation": [0, 0, 8], "uv": [58, 2]},
						{"origin": [-4, 16, -3], "size": [8, 7, 9], "uv": [27, 28]}
					]
				},
				{
					"name": "tail",
					"parent": "body",
					"pivot": [0, 10, 5],
					"rotation": [15, 0, 0],
					"cubes": [
						{"origin": [-2, 5.72532, 7.47221], "size": [4, 3, 8], "pivot": [0, 0.66891, -2.67664], "rotation": [-17.5, 0, 0], "uv": [53, 36]},
						{"origin": [-2, 4.22129, 7.51502], "size": [4, 1, 8], "pivot": [0, 0.66891, -2.67664], "rotation": [-12.5, 0, 0], "uv": [62, 47]},
						{"origin": [-2, 9.14094, -1.98977], "size": [4, 4, 6], "pivot": [0, 0.66891, -2.67664], "rotation": [-45, 0, 0], "uv": [67, 17]},
						{"origin": [-2, 3.9716, 5.1553], "size": [4, 4, 4], "pivot": [0, 0.66891, -2.67664], "rotation": [17.5, 0, 0], "uv": [35, 75]}
					]
				},
				{
					"name": "flame",
					"parent": "tail",
					"pivot": [0, 3, 18],
					"locators": {
						"tail": [0, 4, 17]
					}
				},
				{
					"name": "arms",
					"parent": "charmeleon",
					"pivot": [0, -1, 0]
				},
				{
					"name": "right_arm",
					"parent": "arms",
					"pivot": [-4, 21, 0],
					"rotation": [0, 0, -50],
					"cubes": [
						{"origin": [-11, 19, -0.5], "size": [7, 3, 3], "uv": [68, 0]},
						{"origin": [-13.83898, 20.56071, -0.5], "size": [7, 3, 3], "pivot": [0, -1, 0], "rotation": [0, 0, -10], "uv": [0, 68]},
						{"origin": [-3.93445, 26.17574, 0.5], "size": [3, 1, 1], "pivot": [0, -1, 0], "rotation": [0, 0, -37.5], "uv": [0, 21]},
						{"origin": [-2.35434, 25.98749, -1.38127], "size": [3, 1, 1], "pivot": [0, -1, 0], "rotation": [0, 0, -40], "uv": [0, 21]},
						{"origin": [-7.22412, 25.67442, 2.38127], "size": [3, 1, 1], "pivot": [0, -1, 0], "rotation": [0, 0, -30], "uv": [0, 21]},
						{"origin": [-13.49994, 20.56071, 0.38411], "size": [7, 3, 3], "pivot": [0, -1, 0], "rotation": [0, -7.5, -10], "uv": [20, 61]},
						{"origin": [-13.76099, 20.56071, -1.40122], "size": [7, 3, 3], "pivot": [0, -1, 0], "rotation": [0, 7.5, -10], "uv": [26, 20]}
					]
				},
				{
					"name": "left_arm",
					"parent": "arms",
					"pivot": [4, 21, 0],
					"rotation": [0, 0, 50],
					"cubes": [
						{"origin": [4, 19, -0.5], "size": [7, 3, 3], "uv": [68, 0], "mirror": true},
						{"origin": [6.83898, 20.56071, -0.5], "size": [7, 3, 3], "pivot": [0, -1, 0], "rotation": [0, 0, 10], "uv": [0, 68], "mirror": true},
						{"origin": [0.93445, 26.17574, 0.5], "size": [3, 1, 1], "pivot": [0, -1, 0], "rotation": [0, 0, 37.5], "uv": [0, 21], "mirror": true},
						{"origin": [-0.64566, 25.98749, -1.38127], "size": [3, 1, 1], "pivot": [0, -1, 0], "rotation": [0, 0, 40], "uv": [0, 21], "mirror": true},
						{"origin": [4.22412, 25.67442, 2.38127], "size": [3, 1, 1], "pivot": [0, -1, 0], "rotation": [0, 0, 30], "uv": [0, 21], "mirror": true},
						{"origin": [6.49994, 20.56071, 0.38411], "size": [7, 3, 3], "pivot": [0, -1, 0], "rotation": [0, 7.5, 10], "uv": [20, 61], "mirror": true},
						{"origin": [6.76099, 20.56071, -1.40122], "size": [7, 3, 3], "pivot": [0, -1, 0], "rotation": [0, -7.5, 10], "uv": [26, 20], "mirror": true}
					]
				},
				{
					"name": "right_leg",
					"parent": "charmeleon",
					"pivot": [-5, 8, 0],
					"cubes": [
						{"origin": [-7, 2, -2], "size": [4, 8, 6], "uv": [0, 54]},
						{"origin": [-7.5, 2.5, -1.5], "size": [1, 7, 5], "uv": [23, 75]},
						{"origin": [-6.5, 2.5, -2.5], "size": [3, 7, 1], "uv": [0, 0]},
						{"origin": [-6.5, 9.5, -1.5], "size": [3, 1, 5], "uv": [41, 21]},
						{"origin": [-3.5, 2.5, -1.5], "size": [1, 7, 5], "uv": [0, 74]},
						{"origin": [-7, 0, -3], "size": [4, 2, 5], "uv": [11, 39]},
						{"origin": [-5.5, 0, -4], "size": [1, 1.5, 1], "uv": [0, 25]},
						{"origin": [-7, 0, -4], "size": [1, 1, 1], "uv": [4, 23]},
						{"origin": [-4, 0, -4], "size": [1, 1, 1], "uv": [0, 23]}
					]
				},
				{
					"name": "left_leg",
					"parent": "charmeleon",
					"pivot": [5, 8, 0],
					"cubes": [
						{"origin": [3, 2, -2], "size": [4, 8, 6], "uv": [0, 54], "mirror": true},
						{"origin": [6.5, 2.5, -1.5], "size": [1, 7, 5], "uv": [23, 75], "mirror": true},
						{"origin": [3.5, 2.5, -2.5], "size": [3, 7, 1], "uv": [0, 0], "mirror": true},
						{"origin": [3.5, 9.5, -1.5], "size": [3, 1, 5], "uv": [41, 21], "mirror": true},
						{"origin": [2.5, 2.5, -1.5], "size": [1, 7, 5], "uv": [0, 74], "mirror": true},
						{"origin": [3, 0, -3], "size": [4, 2, 5], "uv": [11, 39], "mirror": true},
						{"origin": [4.5, 0, -4], "size": [1, 1.5, 1], "uv": [0, 25], "mirror": true},
						{"origin": [6, 0, -4], "size": [1, 1, 1], "uv": [4, 23], "mirror": true},
						{"origin": [3, 0, -4], "size": [1, 1, 1], "uv": [0, 23], "mirror": true}
					]
				}
			]
		},
		{
			"description": {
				"identifier": "geometry.serpcharmeleon_aura",
				"texture_width": 128,
				"texture_height": 128,
				"visible_bounds_width": 4,
				"visible_bounds_height": 5,
				"visible_bounds_offset": [0, 1.5, 0]
			},
			"bones": [
				{
					"name": "charmeleon",
					"pivot": [0, 25, 3]
				},
				{
					"name": "pokedex",
					"parent": "charmeleon",
					"pivot": [0, 52, 0],
					"locators": {
						"pokedex": [0, 52, 0]
					}
				},
				{
					"name": "head",
					"parent": "charmeleon",
					"pivot": [0, 25, 1],
					"cubes": [
						{"origin": [-4, 26, -4], "size": [8, 7, 10], "inflate": 0.25, "uv": [0, 19]},
						{"origin": [-3.5, 32.5, -3.5], "size": [7, 1, 9], "inflate": 0.25, "uv": [31, 10]},
						{"origin": [-3.5, 25.5, -3.5], "size": [7, 1, 9], "inflate": 0.25, "uv": [31, 10]},
						{"origin": [-4, 26.5, 5.5], "size": [8, 6, 1], "inflate": 0.25, "uv": [69, 32]},
						{"origin": [-4.5, 26.5, -3.5], "size": [1, 6, 9], "inflate": 0.25, "uv": [51, 51]},
						{"origin": [3.5, 26.5, -3.5], "size": [1, 6, 9], "inflate": 0.25, "uv": [40, 44]},
						{"origin": [-2, 26.5, -8], "size": [4, 3, 5], "inflate": 0.25, "uv": [64, 73]},
						{"origin": [-1.5, 26, -7], "size": [3, 1, 4], "inflate": 0.25, "uv": [0, 86]},
						{"origin": [1, 26.5, -8], "size": [1, 3, 5], "inflate": 0.25, "pivot": [2, 29, -8], "rotation": [0, 10, 0], "uv": [77, 76]},
						{"origin": [-2, 26.5, -8], "size": [1, 3, 5], "inflate": 0.25, "pivot": [-2, 29, -8], "rotation": [0, -10, 0], "uv": [76, 6]},
						{"origin": [-1.5, 24, 19.08846], "size": [3, 3, 9], "inflate": 0.25, "pivot": [0, -1, 0], "rotation": [30, 0, 0], "uv": [52, 20]},
						{"origin": [-2, 21, -2], "size": [4, 6, 6], "inflate": 0.25, "uv": [65, 61]},
						{"origin": [3.99697, 20.73817, -2], "size": [1, 6, 6], "inflate": 0.25, "pivot": [0, -1, 0], "rotation": [0, 0, -5], "uv": [14, 68]},
						{"origin": [-4.99697, 20.73817, -2], "size": [1, 6, 6], "inflate": 0.25, "pivot": [0, -1, 0], "rotation": [0, 0, 5], "uv": [50, 67]}
					]
				},
				{
					"name": "body",
					"parent": "charmeleon",
					"pivot": [0, 15, 0],
					"cubes": [
						{"origin": [-5, 7, -4], "size": [10, 9, 10], "inflate": 0.25, "uv": [0, 0]},
						{"origin": [-4.5, 6.5, -3.5], "size": [9, 1, 9], "inflate": 0.25, "uv": [30, 0]},
						{"origin": [4.5, 7.5, -3.5], "size": [1, 8, 9], "inflate": 0.25, "uv": [20, 44]},
						{"origin": [-5.5, 7.5, -3.5], "size": [1, 8, 9], "inflate": 0.25, "uv": [0, 37]},
						{"origin": [-4, 15.27786, -6.32701], "size": [8, 7, 1], "inflate": 0.25, "pivot": [0, -1, 0], "rotation": [-8, 0, 0], "uv": [31, 44]},
						{"origin": [6.31728, 15.13869, -3], "size": [1, 7, 8], "inflate": 0.25, "pivot": [0, -1, 0], "rotation": [0, 0, -8], "uv": [32, 60]},
						{"origin": [-7.31728, 15.13869, -3], "size": [1, 7, 8], "inflate": 0.25, "pivot": [0, -1, 0], "rotation": [0, 0, 8], "uv": [58, 2]},
						{"origin": [-4, 16, -3], "size": [8, 7, 9], "inflate": 0.25, "uv": [27, 28]}
					]
				},
				{
					"name": "tail",
					"parent": "body",
					"pivot": [0, 10, 5],
					"rotation": [15, 0, 0],
					"cubes": [
						{"origin": [-2, 5.72532, 7.47221], "size": [4, 3, 8], "inflate": 0.25, "pivot": [0, 0.66891, -2.67664], "rotation": [-17.5, 0, 0], "uv": [53, 36]},
						{"origin": [-2, 4.22129, 7.51502], "size": [4, 1, 8], "inflate": 0.25, "pivot": [0, 0.66891, -2.67664], "rotation": [-12.5, 0, 0], "uv": [62, 47]},
						{"origin": [-2, 9.14094, -1.98977], "size": [4, 4, 6], "inflate": 0.25, "pivot": [0, 0.66891, -2.67664], "rotation": [-45, 0, 0], "uv": [67, 17]},
						{"origin": [-2, 3.9716, 5.1553], "size": [4, 4, 4], "inflate": 0.25, "pivot": [0, 0.66891, -2.67664], "rotation": [17.5, 0, 0], "uv": [35, 75]}
					]
				},
				{
					"name": "flame",
					"parent": "tail",
					"pivot": [0, 3, 18],
					"locators": {
						"tail": [0, 4, 17]
					}
				},
				{
					"name": "arms",
					"parent": "charmeleon",
					"pivot": [0, -1, 0]
				},
				{
					"name": "right_arm",
					"parent": "arms",
					"pivot": [-4, 21, 0],
					"rotation": [0, 0, -50],
					"cubes": [
						{"origin": [-11, 19, -0.5], "size": [7, 3, 3], "inflate": 0.25, "uv": [68, 0]},
						{"origin": [-13.83898, 20.56071, -0.5], "size": [7, 3, 3], "inflate": 0.25, "pivot": [0, -1, 0], "rotation": [0, 0, -10], "uv": [0, 68]},
						{"origin": [-3.93445, 26.17574, 0.5], "size": [3, 1, 1], "inflate": 0.25, "pivot": [0, -1, 0], "rotation": [0, 0, -37.5], "uv": [0, 21]},
						{"origin": [-2.35434, 25.98749, -1.38127], "size": [3, 1, 1], "inflate": 0.25, "pivot": [0, -1, 0], "rotation": [0, 0, -40], "uv": [0, 21]},
						{"origin": [-7.22412, 25.67442, 2.38127], "size": [3, 1, 1], "inflate": 0.25, "pivot": [0, -1, 0], "rotation": [0, 0, -30], "uv": [0, 21]},
						{"origin": [-13.49994, 20.56071, 0.38411], "size": [7, 3, 3], "inflate": 0.25, "pivot": [0, -1, 0], "rotation": [0, -7.5, -10], "uv": [20, 61]},
						{"origin": [-13.76099, 20.56071, -1.40122], "size": [7, 3, 3], "inflate": 0.25, "pivot": [0, -1, 0], "rotation": [0, 7.5, -10], "uv": [26, 20]}
					]
				},
				{
					"name": "left_arm",
					"parent": "arms",
					"pivot": [4, 21, 0],
					"rotation": [0, 0, 50],
					"cubes": [
						{"origin": [4, 19, -0.5], "size": [7, 3, 3], "inflate": 0.25, "uv": [68, 0], "mirror": true},
						{"origin": [6.83898, 20.56071, -0.5], "size": [7, 3, 3], "inflate": 0.25, "pivot": [0, -1, 0], "rotation": [0, 0, 10], "uv": [0, 68], "mirror": true},
						{"origin": [0.93445, 26.17574, 0.5], "size": [3, 1, 1], "inflate": 0.25, "pivot": [0, -1, 0], "rotation": [0, 0, 37.5], "uv": [0, 21], "mirror": true},
						{"origin": [-0.64566, 25.98749, -1.38127], "size": [3, 1, 1], "inflate": 0.25, "pivot": [0, -1, 0], "rotation": [0, 0, 40], "uv": [0, 21], "mirror": true},
						{"origin": [4.22412, 25.67442, 2.38127], "size": [3, 1, 1], "inflate": 0.25, "pivot": [0, -1, 0], "rotation": [0, 0, 30], "uv": [0, 21], "mirror": true},
						{"origin": [6.49994, 20.56071, 0.38411], "size": [7, 3, 3], "inflate": 0.25, "pivot": [0, -1, 0], "rotation": [0, 7.5, 10], "uv": [20, 61], "mirror": true},
						{"origin": [6.76099, 20.56071, -1.40122], "size": [7, 3, 3], "inflate": 0.25, "pivot": [0, -1, 0], "rotation": [0, -7.5, 10], "uv": [26, 20], "mirror": true}
					]
				},
				{
					"name": "right_leg",
					"parent": "charmeleon",
					"pivot": [-5, 8, 0],
					"cubes": [
						{"origin": [-7, 2, -2], "size": [4, 8, 6], "inflate": 0.25, "uv": [0, 54]},
						{"origin": [-7.5, 2.5, -1.5], "size": [1, 7, 5], "inflate": 0.25, "uv": [23, 75]},
						{"origin": [-6.5, 2.5, -2.5], "size": [3, 7, 1], "inflate": 0.25, "uv": [0, 0]},
						{"origin": [-6.5, 9.5, -1.5], "size": [3, 1, 5], "inflate": 0.25, "uv": [41, 21]},
						{"origin": [-3.5, 2.5, -1.5], "size": [1, 7, 5], "inflate": 0.25, "uv": [0, 74]},
						{"origin": [-7, 0, -3], "size": [4, 2, 5], "inflate": 0.25, "uv": [11, 39]},
						{"origin": [-5.5, 0, -4], "size": [1, 1.5, 1], "inflate": 0.25, "uv": [0, 25]},
						{"origin": [-7, 0, -4], "size": [1, 1, 1], "inflate": 0.25, "uv": [4, 23]},
						{"origin": [-4, 0, -4], "size": [1, 1, 1], "inflate": 0.25, "uv": [0, 23]}
					]
				},
				{
					"name": "left_leg",
					"parent": "charmeleon",
					"pivot": [5, 8, 0],
					"cubes": [
						{"origin": [3, 2, -2], "size": [4, 8, 6], "inflate": 0.25, "uv": [0, 54], "mirror": true},
						{"origin": [6.5, 2.5, -1.5], "size": [1, 7, 5], "inflate": 0.25, "uv": [23, 75], "mirror": true},
						{"origin": [3.5, 2.5, -2.5], "size": [3, 7, 1], "inflate": 0.25, "uv": [0, 0], "mirror": true},
						{"origin": [3.5, 9.5, -1.5], "size": [3, 1, 5], "inflate": 0.25, "uv": [41, 21], "mirror": true},
						{"origin": [2.5, 2.5, -1.5], "size": [1, 7, 5], "inflate": 0.25, "uv": [0, 74], "mirror": true},
						{"origin": [3, 0, -3], "size": [4, 2, 5], "inflate": 0.25, "uv": [11, 39], "mirror": true},
						{"origin": [4.5, 0, -4], "size": [1, 1.5, 1], "inflate": 0.25, "uv": [0, 25], "mirror": true},
						{"origin": [6, 0, -4], "size": [1, 1, 1], "inflate": 0.25, "uv": [4, 23], "mirror": true},
						{"origin": [3, 0, -4], "size": [1, 1, 1], "inflate": 0.25, "uv": [0, 23], "mirror": true}
					]
				}
			]
		}
	]
}