{
	"format_version": "1.12.0",
	"minecraft:geometry": [
		{
			"description": {
				"identifier": "geometry.serpcharmander",
				"texture_width": 64,
				"texture_height": 64,
				"visible_bounds_width": 3,
				"visible_bounds_height": 3.5,
				"visible_bounds_offset": [0, 1.25, 0]
			},
			"bones": [
				{
					"name": "charmander",
					"pivot": [0, 0, 0]
				},
				{
					"name": "body",
					"parent": "charmander",
					"pivot": [0, 7, 0],
					"cubes": [
						{"origin": [-3, 2, -2], "size": [6, 9, 5], "uv": [0, 0]},
						{"origin": [-2.5, 2.5, 2.5], "size": [5, 8, 1], "uv": [23, 0]},
						{"origin": [2.5, 2.5, -1.5], "size": [1, 8, 4], "uv": [11, 28]},
						{"origin": [-3.5, 2.5, -1.5], "size": [1, 8, 4], "uv": [0, 28]},
						{"origin": [-3, 3, -3], "size": [6, 4, 1], "uv": [35, 27]},
						{"origin": [-3, 7, -3], "size": [6, 4.1, 1], "pivot": [0, 7, -3], "rotation": [-14, 0, 0], "uv": [35, 9]},
						{"origin": [-3, 2.29289, -3.29289], "size": [6, 1, 1.415], "pivot": [0, 2.29289, -2.29289], "rotation": [-45, 0, 0], "uv": [36, 22]}
					]
				},
				{
					"name": "head",
					"parent": "body",
					"pivot": [0, 13, 0],
					"cubes": [
						{"origin": [-2.75, 11.5, -2.5], "size": [5.5, 6, 6], "uv": [0, 15]},
						{"origin": [-2, 11.5, -4], "size": [4, 2.5, 2], "uv": [31, 17]},
						{"origin": [-4.027, 11.5, -3.5545], "size": [2.3, 2.5, 1], "pivot": [-2.227, 15, -3.5545], "rotation": [0, 63, 0], "uv": [7, 28]},
						{"origin": [1.727, 11.5, -3.5545], "size": [2.3, 2.5, 1], "pivot": [2.227, 15, -3.5545], "rotation": [0, -63, 0], "uv": [7, 28], "mirror": true},
						{"origin": [-3.25, 12, -2], "size": [1, 5, 5], "uv": [23, 17]},
						{"origin": [2.25, 12, -2], "size": [1, 5, 5], "uv": [23, 17], "mirror": true},
						{"origin": [-2.5, 12, 3], "size": [5, 5, 1], "uv": [36, 0]},
						{"origin": [-2.5, 12, -3], "size": [5, 5, 1], "uv": [35, 33]},
						{"origin": [-2.5, 17, -2], "size": [5, 1, 5], "uv": [18, 10]},
						{"origin": [-2.5, 11, -2], "size": [5, 1, 5], "uv": [18, 10]}
					]
				},
				{
					"name": "open_eyes",
					"parent": "head",
					"pivot": [0, 0, 0],
					"cubes": [
						{"origin": [-3, 14, -3.05], "size": [6, 3, 0], "uv": [0, 52]}
					]
				},
				{
					"name": "closed_eyes",
					"parent": "head",
					"pivot": [0, 0, 0],
					"cubes": [
						{"origin": [-3, 14, -3.05], "size": [6, 3, 0], "uv": [0, 55]}
					]
				},
				{
					"name": "angry_eyes",
					"parent": "head",
					"pivot": [0, 0, 0],
					"cubes": [
						{"origin": [-3, 14, -3.05], "size": [6, 3, 0], "uv": [0, 58]}
					]
				},
				{
					"name": "tail",
					"parent": "body",
					"pivot": [0, 4, 3.5],
					"rotation": [20, 0, 0],
					"cubes": [
						{"origin": [-1, -1.11334, 4.60765], "size": [2, 1.5, 3], "pivot": [0, -1.11334, 10.10765], "rotation": [-20, 0, 0], "uv": [42, 40]},
						{"origin": [-1, -0.5, 1], "size": [2, 2, 3], "pivot": [0, -1, 6], "rotation": [-45, 0, 0], "uv": [31, 40]},
						{"origin": [-1, 3, 3], "size": [2, 3, 2], "pivot": [0, 3, 4], "rotation": [27.5, 0, 0], "uv": [44, 15]}
					]
				},
				{
					"name": "flame",
					"parent": "tail",
					"pivot": [0, 4, 9],
					"locators": {
						"tail": [0, 4, 9]
					}
				},
				{
					"name": "arms",
					"parent": "charmander",
					"pivot": [0, 10, 0]
				},
				{
					"name": "right_arm",
					"parent": "arms",
					"pivot": [-3, 10, 0],
					"rotation": [0, 0, 10],
					"cubes": [
						{"origin": [-4, 5, -0.5], "size": [2, 5, 2], "pivot": [-2, 10, 0], "rotation": [0, 0, 20], "uv": [22, 37]},
						{"origin": [-4, 4, -0.5], "size": [2, 1, 2], "pivot": [-2, 10, 0], "rotation": [0, 0, 20], "uv": [17, 17]}
					]
				},
				{
					"name": "left_arm",
					"parent": "arms",
					"pivot": [3, 10, 0],
					"rotation": [0, 0, -10],
					"cubes": [
						{"origin": [2, 5, -0.5], "size": [2, 5, 2], "pivot": [2, 10, 0], "rotation": [0, 0, -20], "uv": [22, 37], "mirror": true},
						{"origin": [2, 4, -0.5], "size": [2, 1, 2], "pivot": [2, 10, 0], "rotation": [0, 0, -20], "uv": [17, 17], "mirror": true}
					]
				},
				{
					"name": "legs",
					"parent": "charmander",
					"pivot": [0, 0, 0]
				},
				{
					"name": "right_leg",
					"parent": "legs",
					"pivot": [-3, 5, 0],
					"cubes": [
						{"origin": [-4, 1, -1], "size": [3, 5, 3], "uv": [22, 28]},
						{"origin": [-4.5, 1.5, -0.5], "size": [1.5, 4, 2], "uv": [0, 45]},
						{"origin": [-3.5, 0, -2], "size": [2, 1, 3], "uv": [10, 42]},
						{"origin": [-3.5, 1, -4], "size": [2, 0, 2], "pivot": [-2.5, 1, -2], "rotation": [45, 0, 0], "uv": [19, 45]}
					]
				},
				{
					"name": "left_leg",
					"parent": "legs",
					"pivot": [3, 5, 0],
					"cubes": [
						{"origin": [1, 1, -1], "size": [3, 5, 3], "uv": [22, 28], "mirror": true},
						{"origin": [3, 1.5, -0.5], "size": [1.5, 4, 2], "uv": [0, 45], "mirror": true},
						{"origin": [1.5, 0, -2], "size": [2, 1, 3], "uv": [10, 42], "mirror": true},
						{"origin": [1.5, 1, -4], "size": [2, 0, 2], "pivot": [2.5, 1, -2], "rotation": [45, 0, 0], "uv": [19, 45], "mirror": true}
					]
				}
			]
		},
		{
			"description": {
				"identifier": "geometry.serpcharmander_aura",
				"texture_width": 64,
				"texture_height": 64,
				"visible_bounds_width": 3,
				"visible_bounds_height": 3.5,
				"visible_bounds_offset": [0, 1.25, 0]
			},
			"bones": [
				{
					"name": "charmander",
					"pivot": [0, 0, 0]
				},
				{
					"name": "body",
					"parent": "charmander",
					"pivot": [0, 7, 0],
					"cubes": [
						{"origin": [-3, 2, -2], "size": [6, 9, 5], "inflate": 0.25, "uv": [0, 0]},
						{"origin": [-2.5, 2.5, 2.5], "size": [5, 8, 1], "inflate": 0.25, "uv": [23, 0]},
						{"origin": [2.5, 2.5, -1.5], "size": [1, 8, 4], "inflate": 0.25, "uv": [11, 28]},
						{"origin": [-3.5, 2.5, -1.5], "size": [1, 8, 4], "inflate": 0.25, "uv": [0, 28]},
						{"origin": [-3, 3, -3], "size": [6, 4, 1], "inflate": 0.25, "uv": [35, 27]},
						{"origin": [-3, 7, -3], "size": [6, 4.1, 1], "inflate": 0.25, "pivot": [0, 7, -3], "rotation": [-14, 0, 0], "uv": [35, 9]},
						{"origin": [-3, 2.29289, -3.29289], "size": [6, 1, 1.415], "inflate": 0.25, "pivot": [0, 2.29289, -2.29289], "rotation": [-45, 0, 0], "uv": [36, 22]}
					]
				},
				{
					"name": "head",
					"parent": "body",
					"pivot": [0, 13, 0],
					"cubes": [
						{"origin": [-2.75, 11.5, -2.5], "size": [5.5, 6, 6], "inflate": 0.25, "uv": [0, 15]},
						{"origin": [-2, 11.5, -4], "size": [4, 2.5, 2], "inflate": 0.25, "uv": [31, 17]},
						{"origin": [-4.027, 11.5, -3.5545], "size": [2.3, 2.5, 1], "inflate": 0.25, "pivot": [-2.227, 15, -3.5545], "rotation": [0, 63, 0], "uv": [7, 28]},
						{"origin": [1.727, 11.5, -3.5545], "size": [2.3, 2.5, 1], "inflate": 0.25, "pivot": [2.227, 15, -3.5545], "rotation": [0, -63, 0], "uv": [7, 28], "mirror": true},
						{"origin": [-3.25, 12, -2], "size": [1, 5, 5], "inflate": 0.25, "uv": [23, 17]},
						{"origin": [2.25, 12, -2], "size": [1, 5, 5], "inflate": 0.25, "uv": [23, 17], "mirror": true},
						{"origin": [-2.5, 12, 3], "size": [5, 5, 1], "inflate": 0.25, "uv": [36, 0]},
						{"origin": [-2.5, 12, -3], "size": [5, 5, 1], "inflate": 0.25, "uv": [35, 33]},
						{"origin": [-2.5, 17, -2], "size": [5, 1, 5], "inflate": 0.25, "uv": [18, 10]},
						{"origin": [-2.5, 11, -2], "size": [5, 1, 5], "inflate": 0.25, "uv": [18, 10]}
					]
				},
				{
					"name": "open_eyes",
					"parent": "head",
					"pivot": [0, 0, 0],
					"cubes": [
						{"origin": [-3, 14, -3.05], "size": [6, 3, 0], "inflate": 0.25, "uv": [0, 52]}
					]
				},
				{
					"name": "closed_eyes",
					"parent": "head",
					"pivot": [0, 0, 0],
					"cubes": [
						{"origin": [-3, 14, -3.05], "size": [6, 3, 0], "inflate": 0.25, "uv": [0, 55]}
					]
				},
				{
					"name": "angry_eyes",
					"parent": "head",
					"pivot": [0, 0, 0],
					"cubes": [
						{"origin": [-3, 14, -3.05], "size": [6, 3, 0], "inflate": 0.25, "uv": [0, 58]}
					]
				},
				{
					"name": "tail",
					"parent": "body",
					"pivot": [0, 4, 3.5],
					"rotation": [20, 0, 0],
					"cubes": [
						{"origin": [-1, -1.11334, 4.60765], "size": [2, 1.5, 3], "inflate": 0.25, "pivot": [0, -1.11334, 10.10765], "rotation": [-20, 0, 0], "uv": [42, 40]},
						{"origin": [-1, -0.5, 1], "size": [2, 2, 3], "inflate": 0.25, "pivot": [0, -1, 6], "rotation": [-45, 0, 0], "uv": [31, 40]},
						{"origin": [-1, 3, 3], "size": [2, 3, 2], "inflate": 0.25, "pivot": [0, 3, 4], "rotation": [27.5, 0, 0], "uv": [44, 15]}
					]
				},
				{
					"name": "flame",
					"parent": "tail",
					"pivot": [0, 4, 9],
					"locators": {
						"tail": [0, 4, 9]
					}
				},
				{
					"name": "arms",
					"parent": "charmander",
					"pivot": [0, 10, 0]
				},
				{
					"name": "right_arm",
					"parent": "arms",
					"pivot": [-3, 10, 0],
					"rotation": [0, 0, 10],
					"cubes": [
						{"origin": [-4, 5, -0.5], "size": [2, 5, 2], "inflate": 0.25, "pivot": [-2, 10, 0], "rotation": [0, 0, 20], "uv": [22, 37]},
						{"origin": [-4, 4, -0.5], "size": [2, 1, 2], "inflate": 0.25, "pivot": [-2, 10, 0], "rotation": [0, 0, 20], "uv": [17, 17]}
					]
				},
				{
					"name": "left_arm",
					"parent": "arms",
					"pivot": [3, 10, 0],
					"rotation": [0, 0, -10],
					"cubes": [
						{"origin": [2, 5, -0.5], "size": [2, 5, 2], "inflate": 0.25, "pivot": [2, 10, 0], "rotation": [0, 0, -20], "uv": [22, 37], "mirror": true},
						{"origin": [2, 4, -0.5], "size": [2, 1, 2], "inflate": 0.25, "pivot": [2, 10, 0], "rotation": [0, 0, -20], "uv": [17, 17], "mirror": true}
					]
				},
				{
					"name": "legs",
					"parent": "charmander",
					"pivot": [0, 0, 0]
				},
				{
					"name": "right_leg",
					"parent": "legs",
					"pivot": [-3, 5, 0],
					"cubes": [
						{"origin": [-4, 1, -1], "size": [3, 5, 3], "inflate": 0.25, "uv": [22, 28]},
						{"origin": [-4.5, 1.5, -0.5], "size": [1.5, 4, 2], "inflate": 0.25, "uv": [0, 45]},
						{"origin": [-3.5, 0, -2], "size": [2, 1, 3], "inflate": 0.25, "uv": [10, 42]},
						{"origin": [-3.5, 1, -4], "size": [2, 0, 2], "inflate": 0.25, "pivot": [-2.5, 1, -2], "rotation": [45, 0, 0], "uv": [19, 45]}
					]
				},
				{
					"name": "left_leg",
					"parent": "legs",
					"pivot": [3, 5, 0],
					"cubes": [
						{"origin": [1, 1, -1], "size": [3, 5, 3], "inflate": 0.25, "uv": [22, 28], "mirror": true},
						{"origin": [3, 1.5, -0.5], "size": [1.5, 4, 2], "inflate": 0.25, "uv": [0, 45], "mirror": true},
						{"origin": [1.5, 0, -2], "size": [2, 1, 3], "inflate": 0.25, "uv": [10, 42], "mirror": true},
						{"origin": [1.5, 1, -4], "size": [2, 0, 2], "inflate": 0.25, "pivot": [2.5, 1, -2], "rotation": [45, 0, 0], "uv": [19, 45], "mirror": true}
					]
				}
			]
		}
	]
}