{
  "format_version":"1.16.0",
    "minecraft:entity":{
    "description":{
      "identifier":"serp:block_setter",
      "is_spawnable":false,
      "is_summonable":true,
      "is_experimental":false
    },
    "components":{
      "minecraft:transformation":{"into":"serp:despawn","delay":{"value":1}},
	    "minecraft:physics":{}
    },
    "events":{
    "minecraft:entity_spawned":{
        "sequence":[
{"filters":{"test":"is_biome","value":"desert"},"run_command":{"command":["setblock ~~~ serp:wish_ore_block"]}},
{"filters":{"test":"is_biome","operator":"!=","value":"desert"},
"randomize":[
{"run_command":{"command":["setblock ~~~ serp:poke_ore_block"]}},
{"run_command":{"command":["setblock ~~~ serp:key_ore_block"]}}
            ]
          }
        ]
      }
    }
  }
}