{
  "format_version":"1.16.0",
  "minecraft:entity":{
    "description":{
      "identifier":"serp:plants",
      "is_spawnable":false,
      "is_summonable":true,
      "is_experimental":false
    },
    "components":{
	  "minecraft:transformation":{"into":"serp:despawn","delay":{"value":1}},
	    "minecraft:physics":{}
    },
    "events":{
      "minecraft:entity_spawned":{
          "randomize":[
{"weight":10,"run_command":{"command":["setblock ~~~ serp:apricorn_black_block"]}},
{"weight":10,"run_command":{"command":["setblock ~~~ serp:apricorn_blue_block"]}},
{"weight":10,"run_command":{"command":["setblock ~~~ serp:apricorn_cyan_block"]}},
{"weight":10,"run_command":{"command":["setblock ~~~ serp:apricorn_green_block"]}},
{"weight":10,"run_command":{"command":["setblock ~~~ serp:apricorn_orange_block"]}},
{"weight":10,"run_command":{"command":["setblock ~~~ serp:apricorn_pink_block"]}},
{"weight":10,"run_command":{"command":["setblock ~~~ serp:apricorn_red_block"]}},
{"weight":10,"run_command":{"command":["setblock ~~~ serp:apricorn_white_block"]}},
{"weight":10,"run_command":{"command":["setblock ~~~ serp:apricorn_yellow_block"]}},
{"weight":20,"run_command":{"command":["fill ~~~ ~~5~ serp:berry_log keep","fill ~-1~3~-2 ~1~4~2 serp:berry_leaves_dark keep","fill ~-2~3~-1 ~2~4~1 serp:berry_leaves_dark keep","fill ~-1~5~-1 ~1~5~1 serp:berry_leaves_light keep","fill ~-1~6~ ~1~6~ serp:berry_leaves_light keep","fill ~~6~-1 ~~6~1 serp:berry_leaves_light keep","fill ~~7~ ~~7~ serp:berry_top keep"]}}
        ]
      }
    }
  }
}