{
"format_version":"1.16.100",
"minecraft:entity":{
"description":{
"identifier":"serp:ball_thrown",
"is_spawnable":false,
"is_summonable":false,
"is_experimental":false,
"runtime_identifier":"minecraft:snowball"
},
"components":{
"minecraft:collision_box":{"width":0.3,"height":0.3},"minecraft:fire_immune":{},
"minecraft:projectile":{"on_hit":{"impact_damage":{"damage":1,"knockback":true},"stick_in_ground":{"shake_time":0.35},"definition_event":{"event_trigger":{"event":"serp:hit"}}},"angle_offset":-20,"liquid_inertia":1,"gravity":0.055},
"minecraft:despawn":{
"filters":{"test":"distance_to_nearest_player","subject":"self","operator":">","value":20}},
"minecraft:physics":{},
"minecraft:pushable":{"is_pushable":true,"is_pushable_by_piston":true},
"minecraft:conditional_bandwidth_optimization":{
"default_values":{"max_optimized_distance":100,"max_dropped_ticks":5,"use_motion_prediction_hints":true}}
},
"component_groups":{
"serp:hit":{"minecraft:timer":{"looping":false,"randomInterval":false,"time":0,
"time_down_event":{"event":"serp:recover"}}},
"serp:recover":{"minecraft:spawn_entity":{"entities":[
{"filters":[{"test":"is_variant","value":0}],"max_wait_time":0,"min_wait_time":0,"num_to_spawn":1,"single_use":true,"spawn_item":"serp:pokeball"},
{"filters":[{"test":"is_variant","value":1}],"max_wait_time":0,"min_wait_time":0,"num_to_spawn":1,"single_use":true,"spawn_item":"serp:greatball"},
{"filters":[{"test":"is_variant","value":2}],"max_wait_time":0,"min_wait_time":0,"num_to_spawn":1,"single_use":true,"spawn_item":"serp:ultraball"},
{"filters":[{"test":"is_variant","value":3}],"max_wait_time":0,"min_wait_time":0,"num_to_spawn":1,"single_use":true,"spawn_item":"serp:masterball"},
{"filters":[{"test":"is_variant","value":4}],"max_wait_time":0,"min_wait_time":0,"num_to_spawn":1,"single_use":true,"spawn_item":"serp:beastball"},
{"filters":[{"test":"is_variant","value":5}],"max_wait_time":0,"min_wait_time":0,"num_to_spawn":1,"single_use":true,"spawn_item":"serp:diveball"},
{"filters":[{"test":"is_variant","value":6}],"max_wait_time":0,"min_wait_time":0,"num_to_spawn":1,"single_use":true,"spawn_item":"serp:dreamball"},
{"filters":[{"test":"is_variant","value":7}],"max_wait_time":0,"min_wait_time":0,"num_to_spawn":1,"single_use":true,"spawn_item":"serp:duskball"},
{"filters":[{"test":"is_variant","value":8}],"max_wait_time":0,"min_wait_time":0,"num_to_spawn":1,"single_use":true,"spawn_item":"serp:fastball"},
{"filters":[{"test":"is_variant","value":9}],"max_wait_time":0,"min_wait_time":0,"num_to_spawn":1,"single_use":true,"spawn_item":"serp:friendball"},
{"filters":[{"test":"is_variant","value":10}],"max_wait_time":0,"min_wait_time":0,"num_to_spawn":1,"single_use":true,"spawn_item":"serp:healball"},
{"filters":[{"test":"is_variant","value":11}],"max_wait_time":0,"min_wait_time":0,"num_to_spawn":1,"single_use":true,"spawn_item":"serp:heavyball"},
{"filters":[{"test":"is_variant","value":12}],"max_wait_time":0,"min_wait_time":0,"num_to_spawn":1,"single_use":true,"spawn_item":"serp:lureball"},
{"filters":[{"test":"is_variant","value":13}],"max_wait_time":0,"min_wait_time":0,"num_to_spawn":1,"single_use":true,"spawn_item":"serp:luxuryball"},
{"filters":[{"test":"is_variant","value":14}],"max_wait_time":0,"min_wait_time":0,"num_to_spawn":1,"single_use":true,"spawn_item":"serp:moonball"},
{"filters":[{"test":"is_variant","value":15}],"max_wait_time":0,"min_wait_time":0,"num_to_spawn":1,"single_use":true,"spawn_item":"serp:nestball"},
{"filters":[{"test":"is_variant","value":16}],"max_wait_time":0,"min_wait_time":0,"num_to_spawn":1,"single_use":true,"spawn_item":"serp:netball"},
{"filters":[{"test":"is_variant","value":17}],"max_wait_time":0,"min_wait_time":0,"num_to_spawn":1,"single_use":true,"spawn_item":"serp:parkball"},
{"filters":[{"test":"is_variant","value":18}],"max_wait_time":0,"min_wait_time":0,"num_to_spawn":1,"single_use":true,"spawn_item":"serp:premierball"},
{"filters":[{"test":"is_variant","value":19}],"max_wait_time":0,"min_wait_time":0,"num_to_spawn":1,"single_use":true,"spawn_item":"serp:safariball"},
{"filters":[{"test":"is_variant","value":20}],"max_wait_time":0,"min_wait_time":0,"num_to_spawn":1,"single_use":true,"spawn_item":"serp:timerball"}]},"minecraft:instant_despawn":{}},
"serp:capturing":{"minecraft:instant_despawn":{}},
"pokeball":{"minecraft:variant":{"value":0}},
"greatball":{"minecraft:variant":{"value":1}},
"ultraball":{"minecraft:variant":{"value":2}},
"masterball":{"minecraft:variant":{"value":3}},
"beastball":{"minecraft:variant":{"value":4}},
"diveball":{"minecraft:variant":{"value":5}},
"dreamball":{"minecraft:variant":{"value":6}},
"duskball":{"minecraft:variant":{"value":7}},
"fastball":{"minecraft:variant":{"value":8}},
"friendball":{"minecraft:variant":{"value":9}},
"healball":{"minecraft:variant":{"value":10}},
"heavyball":{"minecraft:variant":{"value":11}},
"lureball":{"minecraft:variant":{"value":12}},
"luxuryball":{"minecraft:variant":{"value":13}},
"moonball":{"minecraft:variant":{"value":14}},
"nestball":{"minecraft:variant":{"value":15}},
"netball":{"minecraft:variant":{"value":16}},
"parkball":{"minecraft:variant":{"value":17}},
"premierball":{"minecraft:variant":{"value":18}},
"safariball":{"minecraft:variant":{"value":19}},
"timerball":{"minecraft:variant":{"value":20}}
},
"events":{
"serp:hit":{"add":{"component_groups":["serp:hit"]}},
"serp:recover":{"sequence":[{"filters":{"test":"has_tag","operator":"!=","value":"capturing"},"add":{"component_groups":["serp:recover"]}}]},
"serp:capturing":{"add":{"component_groups":["serp:capturing"]}},
"serp:pokeball":{"run_command":{"command":["tag @s add pokeball"]},"add":{"component_groups":["pokeball"]}},
"serp:greatball":{"run_command":{"command":["tag @s add greatball"]},"add":{"component_groups":["greatball"]}},
"serp:ultraball":{"run_command":{"command":["tag @s add ultraball"]},"add":{"component_groups":["ultraball"]}},
"serp:masterball":{"run_command":{"command":["tag @s add masterball"]},"add":{"component_groups":["masterball"]}},
"serp:beastball":{"run_command":{"command":["tag @s add beastball"]},"add":{"component_groups":["beastball"]}},
"serp:diveball":{"run_command":{"command":["tag @s add diveball"]},"add":{"component_groups":["diveball"]}},
"serp:dreamball":{"run_command":{"command":["tag @s add dreamball"]},"add":{"component_groups":["dreamball"]}},
"serp:duskball":{"run_command":{"command":["tag @s add duskball"]},"add":{"component_groups":["duskball"]}},
"serp:fastball":{"run_command":{"command":["tag @s add fastball"]},"add":{"component_groups":["fastball"]}},
"serp:friendball":{"run_command":{"command":["tag @s add friendball"]},"add":{"component_groups":["friendball"]}},
"serp:healball":{"run_command":{"command":["tag @s add healball"]},"add":{"component_groups":["healball"]}},
"serp:heavyball":{"run_command":{"command":["tag @s add heavyball"]},"add":{"component_groups":["heavyball"]}},
"serp:lureball":{"run_command":{"command":["tag @s add lureball"]},"add":{"component_groups":["lureball"]}},
"serp:luxuryball":{"run_command":{"command":["tag @s add luxuryball"]},"add":{"component_groups":["luxuryball"]}},
"serp:moonball":{"run_command":{"command":["tag @s add moonball"]},"add":{"component_groups":["moonball"]}},
"serp:nestball":{"run_command":{"command":["tag @s add nestball"]},"add":{"component_groups":["nestball"]}},
"serp:netball":{"run_command":{"command":["tag @s add netball"]},"add":{"component_groups":["netball"]}},
"serp:parkball":{"run_command":{"command":["tag @s add parkball"]},"add":{"component_groups":["parkball"]}},
"serp:premierball":{"run_command":{"command":["tag @s add premierball"]},"add":{"component_groups":["premierball"]}},
"serp:safariball":{"run_command":{"command":["tag @s add safariball"]},"add":{"component_groups":["safariball"]}},
"serp:timerball":{"run_command":{"command":["tag @s add timerball"]},"add":{"component_groups":["timerball"]}}
    }
  }
}