{
  "format_version":"1.16.0",
  "minecraft:entity":{
    "description":{
      "identifier":"serp:pokeball",
      "is_spawnable":false,
      "is_summonable":true,
      "is_experimental":false
    },
    "components":{
      "minecraft:damage_sensor":{"triggers":{"cause":"all","deals_damage":false}
      },
      "minecraft:collision_box":{"height":0.5,"width":0.3
      },
      "minecraft:knockback_resistance":{"max":100,"value":100
      },
      "minecraft:physics":{},
      "minecraft:pushable":{"is_pushable":false,"is_pushable_by_piston":true},
      "minecraft:breathable":{"total_supply":15,"suffocate_time":0,"breathes_air":true,"breathes_water":true},
      "minecraft:balloonable":{"mass":0},
      "minecraft:behavior.float":{"priority":0}
    },
    "component_groups":{
"pokeball":{"minecraft:variant":{"value":0}},
"greatball":{"minecraft:variant":{"value":1}},
"ultraball":{"minecraft:variant":{"value":2}},
"masterball":{"minecraft:variant":{"value":3}},
"beastball":{"minecraft:variant":{"value":4}},
"diveball":{"minecraft:variant":{"value":5}},
"dreamball":{"minecraft:variant":{"value":6}},
"duskball":{"minecraft:variant":{"value":7}},
"fastball":{"minecraft:variant":{"value":8}},
"friendball":{"minecraft:variant":{"value":9}},
"healball":{"minecraft:variant":{"value":10}},
"heavyball":{"minecraft:variant":{"value":11}},
"lureball":{"minecraft:variant":{"value":12}},
"luxuryball":{"minecraft:variant":{"value":13}},
"moonball":{"minecraft:variant":{"value":14}},
"nestball":{"minecraft:variant":{"value":15}},
"netball":{"minecraft:variant":{"value":16}},
"parkball":{"minecraft:variant":{"value":17}},
"premierball":{"minecraft:variant":{"value":18}},
"safariball":{"minecraft:variant":{"value":19}},
"timerball":{"minecraft:variant":{"value":20}},
"serp:pre_take":{"minecraft:skin_id":{"value":1},"minecraft:timer":{"looping":false,"randomInterval":false,"time":5.4,"time_down_event":{"event":"serp:pre_take2"}}},
"serp:pre_take2":{"minecraft:mark_variant":{"value":1},"minecraft:timer":{"looping":false,"randomInterval":false,"time":0.75,"time_down_event":{"event":"serp:take"}}},
"serp:pre_free1":{"minecraft:skin_id":{"value":1},"minecraft:timer":{"looping":false,"randomInterval":false,"time":3,"time_down_event":{"event":"serp:free"}}},
"serp:pre_free2":{"minecraft:skin_id":{"value":1},"minecraft:timer":{"looping":false,"randomInterval":false,"time":3.9,"time_down_event":{"event":"serp:free"}}},
"serp:pre_free3":{"minecraft:skin_id":{"value":1},"minecraft:timer":{"looping":false,"randomInterval":false,"time":5.2,"time_down_event":{"event":"serp:free"}}},
"serp:pre_off":{"minecraft:skin_id":{"value":0}},
"serp:take":{"minecraft:mark_variant":{"value":1},"minecraft:timer":{"looping":false,"randomInterval":false,"time":1,"time_down_event":{"event":"serp:despawn"}}},
"serp:free":{"minecraft:mark_variant":{"value":2}},
"serp:despawn":{"minecraft:transformation":{"into":"serp:despawn","delay":0.1}}
    },
    "events":{
  "serp:pre_take":{"add":{"component_groups":["serp:pre_take"]}},
  "serp:pre_take2":{"add":{"component_groups":["serp:pre_take2"]},"run_command":{"command":["tp @s ~~0.3~"]}},
	"serp:take":{"add":{"component_groups":["serp:take","serp:pre_off","serp:despawn"]}},
	"serp:pre_free1":{"add":{"component_groups":["serp:pre_free1"]}},
	"serp:pre_free2":{"add":{"component_groups":["serp:pre_free2"]}},
	"serp:pre_free3":{"add":{"component_groups":["serp:pre_free3"]}},
	"serp:free":{"add":{"component_groups":["serp:free","serp:despawn"]}},
	"serp:despawn":{"add":{"component_groups":["serp:despawn"]},"remove":{"component_groups":["serp:take"]}},
	"minecraft:entity_born":{
        "sequence":[
{"filters":{"all_of":[{"test":"has_tag","operator":"!=","subject":"other","value":"pokeball"},{"test":"has_tag","operator":"!=","subject":"other","value":"greatball"},{"test":"has_tag","operator":"!=","subject":"other","value":"ultraball"},{"test":"has_tag","operator":"!=","subject":"other","value":"masterball"},{"test":"has_tag","operator":"!=","subject":"other","value":"beastball"},{"test":"has_tag","operator":"!=","subject":"other","value":"diveball"},{"test":"has_tag","operator":"!=","subject":"other","value":"dreamball"},{"test":"has_tag","operator":"!=","subject":"other","value":"duskball"},{"test":"has_tag","operator":"!=","subject":"other","value":"fastball"},{"test":"has_tag","operator":"!=","subject":"other","value":"friendball"},{"test":"has_tag","operator":"!=","subject":"other","value":"healball"},{"test":"has_tag","operator":"!=","subject":"other","value":"heavyball"},{"test":"has_tag","operator":"!=","subject":"other","value":"lureball"},{"test":"has_tag","operator":"!=","subject":"other","value":"luxuryball"},{"test":"has_tag","operator":"!=","subject":"other","value":"moonball"},{"test":"has_tag","operator":"!=","subject":"other","value":"nestball"},{"test":"has_tag","operator":"!=","subject":"other","value":"netball"},{"test":"has_tag","operator":"!=","subject":"other","value":"parkball"},{"test":"has_tag","operator":"!=","subject":"other","value":"premierball"},{"test":"has_tag","operator":"!=","subject":"other","value":"safariball"},{"test":"has_tag","operator":"!=","subject":"other","value":"timerball"}]},"add":{"component_groups":["serp:despawn"]},"run_command":{"command":["particle serp:pokemon_scape ~~~"]}},
{"run_command":{"command":["tp @s ~~0.3~ facing @p","function spawn/transfer"]}},
{"filters":{"test":"has_tag","subject":"other","value":"pokeball"},"add":{"component_groups":["pokeball"]},"run_command":{"command":["scoreboard players set @s ball 1"]}},
{"filters":{"test":"has_tag","subject":"other","value":"greatball"},"add":{"component_groups":["greatball"]},"run_command":{"command":["scoreboard players set @s ball 2"]}},
{"filters":{"test":"has_tag","subject":"other","value":"ultraball"},"add":{"component_groups":["ultraball"]},"run_command":{"command":["scoreboard players set @s ball 3"]}},
{"filters":{"test":"has_tag","subject":"other","value":"masterball"},"add":{"component_groups":["masterball"]},"run_command":{"command":["scoreboard players set @s ball 4"]}},
{"filters":{"test":"has_tag","subject":"other","value":"beastball"},"sequence":[
{"add":{"component_groups":["beastball"]}},
{"filters":{"test":"is_family","subject":"other","value":"ultrabeast"},"run_command":{"command":["tag @s add beast"]}},
{"run_command":{"command":["scoreboard players set @s ball 5"]}}]},
{"filters":{"test":"has_tag","subject":"other","value":"diveball"},"sequence":[
{"add":{"component_groups":["diveball"]}},
{"filters":{"test":"in_water","subject":"other"},"run_command":{"command":["tag @s add diving"]}},
{"run_command":{"command":["scoreboard players set @s ball 6"]}}]},
{"filters":{"test":"has_tag","subject":"other","value":"dreamball"},"sequence":[
{"add":{"component_groups":["dreamball"]}},
{"filters":{"test":"has_tag","subject":"other","value":"dreamball"},"run_command":{"command":["tag @s add dream"]}},
{"run_command":{"command":["scoreboard players set @s ball 7"]}}]},
{"filters":{"test":"has_tag","subject":"other","value":"duskball"},"sequence":[
{"add":{"component_groups":["duskball"]}},
{"filters":{"test":"is_brightness","operator":">=","value":"0.49"},"run_command":{"command":["tag @s add dusk"]}},
{"run_command":{"command":["scoreboard players set @s ball 8"]}}]},
{"filters":{"test":"has_tag","subject":"other","value":"fastball"},"sequence":[
{"add":{"component_groups":["fastball"]}},
{"filters":{"test":"has_tag","subject":"other","value":"fast"},"run_command":{"command":["tag @s add fast"]}},
{"run_command":{"command":["scoreboard players set @s ball 9"]}}]},
{"filters":{"test":"has_tag","subject":"other","value":"friendball"},"add":{"component_groups":["friendball"]},"run_command":{"command":["scoreboard players set @s ball 10"]}},
{"filters":{"test":"has_tag","subject":"other","value":"healball"},"add":{"component_groups":["healball"]},"run_command":{"command":["scoreboard players set @s ball 11"]}},
{"filters":{"test":"has_tag","subject":"other","value":"heavyball"},"sequence":[
{"add":{"component_groups":["heavyball"]}},
{"filters":{"test":"is_family","subject":"other","value":"heavy"},"run_command":{"command":["tag @s add heavy"]}},
{"run_command":{"command":["scoreboard players set @s ball 12"]}}]},
{"filters":{"test":"has_tag","subject":"other","value":"lureball"},"sequence":[
{"add":{"component_groups":["lureball"]}},
{"filters":{"test":"in_water","subject":"other"},"run_command":{"command":["tag @s add diving"]}},
{"run_command":{"command":["scoreboard players set @s ball 13"]}}]},
{"filters":{"test":"has_tag","subject":"other","value":"luxuryball"},"add":{"component_groups":["luxuryball"]},"run_command":{"command":["scoreboard players set @s ball 14"]}},
{"filters":{"test":"has_tag","subject":"other","value":"moonball"},"sequence":[
{"add":{"component_groups":["moonball"]}},
{"filters":{"test":"is_family","subject":"other","value":"moon"},"run_command":{"command":["tag @s add moon"]}},
{"run_command":{"command":["scoreboard players set @s ball 15"]}}]},
{"filters":{"test":"has_tag","subject":"other","value":"nestball"},"sequence":[
{"add":{"component_groups":["nestball"]}},
{"run_command":{"command":["scoreboard players set @s ball 16"]}}]},
{"filters":{"test":"has_tag","subject":"other","value":"netball"},"sequence":[
{"add":{"component_groups":["netball"]}},
{"filters":{"any_of":[{"test":"is_family","subject":"other","value":"bug"},{"test":"is_family","subject":"other","value":"water"}]},"run_command":{"command":["tag @s add net"]}},
{"run_command":{"command":["scoreboard players set @s ball 17"]}}]},
{"filters":{"test":"has_tag","subject":"other","value":"parkball"},"sequence":[
{"add":{"component_groups":["parkball"]}},
{"filters":{"test":"is_biome","value":"plains"},"run_command":{"command":["tag @s add park"]}},
{"run_command":{"command":["scoreboard players set @s ball 18"]}}]},
{"filters":{"test":"has_tag","subject":"other","value":"premierball"},"add":{"component_groups":["premierball"]},"run_command":{"command":["scoreboard players set @s ball 19"]}},
{"filters":{"test":"has_tag","subject":"other","value":"safariball"},"sequence":[
{"add":{"component_groups":["safariball"]}},
{"filters":{"test":"is_biome","value":"savanna"},"run_command":{"command":["tag @s add safari"]}},
{"run_command":{"command":["scoreboard players set @s ball 20"]}}]},
{"filters":{"test":"has_tag","subject":"other","value":"timerball"},"sequence":[
{"add":{"component_groups":["timerball"]}},
{"filters":{"test":"has_tag","subject":"other","value":"battle"},"run_command":{"command":["tag @s add timer"]}},
{"run_command":{"command":["scoreboard players set @s ball 21"]}}]},
{"trigger":"serp:time_up"}
        ]
	    },
    "serp:time_up":{}
    }
  }
}