{
  "format_version":"1.10.0",
  "minecraft:client_entity":{
    "description":{
      "identifier":"pokemon:p254",
      "materials":{"default":"entity_emissive_alpha","aura":"charged_creeper"},
      "textures":{
    "hp":"textures/ui/hp",
    "max_aura":"textures/entity/aura/max",
    "totem_aura":"textures/entity/aura/totem",
    "default":"textures/entity/normal/treecko/sceptile",
    "default_s":"textures/entity/shiny/treecko/sceptile",
    "mega1":"textures/entity/normal/treecko/sceptile_mega",
    "mega_s1":"textures/entity/shiny/treecko/sceptile_mega",
    "max":"textures/entity/normal/treecko/sceptile",
    "max_s":"textures/entity/shiny/treecko/sceptile"
      },
      "geometry":{
    "hp":"geometry.health_bar",
    "aura":"geometry.serpsceptile_aura",
    "default":"geometry.serpsceptile",
    "mega1":"geometry.serpsceptile_mega",
    "max":"geometry.serpsceptile"
      },
      "animations":{
    "health_bar":"animation.sceptile.health_bar",
    "health_bar_mega":"animation.sceptile.health_bar_mega",
    "eyes_controller":"controller.animation.eyes",
    "open":"animation.serpmob.open",
    "close":"animation.serpmob.close",
    "angry":"animation.serpmob.angry",
    "fainted":"animation.serpmob.fainted",
    "quiet":"animation.sceptile.quiet",
    "walk":"animation.sceptile.walk",
    "sit":"animation.sceptile.sitting",
    "attack":"animation.sceptile.attack",
    "jump":"animation.sceptile.jump",
    "swimming":"animation.sceptile.swimming",
    "look_at_target":"animation.common.look_at_target",
    "main_controller":"controller.animation.pokemon_ground",
    "effects_controller":"controller.animation.effects"
      },
      "particle_effects":{
    "shiny":"serp:shiny"
      },
      "scripts":{
        "scale":"1.05",
        "animate":["effects_controller","main_controller",{"health_bar_mega":"query.variant==2"}]
      },
      "render_controllers":[{"controller.render.pokemon":"query.property('serp:v')>=0&&query.property('serp:v')<=2"},{"controller.render.pokemons":"query.property('serp:v')>=3&&query.property('serp:v')<=5"},{"controller.render.max":"query.variant==4"},{"controller.render.totem":"query.variant==6"},"controller.render.hp"]
    }
  }
}