{
	"format_version": "1.12.0",
	"minecraft:geometry": [
		{
			"description": {
				"identifier": "geometry.serprhydon",
				"texture_width": 96,
				"texture_height": 96,
				"visible_bounds_width": 6,
				"visible_bounds_height": 3.5,
				"visible_bounds_offset": [0, 1.25, 0]
			},
			"bones": [
				{
					"name": "rhydon",
					"pivot": [0, 0, 0]
				},
				{
					"name": "body_root",
					"parent": "rhydon",
					"pivot": [0, 3, 0]
				},
				{
					"name": "head",
					"parent": "body_root",
					"pivot": [0, 20, 1],
					"cubes": [
						{"origin": [-4, 19, -6], "size": [8, 7, 9], "uv": [0, 26]},
						{"origin": [0, 25, -2], "size": [0, 4, 5], "uv": [58, 71]},
						{"origin": [-4, 25, -3], "size": [0, 7, 5], "inflate": 0.02, "pivot": [-4, 26, -3], "rotation": [-20, -20, -20], "uv": [0, 59]},
						{"origin": [4, 25, -3], "size": [0, 7, 5], "inflate": 0.02, "pivot": [4, 26, -3], "rotation": [-20, 20, 20], "uv": [0, 59], "mirror": true},
						{"origin": [-4.5, 19.5, -5.5], "size": [1, 6, 8], "uv": [27, 58]},
						{"origin": [3.5, 19.5, -5.5], "size": [1, 6, 8], "uv": [27, 58], "mirror": true},
						{"origin": [-4.5, 19.5, 0.5], "size": [0, 4, 4], "pivot": [-4.5, 21, 0.5], "rotation": [0, -35, 0], "uv": [0, 0]},
						{"origin": [4.5, 19.5, 0.5], "size": [0, 4, 4], "pivot": [4.5, 21, 0.5], "rotation": [0, 35, 0], "uv": [0, 0], "mirror": true},
						{"origin": [-3.5, 19.5, 2.5], "size": [7, 6, 1], "uv": [68, 51]},
						{"origin": [-3.5, 18.5, -5.5], "size": [7, 1, 8], "uv": [31, 0]},
						{"origin": [-3.5, 25.5, -5.5], "size": [7, 1, 8], "uv": [31, 0]},
						{"origin": [-2, 20, -9], "size": [4, 3, 3], "uv": [41, 10]},
						{"origin": [-1.5, 23, -9], "size": [3, 4.95, 3], "pivot": [0, 23, -9], "rotation": [-45, 0, 0], "uv": [0, 72]},
						{"origin": [0, 23, -13], "size": [0, 3, 4], "pivot": [0, 23, -9], "rotation": [-45, 0, 0], "uv": [0, 76]},
						{"origin": [-1.5, 24.5, -13], "size": [3, 0, 4], "pivot": [0, 23, -9], "rotation": [-45, 0, 0], "uv": [-4, 84]},
						{"origin": [-6.3, 20, -9], "size": [4.3, 3, 2], "pivot": [-2, 22, -9], "rotation": [0, 54.5, 0], "uv": [73, 0]},
						{"origin": [2, 20, -9], "size": [4.3, 3, 2], "pivot": [2, 22, -9], "rotation": [0, -54.5, 0], "uv": [73, 0], "mirror": true},
						{"origin": [-4, 19, -8.5], "size": [1, 1, 0], "pivot": [-2, 22, -9], "rotation": [0, 54.5, 0], "uv": [0, 1]},
						{"origin": [3, 19, -8.5], "size": [1, 1, 0], "pivot": [2, 22, -9], "rotation": [0, -54.5, 0], "uv": [0, 1], "mirror": true},
						{"origin": [-8.17421, 19, -8.75577], "size": [2, 5, 0], "pivot": [-2.17421, 21, -8.75577], "rotation": [0, 54.5, 0], "uv": [21, 43]},
						{"origin": [6.17421, 19, -8.75577], "size": [2, 5, 0], "pivot": [2.17421, 21, -8.75577], "rotation": [0, -54.5, 0], "uv": [21, 43], "mirror": true},
						{"origin": [-4.5, 19, -8.5], "size": [3, 1, 2], "pivot": [-1.5, 20, -8.5], "rotation": [0, 56.4, 0], "uv": [73, 6]},
						{"origin": [1.5, 19, -8.5], "size": [3, 1, 2], "pivot": [1.5, 20, -8.5], "rotation": [0, -56.4, 0], "uv": [73, 6], "mirror": true},
						{"origin": [-1.5, 19, -8.5], "size": [3, 1, 3], "uv": [60, 17]}
					]
				},
				{
					"name": "open_eyes",
					"parent": "head",
					"pivot": [0, 20, 1],
					"cubes": [
						{"origin": [-4, 23, -9], "size": [0, 3, 3], "pivot": [-4, 24, -6], "rotation": [0, -45, 0], "uv": [0, 23]},
						{"origin": [4, 23, -9], "size": [0, 3, 3], "pivot": [4, 24, -6], "rotation": [0, 45, 0], "uv": [0, 23], "mirror": true}
					]
				},
				{
					"name": "closed_eyes",
					"parent": "head",
					"pivot": [0, 20, 1],
					"cubes": [
						{"origin": [-4, 23, -9], "size": [0, 3, 3], "pivot": [-4, 24, -6], "rotation": [0, -45, 0], "uv": [0, 26]},
						{"origin": [4, 23, -9], "size": [0, 3, 3], "pivot": [4, 24, -6], "rotation": [0, 45, 0], "uv": [0, 26], "mirror": true}
					]
				},
				{
					"name": "angry_eyes",
					"parent": "head",
					"pivot": [0, 20, 1],
					"cubes": [
						{"origin": [-4, 23, -9], "size": [0, 3, 3], "pivot": [-4, 24, -6], "rotation": [0, -45, 0], "uv": [0, 29]},
						{"origin": [4, 23, -9], "size": [0, 3, 3], "pivot": [4, 24, -6], "rotation": [0, 45, 0], "uv": [0, 29], "mirror": true}
					]
				},
				{
					"name": "body",
					"parent": "body_root",
					"pivot": [0, 3, 0],
					"cubes": [
						{"origin": [-4.5, 2.5, -4.5], "size": [9, 1, 9], "uv": [32, 17]},
						{"origin": [-4.5, 17.5, -4.5], "size": [9, 1, 9], "uv": [32, 17]},
						{"origin": [-4.5, 3.5, -5.5], "size": [9, 14, 1], "uv": [47, 41]},
						{"origin": [-4.5, 3.5, 4.5], "size": [9, 14, 1], "uv": [0, 43]},
						{"origin": [-5.5, 3.5, -4.5], "size": [1, 14, 9], "uv": [26, 34]},
						{"origin": [4.5, 3.5, -4.5], "size": [1, 14, 9], "uv": [26, 34], "mirror": true},
						{"origin": [-5, 3, -5], "size": [10, 15, 10], "uv": [0, 0]},
						{"origin": [-5, 12, -5.5], "size": [10, 6, 2], "pivot": [0, 18, -5.5], "rotation": [-5, 0, 0], "uv": [45, 57]},
						{"origin": [0, 3, 5], "size": [0, 15, 3], "uv": [14, 59]},
						{"origin": [0, 18, 2], "size": [0, 3, 3], "uv": [17, 56]}
					]
				},
				{
					"name": "tail",
					"parent": "body",
					"pivot": [0, 5.5, 5.5],
					"cubes": [
						{"origin": [-2.5, 3, 5], "size": [5, 5, 7], "uv": [38, 28]},
						{"origin": [-2, 4, 12], "size": [4, 4, 6], "pivot": [0, 4, 12], "rotation": [25, 0, 0], "uv": [63, 22]},
						{"origin": [-1.5, 7.16094, 13.74737], "size": [3, 3, 5], "pivot": [-0.5, 10.16094, 15.74737], "rotation": [50, 0, 0], "uv": [68, 42]}
					]
				},
				{
					"name": "arms",
					"parent": "body_root",
					"pivot": [0, 17.5, 0]
				},
				{
					"name": "right_arm",
					"parent": "arms",
					"pivot": [-5, 17.5, 0],
					"rotation": [0, 0, 30],
					"cubes": [
						{"origin": [-8.75, 13, -2.25], "size": [4.5, 4.5, 4.5], "uv": [67, 33]},
						{"origin": [-8, 11, -1.5], "size": [3, 2, 3], "uv": [26, 28]},
						{"origin": [-8.5, 6, -2], "size": [4, 5, 4], "pivot": [-6.5, 11, 1.5], "rotation": [-25, 0, 0], "uv": [46, 66]},
						{"origin": [-8, 5, -1.5], "size": [2, 1, 3], "pivot": [-6.5, 11, 1.5], "rotation": [-25, 0, 0], "uv": [73, 17]}
					]
				},
				{
					"name": "left_arm",
					"parent": "arms",
					"pivot": [5, 17.5, 0],
					"rotation": [0, 0, -30],
					"cubes": [
						{"origin": [4.25, 13, -2.25], "size": [4.5, 4.5, 4.5], "uv": [67, 33], "mirror": true},
						{"origin": [5, 11, -1.5], "size": [3, 2, 3], "uv": [26, 28], "mirror": true},
						{"origin": [4.5, 6, -2], "size": [4, 5, 4], "pivot": [6.5, 11, 1.5], "rotation": [-25, 0, 0], "uv": [46, 66], "mirror": true},
						{"origin": [6, 5, -1.5], "size": [2, 1, 3], "pivot": [6.5, 11, 1.5], "rotation": [-25, 0, 0], "uv": [73, 17], "mirror": true}
					]
				},
				{
					"name": "legs",
					"parent": "rhydon",
					"pivot": [0, 8, 0]
				},
				{
					"name": "right_leg",
					"parent": "legs",
					"pivot": [-6, 9, 0],
					"cubes": [
						{"origin": [-8, 3.05025, -7.87868], "size": [5, 6, 6], "pivot": [-3, 1.05025, -2.87868], "rotation": [-45, 0, 0], "uv": [56, 4]},
						{"origin": [-7.5, 0, -5], "size": [4, 6, 5], "uv": [65, 61]},
						{"origin": [-7.5, 0, -6], "size": [4, 2, 1], "uv": [54, 0]},
						{"origin": [-7.5, 0, -6], "size": [4, 2, 0], "pivot": [-5.5, 2, -6], "rotation": [-30, 0, 0], "uv": [36, 28]}
					]
				},
				{
					"name": "left_leg",
					"parent": "legs",
					"pivot": [6, 9, 0],
					"cubes": [
						{"origin": [3, 3.05025, -7.87868], "size": [5, 6, 6], "pivot": [3, 1.05025, -2.87868], "rotation": [-45, 0, 0], "uv": [56, 4], "mirror": true},
						{"origin": [3.5, 0, -5], "size": [4, 6, 5], "uv": [65, 61], "mirror": true},
						{"origin": [3.5, 0, -6], "size": [4, 2, 1], "uv": [54, 0], "mirror": true},
						{"origin": [3.5, 0, -6], "size": [4, 2, 0], "pivot": [5.5, 2, -6], "rotation": [-30, 0, 0], "uv": [36, 28], "mirror": true}
					]
				}
			]
		},
		{
			"description": {
				"identifier": "geometry.serprhydon_aura",
				"texture_width": 96,
				"texture_height": 96,
				"visible_bounds_width": 6,
				"visible_bounds_height": 3.5,
				"visible_bounds_offset": [0, 1.25, 0]
			},
			"bones": [
				{
					"name": "rhydon",
					"pivot": [0, 0, 0]
				},
				{
					"name": "body_root",
					"parent": "rhydon",
					"pivot": [0, 3, 0]
				},
				{
					"name": "head",
					"parent": "body_root",
					"pivot": [0, 20, 1],
					"cubes": [
						{"origin": [-4, 19, -6], "size": [8, 7, 9], "inflate": 0.25, "uv": [0, 26]},
						{"origin": [0, 25, -2], "size": [0, 4, 5], "inflate": 0.25, "uv": [58, 71]},
						{"origin": [-4, 25, -3], "size": [0, 7, 5], "inflate": 0.25, "pivot": [-4, 26, -3], "rotation": [-20, -20, -20], "uv": [0, 59]},
						{"origin": [4, 25, -3], "size": [0, 7, 5], "inflate": 0.25, "pivot": [4, 26, -3], "rotation": [-20, 20, 20], "uv": [0, 59], "mirror": true},
						{"origin": [-4.5, 19.5, -5.5], "size": [1, 6, 8], "inflate": 0.25, "uv": [27, 58]},
						{"origin": [3.5, 19.5, -5.5], "size": [1, 6, 8], "inflate": 0.25, "uv": [27, 58], "mirror": true},
						{"origin": [-4.5, 19.5, 0.5], "size": [0, 4, 4], "inflate": 0.25, "pivot": [-4.5, 21, 0.5], "rotation": [0, -35, 0], "uv": [0, 0]},
						{"origin": [4.5, 19.5, 0.5], "size": [0, 4, 4], "inflate": 0.25, "pivot": [4.5, 21, 0.5], "rotation": [0, 35, 0], "uv": [0, 0], "mirror": true},
						{"origin": [-3.5, 19.5, 2.5], "size": [7, 6, 1], "inflate": 0.25, "uv": [68, 51]},
						{"origin": [-3.5, 18.5, -5.5], "size": [7, 1, 8], "inflate": 0.25, "uv": [31, 0]},
						{"origin": [-3.5, 25.5, -5.5], "size": [7, 1, 8], "inflate": 0.25, "uv": [31, 0]},
						{"origin": [-2, 20, -9], "size": [4, 3, 3], "inflate": 0.25, "uv": [41, 10]},
						{"origin": [-1.5, 23, -9], "size": [3, 4.95, 3], "inflate": 0.25, "pivot": [0, 23, -9], "rotation": [-45, 0, 0], "uv": [0, 72]},
						{"origin": [0, 23, -13], "size": [0, 3, 4], "inflate": 0.25, "pivot": [0, 23, -9], "rotation": [-45, 0, 0], "uv": [0, 76]},
						{"origin": [-1.5, 24.5, -13], "size": [3, 0, 4], "inflate": 0.25, "pivot": [0, 23, -9], "rotation": [-45, 0, 0], "uv": [-4, 84]},
						{"origin": [-6.3, 20, -9], "size": [4.3, 3, 2], "inflate": 0.25, "pivot": [-2, 22, -9], "rotation": [0, 54.5, 0], "uv": [73, 0]},
						{"origin": [2, 20, -9], "size": [4.3, 3, 2], "inflate": 0.25, "pivot": [2, 22, -9], "rotation": [0, -54.5, 0], "uv": [73, 0], "mirror": true},
						{"origin": [-4, 19, -8.5], "size": [1, 1, 0], "inflate": 0.25, "pivot": [-2, 22, -9], "rotation": [0, 54.5, 0], "uv": [0, 1]},
						{"origin": [3, 19, -8.5], "size": [1, 1, 0], "inflate": 0.25, "pivot": [2, 22, -9], "rotation": [0, -54.5, 0], "uv": [0, 1], "mirror": true},
						{"origin": [-8.17421, 19, -8.75577], "size": [2, 5, 0], "inflate": 0.25, "pivot": [-2.17421, 21, -8.75577], "rotation": [0, 54.5, 0], "uv": [21, 43]},
						{"origin": [6.17421, 19, -8.75577], "size": [2, 5, 0], "inflate": 0.25, "pivot": [2.17421, 21, -8.75577], "rotation": [0, -54.5, 0], "uv": [21, 43], "mirror": true},
						{"origin": [-4.5, 19, -8.5], "size": [3, 1, 2], "inflate": 0.25, "pivot": [-1.5, 20, -8.5], "rotation": [0, 56.4, 0], "uv": [73, 6]},
						{"origin": [1.5, 19, -8.5], "size": [3, 1, 2], "inflate": 0.25, "pivot": [1.5, 20, -8.5], "rotation": [0, -56.4, 0], "uv": [73, 6], "mirror": true},
						{"origin": [-1.5, 19, -8.5], "size": [3, 1, 3], "inflate": 0.25, "uv": [60, 17]}
					]
				},
				{
					"name": "open_eyes",
					"parent": "head",
					"pivot": [0, 20, 1],
					"cubes": [
						{"origin": [-4, 23, -9], "size": [0, 3, 3], "inflate": 0.25, "pivot": [-4, 24, -6], "rotation": [0, -45, 0], "uv": [0, 23]},
						{"origin": [4, 23, -9], "size": [0, 3, 3], "inflate": 0.25, "pivot": [4, 24, -6], "rotation": [0, 45, 0], "uv": [0, 23], "mirror": true}
					]
				},
				{
					"name": "closed_eyes",
					"parent": "head",
					"pivot": [0, 20, 1],
					"cubes": [
						{"origin": [-4, 23, -9], "size": [0, 3, 3], "inflate": 0.25, "pivot": [-4, 24, -6], "rotation": [0, -45, 0], "uv": [0, 26]},
						{"origin": [4, 23, -9], "size": [0, 3, 3], "inflate": 0.25, "pivot": [4, 24, -6], "rotation": [0, 45, 0], "uv": [0, 26], "mirror": true}
					]
				},
				{
					"name": "angry_eyes",
					"parent": "head",
					"pivot": [0, 20, 1],
					"cubes": [
						{"origin": [-4, 23, -9], "size": [0, 3, 3], "inflate": 0.25, "pivot": [-4, 24, -6], "rotation": [0, -45, 0], "uv": [0, 29]},
						{"origin": [4, 23, -9], "size": [0, 3, 3], "inflate": 0.25, "pivot": [4, 24, -6], "rotation": [0, 45, 0], "uv": [0, 29], "mirror": true}
					]
				},
				{
					"name": "body",
					"parent": "body_root",
					"pivot": [0, 3, 0],
					"cubes": [
						{"origin": [-4.5, 2.5, -4.5], "size": [9, 1, 9], "inflate": 0.25, "uv": [32, 17]},
						{"origin": [-4.5, 17.5, -4.5], "size": [9, 1, 9], "inflate": 0.25, "uv": [32, 17]},
						{"origin": [-4.5, 3.5, -5.5], "size": [9, 14, 1], "inflate": 0.25, "uv": [47, 41]},
						{"origin": [-4.5, 3.5, 4.5], "size": [9, 14, 1], "inflate": 0.25, "uv": [0, 43]},
						{"origin": [-5.5, 3.5, -4.5], "size": [1, 14, 9], "inflate": 0.25, "uv": [26, 34]},
						{"origin": [4.5, 3.5, -4.5], "size": [1, 14, 9], "inflate": 0.25, "uv": [26, 34], "mirror": true},
						{"origin": [-5, 3, -5], "size": [10, 15, 10], "inflate": 0.25, "uv": [0, 0]},
						{"origin": [-5, 12, -5.5], "size": [10, 6, 2], "inflate": 0.25, "pivot": [0, 18, -5.5], "rotation": [-5, 0, 0], "uv": [45, 57]},
						{"origin": [0, 3, 5], "size": [0, 15, 3], "inflate": 0.25, "uv": [14, 59]},
						{"origin": [0, 18, 2], "size": [0, 3, 3], "inflate": 0.25, "uv": [17, 56]}
					]
				},
				{
					"name": "tail",
					"parent": "body",
					"pivot": [0, 5.5, 5.5],
					"cubes": [
						{"origin": [-2.5, 3, 5], "size": [5, 5, 7], "inflate": 0.25, "uv": [38, 28]},
						{"origin": [-2, 4, 12], "size": [4, 4, 6], "inflate": 0.25, "pivot": [0, 4, 12], "rotation": [25, 0, 0], "uv": [63, 22]},
						{"origin": [-1.5, 7.16094, 13.74737], "size": [3, 3, 5], "inflate": 0.25, "pivot": [-0.5, 10.16094, 15.74737], "rotation": [50, 0, 0], "uv": [68, 42]}
					]
				},
				{
					"name": "arms",
					"parent": "body_root",
					"pivot": [0, 17.5, 0]
				},
				{
					"name": "right_arm",
					"parent": "arms",
					"pivot": [-5, 17.5, 0],
					"rotation": [0, 0, 30],
					"cubes": [
						{"origin": [-8.75, 13, -2.25], "size": [4.5, 4.5, 4.5], "inflate": 0.25, "uv": [67, 33]},
						{"origin": [-8, 11, -1.5], "size": [3, 2, 3], "inflate": 0.25, "uv": [26, 28]},
						{"origin": [-8.5, 6, -2], "size": [4, 5, 4], "inflate": 0.25, "pivot": [-6.5, 11, 1.5], "rotation": [-25, 0, 0], "uv": [46, 66]},
						{"origin": [-8, 5, -1.5], "size": [2, 1, 3], "inflate": 0.25, "pivot": [-6.5, 11, 1.5], "rotation": [-25, 0, 0], "uv": [73, 17]}
					]
				},
				{
					"name": "left_arm",
					"parent": "arms",
					"pivot": [5, 17.5, 0],
					"rotation": [0, 0, -30],
					"cubes": [
						{"origin": [4.25, 13, -2.25], "size": [4.5, 4.5, 4.5], "inflate": 0.25, "uv": [67, 33], "mirror": true},
						{"origin": [5, 11, -1.5], "size": [3, 2, 3], "inflate": 0.25, "uv": [26, 28], "mirror": true},
						{"origin": [4.5, 6, -2], "size": [4, 5, 4], "inflate": 0.25, "pivot": [6.5, 11, 1.5], "rotation": [-25, 0, 0], "uv": [46, 66], "mirror": true},
						{"origin": [6, 5, -1.5], "size": [2, 1, 3], "inflate": 0.25, "pivot": [6.5, 11, 1.5], "rotation": [-25, 0, 0], "uv": [73, 17], "mirror": true}
					]
				},
				{
					"name": "legs",
					"parent": "rhydon",
					"pivot": [0, 8, 0]
				},
				{
					"name": "right_leg",
					"parent": "legs",
					"pivot": [-6, 9, 0],
					"cubes": [
						{"origin": [-8, 3.05025, -7.87868], "size": [5, 6, 6], "inflate": 0.25, "pivot": [-3, 1.05025, -2.87868], "rotation": [-45, 0, 0], "uv": [56, 4]},
						{"origin": [-7.5, 0, -5], "size": [4, 6, 5], "inflate": 0.25, "uv": [65, 61]},
						{"origin": [-7.5, 0, -6], "size": [4, 2, 1], "inflate": 0.25, "uv": [54, 0]},
						{"origin": [-7.5, 0, -6], "size": [4, 2, 0], "inflate": 0.25, "pivot": [-5.5, 2, -6], "rotation": [-30, 0, 0], "uv": [36, 28]}
					]
				},
				{
					"name": "left_leg",
					"parent": "legs",
					"pivot": [6, 9, 0],
					"cubes": [
						{"origin": [3, 3.05025, -7.87868], "size": [5, 6, 6], "inflate": 0.25, "pivot": [3, 1.05025, -2.87868], "rotation": [-45, 0, 0], "uv": [56, 4], "mirror": true},
						{"origin": [3.5, 0, -5], "size": [4, 6, 5], "inflate": 0.25, "uv": [65, 61], "mirror": true},
						{"origin": [3.5, 0, -6], "size": [4, 2, 1], "inflate": 0.25, "uv": [54, 0], "mirror": true},
						{"origin": [3.5, 0, -6], "size": [4, 2, 0], "inflate": 0.25, "pivot": [5.5, 2, -6], "rotation": [-30, 0, 0], "uv": [36, 28], "mirror": true}
					]
				}
			]
		}
	]
}