{
  "format_version":"1.10.0",
  "minecraft:client_entity":{
    "description":{
      "identifier":"pokemon:p53",
      "materials":{"default":"entity_emissive_alpha","aura":"charged_creeper"},
      "textures":{
    "hp":"textures/ui/hp",
    "max_aura":"textures/entity/aura/max",
    "totem_aura":"textures/entity/aura/totem",
    "default":"textures/entity/normal/meowth/persian",
    "default_s":"textures/entity/shiny/meowth/persian",
    "max":"textures/entity/normal/meowth/persian",
    "max_s":"textures/entity/shiny/meowth/persian"
      },
      "geometry":{
    "hp":"geometry.health_bar",
    "aura":"geometry.serppersian_aura",
    "default":"geometry.serppersian",
    "max":"geometry.serppersian"
      },
      "animations":{
    "health_bar":"animation.persian.health_bar",
    "eyes_controller":"controller.animation.eyes",
    "open":"animation.serpmob.open",
    "close":"animation.serpmob.close",
    "angry":"animation.serpmob.angry",
    "fainted":"animation.serpmob.fainted",
    "quiet":"animation.persian.quiet",
    "walk":"animation.persian.walk",
    "sit":"animation.persian.sitting",
    "attack":"animation.persian.attack",
    "jump":"animation.persian.jump",
    "swimming":"animation.persian.swimming",
    "look_at_target":"animation.common.look_at_target",
    "main_controller":"controller.animation.pokemon_ground",
    "effects_controller":"controller.animation.effects"
      },
      "particle_effects":{
    "shiny":"serp:shiny"
      },
      "scripts":{
        "scale":"1.2",
        "animate":["effects_controller","main_controller"]
      },
      "render_controllers":[{"controller.render.pokemon_a":"query.property('serp:v')>=0&&query.property('serp:v')<=2"},{"controller.render.pokemons_a":"query.property('serp:v')>=3&&query.property('serp:v')<=5"},{"controller.render.max":"query.variant==4"},{"controller.render.totem":"query.variant==6"},"controller.render.hp"]
    }
  }
}