{
	"format_version": "1.12.0",
	"minecraft:geometry": [
		{
			"description": {
				"identifier": "geometry.serpkakuna",
				"texture_width": 64,
				"texture_height": 64,
				"visible_bounds_width": 2,
				"visible_bounds_height": 2.5,
				"visible_bounds_offset": [0, 0.75, 0]
			},
			"bones": [
				{
				"name": "pokedex",
				"pivot": [0, 30, 0],
				"locators": {
		"pokedex": [0, 30, 0]
					}
				},
				{
					"name": "kakuna",
					"pivot": [0, 0, 0],
					"cubes": [
						{"origin": [-2, 0, -2], "size": [4, 6, 4], "uv": [21, 33]},
						{"origin": [-3, 3, -3], "size": [6, 7, 6], "uv": [23, 19]},
						{"origin": [-2, 3, -4], "size": [2, 9, 0], "pivot": [0, 6, -4], "rotation": [0, 30, 0], "uv": [23, 44]},
						{"origin": [0, 3, -4], "size": [2, 9, 0], "pivot": [0, 6, -4], "rotation": [0, -30, 0], "uv": [23, 44], "mirror": true},
						{"origin": [-3.5, 4, -2.5], "size": [1, 6, 5], "uv": [10, 42]},
						{"origin": [2.5, 4, -2.5], "size": [1, 6, 5], "uv": [10, 42], "mirror": true},
						{"origin": [-2.5, 4, 2.5], "size": [5, 5, 1], "uv": [42, 16]},
						{"origin": [-2.5, 4, -3.2], "size": [5, 6, 1], "uv": [42, 16]},
						{"origin": [-3, 10, -3], "size": [6, 2, 6], "uv": [0, 27]},
						{"origin": [-3.5, 11.5, -3.5], "size": [7, 5, 7], "uv": [0, 0]},
						{"origin": [-3, 12, 3], "size": [6, 4, 1], "uv": [41, 33]},
						{"origin": [3, 12, -3], "size": [1, 4, 6], "uv": [32, 38]},
						{"origin": [-4, 12, -3], "size": [1, 4, 6], "uv": [0, 35]},
						{"origin": [-3, 16, -3], "size": [6, 1, 6], "uv": [23, 7]},
						{"origin": [-3, 12, -4], "size": [6, 4, 1], "uv": [22, 0]},
						{"origin": [-3.5, 12.5, -4.02], "size": [7, 3, 0], "uv": [0, 54]},
						{"origin": [-3.5, 8, -3.5], "size": [7, 3, 7], "inflate": 0.01, "uv": [0, 13]}
					]
				}
			]
		},
		{
			"description": {
				"identifier": "geometry.serpkakuna_aura",
				"texture_width": 64,
				"texture_height": 64,
				"visible_bounds_width": 2,
				"visible_bounds_height": 2.5,
				"visible_bounds_offset": [0, 0.75, 0]
			},
			"bones": [
				{
					"name": "pokedex",
					"pivot": [0, 30, 0],
					"locators": {
						"pokedex": [0, 30, 0]
					}
				},
				{
					"name": "kakuna",
					"pivot": [0, 0, 0],
					"cubes": [
						{"origin": [-2, 0, -2], "size": [4, 6, 4], "inflate": 0.25, "uv": [21, 33]},
						{"origin": [-3, 3, -3], "size": [6, 7, 6], "inflate": 0.25, "uv": [23, 19]},
						{"origin": [-2, 3, -4], "size": [2, 9, 0], "inflate": 0.25, "pivot": [0, 6, -4], "rotation": [0, 30, 0], "uv": [23, 44]},
						{"origin": [0, 3, -4], "size": [2, 9, 0], "inflate": 0.25, "pivot": [0, 6, -4], "rotation": [0, -30, 0], "uv": [23, 44], "mirror": true},
						{"origin": [-3.5, 4, -2.5], "size": [1, 6, 5], "inflate": 0.25, "uv": [10, 42]},
						{"origin": [2.5, 4, -2.5], "size": [1, 6, 5], "inflate": 0.25, "uv": [10, 42], "mirror": true},
						{"origin": [-2.5, 4, 2.5], "size": [5, 5, 1], "inflate": 0.25, "uv": [42, 16]},
						{"origin": [-2.5, 4, -3.2], "size": [5, 6, 1], "inflate": 0.25, "uv": [42, 16]},
						{"origin": [-3, 10, -3], "size": [6, 2, 6], "inflate": 0.25, "uv": [0, 27]},
						{"origin": [-3.5, 11.5, -3.5], "size": [7, 5, 7], "inflate": 0.25, "uv": [0, 0]},
						{"origin": [-3, 12, 3], "size": [6, 4, 1], "inflate": 0.25, "uv": [41, 33]},
						{"origin": [3, 12, -3], "size": [1, 4, 6], "inflate": 0.25, "uv": [32, 38]},
						{"origin": [-4, 12, -3], "size": [1, 4, 6], "inflate": 0.25, "uv": [0, 35]},
						{"origin": [-3, 16, -3], "size": [6, 1, 6], "inflate": 0.25, "uv": [23, 7]},
						{"origin": [-3, 12, -4], "size": [6, 4, 1], "inflate": 0.25, "uv": [22, 0]},
						{"origin": [-3.5, 12.5, -4.02], "size": [7, 3, 0], "inflate": 0.25, "uv": [0, 54]},
						{"origin": [-3.5, 8, -3.5], "size": [7, 3, 7], "inflate": 0.25, "uv": [0, 13]}
					]
				}
			]
		}
	]
}