{
	"format_version": "1.12.0",
	"minecraft:geometry": [
		{
			"description": {
				"identifier": "geometry.serpweedle",
				"texture_width": 64,
				"texture_height": 64,
				"visible_bounds_width": 4,
				"visible_bounds_height": 4,
				"visible_bounds_offset": [0, 1, 0]
			},
			"bones": [
				{
					"name": "weedle",
					"pivot": [0, 0, -3]
				},
				{
				"name": "pokedex",
				"pivot": [0, 52, 0],
				"locators": {
		"pokedex": [0, 52, 0]
					}
				},
				{
					"name": "head",
					"parent": "weedle",
					"pivot": [0, 19, 0],
					"cubes": [
						{"origin": [-4, 15, -4], "size": [8, 8, 8], "uv": [0, 0]},
						{"origin": [-5, 16, -3], "size": [1, 6, 6], "uv": [26, 41]},
						{"origin": [4, 16, -3], "size": [1, 6, 6], "uv": [0, 40]},
						{"origin": [-3, 16, 4], "size": [6, 6, 1], "uv": [44, 27]},
						{"origin": [-3, 16, -5], "size": [6, 6, 1], "uv": [44, 9]},
						{"origin": [-3, 23, -3], "size": [6, 1, 6], "uv": [26, 10]},
						{"origin": [-3, 14, -3], "size": [6, 1, 6], "uv": [24, 0]},
						{"origin": [-1, 24, -1], "size": [2, 2, 2], "uv": [20, 43]},
						{"origin": [-0.5, 26, -0.5], "size": [1, 1, 1], "uv": [0, 6]},
						{"origin": [-2, 17, -6], "size": [4, 2, 2], "uv": [18, 18]}
					]
				},
				{
					"name": "body1",
					"parent": "weedle",
					"pivot": [0, 6, 0],
					"cubes": [
						{"origin": [-2.8, 2.2, -1.8], "size": [5.6, 5.6, 5.6], "inflate": -0.2, "pivot": [0, 0, 5], "rotation": [10, 0, 0], "uv": [32, 17]},
						{"origin": [-1.8, 2.2, -2.8], "size": [3.6, 3.6, 1.6], "inflate": -0.2, "pivot": [0, -1, 0], "rotation": [10, 0, 0], "uv": [34, 41]},
						{"origin": [2.2, 3.2, -0.8], "size": [1.6, 3.6, 3.6], "inflate": -0.2, "pivot": [5, 0, 5], "rotation": [10, 0, 0], "uv": [24, 34]},
						{"origin": [-3.8, 3.2, -0.8], "size": [1.6, 3.6, 3.6], "inflate": -0.2, "pivot": [-1, 0, 5], "rotation": [10, 0, 0], "uv": [0, 0]}
					]
				},
				{
					"name": "body2",
					"parent": "weedle",
					"pivot": [0, 10, 0],
					"cubes": [
						{"origin": [-3, 6, -3], "size": [6, 8, 6], "inflate": 0.1, "uv": [0, 16]},
						{"origin": [-4, 7, -2], "size": [1, 6, 4], "inflate": 0.1, "uv": [48, 37]},
						{"origin": [3, 7, -2], "size": [1, 6, 4], "inflate": 0.1, "uv": [14, 43]},
						{"origin": [-2, 7, -4], "size": [4, 6, 1], "inflate": 0.1, "uv": [50, 50]},
						{"origin": [-2, 7, 3], "size": [4, 6, 1], "inflate": 0.1, "uv": [40, 49]}
					]
				},
				{
					"name": "tail",
					"parent": "weedle",
					"pivot": [0, 3, 1],
					"cubes": [
						{"origin": [-2, 2, -1], "size": [4, 4, 6], "pivot": [0, 2, -3], "rotation": [-15, 0, 0], "uv": [0, 30]},
						{"origin": [-2, 0, 5], "size": [4, 4, 8], "pivot": [0, 0, 5], "rotation": [20, 0, 0], "uv": [16, 22]},
						{"origin": [-2.5, 1, 6], "size": [1, 2, 6], "pivot": [-4, 0, 5], "rotation": [20, 0, 0], "uv": [42, 1]},
						{"origin": [1.5, 1, 6], "size": [1, 2, 6], "pivot": [-1, 0, 5], "rotation": [20, 0, 0], "uv": [40, 41]},
						{"origin": [-1, 3, 3], "size": [2, 1, 8], "pivot": [0, 3, 3], "rotation": [20, 0, 0], "uv": [12, 34]},
						{"origin": [-1, -1, 4], "size": [2, 1, 8], "pivot": [0, -1, 4], "rotation": [20, 0, 0], "uv": [32, 32]},
						{"origin": [-1, 8, 11], "size": [2, 4, 2], "pivot": [2, 8, 7], "rotation": [-27.5, 0, 0], "uv": [32, 34]}
					]
				}
			]
		},
		{
			"description": {
				"identifier": "geometry.serpweedle_aura",
				"texture_width": 64,
				"texture_height": 64,
				"visible_bounds_width": 4,
				"visible_bounds_height": 4,
				"visible_bounds_offset": [0, 1, 0]
			},
			"bones": [
				{
					"name": "weedle",
					"pivot": [0, 0, -3]
				},
				{
					"name": "head",
					"parent": "weedle",
					"pivot": [0, 19, 0],
					"cubes": [
						{"origin": [-4, 15, -4], "size": [8, 8, 8], "inflate": 0.25, "uv": [0, 0]},
						{"origin": [-5, 16, -3], "size": [1, 6, 6], "inflate": 0.25, "uv": [26, 41]},
						{"origin": [4, 16, -3], "size": [1, 6, 6], "inflate": 0.25, "uv": [0, 40]},
						{"origin": [-3, 16, 4], "size": [6, 6, 1], "inflate": 0.25, "uv": [44, 27]},
						{"origin": [-3, 16, -5], "size": [6, 6, 1], "inflate": 0.25, "uv": [44, 9]},
						{"origin": [-3, 23, -3], "size": [6, 1, 6], "inflate": 0.25, "uv": [26, 10]},
						{"origin": [-3, 14, -3], "size": [6, 1, 6], "inflate": 0.25, "uv": [24, 0]},
						{"origin": [-1, 24, -1], "size": [2, 2, 2], "inflate": 0.25, "uv": [20, 43]},
						{"origin": [-0.5, 26, -0.5], "size": [1, 1, 1], "inflate": 0.25, "uv": [0, 6]},
						{"origin": [-2, 17, -6], "size": [4, 2, 2], "inflate": 0.25, "uv": [18, 18]}
					]
				},
				{
					"name": "body1",
					"parent": "weedle",
					"pivot": [0, 6, 0],
					"cubes": [
						{"origin": [-2.8, 2.2, -1.8], "size": [5.6, 5.6, 5.6], "inflate": 0.25, "pivot": [0, 0, 5], "rotation": [10, 0, 0], "uv": [32, 17]},
						{"origin": [-1.8, 2.2, -2.8], "size": [3.6, 3.6, 1.6], "inflate": 0.25, "pivot": [0, -1, 0], "rotation": [10, 0, 0], "uv": [34, 41]},
						{"origin": [2.2, 3.2, -0.8], "size": [1.6, 3.6, 3.6], "inflate": 0.25, "pivot": [5, 0, 5], "rotation": [10, 0, 0], "uv": [24, 34]},
						{"origin": [-3.8, 3.2, -0.8], "size": [1.6, 3.6, 3.6], "inflate": 0.25, "pivot": [-1, 0, 5], "rotation": [10, 0, 0], "uv": [0, 0]}
					]
				},
				{
					"name": "body2",
					"parent": "weedle",
					"pivot": [0, 10, 0],
					"cubes": [
						{"origin": [-3, 6, -3], "size": [6, 8, 6], "inflate": 0.25, "uv": [0, 16]},
						{"origin": [-4, 7, -2], "size": [1, 6, 4], "inflate": 0.25, "uv": [48, 37]},
						{"origin": [3, 7, -2], "size": [1, 6, 4], "inflate": 0.25, "uv": [14, 43]},
						{"origin": [-2, 7, -4], "size": [4, 6, 1], "inflate": 0.25, "uv": [50, 50]},
						{"origin": [-2, 7, 3], "size": [4, 6, 1], "inflate": 0.25, "uv": [40, 49]}
					]
				},
				{
					"name": "tail",
					"parent": "weedle",
					"pivot": [0, 3, 1],
					"cubes": [
						{"origin": [-2, 2, -1], "size": [4, 4, 6], "inflate": 0.25, "pivot": [0, 2, -3], "rotation": [-15, 0, 0], "uv": [0, 30]},
						{"origin": [-2, 0, 5], "size": [4, 4, 8], "inflate": 0.25, "pivot": [0, 0, 5], "rotation": [20, 0, 0], "uv": [16, 22]},
						{"origin": [-2.5, 1, 6], "size": [1, 2, 6], "inflate": 0.25, "pivot": [-4, 0, 5], "rotation": [20, 0, 0], "uv": [42, 1]},
						{"origin": [1.5, 1, 6], "size": [1, 2, 6], "inflate": 0.25, "pivot": [-1, 0, 5], "rotation": [20, 0, 0], "uv": [40, 41]},
						{"origin": [-1, 3, 3], "size": [2, 1, 8], "inflate": 0.25, "pivot": [0, 3, 3], "rotation": [20, 0, 0], "uv": [12, 34]},
						{"origin": [-1, -1, 4], "size": [2, 1, 8], "inflate": 0.25, "pivot": [0, -1, 4], "rotation": [20, 0, 0], "uv": [32, 32]},
						{"origin": [-1, 8, 11], "size": [2, 4, 2], "inflate": 0.25, "pivot": [2, 8, 7], "rotation": [-27.5, 0, 0], "uv": [32, 34]}
					]
				},
				{
					"name": "pokedex",
					"pivot": [0, 52, 0],
					"locators": {
						"pokedex": [0, 52, 0]
					}
				}
			]
		}
	]
}