{
	"format_version": "1.12.0",
	"minecraft:geometry": [
		{
			"description": {
				"identifier": "geometry.serpbeedrill",
				"texture_width": 64,
				"texture_height": 64,
				"visible_bounds_width": 3,
				"visible_bounds_height": 4,
				"visible_bounds_offset": [0, 1, 0]
			},
			"bones": [
				{
					"name": "beedrill",
					"pivot": [0, 12, 0]
				},
				{
				"name": "pokedex",
				"pivot": [0, 37, -8],
				"locators": {
		"pokedex": [0, 37, -8]
					}
				},
				{
					"name": "head",
					"parent": "beedrill",
					"pivot": [0, 17, -2],
					"rotation": [15, 0, 0],
					"cubes": [
						{"origin": [-2, 16.5, -4], "size": [4, 4, 4], "uv": [24, 37]},
						{"origin": [-2.5, 17, -3.5], "size": [1, 3, 3], "uv": [48, 0]},
						{"origin": [1.5, 17, -3.5], "size": [1, 3, 3], "uv": [30, 45]},
						{"origin": [-2.5, 18.3, -4], "size": [5, 2, 1], "inflate": 0.1, "uv": [52, 15]},
						{"origin": [-2, 19.53407, -3.25882], "size": [1, 4, 1], "inflate": -0.3, "uv": [18, 38]},
						{"origin": [1, 19.53407, -3.25882], "size": [1, 4, 1], "inflate": -0.3, "uv": [35, 14]},
						{"origin": [1, 22.43185, -6.48236], "size": [1, 1, 2], "pivot": [0, 17, -1], "rotation": [-15, 0, 0], "uv": [12, 34]},
						{"origin": [-2, 22.43185, -6.48236], "size": [1, 1, 2], "pivot": [0, 17, -1], "rotation": [-15, 0, 0], "uv": [0, 28]},
						{"origin": [-1, 16.5, -5], "size": [2, 2, 1], "uv": [0, 25]}
					]
				},
				{
					"name": "body_root",
					"parent": "beedrill",
					"pivot": [0, 12, 0]
				},
				{
					"name": "body1",
					"parent": "body_root",
					"pivot": [0, 13, 0],
					"rotation": [20, 0, 0],
					"cubes": [
						{"origin": [-2, 12, -2], "size": [4, 5, 4], "uv": [0, 34]}
					]
				},
				{
					"name": "body2",
					"parent": "body_root",
					"pivot": [0, 13, 1],
					"rotation": [20, 0, 0],
					"cubes": [
						{"origin": [-2.5, 9, -4.3], "size": [5, 4, 1], "pivot": [0, 7.91903, 1.45918], "rotation": [32.5, 0, 0], "uv": [11, 25]},
						{"origin": [-0.5, 6.38, -6.08885], "size": [1, 2, 2], "pivot": [0, 6.35, -5.97199], "rotation": [-10, 0, 0], "uv": [0, 0]},
						{"origin": [-3, 8.52779, -3.74747], "size": [6, 5, 7], "pivot": [0, 7.91903, 1.45918], "rotation": [32.5, 0, 0], "uv": [0, 0]},
						{"origin": [-2.5, 8, -3.3], "size": [5, 1, 6], "pivot": [0, 7.91903, 1.45918], "rotation": [32.5, 0, 0], "uv": [24, 7]},
						{"origin": [-2.5, 13, -3.3], "size": [5, 1, 6], "pivot": [0, 7.91903, 1.45918], "rotation": [32.5, 0, 0], "uv": [19, 0]}
					]
				},
				{
					"name": "arms",
					"parent": "body_root",
					"pivot": [0, 15, -1]
				},
				{
					"name": "right_arm",
					"parent": "arms",
					"pivot": [-2, 15, -1],
					"rotation": [30, 0, 0],
					"cubes": [
						{"origin": [-6, 14.5, -15], "size": [1, 1, 6], "pivot": [-5.5, 15, -15], "rotation": [10, 0, 0], "uv": [22, 45]},
						{"origin": [-6, 14.5, -15], "size": [1, 1, 6], "pivot": [-5.5, 15, -15], "rotation": [-10, 0, 0], "uv": [8, 45]},
						{"origin": [-6, 14.5, -15], "size": [1, 1, 6], "pivot": [-5.5, 15, -15], "rotation": [0, -10, 0], "uv": [44, 15]},
						{"origin": [-6, 14.5, -15], "size": [1, 1, 6], "pivot": [-5.5, 15, -15], "rotation": [0, 10, 0], "uv": [0, 43]},
						{"origin": [-6.5, 14, -12.13397], "size": [2, 2, 3], "uv": [16, 45]},
						{"origin": [-7, 13.5, -9.13397], "size": [3, 3, 4], "uv": [36, 47]},
						{"origin": [-6, 14.5, -5.13397], "size": [1, 1, 2], "uv": [24, 10]},
						{"origin": [-6.6, 14.5, -0.13397], "size": [7, 1, 1], "pivot": [0, -0.5, -0.13397], "rotation": [0, -35, 0], "uv": [46, 47]}
					]
				},
				{
					"name": "left_arm",
					"parent": "arms",
					"pivot": [2, 15, -1],
					"rotation": [30, 0, 0],
					"cubes": [
						{"origin": [5, 14.5, -15], "size": [1, 1, 6], "pivot": [5.5, 15, -15], "rotation": [10, 0, 0], "uv": [42, 31]},
						{"origin": [5, 14.5, -15], "size": [1, 1, 6], "pivot": [5.5, 15, -15], "rotation": [-10, 0, 0], "uv": [40, 8]},
						{"origin": [5, 14.5, -15], "size": [1, 1, 6], "pivot": [5.5, 15, -15], "rotation": [0, 10, 0], "uv": [40, 1]},
						{"origin": [5, 14.5, -15], "size": [1, 1, 6], "pivot": [5.5, 15, -15], "rotation": [0, -10, 0], "uv": [10, 38]},
						{"origin": [4.5, 14, -12.13397], "size": [2, 2, 3], "uv": [35, 0]},
						{"origin": [4, 13.5, -9.13397], "size": [3, 3, 4], "uv": [40, 40]},
						{"origin": [5, 14.5, -5.13397], "size": [1, 1, 2], "uv": [0, 4]},
						{"origin": [-0.4, 14.5, -0.13397], "size": [7, 1, 1], "pivot": [0, -0.5, -0.13397], "rotation": [0, 35, 0], "uv": [36, 38]}
					]
				},
				{
					"name": "legs",
					"parent": "body_root",
					"pivot": [0, 12, 0]
				},
				{
					"name": "right_leg",
					"parent": "legs",
					"pivot": [-3, 12, 0],
					"rotation": [57.58807, 14.98539, 0.66963],
					"cubes": [
						{"origin": [-3.03407, 11.78799, -5.85155], "size": [1, 1, 7], "uv": [35, 16]},
						{"origin": [-3.53407, 11.28799, -11.85155], "size": [2, 2, 7], "pivot": [-2.03407, 11.78799, -5.85155], "rotation": [32.5, 0, 0], "uv": [0, 25]},
						{"origin": [-3, 11.28799, -12.85155], "size": [1, 4, 1], "pivot": [-2.03407, 11.78799, -5.85155], "rotation": [32.5, 0, 0], "uv": [24, 14]}
					]
				},
				{
					"name": "left_leg",
					"parent": "legs",
					"pivot": [3, 12, 0],
					"rotation": [57.58807, -14.98539, -0.66963],
					"cubes": [
						{"origin": [2.03407, 11.78799, -5.85155], "size": [1, 1, 7], "uv": [12, 30]},
						{"origin": [1.53407, 11.28799, -11.85155], "size": [2, 2, 7], "pivot": [2.03407, 11.78799, -5.85155], "rotation": [32.5, 0, 0], "uv": [24, 14]},
						{"origin": [2, 11.28799, -12.85155], "size": [1, 4, 1], "pivot": [2.03407, 11.78799, -5.85155], "rotation": [32.5, 0, 0], "uv": [19, 0]}
					]
				},
				{
					"name": "wings",
					"parent": "body_root",
					"pivot": [0, 13, 1]
				},
				{
					"name": "right_wing",
					"parent": "wings",
					"pivot": [-1, 16, 1],
					"rotation": [20, 0, 0],
					"cubes": [
						{"origin": [-13, 11, 1], "size": [12, 13, 0], "uv": [0, 12], "mirror": true}
					]
				},
				{
					"name": "left_wing",
					"parent": "wings",
					"pivot": [1, 16, 1],
					"rotation": [20, 0, 0],
					"cubes": [
						{"origin": [1, 11, 1], "size": [12, 13, 0], "uv": [0, 12]}
					]
				}
			]
		},
		{
			"description": {
				"identifier": "geometry.serpbeedrill_mega",
				"texture_width": 64,
				"texture_height": 64,
				"visible_bounds_width": 3,
				"visible_bounds_height": 4,
				"visible_bounds_offset": [0, 1, 0]
			},
			"bones": [
				{
					"name": "beedrill",
					"pivot": [0, 12, 0]
				},
				{
					"name": "head",
					"parent": "beedrill",
					"pivot": [0, 17, -2],
					"rotation": [15, 0, 0],
					"cubes": [
						{"origin": [-2, 16.5, -4], "size": [4, 4, 4], "uv": [17, 26]},
						{"origin": [-2.5, 17, -3.5], "size": [1, 3, 3], "uv": [51, 6]},
						{"origin": [1.5, 17, -3.5], "size": [1, 3, 3], "uv": [43, 50]},
						{"origin": [-2.5, 18.3, -4], "size": [5, 2, 3], "inflate": 0.1, "uv": [25, 36]},
						{"origin": [-1.5, 19.53407, -3.5], "size": [0, 5, 3], "uv": [19, 48]},
						{"origin": [1.5, 19.53407, -3.5], "size": [0, 5, 3], "uv": [19, 48], "mirror": true},
						{"origin": [-1, 16.5, -5], "size": [2, 2, 1], "uv": [20, 35]}
					]
				},
				{
					"name": "body_root",
					"parent": "beedrill",
					"pivot": [0, 12, 0]
				},
				{
					"name": "body1",
					"parent": "body_root",
					"pivot": [0, 13, 0],
					"rotation": [20, 0, 0],
					"cubes": [
						{"origin": [-2, 13, -2], "size": [4, 3, 4], "uv": [0, 31]},
						{"origin": [-2, 16.2, -2], "size": [4, 1, 4], "inflate": -0.25, "uv": [25, 0]},
						{"origin": [-1.5, 15.5, -1.5], "size": [3, 1, 3], "uv": [0, 40]},
						{"origin": [-1.5, 12.5, -1.5], "size": [3, 1, 3], "uv": [37, 28]},
						{"origin": [-1.5, 13.5, 1.5], "size": [3, 2, 1], "uv": [49, 0]},
						{"origin": [0.5, 11.5, 2.5], "size": [0, 5, 4], "pivot": [0.5, 14, 2.5], "rotation": [0, 40, 0], "uv": [37, 38]},
						{"origin": [-0.5, 11.5, 2.5], "size": [0, 5, 4], "pivot": [-0.5, 14, 2.5], "rotation": [0, -40, 0], "uv": [37, 38], "mirror": true},
						{"origin": [-1.5, 13.5, -2.5], "size": [3, 2, 1], "uv": [0, 45]},
						{"origin": [1.5, 13.5, -1.5], "size": [1, 2, 3], "uv": [51, 15]},
						{"origin": [-2.5, 13.5, -1.5], "size": [1, 2, 3], "uv": [50, 47]},
						{"origin": [-0.5, 10, -0.5], "size": [1, 3, 1], "uv": [0, 22]}
					]
				},
				{
					"name": "bodym",
					"parent": "body_root",
					"pivot": [0, 10.5, 1],
					"rotation": [-35, 0, 0],
					"cubes": [
						{"origin": [-3, 7, -2], "size": [6, 3, 6], "uv": [0, 12]},
						{"origin": [-1.5, 9.5, -0.5], "size": [3, 1, 3], "uv": [41, 18]},
						{"origin": [-2.5, 4, -1.5], "size": [5, 3, 5], "uv": [20, 7]},
						{"origin": [-1, -1.7, 1], "size": [2, 3, 0], "uv": [32, 18]},
						{"origin": [0, -1.7, 0], "size": [0, 3, 2], "uv": [32, 16]},
						{"origin": [-2.00486, 1.04114, 0], "size": [1, 3, 2], "pivot": [-2.00486, 4.04114, 0.5], "rotation": [0, 0, -20], "uv": [11, 52]},
						{"origin": [1.00486, 1.04114, 0], "size": [1, 3, 2], "pivot": [2.00486, 4.04114, 0.5], "rotation": [0, 0, 20], "uv": [11, 22]},
						{"origin": [-0.99514, 1.04114, -1], "size": [2, 3, 1], "pivot": [0.00486, 4.04114, -1], "rotation": [20, 0, 0], "uv": [54, 21]},
						{"origin": [-1, 1, 2], "size": [2, 3, 1], "pivot": [1.5, 4, 3], "rotation": [-20, 0, 0], "uv": [52, 53]},
						{"origin": [-1.5, 5, -0.5], "size": [3, 5, 1], "pivot": [0, 1, -0.5], "rotation": [15, 0, 0], "uv": [50, 29]},
						{"origin": [0.5, 5, -0.5], "size": [1, 5, 3], "pivot": [1.5, 1, 1], "rotation": [0, 0, 15], "uv": [10, 43]},
						{"origin": [-1.5, 5, -0.5], "size": [1, 5, 3], "pivot": [-1.5, 1, 1], "rotation": [0, 0, -15], "uv": [23, 42]},
						{"origin": [-1.5, 5, 1.5], "size": [3, 5, 1], "pivot": [0, 1, 2.5], "rotation": [-15, 0, 0], "uv": [49, 39]}
					]
				},
				{
					"name": "arms",
					"parent": "body_root",
					"pivot": [0, 15, -1]
				},
				{
					"name": "right_arm",
					"parent": "arms",
					"pivot": [-2, 15, -1],
					"rotation": [30, 0, 0],
					"cubes": [
						{"origin": [-6, 14.5, -15], "size": [1, 1, 6], "pivot": [-5.5, 15, -15], "rotation": [10, 0, 0], "uv": [11, 35]},
						{"origin": [-6, 14.5, -15], "size": [1, 1, 6], "pivot": [-5.5, 15, -15], "rotation": [-10, 0, 0], "uv": [35, 10]},
						{"origin": [-6, 14.5, -15], "size": [1, 1, 6], "pivot": [-5.5, 15, -15], "rotation": [0, -10, 0], "uv": [32, 20]},
						{"origin": [-6, 14.5, -15], "size": [1, 1, 6], "pivot": [-5.5, 15, -15], "rotation": [0, 10, 0], "uv": [28, 29]},
						{"origin": [-6.5, 14, -12.13397], "size": [2, 2, 3], "uv": [0, 49]},
						{"origin": [-7, 13.5, -9.13397], "size": [3, 3, 6], "uv": [19, 16]},
						{"origin": [-8, 13.5, -3.4], "size": [4, 4, 1], "uv": [32, 49]},
						{"origin": [-6.6, 14.5, -0.13397], "size": [7, 1, 1], "pivot": [0, -0.5, -0.13397], "rotation": [0, -35, 0], "uv": [36, 6]}
					]
				},
				{
					"name": "left_arm",
					"parent": "arms",
					"pivot": [2, 15, -1],
					"rotation": [30, 0, 0],
					"cubes": [
						{"origin": [5, 14.5, -15], "size": [1, 1, 6], "pivot": [5.5, 15, -15], "rotation": [10, 0, 0], "uv": [11, 35], "mirror": true},
						{"origin": [5, 14.5, -15], "size": [1, 1, 6], "pivot": [5.5, 15, -15], "rotation": [-10, 0, 0], "uv": [35, 10], "mirror": true},
						{"origin": [5, 14.5, -15], "size": [1, 1, 6], "pivot": [5.5, 15, -15], "rotation": [0, 10, 0], "uv": [32, 20], "mirror": true},
						{"origin": [5, 14.5, -15], "size": [1, 1, 6], "pivot": [5.5, 15, -15], "rotation": [0, -10, 0], "uv": [28, 29], "mirror": true},
						{"origin": [4.5, 14, -12.13397], "size": [2, 2, 3], "uv": [0, 49], "mirror": true},
						{"origin": [4, 13.5, -9.13397], "size": [3, 3, 6], "uv": [19, 16], "mirror": true},
						{"origin": [4, 13.5, -3.4], "size": [4, 4, 1], "uv": [32, 49], "mirror": true},
						{"origin": [-0.4, 14.5, -0.13397], "size": [7, 1, 1], "pivot": [0, -0.5, -0.13397], "rotation": [0, 35, 0], "uv": [36, 6], "mirror": true}
					]
				},
				{
					"name": "legs",
					"parent": "body_root",
					"pivot": [0, 12, 0]
				},
				{
					"name": "right_leg",
					"parent": "legs",
					"pivot": [-2, 13, -0.5],
					"rotation": [60, 0, -20],
					"cubes": [
						{"origin": [-5, 12.5, -1], "size": [3, 1, 1], "uv": [41, 23]},
						{"origin": [-6.5, 12.5, -10], "size": [1, 1, 4], "uv": [47, 23]},
						{"origin": [-6.5, 12.5, -10], "size": [1, 1, 4], "pivot": [-5.5, 13.5, -10], "rotation": [6.5, 0, 0], "uv": [42, 44]},
						{"origin": [-6.5, 12.49357, -9.8868], "size": [1, 1, 4], "pivot": [-6, 13.49357, -9.8868], "rotation": [-6.5, 0, 0], "uv": [42, 33]},
						{"origin": [-6.50643, 12.5, -9.8868], "size": [1, 1, 4], "pivot": [-5.50643, 13.5, -9.8868], "rotation": [0, -6.5, 0], "uv": [44, 9]},
						{"origin": [-6.5, 12.5, -10], "size": [1, 1, 4], "pivot": [-5.5, 13.5, -10], "rotation": [0, 6.5, 0], "uv": [42, 0]},
						{"origin": [-7, 12, -6], "size": [2, 2, 6], "uv": [0, 22]}
					]
				},
				{
					"name": "left_leg",
					"parent": "legs",
					"pivot": [2, 13, -0.5],
					"rotation": [60, 0, 20],
					"cubes": [
						{"origin": [2, 12.5, -1], "size": [3, 1, 1], "uv": [41, 23], "mirror": true},
						{"origin": [5.5, 12.5, -10], "size": [1, 1, 4], "uv": [47, 23], "mirror": true},
						{"origin": [5.5, 12.5, -10], "size": [1, 1, 4], "pivot": [5.5, 13.5, -10], "rotation": [6.5, 0, 0], "uv": [42, 44], "mirror": true},
						{"origin": [5.5, 12.49357, -9.8868], "size": [1, 1, 4], "pivot": [6, 13.49357, -9.8868], "rotation": [-6.5, 0, 0], "uv": [42, 33], "mirror": true},
						{"origin": [5.50643, 12.5, -9.8868], "size": [1, 1, 4], "pivot": [5.50643, 13.5, -9.8868], "rotation": [0, 6.5, 0], "uv": [44, 9], "mirror": true},
						{"origin": [5.5, 12.5, -10], "size": [1, 1, 4], "pivot": [5.5, 13.5, -10], "rotation": [0, -6.5, 0], "uv": [42, 0], "mirror": true},
						{"origin": [5, 12, -6], "size": [2, 2, 6], "uv": [0, 22], "mirror": true}
					]
				},
				{
					"name": "wings",
					"parent": "body_root",
					"pivot": [0, 13, 1]
				},
				{
					"name": "right_wing",
					"parent": "wings",
					"pivot": [-1, 16, 1],
					"rotation": [20, 0, 0],
					"cubes": [
						{"origin": [-13, 10, 1], "size": [12, 11, 0], "uv": [0, 0]}
					]
				},
				{
					"name": "left_wing",
					"parent": "wings",
					"pivot": [1, 16, 1],
					"rotation": [20, 0, 0],
					"cubes": [
						{"origin": [1, 10, 1], "size": [12, 11, 0], "uv": [0, 0], "mirror": true}
					]
				}
			]
		},
		{
			"description": {
				"identifier": "geometry.serpbeedrill_aura",
				"texture_width": 64,
				"texture_height": 64,
				"visible_bounds_width": 3,
				"visible_bounds_height": 4,
				"visible_bounds_offset": [0, 1, 0]
			},
			"bones": [
				{
					"name": "beedrill",
					"pivot": [0, 12, 0]
				},
				{
					"name": "head",
					"parent": "beedrill",
					"pivot": [0, 17, -2],
					"rotation": [15, 0, 0],
					"cubes": [
						{"origin": [-2, 16.5, -4], "size": [4, 4, 4], "inflate": 0.25, "uv": [24, 37]},
						{"origin": [-2.5, 17, -3.5], "size": [1, 3, 3], "inflate": 0.25, "uv": [48, 0]},
						{"origin": [1.5, 17, -3.5], "size": [1, 3, 3], "inflate": 0.25, "uv": [30, 45]},
						{"origin": [-2.5, 18.3, -4], "size": [5, 2, 1], "inflate": 0.25, "uv": [52, 15]},
						{"origin": [-2, 19.53407, -3.25882], "size": [1, 4, 1], "inflate": 0.25, "uv": [18, 38]},
						{"origin": [1, 19.53407, -3.25882], "size": [1, 4, 1], "inflate": 0.25, "uv": [35, 14]},
						{"origin": [1, 22.43185, -6.48236], "size": [1, 1, 2], "inflate": 0.25, "pivot": [0, 17, -1], "rotation": [-15, 0, 0], "uv": [12, 34]},
						{"origin": [-2, 22.43185, -6.48236], "size": [1, 1, 2], "inflate": 0.25, "pivot": [0, 17, -1], "rotation": [-15, 0, 0], "uv": [0, 28]},
						{"origin": [-1, 16.5, -5], "size": [2, 2, 1], "inflate": 0.25, "uv": [0, 25]}
					]
				},
				{
					"name": "body_root",
					"parent": "beedrill",
					"pivot": [0, 12, 0]
				},
				{
					"name": "body1",
					"parent": "body_root",
					"pivot": [0, 13, 0],
					"rotation": [20, 0, 0],
					"cubes": [
						{"origin": [-2, 12, -2], "size": [4, 5, 4], "inflate": 0.25, "uv": [0, 34]}
					]
				},
				{
					"name": "body2",
					"parent": "body_root",
					"pivot": [0, 13, 1],
					"rotation": [20, 0, 0],
					"cubes": [
						{"origin": [-2.5, 9, -4.3], "size": [5, 4, 1], "inflate": 0.25, "pivot": [0, 7.91903, 1.45918], "rotation": [32.5, 0, 0], "uv": [11, 25]},
						{"origin": [-0.5, 6.38, -6.08885], "size": [1, 2, 2], "inflate": 0.25, "pivot": [0, 6.35, -5.97199], "rotation": [-10, 0, 0], "uv": [0, 0]},
						{"origin": [-3, 8.52779, -3.74747], "size": [6, 5, 7], "inflate": 0.25, "pivot": [0, 7.91903, 1.45918], "rotation": [32.5, 0, 0], "uv": [0, 0]},
						{"origin": [-2.5, 8, -3.3], "size": [5, 1, 6], "inflate": 0.25, "pivot": [0, 7.91903, 1.45918], "rotation": [32.5, 0, 0], "uv": [24, 7]},
						{"origin": [-2.5, 13, -3.3], "size": [5, 1, 6], "inflate": 0.25, "pivot": [0, 7.91903, 1.45918], "rotation": [32.5, 0, 0], "uv": [19, 0]}
					]
				},
				{
					"name": "arms",
					"parent": "body_root",
					"pivot": [0, 15, -1]
				},
				{
					"name": "right_arm",
					"parent": "arms",
					"pivot": [-2, 15, -1],
					"rotation": [30, 0, 0],
					"cubes": [
						{"origin": [-6, 14.5, -15], "size": [1, 1, 6], "inflate": 0.25, "pivot": [-5.5, 15, -15], "rotation": [10, 0, 0], "uv": [22, 45]},
						{"origin": [-6, 14.5, -15], "size": [1, 1, 6], "inflate": 0.25, "pivot": [-5.5, 15, -15], "rotation": [-10, 0, 0], "uv": [8, 45]},
						{"origin": [-6, 14.5, -15], "size": [1, 1, 6], "inflate": 0.25, "pivot": [-5.5, 15, -15], "rotation": [0, -10, 0], "uv": [44, 15]},
						{"origin": [-6, 14.5, -15], "size": [1, 1, 6], "inflate": 0.25, "pivot": [-5.5, 15, -15], "rotation": [0, 10, 0], "uv": [0, 43]},
						{"origin": [-6.5, 14, -12.13397], "size": [2, 2, 3], "inflate": 0.25, "uv": [16, 45]},
						{"origin": [-7, 13.5, -9.13397], "size": [3, 3, 4], "inflate": 0.25, "uv": [36, 47]},
						{"origin": [-6, 14.5, -5.13397], "size": [1, 1, 2], "inflate": 0.25, "uv": [24, 10]},
						{"origin": [-6.6, 14.5, -0.13397], "size": [7, 1, 1], "inflate": 0.25, "pivot": [0, -0.5, -0.13397], "rotation": [0, -35, 0], "uv": [46, 47]}
					]
				},
				{
					"name": "left_arm",
					"parent": "arms",
					"pivot": [2, 15, -1],
					"rotation": [30, 0, 0],
					"cubes": [
						{"origin": [5, 14.5, -15], "size": [1, 1, 6], "inflate": 0.25, "pivot": [5.5, 15, -15], "rotation": [10, 0, 0], "uv": [42, 31]},
						{"origin": [5, 14.5, -15], "size": [1, 1, 6], "inflate": 0.25, "pivot": [5.5, 15, -15], "rotation": [-10, 0, 0], "uv": [40, 8]},
						{"origin": [5, 14.5, -15], "size": [1, 1, 6], "inflate": 0.25, "pivot": [5.5, 15, -15], "rotation": [0, 10, 0], "uv": [40, 1]},
						{"origin": [5, 14.5, -15], "size": [1, 1, 6], "inflate": 0.25, "pivot": [5.5, 15, -15], "rotation": [0, -10, 0], "uv": [10, 38]},
						{"origin": [4.5, 14, -12.13397], "size": [2, 2, 3], "inflate": 0.25, "uv": [35, 0]},
						{"origin": [4, 13.5, -9.13397], "size": [3, 3, 4], "inflate": 0.25, "uv": [40, 40]},
						{"origin": [5, 14.5, -5.13397], "size": [1, 1, 2], "inflate": 0.25, "uv": [0, 4]},
						{"origin": [-0.4, 14.5, -0.13397], "size": [7, 1, 1], "inflate": 0.25, "pivot": [0, -0.5, -0.13397], "rotation": [0, 35, 0], "uv": [36, 38]}
					]
				},
				{
					"name": "legs",
					"parent": "body_root",
					"pivot": [0, 12, 0]
				},
				{
					"name": "right_leg",
					"parent": "legs",
					"pivot": [-3, 12, 0],
					"rotation": [57.58807, 14.98539, 0.66963],
					"cubes": [
						{"origin": [-3.03407, 11.78799, -5.85155], "size": [1, 1, 7], "inflate": 0.25, "uv": [35, 16]},
						{"origin": [-3.53407, 11.28799, -11.85155], "size": [2, 2, 7], "inflate": 0.25, "pivot": [-2.03407, 11.78799, -5.85155], "rotation": [32.5, 0, 0], "uv": [0, 25]},
						{"origin": [-3, 11.28799, -12.85155], "size": [1, 4, 1], "inflate": 0.25, "pivot": [-2.03407, 11.78799, -5.85155], "rotation": [32.5, 0, 0], "uv": [24, 14]}
					]
				},
				{
					"name": "left_leg",
					"parent": "legs",
					"pivot": [3, 12, 0],
					"rotation": [57.58807, -14.98539, -0.66963],
					"cubes": [
						{"origin": [2.03407, 11.78799, -5.85155], "size": [1, 1, 7], "inflate": 0.25, "uv": [12, 30]},
						{"origin": [1.53407, 11.28799, -11.85155], "size": [2, 2, 7], "inflate": 0.25, "pivot": [2.03407, 11.78799, -5.85155], "rotation": [32.5, 0, 0], "uv": [24, 14]},
						{"origin": [2, 11.28799, -12.85155], "size": [1, 4, 1], "inflate": 0.25, "pivot": [2.03407, 11.78799, -5.85155], "rotation": [32.5, 0, 0], "uv": [19, 0]}
					]
				},
				{
					"name": "wings",
					"parent": "body_root",
					"pivot": [0, 13, 1]
				},
				{
					"name": "right_wing",
					"parent": "wings",
					"pivot": [-1, 16, 1],
					"rotation": [20, 0, 0],
					"cubes": [
						{"origin": [-13, 11, 1], "size": [12, 13, 0], "inflate": 0.25, "uv": [0, 12], "mirror": true}
					]
				},
				{
					"name": "left_wing",
					"parent": "wings",
					"pivot": [1, 16, 1],
					"rotation": [20, 0, 0],
					"cubes": [
						{"origin": [1, 11, 1], "size": [12, 13, 0], "inflate": 0.25, "uv": [0, 12]}
					]
				},
				{
					"name": "pokedex",
					"pivot": [0, 37, -8],
					"locators": {
						"pokedex": [0, 37, -8]
					}
				}
			]
		}
	]
}