{
	"format_version": "1.8.0",
	"animations": {
		"animation.charmeleon.quiet": {
			"loop": true,
			"animation_length": 1.6,
			"bones": {
				"head": {
					"position": {
						"0.0": [0, 0, 0],
						"0.8": [0, -0.5, -2],
						"1.6": [0, 0, 0]
					}
				},
				"tail": {
					"rotation": {
						"0.0": [0, 0, 0],
						"0.8": [5, 0, 0],
						"1.6": [0, 0, 0]
					}
				},
				"right_arm": {
					"rotation": {
						"0.0": [7.5, 0, 7.5],
						"0.8": [-7.5, 0, 0],
						"1.6": [7.5, 0, 7.5]
					}
				},
				"left_arm": {
					"rotation": {
						"0.0": [7.5, 0, -7.5],
						"0.8": [-7.5, 0, 0],
						"1.6": [7.5, 0, -7.5]
					}
				},
				"body": {
					"rotation": {
						"0.0": [0, 0, 0],
						"0.8": [10, 0, 0],
						"1.6": [0, 0, 0]
					},
					"position": {
						"0.0": [0, 0, 0],
						"0.8": [0, 0, -1],
						"1.6": [0, 0, 0]
					}
				}
			}
		},
		"animation.charmeleon.walk": {
			"loop": true,
			"animation_length": 0.8,
			"bones": {
				"charmeleon": {
					"position": {
						"0.0": [0, 1, 0],
						"0.2": [0, 0, 0],
						"0.4": [0, 1, 0],
						"0.6": [0, 0, 0],
						"0.8": [0, 1, 0]
					}
				},
				"body": {
					"rotation": {
						"0.0": [0, 0, -0.5],
						"0.4": [0, 0, 0.5],
						"0.8": [0, 0, -0.5]
					}
				},
				"right_arm": {
					"rotation": {
						"0.0": [-45, 0, 0],
						"0.4": [45, 0, 0],
						"0.8": [-45, 0, 0]
					}
				},
				"left_arm": {
					"rotation": {
						"0.0": [45, 0, 0],
						"0.4": [-45, 0, 0],
						"0.8": [45, 0, 0]
					}
				},
				"right_leg": {
					"rotation": {
						"0.0": [-45, 0, 0],
						"0.4": [45, 0, 0],
						"0.8": [-45, 0, 0]
					}
				},
				"left_leg": {
					"rotation": {
						"0.0": [45, 0, 0],
						"0.4": [-45, 0, 0],
						"0.8": [45, 0, 0]
					}
				},
				"bone": {
					"rotation": {
						"0.0": [0, 25, 0],
						"0.4": [0, -25, 0],
						"0.8": [0, 25, 0]
					}
				}
			}
		},
		"animation.charmeleon.sitting": {
			"loop": true,
			"animation_length": 1.68,
			"bones": {
				"charmeleon": {
					"position": [0, -7, 0]
				},
				"tail": {
					"rotation": {
						"0.0": [72.5, 17.5, 0],
						"0.8": [72.5, -17.5, 0],
						"1.6": [72.5, 17.5, 0]
					},
					"position": [0, 1, 1]
				},
				"flame": {
					"position": [0, -4, 3]
				},
				"right_leg": {
					"rotation": [-90, 15, 0],
					"position": [0, 1, -1]
				},
				"left_leg": {
					"rotation": [-90, -15, 0],
					"position": [0, 1, -1]
				},
				"right_arm": {
					"rotation": {
						"0.0": [0, 0, 7.5],
						"0.8": [0, 0, 0],
						"1.6": [0, 0, 7.5]
					}
				},
				"left_arm": {
					"rotation": {
						"0.0": [0, 0, -7.5],
						"0.8": [0, 0, 0],
						"1.6": [0, 0, -7.5]
					}
				}
			}
		},
		"animation.charmeleon.attack": {
			"loop": true,
			"animation_length": 0.8,
			"bones": {
				"charmeleon": {
					"rotation": [17.5, 0, 0],
					"position": [0, 0, -5]
				},
				"tail": {
					"rotation": [0, 40, 0]
				},
				"right_arm": {
					"rotation": [-90, -52.5, 42.5]
				},
				"left_arm": {
					"rotation": [0, -50, -30]
				},
				"right_leg": {
					"rotation": [-25, 0, 0]
				},
				"left_leg": {
					"rotation": [37.5, 0, 0]
				}
			}
		},
		"animation.charmeleon.jump": {
			"loop": true,
			"bones": {
				"right_arm": {
					"rotation": [0, 0, 130]
				},
				"left_arm": {
					"rotation": [0, 0, -130]
				},
				"right_leg": {
					"rotation": [0, 40, 0]
				},
				"left_leg": {
					"rotation": [0, -40, 0]
				}
			}
		},
        "animation.charmeleon.health_bar":{
            "loop":true,
            "bones":{
                "health_hover":{
    "rotation":["q.camera_rotation(0)","q.camera_rotation(1)-q.body_y_rotation",0],
	"position": [0,42,0],
    "scale":"query.is_in_ui?0:2.0"
                },
				"bar_green": {
					"scale": ["query.health/query.max_health*1", 1, 1]
				},
				"bar_black": {
					"scale": ["(1)+(query.health/query.max_health*-1)", 1, 1]
				}
			}
        }
	}
}