{
	"format_version": "1.8.0",
	"animations": {
		"animation.charizard.quiet": {
			"loop": true,
			"animation_length": 1.6,
			"bones": {
				"head": {
					"position": {
						"0.0": [0, -3, -7],
						"0.8": [0, -6, -13],
						"1.6": [0, -3, -7]
					},
					"scale": 0.8
				},
				"mouth": {
					"rotation": {
						"0.0": [10, 0, 0],
						"0.8": [25, 0, 0],
						"1.6": [10, 0, 0]
					}
				},
				"neck": {
					"rotation": {
						"0.0": [30, 0, 0],
						"0.8": [55, 0, 0],
						"1.6": [30, 0, 0]
					},
					"position": {
						"0.0": [0, 0, -4],
						"0.8": [0, -1, -7],
						"1.6": [0, 0, -4]
					},
					"scale": 0.8
				},
				"body_root": {
					"rotation": {
						"0.0": [10, 0, 0],
						"0.8": [25, 0, 0],
						"1.6": [10, 0, 0]
					}
				},
				"tail": {
					"rotation": {
						"0.0": [0, 35, 0],
						"0.8": [0, 15, 0],
						"1.6": [0, 35, 0]
					},
					"position": {
						"0.0": [2, 0, 0],
						"0.8": [0, 0, 0],
						"1.6": [2, 0, 0]
					}
				},
				"right_arm": {
					"rotation": {
						"0.0": [0, 0, 0],
						"0.8": [0, 0, 20],
						"1.6": [0, 0, 0]
					}
				},
				"left_arm": {
					"rotation": {
						"0.0": [0, 0, 0],
						"0.8": [0, 0, -20],
						"1.6": [0, 0, 0]
					}
				},
				"right_wing": {
					"rotation": {
						"0.0": [0, 40, -40],
						"0.6": [0, 40, -10],
						"1.6": [0, 40, -40]
					},
					"scale": [0.8, 1, 1]
				},
				"bone": {
					"rotation": [0, -60, 0]
				},
				"left_wing": {
					"rotation": {
						"0.0": [0, -40, 40],
						"0.6": [0, -40, 10],
						"1.6": [0, -40, 40]
					},
					"scale": [0.8, 1, 1]
				},
				"bone2": {
					"rotation": [0, 60, 0]
				},
				"right_leg": {
					"rotation": {
						"0.0": [0, 0, 0],
						"0.8": [0, 10, 0],
						"1.6": [0, 0, 0]
					}
				},
				"left_leg": {
					"rotation": [0, -15, 0],
					"position": {
						"0.0": [0, 0, -3],
						"0.8": [0, 0, -4],
						"1.6": [0, 0, -3]
					}
				}
			}
		},
		"animation.charizard.walk": {
			"loop": true,
			"animation_length": 0.6,
			"bones": {
				"root": {
					"position": [0, 0, 4],
					"rotation": [15, 0, 0]
				},
				"charizard": {
					"position": {
						"0.0": [0, 0, 0],
						"0.3": [0, 2, 0],
						"0.6": [0, 0, 0]
					}
				},
				"head": {
					"position": {
						"0.0": [0, -10, -18],
						"0.3": [0, -10, -18],
						"0.6": [0, -10, -18]
					},
					"scale": 0.8
				},
				"neck": {
					"rotation": {
						"0.0": [65, 0, 0],
						"0.3": [65, 0, 0],
						"0.6": [65, 0, 0]
					},
					"position": {
						"0.0": [0, -3, -11],
						"0.3": [0, -3, -10],
						"0.6": [0, -3, -11]
					},
					"scale": 0.8
				},
				"body_root": {
					"rotation": [40, 0, 0]
				},
				"tail": {
					"rotation": {
						"0.0": [0, 0, 0],
						"0.3": [-15, 0, 0],
						"0.6": [0, 0, 0]
					},
					"scale": [1, 1, 1.4]
				},
				"arms": {
					"rotation": {
						"0.0": [0, 0, 0],
						"0.4": [25, 0, 0],
						"0.6": [0, 0, 0]
					}
				},
				"right_wing": {
					"rotation": {
						"0.0": [0, 30, 0],
						"0.2": [0, -35, 0],
						"0.6": [0, 30, 0]
					},
					"scale": [1.6, 1.4, 1]
				},
				"bone": {
					"rotation": {
						"0.0": [0, 30, 0],
						"0.3": [0, -45, 0],
						"0.6": [0, 30, 0]
					}
				},
				"left_wing": {
					"rotation": {
						"0.0": [0, -30, 0],
						"0.2": [0, 35, 0],
						"0.6": [0, -30, 0]
					},
					"scale": [1.6, 1.4, 1]
				},
				"bone2": {
					"rotation": {
						"0.0": [0, -30, 0],
						"0.3": [0, 45, 0],
						"0.6": [0, -30, 0]
					}
				},
				"legs": {
					"rotation": {
						"0.0": [55, 0, 0],
						"0.2": [40, 0, 0],
						"0.6": [55, 0, 0]
					},
					"position": [0, 0, -5]
				},
				"flame": {
					"rotation": [-90, 0, 0]
				}
			}
		},
		"animation.charizard.sitting": {
			"loop": true,
			"bones": {
				"charizard": {
					"position": [0, -4, 0]
				},
				"head": {
					"position": [0, -4, -8],
					"scale": 0.8
				},
				"neck": {
					"rotation": [40, 0, 0],
					"position": [0, 0, -3],
					"scale": 0.8
				},
				"body_root": {
					"rotation": [10, 0, 0]
				},
				"tail": {
					"rotation": [70, 0, 30],
					"position": [1, 0, 0]
				},
				"right_wing": {
					"rotation": [0, 30, -30],
					"scale": [0.8, 1, 1]
				},
				"bone": {
					"rotation": [0, -50, 0]
				},
				"left_wing": {
					"rotation": [0, -30, 30],
					"scale": [0.8, 1, 1]
				},
				"bone2": {
					"rotation": [0, 50, 0]
				},
				"legs": {
					"rotation": [-60, 0, 0],
					"position": [0, -2, 0]
				},
				"right_leg": {
					"rotation": [0, 0, 15]
				},
				"left_leg": {
					"rotation": [0, 0, -15]
				}
			}
		},
		"animation.charizard.attack": {
			"loop": true,
			"animation_length": 0.8,
			"bones": {
				"head": {
					"position": [0, -12, -15],
					"scale": 0.8
				},
				"mouth": {
					"rotation": [45, 0, 0],
					"position": [0, -1, 0]
				},
				"neck": {
					"rotation": [75, 0, 0],
					"position": [0, -4, -7],
					"scale": 0.8
				},
				"body_root": {
					"rotation": [40, 0, 0],
					"position": [0, 0, 3]
				},
				"tail": {
					"rotation": [0, 40, 0],
					"position": [1, 0, -2]
				},
				"right_arm": {
					"rotation": [0, 0, 35]
				},
				"left_arm": {
					"rotation": [0, 0, -35]
				},
				"right_wing": {
					"rotation": [0, -40, 0],
					"scale": [1.6, 1, 1]
				},
				"bone": {
					"rotation": [0, -40, 0]
				},
				"left_wing": {
					"rotation": [0, 40, 0],
					"scale": [1.6, 1, 1]
				},
				"bone2": {
					"rotation": [0, 40, 0]
				},
				"legs": {
					"rotation": [30, 0, 0]
				},
				"flame": {
					"rotation": [-55, 0, 0]
				}
			}
		},
		"animation.charizard.direction": {
			"loop": true,
			"bones": {
				"charizard": {
					"rotation": [ "query.vertical_speed * -3.0", 0, "-math.max(-20,math.min(20,query.yaw_speed))"]
				},
				"tail": {
					"rotation": [0, 0, "math.max(-35,math.min(35,query.yaw_speed))"]
				}
			}
		},
        "animation.charizard.health_bar":{
            "loop":true,
            "bones":{
                "health_hover":{
    "rotation":["q.camera_rotation(0)","q.camera_rotation(1)-q.body_y_rotation",0],
	"position": [0,37,0],
    "scale":"query.is_in_ui?0:1.6"
                },
				"bar_green": {
					"scale": ["query.health/query.max_health*1", 1, 1]
				},
				"bar_black": {
					"scale": ["(1)+(query.health/query.max_health*-1)", 1, 1]
				}
			}
        },
        "animation.charizard.health_bar_mega":{
            "loop":true,
            "bones":{
                "health_hover":{
    "rotation":["q.camera_rotation(0)","q.camera_rotation(1)-q.body_y_rotation",0],
	"position": [0,39,0],
    "scale":"query.is_in_ui?0:1.5"
                },
				"bar_green": {
					"scale": ["query.health/query.max_health*1", 1, 1]
				},
				"bar_black": {
					"scale": ["(1)+(query.health/query.max_health*-1)", 1, 1]
				}
			}
        },
        "animation.charizard.health_bar_mega2":{
            "loop":true,
            "bones":{
                "health_hover":{
    "rotation":["q.camera_rotation(0)","q.camera_rotation(1)-q.body_y_rotation",0],
	"position": [0,44,0],
    "scale":"query.is_in_ui?0:1.5"
                },
				"bar_green": {
					"scale": ["query.health/query.max_health*1", 1, 1]
				},
				"bar_black": {
					"scale": ["(1)+(query.health/query.max_health*-1)", 1, 1]
				}
			}
        }
    }
}