{
	"format_version": "1.8.0",
	"animations": {
		"animation.charmander.quiet": {
			"loop": true,
			"animation_length": 1.6,
			"bones": {
				"head": {
					"position": {
						"0.0": [0, 0, 0],
						"0.8": [0, -0.3, 0],
						"1.6": [0, 0, 0]
					}
				},
				"tail": {
					"rotation": {
						"0.0": [0, 0, 0],
						"0.8": [5, 0, 0],
						"1.6": [0, 0, 0]
					}
				},
				"right_arm": {
					"rotation": {
						"0.0": [7.5, 0, 7.5],
						"0.8": [-7.5, 0, 0],
						"1.6": [7.5, 0, 7.5]
					}
				},
				"left_arm": {
					"rotation": {
						"0.0": [7.5, 0, -7.5],
						"0.8": [-7.5, 0, 0],
						"1.6": [7.5, 0, -7.5]
					}
				}
			}
		},
		"animation.charmander.walk": {
			"loop": true,
			"animation_length": 0.8,
			"bones": {
				"charmander": {
					"rotation": {
						"0.0": [0, 0, 5],
						"0.4": [0, 0, -5],
						"0.8": [0, 0, 5]
					},
					"position": {
						"0.0": [0, 1, 0],
						"0.2": [0, 0, 0],
						"0.4": [0, 1, 0],
						"0.6": [0, 0, 0],
						"0.8": [0, 1, 0]
					}
				},
				"right_arm": {
					"rotation": {
						"0.0": [-45, 0, 0],
						"0.4": [45, 0, 0],
						"0.8": [-45, 0, 0]
					}
				},
				"left_arm": {
					"rotation": {
						"0.0": [45, 0, 0],
						"0.4": [-45, 0, 0],
						"0.8": [45, 0, 0]
					}
				},
				"right_leg": {
					"rotation": {
						"0.0": [-45, 0, 0],
						"0.4": [45, 0, 0],
						"0.8": [-45, 0, 0]
					},
					"position": {
						"0.0": [0, 0, -1],
						"0.4": [0, 0, 1],
						"0.8": [0, 0, -1]
					}
				},
				"left_leg": {
					"rotation": {
						"0.0": [45, 0, 0],
						"0.4": [-45, 0, 0],
						"0.8": [45, 0, 0]
					},
					"position": {
						"0.0": [0, 0, 1],
						"0.4": [0, 0, -1],
						"0.8": [0, 0, 1]
					}
				},
				"tail": {
					"rotation": {
						"0.0": [0, 25, 0],
						"0.4": [0, -25, 0],
						"0.8": [0, 25, 0]
					}
				}
			}
		},
		"animation.charmander.sitting": {
			"loop": true,
			"animation_length": 1.68,
			"bones": {
				"charmander": {
					"position": [0, -3, 0]
				},
				"tail": {
					"rotation": {
						"0.0": [87.5, 10, 0],
						"0.8": [87.5, -10, 0],
						"1.6": [87.5, 10, 0]
					},
					"position": [0, 1, 1]
				},
				"flame": {
					"position": [0, -3, 3]
				},
				"right_leg": {
					"rotation": [-90, 15, 0],
					"position": [0, 1, -1]
				},
				"left_leg": {
					"rotation": [-90, -15, 0],
					"position": [0, 1, -1]
				}
			}
		},
		"animation.charmander.attack": {
			"loop": true,
			"animation_length": 0.8,
			"bones": {
				"charmander": {
					"rotation": [20, 0, 0]
				},
				"tail": {
					"rotation": [0, -40, 0]
				},
				"right_arm": {
					"rotation": [-110, -20, 0]
				},
				"left_arm": {
					"rotation": [0, -30, -30]
				},
				"right_leg": {
					"rotation": [25, 0, 42.5]
				},
				"left_leg": {
					"rotation": [-20, 0, 0]
				}
			}
		},
		"animation.charmander.jump": {
			"loop": true,
			"bones": {
				"charmander": {
					"rotation": [10, 0, 0]
				},
				"right_arm": {
					"rotation": [0, 0, 110]
				},
				"left_arm": {
					"rotation": [0, 0, -110]
				},
				"right_leg": {
					"rotation": [-92.5, 30, 0],
					"position": [0, 0, -1]
				},
				"left_leg": {
					"rotation": [-90, -30, 0],
					"position": [0, 0, -1]
				}
			}
		},
        "animation.charmander.health_bar":{
            "loop":true,
            "bones":{
                "health_hover":{
    "rotation":["q.camera_rotation(0)","q.camera_rotation(1)-q.body_y_rotation",0],
	"position": [0,23,0],
    "scale":"query.is_in_ui?0:1.5"
                },
				"bar_green": {
					"scale": ["query.health/query.max_health*1", 1, 1]
				},
				"bar_black": {
					"scale": ["(1)+(query.health/query.max_health*-1)", 1, 1]
				}
			}
        }
	}
}