{
  "format_version": "1.12",
  "minecraft:recipe_shaped": {
    "description": {
    "identifier": "serp:lureball_up"
    },

    
    "tags": [ "crafting_table" ],
    "pattern": [
      "ara",
      "aya"
    ],
    "key": {
      "a": {
        "item": "serp:apricorn_blue"
      },
      "r": {
        "item": "serp:apricorn_orange"
      },
      "y": {
        "item": "serp:apricorn_yellow"
      }
    },
    "result": {
      "item": "serp:lureball_up",
      "count": 6
    }
  }
}
