{
  "format_version": "1.12",
  "minecraft:recipe_shaped": {
    "description": {
    "identifier": "serp:safariball_up"
    },

    
    "tags": [ "crafting_table" ],
    "pattern": [
      "avn",
      "vav"
    ],
    "key": {
      "v": {
        "item": "serp:apricorn_green"
      },
      "a": {
        "item": "serp:apricorn_yellow"
      },
      "n": {
        "item": "serp:apricorn_black"
      }
    },
    "result": {
      "item": "serp:safariball_up",
      "count": 6
    }
  }
}
