{
	"format_version": "1.8.0",
	"animations": {
		"animation.ivysaur.quiet": {
			"loop": true,
			"animation_length": 1.6,
			"bones": {
				"body": {
					"rotation": {
						"0.0": [0, 5, 0],
						"0.8": [0, -5, 0],
						"1.6": [0, 5, 0]
					}
				},
				"right_front_leg": {
					"rotation": {
						"0.0": [0, 0, -5],
						"0.8": [0, 0, 5],
						"1.6": [0, 0, -5]
					},
					"position": {
						"0.0": [-1, 0, 0],
						"0.8": [1, 0, 0],
						"1.6": [-1, 0, 0]
					}
				},
				"left_front_leg": {
					"rotation": {
						"0.0": [0, 0, -5],
						"0.8": [0, 0, 5],
						"1.6": [0, 0, -5]
					},
					"position": {
						"0.0": [-1, 0, 0],
						"0.8": [1, 0, 0],
						"1.6": [-1, 0, 0]
					}
				},
				"head": {
					"rotation": {
						"0.0": [0, 0, -5],
						"0.8": [0, 0, 5],
						"1.6": [0, 0, -5]
					},
					"position": {
						"0.0": [-1, 0, 0],
						"0.4": [0, -1, 0],
						"0.8": [1, 0, 0],
						"1.2": [0, -1, 0],
						"1.6": [-1, 0, 0]
					}
				}
			}
		},
		"animation.ivysaur.walk": {
			"loop": true,
			"animation_length": 0.76,
			"bones": {
				"ivysaur": {
					"rotation": {
						"0.0": [5, 0, 0],
						"0.24": [10, 0, 0],
						"0.76": [5, 0, 0]
					}
				},
				"body": {
					"rotation": {
						"0.0": [-10, 0, 0],
						"0.52": [2.5, 0, 0],
						"0.76": [-7.5, 0, 0]
					}
				},
				"front_legs": {
					"rotation": {
						"0.0": [-60, 0, 0],
						"0.24": [-22.5, 0, 0],
						"0.52": [5, 0, 0],
						"0.76": [-60, 0, 0]
					},
					"position": [0, 1, -1]
				},
				"back_legs": {
					"rotation": {
						"0.0": [-5, 0, 0],
						"0.24": [45, 0, 0],
						"0.52": [-5, 0, 0],
						"0.76": [-5, 0, 0]
					},
					"position": {
						"0.0": [0, 0, 0],
						"0.24": [0, 1, 2],
						"0.52": [0, 0, 0],
						"0.76": [0, 0, 0]
					}
				},
				"head": {
					"rotation": {
						"0.0": [2.5, 0, 0],
						"0.24": [-5, 0, 0],
						"0.76": [-2.5, 0, 0]
					},
					"position": {
						"0.0": [0, 1, 0],
						"0.52": [0, 0, -1],
						"0.76": [0, 1, 0]
					}
				}
			}
		},
		"animation.ivysaur.sitting": {
			"loop": true,
			"animation_length": 0.28,
			"bones": {
				"ivysaur": {
					"rotation": ["-this", 0, 0]
				},
				"body": {
					"rotation": [-35, 0, 0],
					"position": [0, 0, -4]
				},
				"right_front_leg": {
					"position": [0, 0, 0]
				},
				"left_front_leg": {
					"position": [0, 0, 0]
				},
				"right_back_leg": {
					"position": [0, 0, -2]
				},
				"left_back_leg": {
					"position": [0, 0, -2]
				},
				"head": {
					"position": [0, 2, 0]
				}
			}
		},
		"animation.ivysaur.jump": {
			"loop": true,
			"bones": {
				"ivysaur": {
					"rotation": [7.5, 0, 0]
				},
				"front_legs": {
					"rotation": [-60, 0, 0]
				},
				"back_legs": {
					"rotation": [60, 0, 0],
					"position": [0, 0, 2]
				}
			}
		},
		"animation.ivysaur.attack": {
			"loop": true,
			"animation_length": 0.8,
			"bones": {
				"ivysaur": {
					"rotation": [-30, 0, 0],
					"position": [0, 1.5, 0]
				},
				"body": {
					"rotation": [0, 10, 0],
					"position": [-1, 0, 0]
				},
				"front_legs": {
					"rotation": [-35, 0, 0]
				},
				"right_front_leg": {
					"position": [-2, 0, 0]
				},
				"left_front_leg": {
					"position": [-2, 0, 0]
				},
				"right_back_leg": {
					"rotation": [30, 0, 0]
				},
				"left_back_leg": {
					"rotation": [30, 0, 0]
				},
				"head": {
					"rotation": [-20, 32.5, 0],
					"position": [-3, 0, 0]
				}
			}
		},
        "animation.ivysaur.health_bar":{
            "loop":true,
            "bones":{
                "health_hover":{
    "rotation":["q.camera_rotation(0)","q.camera_rotation(1)-q.body_y_rotation",0],
	"position": [0,25,0],
    "scale":"query.is_in_ui?0:1.5"
                },
				"bar_green": {
					"scale": ["query.health/query.max_health*1", 1, 1]
				},
				"bar_black": {
					"scale": ["(1)+(query.health/query.max_health*-1)", 1, 1]
				}
			}
        }
	}
}