{
	"format_version": "1.8.0",
	"animations": {
		"animation.bulbasaur.quiet": {
			"loop": true,
			"animation_length": 1.6,
			"bones": {
				"body": {
					"rotation": {
						"0.0": [0, 0, -3],
						"0.4": [0, 0, 0],
						"0.8": [0, 0, 3],
						"1.2": [0, 0, 0],
						"1.6": [0, 0, -3]
					},
					"position": {
						"0.0": [0, 0, 0],
						"0.4": [0, -0.5, 0],
						"0.8": [0, 0, 0],
						"1.2": [0, -0.5, 0],
						"1.6": [0, 0, 0]
					}
				}
			}
		},
		"animation.bulbasaur.walk": {
			"loop": true,
			"animation_length": 0.45,
			"bones": {
				"body": {
					"rotation": {
						"0.0": [15, 0, 0],
						"0.30": [2.5, 0, 0],
						"0.45": [15, 0, 0]
					}
				},
				"front_legs": {
					"rotation": {
						"0.0": [-60, 0, 0],
						"0.15": [-22.5, 0, 0],
						"0.30": [5, 0, 0],
						"0.45": [-60, 0, 0]
					},
					"position": [0, 0, -1]
				},
				"back_legs": {
					"rotation": {
						"0.0": [-5, 0, 0],
						"0.15": [45, 0, 0],
						"0.30": [-5, 0, 0],
						"0.45": [-5, 0, 0]
					},
					"position": {
						"0.0": [0, 0, 0],
						"0.15": [0, 1, 2],
						"0.30": [0, 0, 0],
						"0.45": [0, 0, 0]
					}
				}
			}
		},
		"animation.bulbasaur.sitting": {
			"loop": true,
			"bones": {
				"body": {
					"rotation": [-30, 0, 0],
					"position": [0, 0, -1]
				},
				"back_legs": {
					"rotation": [-60, 0, 0],
					"position": [0, 0, 1]
				},
				"front_legs": {
					"rotation": [0, 0, 0],
					"position": [0, 0, 2],
					"scale": 1
				}
			}
		},
		"animation.bulbasaur.jump": {
			"loop": true,
			"bones": {
				"bulbasaur": {
					"rotation": [7.5, 0, 0]
				},
				"front_legs": {
					"rotation": [-60, 0, 0]
				},
				"back_legs": {
					"rotation": [60, 0, 0],
					"position": [0, 0, 2]
				}
			}
		},
        "animation.bulbasaur.attack": {
			"loop": true,
			"bones": {
				"bulbasaur": {
					"rotation": [50, 0, 0],
					"position": [0, 1, 0]
				},
				"front_legs": {
					"rotation": [-50, 0, 0]
				},
				"back_legs": {
					"rotation": [45, 0, 0],
					"position": [0, 1, 1]
				}
			}
		},
        "animation.bulbasaur.health_bar":{
            "loop":true,
            "bones":{
                "health_hover":{
    "rotation":["q.camera_rotation(0)","q.camera_rotation(1)-q.body_y_rotation",0],
	"position": [0,20,0],
    "scale":"query.is_in_ui?0:1.5"
                },
				"bar_green": {
					"scale": ["query.health/query.max_health*1", 1, 1]
				},
				"bar_black": {
					"scale": ["(1)+(query.health/query.max_health*-1)", 1, 1]
				}
			}
        },
        "animation.bulbasaur.defeated": {
			"loop": "hold_on_last_frame",
			"bones": {
				"body": {
					"rotation": [-30, 0, 0],
					"position": [0, 0, -1]
				},
				"back_legs": {
					"rotation": [-60, 0, 0],
					"position": [0, 0, 1]
				},
				"front_legs": {
					"rotation": [0, 0, 0],
					"position": [0, 0, 2],
					"scale": 1
				}
			}
		}
	}
}