{
	"format_version": "1.8.0",
	"animations": {
		"animation.venusaur.quiet": {
			"loop": true,
			"animation_length": 1.6,
			"bones": {
				"body": {
					"rotation": {
						"0.0": [-4.5, 0, 0],
						"0.8": [4.5, 0, 0],
						"1.6": [-4.5, 0, 0]
					},
					"position": {
						"0.0": [0, 0, 1],
						"0.8": [0, 0, -1],
						"1.6": [0, 0, 1]
					}
				},
				"head": {
					"rotation": {
						"0.0": [5, 0, 0],
						"0.8": [5, 0, 0],
						"1.6": [5, 0, 0]
					},
					"position": {
						"0.0": [0, 1, 0],
						"0.8": [0, -1, 0],
						"1.6": [0, 1, 0]
					}
				},
				"mouth": {
					"rotation": {
						"0.0": [10, 0, 0],
						"0.8": [5, 0, 0],
						"1.6": [10, 0, 0]
					}
				}
			}
		},
		"animation.venusaur.walk": {
			"loop": true,
			"animation_length": 0.8,
			"bones": {
				"venusaur": {
					"rotation": {
						"0.0": [-5, 0, 0],
						"0.3": [5, 0, 0],
						"0.8": [-5, 0, 0]
					},
					"position": {
						"0.0": [0, 0, 0],
						"0.5": [0, 2, 0],
						"0.8": [0, 0, 0]
					}
				},
				"head": {
					"rotation": {
						"0.0": [0, 0, 0],
						"0.4": [5, 0, 0],
						"0.8": [0, 0, 0]
					}
				},
				"mouth": {
					"rotation": {
						"0.0": [5, 0, 0],
						"0.2": [0, 0, 0],
						"0.8": [5, 0, 0]
					}
				},
				"front_legs": {
					"rotation": {
						"0.0": [-60, 0, 0],
						"0.5": [50, 0, 0],
						"0.8": [-60, 0, 0]
					}
				},
				"back_legs": {
					"rotation": {
						"0.0": [50, 0, 0],
						"0.4": [-35, 0, 0],
						"0.8": [50, 0, 0]
					},
					"position": {
						"0.0": [0, 3, 2],
						"0.4": [0, 0, 0],
						"0.8": [0, 3, 2]
					}
				},
				"back_foots": {
					"position": {
						"0.0": [0, -3, 3],
						"0.3": [0, 0, 0],
						"0.8": [0, -3, 3]
					}
				}
			}
		},
		"animation.venusaur.sitting": {
			"loop": true,
			"bones": {
				"head": {
					"position": [0, 11, 6]
				},
				"body": {
					"rotation": [-45, 0, 0],
					"position": [0, 1, 3],
					"scale": [1, 1, 0.8]
				},
				"front_legs": {
					"position": [0, 3, 1],
					"scale": [0.9, 1.6, 1]
				},
				"back_legs": {
					"position": [0, 0, -2]
				}
			}
		},
		"animation.venusaur.jump": {
			"loop": true,
			"bones": {
				"venusaur": {
					"position": [0, 2, 0]
				},
				"front_legs": {
					"rotation": [-45, 0, 0]
				},
				"back_legs": {
					"rotation": [55, 0, 0]
				}
			}
		},
		"animation.venusaur.attack": {
			"loop": true,
			"animation_length": 0.8,
			"bones": {
				"venusaur": {
					"rotation": [7.5, 0, 0],
					"position": [0, 2, -3]
				},
				"front_legs": {
					"rotation": [-57.5, 0, 0],
					"position": [0, -1, 0]
				},
				"back_legs": {
					"rotation": [-5, 0, 0],
					"position": [0, -3, -1]
				}
			}
		},
		"animation.venusaur.swimming": {
			"loop": true,
			"animation_length": 0.6,
			"bones": {
				"venusaur": {
					"position": {
						"0.0": [0, -2, 0],
						"0.4": [0, -1, 0],
						"0.6": [0, -2, 0]
					}
				},
				"head": {
					"position": [0, 10, 0]
				},
				"body": {
					"rotation": [-35, 0, 0]
				},
				"front_legs": {
					"rotation": {
						"0.0": [-50, 0, 0],
						"0.2": [-15, 0, 0],
						"0.6": [-50, 0, 0]
					},
					"position": [0, 4, -4]
				},
				"back_legs": {
					"rotation": {
						"0.0": [-25, 0, 0],
						"0.3": [25, 0, 0],
						"0.6": [-25, 0, 0]
					},
					"position": {
						"0.0": [0, -4, -4],
						"0.3": [0, -4, -2],
						"0.6": [0, -4, -4]
					}
				}
			}
		},
        "animation.venusaur.health_bar":{
            "loop":true,
            "bones":{
                "health_hover":{
    "rotation":["q.camera_rotation(0)","q.camera_rotation(1)-q.body_y_rotation",0],
	"position": [0,30,0],
    "scale":"query.is_in_ui?0:1.4"
                },
				"bar_green": {
					"scale": ["query.health/query.max_health*1", 1, 1]
				},
				"bar_black": {
					"scale": ["(1)+(query.health/query.max_health*-1)", 1, 1]
				}
			}
        },
        "animation.venusaur.health_bar_mega":{
            "loop":true,
            "bones":{
                "health_hover":{
    "rotation":["q.camera_rotation(0)","q.camera_rotation(1)-q.body_y_rotation",0],
	"position": [0,34,0],
    "scale":"query.is_in_ui?0:1.5"
                },
				"bar_green": {
					"scale": ["query.health/query.max_health*1", 1, 1]
				},
				"bar_black": {
					"scale": ["(1)+(query.health/query.max_health*-1)", 1, 1]
				}
			}
        }
	}
}