{
	"format_version": "1.8.0",
	"animations": {
		"animation.raichu.quiet": {
			"loop": true,
			"animation_length": 1.6,
			"bones": {
				"body_root": {
					"rotation": {
						"0.0": [0, 0, -7.5],
						"0.4": [10, 0, 2.5],
						"0.8": [0, 0, 12.5],
						"1.2": [10, 0, 2.5],
						"1.6": [0, 0, -7.5]
					}
				},
				"head": {
					"position": {
						"0.0": [0, 0, 0],
						"0.4": [0, -1, 0],
						"0.8": [0, 0, 0],
						"1.2": [0, -1, 0],
						"1.6": [0, 0, 0]
					}
				},
				"tail": {
					"rotation": {
						"0.0": [0, 50, 0],
						"0.8": [45, 45, 35],
						"1.6": [0, 50, 0]
					}
				},
				"right_arm": {
					"rotation": {
						"0.0": [0, 0, 42.5],
						"0.4": [0, 0, 12.5],
						"0.8": [0, 0, 42.5],
						"1.2": [0, 0, 12.5],
						"1.6": [0, 0, 42.5]
					}
				},
				"left_arm": {
					"rotation": {
						"0.0": [0, 0, -45],
						"0.4": [0, 0, -15],
						"0.8": [0, 0, -45],
						"1.2": [0, 0, -15],
						"1.6": [0, 0, -45]
					}
				}
			}
		},
		"animation.raichu.walk": {
			"loop": true,
			"animation_length": 0.6,
			"bones": {
				"body_root": {
					"rotation": {
						"0.0": [20, 0, 0],
						"0.3": [0, 0, 0],
						"0.6": [20, 0, 0]
					}
				},
				"head": {
					"position": {
						"0.0": [0, -1, 0],
						"0.3": [0, 1, 1],
						"0.6": [0, -1, 0]
					}
				},
				"tail": {
					"rotation": {
						"0.0": [-25, 20, 30],
						"0.3": [-10, 35, 6],
						"0.6": [-25, 20, 30]
					}
				},
				"arms": {
					"rotation": {
						"0.0": [0, 0, 0],
						"0.2": [-30, 0, 0],
						"0.6": [0, 0, 0]
					}
				},
				"legs": {
					"rotation": {
						"0.0": [0, 0, 0],
						"0.4": [-35, 0, 0],
						"0.6": [0, 0, 0]
					}
				}
			}
		},
		"animation.raichu.sitting": {
			"loop": true,
			"bones": {
				"raichu": {
					"position": [0, -2, -3]
				},
				"head": {
					"position": [0, 0, 1]
				},
				"tail": {
					"rotation": [120, 30, 105],
					"scale": [1, 1, 0.8]
				},
				"arms": {
					"rotation": [-25, 0, 0]
				},
				"legs": {
					"rotation": [-55, 0, 0],
					"position": [0, 0, 2]
				}
			}
		},
		"animation.raichu.jump": {
			"loop": true,
			"bones": {
				"raichu": {
					"position": [0, 3, -3]
				},
				"arms": {
					"rotation": [-90, 0, 0]
				},
				"right_arm": {
					"rotation": [0, 0, 40]
				},
				"left_arm": {
					"rotation": [0, 0, -40]
				},
				"legs": {
					"rotation": [45, 0, 0],
					"position": [0, -3, 0]
				}
			}
		},
		"animation.raichu.swimming": {
			"loop": true,
			"animation_length": 0.6,
			"bones": {
				"raichu": {
					"position": {
						"0.0": [0, -2, 0],
						"0.3": [0, 0, 0],
						"0.6": [0, -2, 0]
					}
				},
				"tail": {
					"rotation": [30, 0, 177.5]
				},
				"arms": {
					"rotation": {
						"0.0": [-45, 0, 0],
						"0.2": [-5, 0, 0],
						"0.6": [-45, 0, 0]
					}
				},
				"right_arm": {
					"rotation": [0, 0, 30]
				},
				"left_arm": {
					"rotation": [0, 0, -30]
				},
				"legs": {
					"rotation": {
						"0.0": [-15, 0, 0],
						"0.4": [25, 0, 0],
						"0.6": [-15, 0, 0]
					}
				}
			}
		},
        "animation.raichu.health_bar":{
            "loop":true,
            "bones":{
                "health_hover":{
    "rotation":["q.camera_rotation(0)","q.camera_rotation(1)-q.body_y_rotation",0],
	"position": [0,35,0],
    "scale":"query.is_in_ui?0:1.7"
                },
				"bar_green": {
					"scale": ["query.health/query.max_health*1", 1, 1]
				},
				"bar_black": {
					"scale": ["(1)+(query.health/query.max_health*-1)", 1, 1]
				}
			}
        }
	}
}