{
	"format_version": "1.12.0",
	"minecraft:geometry": [
		{
			"description": {
				"identifier": "geometry.serpgyarados",
				"texture_width": 128,
				"texture_height": 128,
				"visible_bounds_width": 9,
				"visible_bounds_height": 7,
				"visible_bounds_offset": [0, 0.5, 0]
			},
			"bones": [
				{
					"name": "gyarados",
					"pivot": [0, 15, 0]
				},
				{
					"name": "head",
					"parent": "gyarados",
					"pivot": [0, 32, -4],
					"cubes": [
						{"origin": [-5, 35, -19], "size": [10, 6, 9], "uv": [37, 33]},
						{"origin": [-4, 20, -17], "size": [0, 15, 3], "pivot": [-5, 35, -16], "rotation": [0, 0, 10], "uv": [71, 90]},
						{"origin": [4, 20, -17], "size": [0, 15, 3], "pivot": [5, 35, -16], "rotation": [0, 0, -10], "uv": [71, 90], "mirror": true},
						{"origin": [-11, 33, -16], "size": [6, 6, 0], "pivot": [-5, 37, -16], "rotation": [0, 45, 0], "uv": [97, 67]},
						{"origin": [5, 33, -16], "size": [6, 6, 0], "pivot": [5, 37, -16], "rotation": [0, -45, 0], "uv": [97, 67], "mirror": true},
						{"origin": [-4, 29.76677, -16.7], "size": [8, 7, 8], "pivot": [0, 30, -17], "rotation": [30, 0, 0], "uv": [53, 58]},
						{"origin": [-4.2, 30, -20.5], "size": [8.4, 8, 1], "pivot": [0, 37, -18], "rotation": [25, 0, 0], "uv": [86, 57]},
						{"origin": [-3, 35, -20.3], "size": [1, 1, 0], "uv": [5, 2]},
						{"origin": [2, 35, -20.3], "size": [1, 1, 0], "uv": [5, 2], "mirror": true},
						{"origin": [-3, 31, -23], "size": [1, 1, 0], "pivot": [0, 37, -18], "rotation": [25, 0, 0], "uv": [5, 0]},
						{"origin": [2, 31, -23], "size": [1, 1, 0], "pivot": [0, 37, -18], "rotation": [25, 0, 0], "uv": [5, 0], "mirror": true},
						{"origin": [-4.2, 30, -23.5], "size": [8.4, 1, 3], "pivot": [0, 37, -18], "rotation": [25, 0, 0], "uv": [0, 52]},
						{"origin": [-7, 38, -14], "size": [3, 1, 1], "pivot": [-4, 39, -13], "rotation": [0, 45, 20], "uv": [84, 81]},
						{"origin": [4, 38, -14], "size": [3, 1, 1], "pivot": [4, 39, -13], "rotation": [0, -45, -20], "uv": [84, 81], "mirror": true},
						{"origin": [-6, 37, -15], "size": [2, 1, 1], "pivot": [-4, 39, -13], "rotation": [0, 10, 0], "uv": [50, 6]},
						{"origin": [4, 37, -15], "size": [2, 1, 1], "pivot": [4, 39, -13], "rotation": [0, -10, 0], "uv": [50, 6], "mirror": true},
						{"origin": [-4.5, 40.5, -17.5], "size": [9, 1, 7], "uv": [67, 32]},
						{"origin": [-4.5, 35.5, -19.5], "size": [9, 5, 1], "uv": [97, 48]},
						{"origin": [-0.5, 38, -20.7], "size": [1, 9, 1], "pivot": [0, 36.5, -19.5], "rotation": [-15, 0, 0], "uv": [89, 98]},
						{"origin": [-0.5, 39, -20], "size": [1, 6, 1], "pivot": [-0.5, 38.5, -19.5], "rotation": [5, 0, 45], "uv": [0, 0]},
						{"origin": [-0.5, 39, -20], "size": [1, 6, 1], "pivot": [0.5, 38.5, -19.5], "rotation": [5, 0, -45], "uv": [0, 0], "mirror": true},
						{"origin": [-1.5, 37, -20.5], "size": [3, 1.5, 1], "uv": [9, 75]},
						{"origin": [-4, 32, -10], "size": [8, 8, 10], "uv": [0, 33]},
						{"origin": [-3.5, 31.5, -7.5], "size": [7, 9, 7], "uv": [26, 68]},
						{"origin": [0, 40.5, -7.5], "size": [0, 5, 7], "uv": [17, 93]},
						{"origin": [-4.5, 32.5, -9.5], "size": [9, 7, 9], "uv": [48, 0]},
						{"origin": [-7.5, 38.5, -7.5], "size": [3, 0, 6], "uv": [53, 49]},
						{"origin": [4.5, 38.5, -7.5], "size": [3, 0, 6], "uv": [53, 49], "mirror": true},
						{"origin": [-3.5, 32.5, -10.5], "size": [7, 7, 11], "uv": [22, 14]}
					]
				},
				{
					"name": "open_eyes",
					"parent": "head",
					"pivot": [0, 37, -11],
					"cubes": [
						{"origin": [-4.5, 38, -19.55], "size": [4, 2, 0], "uv": [0, 104]},
						{"origin": [0.5, 38, -19.55], "size": [4, 2, 0], "uv": [0, 104], "mirror": true}
					]
				},
				{
					"name": "closed_eyes",
					"parent": "head",
					"pivot": [0, 37, -11],
					"cubes": [
						{"origin": [-4.5, 38, -19.55], "size": [4, 2, 0], "uv": [0, 106]},
						{"origin": [0.5, 38, -19.55], "size": [4, 2, 0], "uv": [0, 106], "mirror": true}
					]
				},
				{
					"name": "angry_eyes",
					"parent": "head",
					"pivot": [0, 40, -11],
					"cubes": [
						{"origin": [-4.5, 38, -19.55], "size": [4, 2, 0], "uv": [0, 108]},
						{"origin": [0.5, 38, -19.55], "size": [4, 2, 0], "uv": [0, 108], "mirror": true}
					]
				},
				{
					"name": "body",
					"parent": "gyarados",
					"pivot": [0, 31, -4]
				},
				{
					"name": "body1",
					"parent": "body",
					"pivot": [0, 31, -4],
					"cubes": [
						{"origin": [-4, 15, -8], "size": [8, 16, 8], "uv": [0, 0]},
						{"origin": [-4.5, 23.5, -7.5], "size": [9, 7, 7], "uv": [59, 17]},
						{"origin": [-3.5, 23.5, -8.5], "size": [7, 7, 9], "uv": [28, 49]},
						{"origin": [-3.5, 30.5, -7.5], "size": [7, 1, 7], "uv": [76, 0]},
						{"origin": [-3.5, 14.5, -7.5], "size": [7, 1, 7], "uv": [76, 0]},
						{"origin": [-4.5, 15.5, -7.5], "size": [9, 7, 7], "uv": [59, 17]},
						{"origin": [-3.5, 15.5, -8.5], "size": [7, 7, 9], "uv": [28, 49]},
						{"origin": [0, 15.5, 0.5], "size": [0, 7, 5], "uv": [78, 98]}
					]
				},
				{
					"name": "saddle",
					"parent": "body1",
					"pivot": [0, 31, -8],
					"cubes": [
						{"origin": [-4.5, 23.5, 0.6], "size": [9, 7, 0], "uv": [27, 33]},
						{"origin": [-2, 24.5, -8.6], "size": [4, 5, 0], "uv": [44, 0]}
					]
				},
				{
					"name": "body2",
					"parent": "body1",
					"pivot": [0, 15, -4],
					"cubes": [
						{"origin": [-4, -1, -8], "size": [8, 16, 8], "uv": [0, 0]},
						{"origin": [-4.5, 7.5, -7.5], "size": [9, 7, 7], "uv": [59, 17]},
						{"origin": [-3.5, 14.5, -7.5], "size": [7, 1, 7], "uv": [76, 0]},
						{"origin": [-3.5, -1.5, -7.5], "size": [7, 1, 7], "uv": [76, 0]},
						{"origin": [-4.5, -0.5, -7.5], "size": [9, 7, 7], "uv": [59, 17]},
						{"origin": [-3.5, -0.5, -8.5], "size": [7, 7, 9], "uv": [28, 49]},
						{"origin": [-3.5, 7.5, -8.5], "size": [7, 7, 9], "uv": [28, 49]}
					]
				},
				{
					"name": "body3",
					"parent": "body2",
					"pivot": [0, -1, -4],
					"cubes": [
						{"origin": [-4, -9, -8], "size": [8, 8, 8], "uv": [0, 58]},
						{"origin": [-4.5, -8.5, -7.5], "size": [9, 7, 7], "uv": [59, 17]},
						{"origin": [-3.5, -1.5, -7.5], "size": [7, 1, 7], "uv": [76, 0]},
						{"origin": [-3.5, -8.5, -8.5], "size": [7, 7, 9], "uv": [28, 49]},
						{"origin": [-3.5, -17, -7.5], "size": [7, 8, 7], "uv": [55, 74]},
						{"origin": [-4, -16.5, -7], "size": [8, 7, 6], "uv": [0, 79]},
						{"origin": [-3, -17.5, -7], "size": [6, 1, 6], "uv": [25, 0]},
						{"origin": [-3, -16.5, -8], "size": [6, 7, 8], "uv": [68, 41]},
						{"origin": [0, -16.5, 0], "size": [0, 7, 5], "uv": [78, 98]}
					]
				},
				{
					"name": "body4",
					"parent": "body3",
					"pivot": [0, -17, -4],
					"cubes": [
						{"origin": [-3, -24, -7], "size": [6, 7, 6], "uv": [78, 84]},
						{"origin": [-3.5, -23.5, -6.5], "size": [7, 6, 5], "uv": [85, 9]},
						{"origin": [-2.5, -17.5, -6.5], "size": [5, 1, 5], "uv": [0, 25]},
						{"origin": [-2.5, -31, -6.5], "size": [5, 7, 5], "uv": [50, 90]},
						{"origin": [-2.5, -23.5, -7.5], "size": [5, 6, 7], "uv": [79, 67]},
						{"origin": [-3, -30.5, -6], "size": [6, 6, 4], "uv": [92, 21]},
						{"origin": [-2, -31.5, -6], "size": [4, 1, 4], "uv": [48, 17]},
						{"origin": [-2, -30.5, -7], "size": [4, 6, 6], "uv": [29, 85]},
						{"origin": [0, -30.5, -1], "size": [0, 6, 4], "uv": [0, 32]}
					]
				},
				{
					"name": "body5",
					"parent": "body4",
					"pivot": [0, -31, -4],
					"cubes": [
						{"origin": [-2, -37, -6], "size": [4, 6, 4], "uv": [96, 37]},
						{"origin": [-2.5, -36.5, -5.5], "size": [5, 5, 3], "uv": [97, 81]},
						{"origin": [-1.5, -31.5, -5.5], "size": [3, 1, 3], "uv": [33, 8]},
						{"origin": [-1.5, -37.5, -5.5], "size": [3, 1, 3], "uv": [33, 8]},
						{"origin": [-1.5, -36.5, -6.5], "size": [3, 5, 5], "uv": [0, 93]},
						{"origin": [-4, -46.5, -4], "size": [8, 9, 0], "pivot": [0, -37, -4], "rotation": [0, 180, 0], "uv": [32, 98]}
					]
				}
			]
		},
		{
			"description": {
				"identifier": "geometry.serpgyarados_mega",
				"texture_width": 160,
				"texture_height": 160,
				"visible_bounds_width": 9,
				"visible_bounds_height": 8,
				"visible_bounds_offset": [0, 0, 0]
			},
			"bones": [
				{
					"name": "gyarados",
					"pivot": [0, 15, 0]
				},
				{
					"name": "head",
					"parent": "gyarados",
					"pivot": [0, 32, -4],
					"cubes": [
						{"origin": [-5, 37, -18], "size": [10, 6, 9], "uv": [36, 105]},
						{"origin": [-4, 17, -16], "size": [0, 20, 5], "pivot": [-5, 37, -16], "rotation": [10, -40, 30], "uv": [0, 126]},
						{"origin": [4, 17, -16], "size": [0, 20, 5], "pivot": [5, 37, -16], "rotation": [10, 40, -30], "uv": [0, 126], "mirror": true},
						{"origin": [-15.9, 35, -15], "size": [10.9, 5, 0], "pivot": [-5, 39, -15], "rotation": [0, 45, 0], "uv": [66, 105]},
						{"origin": [5, 35, -15], "size": [10.9, 5, 0], "pivot": [5, 39, -15], "rotation": [0, -45, 0], "uv": [66, 105], "mirror": true},
						{"origin": [-10, 35, -15.5], "size": [6, 7, 0], "pivot": [-5, 42, -15.5], "rotation": [0, 30, 0], "uv": [94, 113]},
						{"origin": [4, 35, -15.5], "size": [6, 7, 0], "pivot": [5, 42, -15.5], "rotation": [0, -30, 0], "uv": [94, 113], "mirror": true},
						{"origin": [-4, 32.5, -15.7], "size": [8, 5, 8], "pivot": [0, 32, -16], "rotation": [25, 0, 0], "uv": [103, 113]},
						{"origin": [0, 25.5, -14.7], "size": [0, 7, 4], "pivot": [0, 32, -16], "rotation": [25, 0, 0], "uv": [37, 48]},
						{"origin": [-3.5, 32, -19.5], "size": [7, 8, 1], "pivot": [0, 39, -17], "rotation": [25, 0, 0], "uv": [130, 59]},
						{"origin": [-3, 37, -19.3], "size": [1, 1, 0], "uv": [0, 2]},
						{"origin": [2, 37, -19.3], "size": [1, 1, 0], "uv": [0, 2], "mirror": true},
						{"origin": [-3, 33, -22], "size": [1, 1, 0], "pivot": [0, 39, -17], "rotation": [25, 0, 0], "uv": [0, 0]},
						{"origin": [2, 33, -22], "size": [1, 1, 0], "pivot": [0, 39, -17], "rotation": [25, 0, 0], "uv": [0, 0], "mirror": true},
						{"origin": [-3.5, 32, -22.5], "size": [7, 1, 3], "pivot": [0, 39, -17], "rotation": [25, 0, 0], "uv": [117, 4]},
						{"origin": [-4.5, 42.5, -16.5], "size": [9, 1, 7], "uv": [0, 70]},
						{"origin": [-4.5, 37.5, -18.5], "size": [9, 5, 1], "uv": [99, 0]},
						{"origin": [-2, 40, -19.7], "size": [4, 12, 0], "pivot": [0, 38.5, -18.5], "rotation": [-15, 0, 0], "uv": [24, 135]},
						{"origin": [-0.5, 41, -19], "size": [1, 6, 1], "pivot": [0.5, 40.5, -18.5], "rotation": [5, 0, -50], "uv": [74, 48]},
						{"origin": [-0.5, 41, -19], "size": [1, 6, 1], "pivot": [-0.5, 40.5, -18.5], "rotation": [5, 0, 50], "uv": [74, 48], "mirror": true},
						{"origin": [-1.5, 39, -19.5], "size": [3, 1, 1], "uv": [53, 8]},
						{"origin": [-6, 32, -9], "size": [12, 12, 10], "uv": [71, 69]},
						{"origin": [-5.5, 31.5, -6.5], "size": [11, 13, 7], "uv": [90, 92]},
						{"origin": [-6.5, 32.5, -8.5], "size": [13, 11, 9], "uv": [81, 39]},
						{"origin": [-6.5, 32.5, -5.5], "size": [2, 4, 3], "pivot": [-6.5, 36.5, -4], "rotation": [0, 0, 25], "uv": [25, 109]},
						{"origin": [4.5, 32.5, -5.5], "size": [2, 4, 3], "pivot": [6.5, 36.5, -4], "rotation": [0, 0, -25], "uv": [25, 109], "mirror": true},
						{"origin": [-5.5, 32.5, -9.5], "size": [11, 11, 11], "uv": [26, 69]},
						{"origin": [-4, 33.5, 1.5], "size": [1, 5, 7], "pivot": [-4, 39.5, 1.5], "rotation": [0, -20, 0], "uv": [137, 131]},
						{"origin": [3, 33.5, 1.5], "size": [1, 5, 7], "pivot": [4, 39.5, 1.5], "rotation": [0, 20, 0], "uv": [137, 131], "mirror": true},
						{"origin": [-3.5, 15, 2], "size": [0, 22, 7], "pivot": [-3.5, 37, 2], "rotation": [35, -20, 0], "uv": [0, 37]},
						{"origin": [3.5, 15, 2], "size": [0, 22, 7], "pivot": [3.5, 37, 2], "rotation": [35, 20, 0], "uv": [0, 37], "mirror": true}
					]
				},
				{
					"name": "open_eyes",
					"parent": "head",
					"pivot": [0, 39, -10],
					"cubes": [
						{"origin": [-4.5, 40, -18.55], "size": [4, 2, 0], "uv": [0, 152]},
						{"origin": [0.5, 40, -18.55], "size": [4, 2, 0], "uv": [0, 152], "mirror": true}
					]
				},
				{
					"name": "closed_eyes",
					"parent": "head",
					"pivot": [0, 39, -10],
					"cubes": [
						{"origin": [-4.5, 40, -18.55], "size": [4, 2, 0], "uv": [0, 154]},
						{"origin": [0.5, 40, -18.55], "size": [4, 2, 0], "uv": [0, 154], "mirror": true}
					]
				},
				{
					"name": "angry_eyes",
					"parent": "head",
					"pivot": [0, 42, -10],
					"cubes": [
						{"origin": [-4.5, 40, -18.55], "size": [4, 2, 0], "uv": [0, 156]},
						{"origin": [0.5, 40, -18.55], "size": [4, 2, 0], "uv": [0, 156], "mirror": true}
					]
				},
				{
					"name": "body",
					"parent": "gyarados",
					"pivot": [0, 32, -4]
				},
				{
					"name": "body1",
					"parent": "body",
					"pivot": [0, 31, -4],
					"cubes": [
						{"origin": [-7, 19, -11], "size": [14, 12, 14], "uv": [0, 0]},
						{"origin": [-7.5, 25.5, -9.5], "size": [15, 5, 11], "uv": [57, 0]},
						{"origin": [-7.5, 25.5, -5.5], "size": [2, 4, 3], "pivot": [-7.5, 29.5, -4], "rotation": [0, 0, 20], "uv": [25, 109]},
						{"origin": [5.5, 25.5, -5.5], "size": [2, 4, 3], "pivot": [7.5, 29.5, -4], "rotation": [0, 0, -20], "uv": [25, 109], "mirror": true},
						{"origin": [-7.5, 19.5, -5.5], "size": [2, 4, 3], "pivot": [-7.5, 23.5, -4], "rotation": [0, 0, 15], "uv": [25, 109]},
						{"origin": [5.5, 19.5, -5.5], "size": [2, 4, 3], "pivot": [7.5, 23.5, -4], "rotation": [0, 0, -15], "uv": [25, 109], "mirror": true},
						{"origin": [-5.5, 25.5, -11.5], "size": [11, 5, 15], "uv": [37, 27]},
						{"origin": [-3.5, 10.5, 3.5], "size": [0, 18, 7], "pivot": [-3.5, 28, 3.5], "rotation": [35, -15, 0], "uv": [0, 41]},
						{"origin": [3.5, 10.5, 3.5], "size": [0, 18, 7], "pivot": [3.5, 28, 3.5], "rotation": [35, 15, 0], "uv": [0, 41], "mirror": true},
						{"origin": [-3, 6.5, 3.5], "size": [0, 15, 7], "pivot": [-3, 21.5, 3.5], "rotation": [35, -10, 0], "uv": [0, 44]},
						{"origin": [3, 6.5, 3.5], "size": [0, 15, 7], "pivot": [3, 21.5, 3.5], "rotation": [35, 10, 0], "uv": [0, 44], "mirror": true},
						{"origin": [-4, 25.5, 3.5], "size": [1, 5, 7], "pivot": [-4, 28, 3.5], "rotation": [0, -15, 0], "uv": [137, 131]},
						{"origin": [3, 25.5, 3.5], "size": [1, 5, 7], "pivot": [4, 28, 3.5], "rotation": [0, 15, 0], "uv": [137, 131], "mirror": true},
						{"origin": [-3.5, 19.5, 3.5], "size": [1, 5, 7], "pivot": [-3.5, 22, 3.5], "rotation": [0, -10, 0], "uv": [137, 131]},
						{"origin": [2.5, 19.5, 3.5], "size": [1, 5, 7], "pivot": [3.5, 22, 3.5], "rotation": [0, 10, 0], "uv": [137, 131], "mirror": true},
						{"origin": [-5.5, 30.5, -9.5], "size": [11, 1, 11], "uv": [45, 92]},
						{"origin": [-5.5, 18.5, -9.5], "size": [11, 1, 11], "uv": [45, 92]},
						{"origin": [-7.5, 19.5, -9.5], "size": [15, 5, 11], "uv": [57, 0]},
						{"origin": [-5.5, 19.5, -11.5], "size": [11, 5, 15], "uv": [37, 27]}
					]
				},
				{
					"name": "body2",
					"parent": "body1",
					"pivot": [0, 19, -4],
					"cubes": [
						{"origin": [-4, 3, -8], "size": [8, 8, 8], "uv": [0, 109]},
						{"origin": [-6, 11, -10], "size": [12, 8, 12], "uv": [37, 48]},
						{"origin": [-6.5, 11.5, -8.5], "size": [13, 7, 9], "uv": [0, 92]},
						{"origin": [-6.5, 13.5, -5.5], "size": [2, 4, 3], "pivot": [-6.5, 17.5, -4], "rotation": [0, 0, 10], "uv": [25, 109]},
						{"origin": [4.5, 13.5, -5.5], "size": [2, 4, 3], "pivot": [6.5, 17.5, -4], "rotation": [0, 0, -10], "uv": [25, 109], "mirror": true},
						{"origin": [-4.5, 18.5, -8.5], "size": [9, 1, 9], "uv": [66, 113]},
						{"origin": [-3.5, 2.5, -7.5], "size": [7, 1, 7], "uv": [57, 17]},
						{"origin": [-4.5, 3.5, -7.5], "size": [9, 7, 7], "uv": [19, 27]},
						{"origin": [-3.5, 3.5, -8.5], "size": [7, 7, 9], "uv": [106, 60]},
						{"origin": [-4.5, 11.5, -10.5], "size": [9, 7, 13], "uv": [75, 17]},
						{"origin": [-2.5, 4.5, 2.5], "size": [0, 10, 7], "pivot": [-2.5, 15.5, 2.5], "rotation": [25, -5, 0], "uv": [0, 49]},
						{"origin": [2.5, 4.5, 2.5], "size": [0, 10, 7], "pivot": [2.5, 15.5, 2.5], "rotation": [25, 5, 0], "uv": [0, 49], "mirror": true},
						{"origin": [-3, 13.5, 2.5], "size": [1, 5, 7], "pivot": [-3, 16, 2.5], "rotation": [0, -5, 0], "uv": [137, 131]},
						{"origin": [2, 13.5, 2.5], "size": [1, 5, 7], "pivot": [3, 16, 2.5], "rotation": [0, 5, 0], "uv": [137, 131], "mirror": true}
					]
				},
				{
					"name": "body3",
					"parent": "body2",
					"pivot": [0, 3, -4],
					"cubes": [
						{"origin": [-4, -5, -8], "size": [8, 8, 8], "uv": [107, 9]},
						{"origin": [-4.5, -4.5, -7.5], "size": [9, 7, 7], "uv": [19, 27]},
						{"origin": [-3.5, 2.5, -7.5], "size": [7, 1, 7], "uv": [57, 17]},
						{"origin": [-3.5, -4.5, -8.5], "size": [7, 7, 9], "uv": [106, 60]},
						{"origin": [-3.5, -13, -7.5], "size": [7, 8, 7], "uv": [120, 77]},
						{"origin": [-4, -12.5, -7], "size": [8, 7, 6], "uv": [27, 121]},
						{"origin": [-3, -13.5, -7], "size": [6, 1, 6], "uv": [43, 0]},
						{"origin": [-3, -12.5, -8], "size": [6, 7, 8], "uv": [117, 30]},
						{"origin": [0, -11, 0], "size": [0, 4, 7], "uv": [11, 125]},
						{"origin": [0, -11, 8], "size": [0, 4, 7], "pivot": [0, 16, 0], "rotation": [0, 180, 0], "uv": [11, 125]}
					]
				},
				{
					"name": "body4",
					"parent": "body3",
					"pivot": [0, -13, -4],
					"cubes": [
						{"origin": [-3, -20, -7], "size": [6, 7, 6], "uv": [81, 124]},
						{"origin": [-3.5, -19.5, -6.5], "size": [7, 6, 5], "uv": [0, 79]},
						{"origin": [-2.5, -13.5, -6.5], "size": [5, 1, 5], "uv": [60, 69]},
						{"origin": [-2.5, -27, -6.5], "size": [5, 7, 5], "uv": [127, 93]},
						{"origin": [-2.5, -19.5, -7.5], "size": [5, 6, 7], "uv": [56, 124]},
						{"origin": [-3, -26.5, -6], "size": [6, 6, 4], "uv": [106, 127]},
						{"origin": [-2, -27.5, -6], "size": [4, 1, 4], "uv": [0, 38]},
						{"origin": [-2, -26.5, -7], "size": [4, 6, 6], "uv": [126, 46]},
						{"origin": [0, -25.5, -1], "size": [0, 4, 7], "uv": [11, 125]},
						{"origin": [0, -25.5, 7], "size": [0, 4, 7], "pivot": [0, 20, 0], "rotation": [0, 180, 0], "uv": [11, 125]}
					]
				},
				{
					"name": "body5",
					"parent": "body4",
					"pivot": [0, -27, -4],
					"cubes": [
						{"origin": [-2, -33, -6], "size": [4, 6, 4], "uv": [127, 127]},
						{"origin": [-2.5, -32.5, -5.5], "size": [5, 5, 3], "uv": [36, 92]},
						{"origin": [-1.5, -27.5, -5.5], "size": [3, 1, 3], "uv": [43, 8]},
						{"origin": [-1.5, -33.5, -5.5], "size": [3, 1, 3], "uv": [43, 8]},
						{"origin": [-1.5, -32.5, -6.5], "size": [3, 5, 5], "uv": [0, 27]},
						{"origin": [-4, -42.5, -4], "size": [8, 9, 0], "pivot": [0, -33, -4], "rotation": [0, 180, 0], "uv": [128, 106]}
					]
				}
			]
		},
		{
			"description": {
				"identifier": "geometry.serpgyarados_aura",
				"texture_width": 128,
				"texture_height": 128,
				"visible_bounds_width": 9,
				"visible_bounds_height": 7,
				"visible_bounds_offset": [0, 0.5, 0]
			},
			"bones": [
				{
					"name": "gyarados",
					"pivot": [0, 15, 0]
				},
				{
					"name": "head",
					"parent": "gyarados",
					"pivot": [0, 32, -4],
					"cubes": [
						{"origin": [-5, 35, -19], "size": [10, 6, 9], "inflate": 0.25, "uv": [37, 33]},
						{"origin": [-4, 20, -17], "size": [0, 15, 3], "inflate": 0.25, "pivot": [-5, 35, -16], "rotation": [0, 0, 10], "uv": [71, 90]},
						{"origin": [4, 20, -17], "size": [0, 15, 3], "inflate": 0.25, "pivot": [5, 35, -16], "rotation": [0, 0, -10], "uv": [71, 90], "mirror": true},
						{"origin": [-11, 33, -16], "size": [6, 6, 0], "inflate": 0.25, "pivot": [-5, 37, -16], "rotation": [0, 45, 0], "uv": [97, 67]},
						{"origin": [5, 33, -16], "size": [6, 6, 0], "inflate": 0.25, "pivot": [5, 37, -16], "rotation": [0, -45, 0], "uv": [97, 67], "mirror": true},
						{"origin": [-4, 29.76677, -16.7], "size": [8, 7, 8], "inflate": 0.25, "pivot": [0, 30, -17], "rotation": [30, 0, 0], "uv": [53, 58]},
						{"origin": [-4.2, 30, -20.5], "size": [8.4, 8, 1], "inflate": 0.25, "pivot": [0, 37, -18], "rotation": [25, 0, 0], "uv": [86, 57]},
						{"origin": [-3, 35, -20.3], "size": [1, 1, 0], "inflate": 0.25, "uv": [5, 2]},
						{"origin": [2, 35, -20.3], "size": [1, 1, 0], "inflate": 0.25, "uv": [5, 2], "mirror": true},
						{"origin": [-3, 31, -23], "size": [1, 1, 0], "inflate": 0.25, "pivot": [0, 37, -18], "rotation": [25, 0, 0], "uv": [5, 0]},
						{"origin": [2, 31, -23], "size": [1, 1, 0], "inflate": 0.25, "pivot": [0, 37, -18], "rotation": [25, 0, 0], "uv": [5, 0], "mirror": true},
						{"origin": [-4.2, 30, -23.5], "size": [8.4, 1, 3], "inflate": 0.25, "pivot": [0, 37, -18], "rotation": [25, 0, 0], "uv": [0, 52]},
						{"origin": [-7, 38, -14], "size": [3, 1, 1], "inflate": 0.25, "pivot": [-4, 39, -13], "rotation": [0, 45, 20], "uv": [84, 81]},
						{"origin": [4, 38, -14], "size": [3, 1, 1], "inflate": 0.25, "pivot": [4, 39, -13], "rotation": [0, -45, -20], "uv": [84, 81], "mirror": true},
						{"origin": [-6, 37, -15], "size": [2, 1, 1], "inflate": 0.25, "pivot": [-4, 39, -13], "rotation": [0, 10, 0], "uv": [50, 6]},
						{"origin": [4, 37, -15], "size": [2, 1, 1], "inflate": 0.25, "pivot": [4, 39, -13], "rotation": [0, -10, 0], "uv": [50, 6], "mirror": true},
						{"origin": [-4.5, 40.5, -17.5], "size": [9, 1, 7], "inflate": 0.25, "uv": [67, 32]},
						{"origin": [-4.5, 35.5, -19.5], "size": [9, 5, 1], "inflate": 0.25, "uv": [97, 48]},
						{"origin": [-0.5, 38, -20.7], "size": [1, 9, 1], "inflate": 0.25, "pivot": [0, 36.5, -19.5], "rotation": [-15, 0, 0], "uv": [89, 98]},
						{"origin": [-0.5, 39, -20], "size": [1, 6, 1], "inflate": 0.25, "pivot": [-0.5, 38.5, -19.5], "rotation": [5, 0, 45], "uv": [0, 0]},
						{"origin": [-0.5, 39, -20], "size": [1, 6, 1], "inflate": 0.25, "pivot": [0.5, 38.5, -19.5], "rotation": [5, 0, -45], "uv": [0, 0], "mirror": true},
						{"origin": [-1.5, 37, -20.5], "size": [3, 1.5, 1], "inflate": 0.25, "uv": [9, 75]},
						{"origin": [-4, 32, -10], "size": [8, 8, 10], "inflate": 0.25, "uv": [0, 33]},
						{"origin": [-3.5, 31.5, -7.5], "size": [7, 9, 7], "inflate": 0.25, "uv": [26, 68]},
						{"origin": [0, 40.5, -7.5], "size": [0, 5, 7], "inflate": 0.25, "uv": [17, 93]},
						{"origin": [-4.5, 32.5, -9.5], "size": [9, 7, 9], "inflate": 0.25, "uv": [48, 0]},
						{"origin": [-7.5, 38.5, -7.5], "size": [3, 0, 6], "inflate": 0.25, "uv": [53, 49]},
						{"origin": [4.5, 38.5, -7.5], "size": [3, 0, 6], "inflate": 0.25, "uv": [53, 49], "mirror": true},
						{"origin": [-3.5, 32.5, -10.5], "size": [7, 7, 11], "inflate": 0.25, "uv": [22, 14]}
					]
				},
				{
					"name": "open_eyes",
					"parent": "head",
					"pivot": [0, 37, -11],
					"cubes": [
						{"origin": [-4.5, 38, -19.55], "size": [4, 2, 0], "inflate": 0.25, "uv": [0, 104]},
						{"origin": [0.5, 38, -19.55], "size": [4, 2, 0], "inflate": 0.25, "uv": [0, 104], "mirror": true}
					]
				},
				{
					"name": "closed_eyes",
					"parent": "head",
					"pivot": [0, 37, -11],
					"cubes": [
						{"origin": [-4.5, 38, -19.55], "size": [4, 2, 0], "inflate": 0.25, "uv": [0, 106]},
						{"origin": [0.5, 38, -19.55], "size": [4, 2, 0], "inflate": 0.25, "uv": [0, 106], "mirror": true}
					]
				},
				{
					"name": "angry_eyes",
					"parent": "head",
					"pivot": [0, 40, -11],
					"cubes": [
						{"origin": [-4.5, 38, -19.55], "size": [4, 2, 0], "inflate": 0.25, "uv": [0, 108]},
						{"origin": [0.5, 38, -19.55], "size": [4, 2, 0], "inflate": 0.25, "uv": [0, 108], "mirror": true}
					]
				},
				{
					"name": "body",
					"parent": "gyarados",
					"pivot": [0, 31, -4]
				},
				{
					"name": "body1",
					"parent": "body",
					"pivot": [0, 31, -4],
					"cubes": [
						{"origin": [-4, 15, -8], "size": [8, 16, 8], "inflate": 0.25, "uv": [0, 0]},
						{"origin": [-4.5, 23.5, -7.5], "size": [9, 7, 7], "inflate": 0.25, "uv": [59, 17]},
						{"origin": [-3.5, 23.5, -8.5], "size": [7, 7, 9], "inflate": 0.25, "uv": [28, 49]},
						{"origin": [-3.5, 30.5, -7.5], "size": [7, 1, 7], "inflate": 0.25, "uv": [76, 0]},
						{"origin": [-3.5, 14.5, -7.5], "size": [7, 1, 7], "inflate": 0.25, "uv": [76, 0]},
						{"origin": [-4.5, 15.5, -7.5], "size": [9, 7, 7], "inflate": 0.25, "uv": [59, 17]},
						{"origin": [-3.5, 15.5, -8.5], "size": [7, 7, 9], "inflate": 0.25, "uv": [28, 49]},
						{"origin": [0, 15.5, 0.5], "size": [0, 7, 5], "inflate": 0.25, "uv": [78, 98]}
					]
				},
				{
					"name": "saddle",
					"parent": "body1",
					"pivot": [0, 31, -8],
					"cubes": [
						{"origin": [-4.5, 23.5, 0.6], "size": [9, 7, 0], "inflate": 0.25, "uv": [27, 33]},
						{"origin": [-2, 24.5, -8.6], "size": [4, 5, 0], "inflate": 0.25, "uv": [44, 0]}
					]
				},
				{
					"name": "body2",
					"parent": "body1",
					"pivot": [0, 15, -4],
					"cubes": [
						{"origin": [-4, -1, -8], "size": [8, 16, 8], "inflate": 0.25, "uv": [0, 0]},
						{"origin": [-4.5, 7.5, -7.5], "size": [9, 7, 7], "inflate": 0.25, "uv": [59, 17]},
						{"origin": [-3.5, 14.5, -7.5], "size": [7, 1, 7], "inflate": 0.25, "uv": [76, 0]},
						{"origin": [-3.5, -1.5, -7.5], "size": [7, 1, 7], "inflate": 0.25, "uv": [76, 0]},
						{"origin": [-4.5, -0.5, -7.5], "size": [9, 7, 7], "inflate": 0.25, "uv": [59, 17]},
						{"origin": [-3.5, -0.5, -8.5], "size": [7, 7, 9], "inflate": 0.25, "uv": [28, 49]},
						{"origin": [-3.5, 7.5, -8.5], "size": [7, 7, 9], "inflate": 0.25, "uv": [28, 49]}
					]
				},
				{
					"name": "body3",
					"parent": "body2",
					"pivot": [0, -1, -4],
					"cubes": [
						{"origin": [-4, -9, -8], "size": [8, 8, 8], "inflate": 0.25, "uv": [0, 58]},
						{"origin": [-4.5, -8.5, -7.5], "size": [9, 7, 7], "inflate": 0.25, "uv": [59, 17]},
						{"origin": [-3.5, -1.5, -7.5], "size": [7, 1, 7], "inflate": 0.25, "uv": [76, 0]},
						{"origin": [-3.5, -8.5, -8.5], "size": [7, 7, 9], "inflate": 0.25, "uv": [28, 49]},
						{"origin": [-3.5, -17, -7.5], "size": [7, 8, 7], "inflate": 0.25, "uv": [55, 74]},
						{"origin": [-4, -16.5, -7], "size": [8, 7, 6], "inflate": 0.25, "uv": [0, 79]},
						{"origin": [-3, -17.5, -7], "size": [6, 1, 6], "inflate": 0.25, "uv": [25, 0]},
						{"origin": [-3, -16.5, -8], "size": [6, 7, 8], "inflate": 0.25, "uv": [68, 41]},
						{"origin": [0, -16.5, 0], "size": [0, 7, 5], "inflate": 0.25, "uv": [78, 98]}
					]
				},
				{
					"name": "body4",
					"parent": "body3",
					"pivot": [0, -17, -4],
					"cubes": [
						{"origin": [-3, -24, -7], "size": [6, 7, 6], "inflate": 0.25, "uv": [78, 84]},
						{"origin": [-3.5, -23.5, -6.5], "size": [7, 6, 5], "inflate": 0.25, "uv": [85, 9]},
						{"origin": [-2.5, -17.5, -6.5], "size": [5, 1, 5], "inflate": 0.25, "uv": [0, 25]},
						{"origin": [-2.5, -31, -6.5], "size": [5, 7, 5], "inflate": 0.25, "uv": [50, 90]},
						{"origin": [-2.5, -23.5, -7.5], "size": [5, 6, 7], "inflate": 0.25, "uv": [79, 67]},
						{"origin": [-3, -30.5, -6], "size": [6, 6, 4], "inflate": 0.25, "uv": [92, 21]},
						{"origin": [-2, -31.5, -6], "size": [4, 1, 4], "inflate": 0.25, "uv": [48, 17]},
						{"origin": [-2, -30.5, -7], "size": [4, 6, 6], "inflate": 0.25, "uv": [29, 85]},
						{"origin": [0, -30.5, -1], "size": [0, 6, 4], "inflate": 0.25, "uv": [0, 32]}
					]
				},
				{
					"name": "body5",
					"parent": "body4",
					"pivot": [0, -31, -4],
					"cubes": [
						{"origin": [-2, -37, -6], "size": [4, 6, 4], "inflate": 0.25, "uv": [96, 37]},
						{"origin": [-2.5, -36.5, -5.5], "size": [5, 5, 3], "inflate": 0.25, "uv": [97, 81]},
						{"origin": [-1.5, -31.5, -5.5], "size": [3, 1, 3], "inflate": 0.25, "uv": [33, 8]},
						{"origin": [-1.5, -37.5, -5.5], "size": [3, 1, 3], "inflate": 0.25, "uv": [33, 8]},
						{"origin": [-1.5, -36.5, -6.5], "size": [3, 5, 5], "inflate": 0.25, "uv": [0, 93]},
						{"origin": [-4, -46.5, -4], "size": [8, 9, 0], "inflate": 0.25, "pivot": [0, -37, -4], "rotation": [0, 180, 0], "uv": [32, 98]}
					]
				}
			]
		}
	]
}