{
  "tiers": [
    {
      "trades": [

        {
          "wants": [
            {
              "item": "minecraft:blaze_rod"
            }
          ],
          "gives": [
            {
               "item": "serp:poke",
              "quantity": 8
            }
          ],
              "max_uses": 8
        },
        {
          "wants": [
            {
              "item": "minecraft:ender_pearl"
            }
          ],
          "gives": [
            {
               "item": "serp:poke",
              "quantity": 16
            }
          ],
              "max_uses": 16
        },
        {
          "wants": [
            {
              "item": "serp:slowpoke_tail"
            }
          ],
          "gives": [
            {
               "item": "serp:poke",
              "quantity": 32
            }
          ],
              "max_uses": 2
        },
        {
          "wants": [
            {
              "item": "serp:shellder_shell"
            }
          ],
          "gives": [
            {
               "item": "serp:poke",
              "quantity": 16
            }
          ],
              "max_uses": 4
        }
      ]
    }
  ]
}