{
	"format_version": "1.12.0",
	"minecraft:geometry": [
		{
			"description": {
				"identifier": "geometry.serpzapdos",
				"texture_width": 128,
				"texture_height": 128,
				"visible_bounds_width": 4,
				"visible_bounds_height": 3.5,
				"visible_bounds_offset": [0, 1.25, 0]
			},
			"bones": [
				{
					"name": "root",
					"pivot": [0, 15, 0]
				},
				{
					"name": "zapdos",
					"parent": "root",
					"pivot": [0, 7, 3],
					"rotation": [35, 0, 0]
				},
				{
				"name": "pokedex",
				"pivot": [0, 18, -15],
				"locators": {
		"pokedex": [0, 18, -15]
					}
				},
				{
					"name": "head",
					"parent": "zapdos",
					"pivot": [0, 21.5, 3],
					"cubes": [
						{"origin": [-2, 21.5, 0], "size": [4, 4, 5], "uv": [25, 30]},
						{"origin": [-1, 22.5, -6.7], "size": [2, 1, 7], "inflate": -0.3, "uv": [0, 68]},
						{"origin": [-0.5, 22.4, -2.7], "size": [1, 1, 3], "inflate": -0.1, "uv": [60, 63]},
						{"origin": [-1, 22.67431, -6.70761], "size": [2, 1, 7], "inflate": -0.3, "pivot": [0, 23.37431, -4.40761], "rotation": [5, 0, 0], "uv": [0, 68]},
						{"origin": [-1, 22.58724, -6.7019], "size": [2, 1, 7], "inflate": -0.3, "pivot": [0, 23.28724, -4.4019], "rotation": [2.5, 0, 0], "uv": [0, 68]},
						{"origin": [-7, 21.5, 0], "size": [5, 5, 0], "pivot": [-2, 24, 0], "rotation": [0, 25, 0], "uv": [57, 26]},
						{"origin": [-2, 20.5, 0], "size": [4, 1, 0], "pivot": [0, 21.5, 0], "rotation": [25, 0, 0], "uv": [39, 31]},
						{"origin": [2, 21.5, 0], "size": [5, 5, 0], "pivot": [2, 24, 0], "rotation": [0, -25, 0], "uv": [54, 52]},
						{"origin": [-7, 21.5, 0], "size": [5, 5, 0], "pivot": [-2, 24, 0], "rotation": [0, 25, 0], "uv": [54, 52], "mirror": true},
						{"origin": [-2, 25.5, 0], "size": [4, 4, 0], "pivot": [0, 25.5, 0], "rotation": [-10, 0, 0], "uv": [65, 32]},
						{"origin": [-3, 25.5, 0.5], "size": [2, 4, 0], "pivot": [-2, 25.5, 0], "rotation": [-25, 0, -40], "uv": [37, 7]},
						{"origin": [1, 25.5, 0.5], "size": [2, 4, 0], "pivot": [2, 25.5, 0], "rotation": [-25, 0, 40], "uv": [37, 0]},
						{"origin": [-1.5, 25, 0.5], "size": [3, 1, 4], "uv": [48, 46]},
						{"origin": [-2.5, 22, 0.5], "size": [1, 3, 4], "uv": [20, 54]},
						{"origin": [1.5, 22, 0.5], "size": [1, 3, 4], "uv": [52, 38]},
						{"origin": [-1.5, 22, 4.5], "size": [3, 3, 1], "uv": [65, 48]}
					]
				},
				{
					"name": "body",
					"parent": "zapdos",
					"pivot": [0, 7, 3],
					"cubes": [
						{"origin": [-3, 11, 0], "size": [6, 10, 6], "uv": [0, 30]},
						{"origin": [-2.5, 11.5, -0.5], "size": [5, 9, 1], "uv": [0, 47]},
						{"origin": [-2.5, 20.5, 0.5], "size": [5, 1, 5], "uv": [37, 0]},
						{"origin": [-2, 7, 1], "size": [4, 4, 4], "uv": [39, 22]},
						{"origin": [-2, 0, 1], "size": [4, 7, 0], "pivot": [0, 7, 1], "rotation": [-25, 0, 0], "uv": [40, 61]},
						{"origin": [-1, 0, 2], "size": [4, 7, 0], "pivot": [1, 7, 2], "rotation": [-25, -45, 0], "uv": [59, 8]},
						{"origin": [-3, 0, 4], "size": [4, 7, 0], "pivot": [-1, 7, 4], "rotation": [25, -45, 0], "uv": [54, 58]},
						{"origin": [-1, 0, 4], "size": [4, 7, 0], "pivot": [1, 7, 4], "rotation": [25, 45, 0], "uv": [0, 58]},
						{"origin": [-3, 0, 2], "size": [4, 7, 0], "pivot": [-1, 7, 2], "rotation": [-25, 45, 0], "uv": [58, 0]},
						{"origin": [-2, 0, 5], "size": [4, 7, 0], "pivot": [0, 7, 5], "rotation": [25, 0, 0], "uv": [31, 59]},
						{"origin": [2, 0, 1], "size": [0, 7, 4], "pivot": [2, 7, 3], "rotation": [0, 0, -25], "uv": [50, 7]},
						{"origin": [-2, 0, 1], "size": [0, 7, 4], "pivot": [-2, 7, 3], "rotation": [0, 0, 25], "uv": [34, 47]},
						{"origin": [-2, 7, 4], "size": [4, 4.2, 1], "pivot": [0, 7, 5], "rotation": [-12.5, 0, 0], "uv": [19, 62]},
						{"origin": [-2, 7, 1], "size": [1, 4.2, 4], "pivot": [-2, 7, 3], "rotation": [0, 0, -12.5], "uv": [9, 54]},
						{"origin": [1, 7, 1], "size": [1, 4.2, 4], "pivot": [2, 7, 3], "rotation": [0, 0, 12.5], "uv": [43, 52]},
						{"origin": [-2, 7, 1], "size": [4, 4.2, 1], "pivot": [0, 7, 1], "rotation": [12.5, 0, 0], "uv": [61, 16]},
						{"origin": [-2.5, 11.5, 5.5], "size": [5, 9, 1], "uv": [25, 40]},
						{"origin": [2.5, 11.5, 0.5], "size": [1, 9, 5], "uv": [39, 35]},
						{"origin": [-3.5, 11.5, 0.5], "size": [1, 9, 5], "uv": [37, 7]}
					]
				},
				{
					"name": "wings",
					"parent": "body",
					"pivot": [0, 17, 3]
				},
				{
					"name": "right_wing",
					"parent": "wings",
					"pivot": [-3.5, 17, 3],
					"cubes": [
						{"origin": [-21.5, 9, 3], "size": [18, 14, 0], "uv": [0, 15]},
						{"origin": [-21.5, 9, 3], "size": [18, 14, 0], "pivot": [-3.5, 23, 3], "rotation": [0, 5, -5], "uv": [0, 0]}
					]
				},
				{
					"name": "left_wing",
					"parent": "wings",
					"pivot": [3.5, 17, 3],
					"cubes": [
						{"origin": [3.5, 9, 3], "size": [18, 14, 0], "uv": [0, 15], "mirror": true},
						{"origin": [3.5, 9, 3], "size": [18, 14, 0], "pivot": [3.5, 23, 3], "rotation": [0, -5, 5], "uv": [0, 0], "mirror": true}
					]
				},
				{
					"name": "saddle",
					"parent": "body",
					"pivot": [0, 7, 3],
					"cubes": [
						{"origin": [-3, 14, -1], "size": [6, 6, 8], "inflate": -0.3, "uv": [18, 69]}
					]
				},
				{
					"name": "legs",
					"parent": "zapdos",
					"pivot": [0, 14, 0]
				},
				{
					"name": "right_leg",
					"parent": "legs",
					"pivot": [-2, 14, 0],
					"cubes": [
						{"origin": [-3, 13, -4], "size": [2, 2, 4], "uv": [52, 19]},
						{"origin": [-2.5, 14.5, -3.5], "size": [1, 1, 3], "uv": [63, 55]},
						{"origin": [-2.5, 13.5, -6.8], "size": [1, 1, 3], "inflate": -0.2, "uv": [19, 30]},
						{"origin": [-2.5, 11.5, -7.4], "size": [1, 6, 1], "inflate": -0.2, "uv": [49, 61]},
						{"origin": [-2.4, 13.5, -7.4], "size": [1, 4, 1], "inflate": -0.2, "pivot": [-2, 13.5, -8], "rotation": [0, 0, -25], "uv": [28, 51]},
						{"origin": [-2.6, 13.5, -7.4], "size": [1, 4, 1], "inflate": -0.2, "pivot": [-2, 13.5, -8], "rotation": [0, 0, 25], "uv": [0, 30]},
						{"origin": [-1.5, 13.5, -3.5], "size": [1, 1, 3], "uv": [6, 63]},
						{"origin": [-3.5, 13.5, -3.5], "size": [1, 1, 3], "uv": [60, 43]},
						{"origin": [-2.5, 12.5, -3.5], "size": [1, 1, 3], "uv": [59, 35]}
					]
				},
				{
					"name": "left_leg",
					"parent": "legs",
					"pivot": [2, 14, 0],
					"cubes": [
						{"origin": [1, 13, -4], "size": [2, 2, 4], "uv": [52, 19], "mirror": true},
						{"origin": [1.5, 14.5, -3.5], "size": [1, 1, 3], "uv": [63, 55], "mirror": true},
						{"origin": [1.5, 13.5, -6.8], "size": [1, 1, 3], "inflate": -0.2, "uv": [19, 30], "mirror": true},
						{"origin": [1.5, 11.5, -7.4], "size": [1, 6, 1], "inflate": -0.2, "uv": [49, 61], "mirror": true},
						{"origin": [1.4, 13.5, -7.4], "size": [1, 4, 1], "inflate": -0.2, "pivot": [2, 13.5, -8], "rotation": [0, 0, 25], "uv": [28, 51], "mirror": true},
						{"origin": [1.6, 13.5, -7.4], "size": [1, 4, 1], "inflate": -0.2, "pivot": [2, 13.5, -8], "rotation": [0, 0, -25], "uv": [0, 30], "mirror": true},
						{"origin": [0.5, 13.5, -3.5], "size": [1, 1, 3], "uv": [6, 63], "mirror": true},
						{"origin": [2.5, 13.5, -3.5], "size": [1, 1, 3], "uv": [60, 43], "mirror": true},
						{"origin": [1.5, 12.5, -3.5], "size": [1, 1, 3], "uv": [59, 35], "mirror": true}
					]
				}
			]
		},
		{
			"description": {
				"identifier": "geometry.serpzapdos_aura",
				"texture_width": 128,
				"texture_height": 128,
				"visible_bounds_width": 4,
				"visible_bounds_height": 3.5,
				"visible_bounds_offset": [0, 1.25, 0]
			},
			"bones": [
				{
					"name": "root",
					"pivot": [0, 15, 0]
				},
				{
					"name": "zapdos",
					"parent": "root",
					"pivot": [0, 7, 3],
					"rotation": [35, 0, 0]
				},
				{
					"name": "head",
					"parent": "zapdos",
					"pivot": [0, 21.5, 3],
					"cubes": [
						{"origin": [-2, 21.5, 0], "size": [4, 4, 5], "inflate": 0.25, "uv": [25, 30]},
						{"origin": [-1, 22.5, -6.7], "size": [2, 1, 7], "inflate": 0.25, "uv": [0, 68]},
						{"origin": [-0.5, 22.4, -2.7], "size": [1, 1, 3], "inflate": 0.25, "uv": [60, 63]},
						{"origin": [-1, 22.67431, -6.70761], "size": [2, 1, 7], "inflate": 0.25, "pivot": [0, 23.37431, -4.40761], "rotation": [5, 0, 0], "uv": [0, 68]},
						{"origin": [-1, 22.58724, -6.7019], "size": [2, 1, 7], "inflate": 0.25, "pivot": [0, 23.28724, -4.4019], "rotation": [2.5, 0, 0], "uv": [0, 68]},
						{"origin": [-7, 21.5, 0], "size": [5, 5, 0], "inflate": 0.25, "pivot": [-2, 24, 0], "rotation": [0, 25, 0], "uv": [57, 26]},
						{"origin": [-2, 20.5, 0], "size": [4, 1, 0], "inflate": 0.25, "pivot": [0, 21.5, 0], "rotation": [25, 0, 0], "uv": [39, 31]},
						{"origin": [2, 21.5, 0], "size": [5, 5, 0], "inflate": 0.25, "pivot": [2, 24, 0], "rotation": [0, -25, 0], "uv": [54, 52]},
						{"origin": [-7, 21.5, 0], "size": [5, 5, 0], "inflate": 0.25, "pivot": [-2, 24, 0], "rotation": [0, 25, 0], "uv": [54, 52], "mirror": true},
						{"origin": [-2, 25.5, 0], "size": [4, 4, 0], "inflate": 0.25, "pivot": [0, 25.5, 0], "rotation": [-10, 0, 0], "uv": [65, 32]},
						{"origin": [-3, 25.5, 0.5], "size": [2, 4, 0], "inflate": 0.25, "pivot": [-2, 25.5, 0], "rotation": [-25, 0, -40], "uv": [37, 7]},
						{"origin": [1, 25.5, 0.5], "size": [2, 4, 0], "inflate": 0.25, "pivot": [2, 25.5, 0], "rotation": [-25, 0, 40], "uv": [37, 0]},
						{"origin": [-1.5, 25, 0.5], "size": [3, 1, 4], "inflate": 0.25, "uv": [48, 46]},
						{"origin": [-2.5, 22, 0.5], "size": [1, 3, 4], "inflate": 0.25, "uv": [20, 54]},
						{"origin": [1.5, 22, 0.5], "size": [1, 3, 4], "inflate": 0.25, "uv": [52, 38]},
						{"origin": [-1.5, 22, 4.5], "size": [3, 3, 1], "inflate": 0.25, "uv": [65, 48]}
					]
				},
				{
					"name": "body",
					"parent": "zapdos",
					"pivot": [0, 7, 3],
					"cubes": [
						{"origin": [-3, 11, 0], "size": [6, 10, 6], "inflate": 0.25, "uv": [0, 30]},
						{"origin": [-2.5, 11.5, -0.5], "size": [5, 9, 1], "inflate": 0.25, "uv": [0, 47]},
						{"origin": [-2.5, 20.5, 0.5], "size": [5, 1, 5], "inflate": 0.25, "uv": [37, 0]},
						{"origin": [-2, 7, 1], "size": [4, 4, 4], "inflate": 0.25, "uv": [39, 22]},
						{"origin": [-2, 0, 1], "size": [4, 7, 0], "inflate": 0.25, "pivot": [0, 7, 1], "rotation": [-25, 0, 0], "uv": [40, 61]},
						{"origin": [-1, 0, 2], "size": [4, 7, 0], "inflate": 0.25, "pivot": [1, 7, 2], "rotation": [-25, -45, 0], "uv": [59, 8]},
						{"origin": [-3, 0, 4], "size": [4, 7, 0], "inflate": 0.25, "pivot": [-1, 7, 4], "rotation": [25, -45, 0], "uv": [54, 58]},
						{"origin": [-1, 0, 4], "size": [4, 7, 0], "inflate": 0.25, "pivot": [1, 7, 4], "rotation": [25, 45, 0], "uv": [0, 58]},
						{"origin": [-3, 0, 2], "size": [4, 7, 0], "inflate": 0.25, "pivot": [-1, 7, 2], "rotation": [-25, 45, 0], "uv": [58, 0]},
						{"origin": [-2, 0, 5], "size": [4, 7, 0], "inflate": 0.25, "pivot": [0, 7, 5], "rotation": [25, 0, 0], "uv": [31, 59]},
						{"origin": [2, 0, 1], "size": [0, 7, 4], "inflate": 0.25, "pivot": [2, 7, 3], "rotation": [0, 0, -25], "uv": [50, 7]},
						{"origin": [-2, 0, 1], "size": [0, 7, 4], "inflate": 0.25, "pivot": [-2, 7, 3], "rotation": [0, 0, 25], "uv": [34, 47]},
						{"origin": [-2, 7, 4], "size": [4, 4.2, 1], "inflate": 0.25, "pivot": [0, 7, 5], "rotation": [-12.5, 0, 0], "uv": [19, 62]},
						{"origin": [-2, 7, 1], "size": [1, 4.2, 4], "inflate": 0.25, "pivot": [-2, 7, 3], "rotation": [0, 0, -12.5], "uv": [9, 54]},
						{"origin": [1, 7, 1], "size": [1, 4.2, 4], "inflate": 0.25, "pivot": [2, 7, 3], "rotation": [0, 0, 12.5], "uv": [43, 52]},
						{"origin": [-2, 7, 1], "size": [4, 4.2, 1], "inflate": 0.25, "pivot": [0, 7, 1], "rotation": [12.5, 0, 0], "uv": [61, 16]},
						{"origin": [-2.5, 11.5, 5.5], "size": [5, 9, 1], "inflate": 0.25, "uv": [25, 40]},
						{"origin": [2.5, 11.5, 0.5], "size": [1, 9, 5], "inflate": 0.25, "uv": [39, 35]},
						{"origin": [-3.5, 11.5, 0.5], "size": [1, 9, 5], "inflate": 0.25, "uv": [37, 7]}
					]
				},
				{
					"name": "wings",
					"parent": "body",
					"pivot": [0, 17, 3]
				},
				{
					"name": "right_wing",
					"parent": "wings",
					"pivot": [-3.5, 17, 3],
					"cubes": [
						{"origin": [-21.5, 9, 3], "size": [18, 14, 0], "inflate": 0.25, "uv": [0, 15]},
						{"origin": [-21.5, 9, 3], "size": [18, 14, 0], "inflate": 0.25, "pivot": [-3.5, 23, 3], "rotation": [0, 5, -5], "uv": [0, 0]}
					]
				},
				{
					"name": "left_wing",
					"parent": "wings",
					"pivot": [3.5, 17, 3],
					"cubes": [
						{"origin": [3.5, 9, 3], "size": [18, 14, 0], "inflate": 0.25, "uv": [0, 15], "mirror": true},
						{"origin": [3.5, 9, 3], "size": [18, 14, 0], "inflate": 0.25, "pivot": [3.5, 23, 3], "rotation": [0, -5, 5], "uv": [0, 0], "mirror": true}
					]
				},
				{
					"name": "saddle",
					"parent": "body",
					"pivot": [0, 7, 3],
					"cubes": [
						{"origin": [-3, 14, -1], "size": [6, 6, 8], "inflate": 0.25, "uv": [18, 69]}
					]
				},
				{
					"name": "legs",
					"parent": "zapdos",
					"pivot": [0, 14, 0]
				},
				{
					"name": "right_leg",
					"parent": "legs",
					"pivot": [-2, 14, 0],
					"cubes": [
						{"origin": [-3, 13, -4], "size": [2, 2, 4], "inflate": 0.25, "uv": [52, 19]},
						{"origin": [-2.5, 14.5, -3.5], "size": [1, 1, 3], "inflate": 0.25, "uv": [63, 55]},
						{"origin": [-2.5, 13.5, -6.8], "size": [1, 1, 3], "inflate": 0.25, "uv": [19, 30]},
						{"origin": [-2.5, 11.5, -7.4], "size": [1, 6, 1], "inflate": 0.25, "uv": [49, 61]},
						{"origin": [-2.4, 13.5, -7.4], "size": [1, 4, 1], "inflate": 0.25, "pivot": [-2, 13.5, -8], "rotation": [0, 0, -25], "uv": [28, 51]},
						{"origin": [-2.6, 13.5, -7.4], "size": [1, 4, 1], "inflate": 0.25, "pivot": [-2, 13.5, -8], "rotation": [0, 0, 25], "uv": [0, 30]},
						{"origin": [-1.5, 13.5, -3.5], "size": [1, 1, 3], "inflate": 0.25, "uv": [6, 63]},
						{"origin": [-3.5, 13.5, -3.5], "size": [1, 1, 3], "inflate": 0.25, "uv": [60, 43]},
						{"origin": [-2.5, 12.5, -3.5], "size": [1, 1, 3], "inflate": 0.25, "uv": [59, 35]}
					]
				},
				{
					"name": "left_leg",
					"parent": "legs",
					"pivot": [2, 14, 0],
					"cubes": [
						{"origin": [1, 13, -4], "size": [2, 2, 4], "inflate": 0.25, "uv": [52, 19], "mirror": true},
						{"origin": [1.5, 14.5, -3.5], "size": [1, 1, 3], "inflate": 0.25, "uv": [63, 55], "mirror": true},
						{"origin": [1.5, 13.5, -6.8], "size": [1, 1, 3], "inflate": 0.25, "uv": [19, 30], "mirror": true},
						{"origin": [1.5, 11.5, -7.4], "size": [1, 6, 1], "inflate": 0.25, "uv": [49, 61], "mirror": true},
						{"origin": [1.4, 13.5, -7.4], "size": [1, 4, 1], "inflate": 0.25, "pivot": [2, 13.5, -8], "rotation": [0, 0, 25], "uv": [28, 51], "mirror": true},
						{"origin": [1.6, 13.5, -7.4], "size": [1, 4, 1], "inflate": 0.25, "pivot": [2, 13.5, -8], "rotation": [0, 0, -25], "uv": [0, 30], "mirror": true},
						{"origin": [0.5, 13.5, -3.5], "size": [1, 1, 3], "inflate": 0.25, "uv": [6, 63], "mirror": true},
						{"origin": [2.5, 13.5, -3.5], "size": [1, 1, 3], "inflate": 0.25, "uv": [60, 43], "mirror": true},
						{"origin": [1.5, 12.5, -3.5], "size": [1, 1, 3], "inflate": 0.25, "uv": [59, 35], "mirror": true}
					]
				},
				{
					"name": "pokedex",
					"pivot": [0, 18, -15],
					"locators": {
						"pokedex": [0, 18, -15]
					}
				}
			]
		}
	]
}