{
	"format_version": "1.12.0",
	"minecraft:geometry": [
		{
			"description": {
				"identifier": "geometry.serpmoltres",
				"texture_width": 96,
				"texture_height": 96,
				"visible_bounds_width": 6,
				"visible_bounds_height": 4,
				"visible_bounds_offset": [0, 1, 0]
			},
			"bones": [
				{
					"name": "root",
					"pivot": [0, 14, 0]
				},
				{
					"name": "fearow",
					"parent": "root",
					"pivot": [0, 14, 4]
				},
				{
					"name": "head",
					"parent": "fearow",
					"pivot": [0, 30, -11],
					"cubes": [
						{"origin": [-2, 29, -16.5], "size": [4, 4, 6.5], "uv": [52, 34]},
						{"origin": [-2.1, 31, -19.5], "size": [0, 2, 4], "inflate": 0.01, "pivot": [-3.5, 31.5, -16.5], "rotation": [0, -20, 0], "uv": [0, 42]},
						{"origin": [2.1, 31, -19.5], "size": [0, 2, 4], "inflate": 0.01, "pivot": [3.5, 31.5, -16.5], "rotation": [0, 20, 0], "uv": [0, 42], "mirror": true},
						{"origin": [-2.5, 29.5, -16.5], "size": [1, 3, 6], "pivot": [-2.5, 30, -10.5], "rotation": [0, -5, 0], "uv": [0, 25]},
						{"origin": [1.5, 29.5, -16.5], "size": [1, 3, 6], "pivot": [2.5, 30, -10.5], "rotation": [0, 5, 0], "uv": [0, 25], "mirror": true},
						{"origin": [-1.5, 32.5, -16.5], "size": [3, 1, 6], "uv": [31, 57]},
						{"origin": [-1.5, 28.5, -16.5], "size": [3, 1, 6], "uv": [31, 57]},
						{"origin": [-1.5, 29.5, -10.5], "size": [3, 3, 1], "uv": [36, 42]},
						{"origin": [-1.5, 29, -17.5], "size": [3, 4, 1], "uv": [44, 57]},
						{"origin": [-1, 30, -26], "size": [2, 1, 9], "uv": [14, 48]},
						{"origin": [-1, 30, -26], "size": [2, 1, 9], "pivot": [0, 31, -26], "rotation": [5, 0, 0], "uv": [0, 42]},
						{"origin": [-0.5, 29.5, -23], "size": [1, 1, 6], "pivot": [0, 31, -26], "rotation": [-2.5, 0, 0], "uv": [50, 57]}
					],
					"locators": {
						"head": {
							"offset": [0, 35, -15],
							"rotation": [-45, 0, 0]
						}
					}
				},
				{
					"name": "neck",
					"parent": "fearow",
					"pivot": [0, 22, -6],
					"rotation": [-25, 0, 0],
					"cubes": [
						{"origin": [-1.5, 22, -7], "size": [3, 10, 3], "pivot": [0, 22, -5.5], "rotation": [60, 0, 0], "uv": [0, 0]}
					]
				},
				{
					"name": "body",
					"parent": "fearow",
					"pivot": [0, 10, 5],
					"rotation": [-30, 0, 0],
					"cubes": [
						{"origin": [-5, 9, -10], "size": [10, 8, 16], "uv": [0, 0]},
						{"origin": [-4.5, 16.5, -9.5], "size": [9, 1, 15], "uv": [0, 25]},
						{"origin": [-4.5, 8.5, -9.5], "size": [9, 1, 15], "uv": [0, 25]},
						{"origin": [-5.5, 9.5, -9.5], "size": [1, 7, 15], "uv": [34, 34]},
						{"origin": [4.5, 9.5, -9.5], "size": [1, 7, 15], "uv": [34, 34]},
						{"origin": [-4.5, 9.5, -10.5], "size": [9, 7, 1], "uv": [53, 14]},
						{"origin": [-4.5, 9.5, 5.5], "size": [9, 7, 1], "uv": [53, 14]}
					],
					"locators": {
						"body": {
							"offset": [0, 17, 4],
							"rotation": [-65, 0, 0]
						}
					}
				},
				{
					"name": "saddle",
					"parent": "body",
					"pivot": [0, 7, 1],
					"cubes": [
						{"origin": [-5, 17.6, -8], "size": [10, 0, 8], "uv": [37, 5]},
						{"origin": [-2, 10, -11], "size": [4, 4, 0], "uv": [0, 35]}
					]
				},
				{
					"name": "legs",
					"parent": "fearow",
					"pivot": [0, 11, 4]
				},
				{
					"name": "right_leg",
					"parent": "legs",
					"pivot": [-3, 11, 4],
					"rotation": [0, 10, 0],
					"cubes": [
						{"origin": [-3.5, 0, 0.5], "size": [1, 1, 4], "pivot": [-2.5, 0, 4.5], "rotation": [0, 40, 0], "uv": [14, 42]},
						{"origin": [-3.5, 0, 0.5], "size": [1, 1, 4], "pivot": [-3.5, 0, 4.5], "rotation": [0, -40, 0], "uv": [14, 42]},
						{"origin": [-3.5, 0, 0.5], "size": [1, 1, 5], "uv": [28, 42]},
						{"origin": [-3.5, 1, 3.5], "size": [1, 4, 1], "uv": [0, 25]},
						{"origin": [-4.5, 4.5, 2.5], "size": [3, 1, 3], "uv": [34, 34]},
						{"origin": [-5, 5, 2], "size": [4, 6, 4], "uv": [0, 55]}
					]
				},
				{
					"name": "left_leg",
					"parent": "legs",
					"pivot": [3, 11, 4],
					"rotation": [0, -10, 0],
					"cubes": [
						{"origin": [2.5, 0, 0.5], "size": [1, 1, 4], "pivot": [2.5, 0, 4.5], "rotation": [0, -40, 0], "uv": [14, 42], "mirror": true},
						{"origin": [2.5, 0, 0.5], "size": [1, 1, 4], "pivot": [3.5, 0, 4.5], "rotation": [0, 40, 0], "uv": [14, 42], "mirror": true},
						{"origin": [2.5, 0, 0.5], "size": [1, 1, 5], "uv": [28, 42], "mirror": true},
						{"origin": [2.5, 1, 3.5], "size": [1, 4, 1], "uv": [0, 25], "mirror": true},
						{"origin": [1.5, 4.5, 2.5], "size": [3, 1, 3], "uv": [34, 34], "mirror": true},
						{"origin": [1, 5, 2], "size": [4, 6, 4], "uv": [0, 55], "mirror": true}
					]
				},
				{
					"name": "wings",
					"parent": "fearow",
					"pivot": [0, 21, -3]
				},
				{
					"name": "right_wing",
					"parent": "wings",
					"pivot": [-5, 21, -3],
					"cubes": [
						{"origin": [-21, 21, -5], "size": [16, 0, 4], "uv": [37, 0]}
					],
					"locators": {
						"wing1": {
							"offset": [-8, 21, -2],
							"rotation": [-90, 0, 0]
						},
						"wing2": {
							"offset": [-12, 21, -2],
							"rotation": [-90, 0, 0]
						},
						"wing3": {
							"offset": [-16, 21, -2],
							"rotation": [-90, 0, 0]
						},
						"wing4": {
							"offset": [-20, 21, -2],
							"rotation": [-90, 0, 0]
						}
					}
				},
				{
					"name": "right_wing_tip",
					"parent": "right_wing",
					"pivot": [-21, 21, -5],
					"cubes": [
						{"origin": [-37, 21, -5], "size": [16, 0, 8], "uv": [34, 25]}
					],
					"locators": {
						"wing5": {
							"offset": [-24, 21, -2],
							"rotation": [-90, 0, 0]
						},
						"wing6": {
							"offset": [-28, 21, 1],
							"rotation": [-90, 0, 0]
						},
						"wing7": {
							"offset": [-32, 21, 2],
							"rotation": [-90, 0, 0]
						},
						"wing8": {
							"offset": [-36, 21, 0],
							"rotation": [-90, 0, 0]
						}
					}
				},
				{
					"name": "left_wing",
					"parent": "wings",
					"pivot": [5, 21, -3],
					"cubes": [
						{"origin": [5, 21, -5], "size": [16, 0, 4], "uv": [37, 0], "mirror": true}
					],
					"locators": {
						"wing9": {
							"offset": [8, 21, -2],
							"rotation": [-90, 0, 0]
						},
						"wing10": {
							"offset": [12, 21, -2],
							"rotation": [-90, 0, 0]
						},
						"wing11": {
							"offset": [16, 21, -2],
							"rotation": [-90, 0, 0]
						},
						"wing12": {
							"offset": [20, 21, -2],
							"rotation": [-90, 0, 0]
						}
					}
				},
				{
					"name": "left_wing_tip",
					"parent": "left_wing",
					"pivot": [21, 21, -5],
					"cubes": [
						{"origin": [21, 21, -5], "size": [16, 0, 8], "uv": [34, 25], "mirror": true}
					],
					"locators": {
						"wing13": {
							"offset": [24, 21, -2],
							"rotation": [-90, 0, 0]
						},
						"wing14": {
							"offset": [28, 21, 1],
							"rotation": [-90, 0, 0]
						},
						"wing15": {
							"offset": [32, 21, 2],
							"rotation": [-90, 0, 0]
						},
						"wing16": {
							"offset": [36, 21, 0],
							"rotation": [-90, 0, 0]
						}
					}
				},
				{
					"name": "pokedex",
					"pivot": [0, 38, -31],
					"locators": {
						"pokedex": [0, 38, -31]
					}
				}
			]
		},
		{
			"description": {
				"identifier": "geometry.serpmoltres_aura",
				"texture_width": 96,
				"texture_height": 96,
				"visible_bounds_width": 6,
				"visible_bounds_height": 4,
				"visible_bounds_offset": [0, 1, 0]
			},
			"bones": [
				{
					"name": "root",
					"pivot": [0, 14, 0]
				},
				{
					"name": "fearow",
					"parent": "root",
					"pivot": [0, 14, 4]
				},
				{
					"name": "head",
					"parent": "fearow",
					"pivot": [0, 30, -11],
					"cubes": [
						{"origin": [-2, 29, -16.5], "size": [4, 4, 6.5], "inflate": 0.25, "uv": [52, 34]},
						{"origin": [-2.1, 31, -19.5], "size": [0, 2, 4], "inflate": 0.25, "pivot": [-3.5, 31.5, -16.5], "rotation": [0, -20, 0], "uv": [0, 42]},
						{"origin": [2.1, 31, -19.5], "size": [0, 2, 4], "inflate": 0.25, "pivot": [3.5, 31.5, -16.5], "rotation": [0, 20, 0], "uv": [0, 42], "mirror": true},
						{"origin": [-2.5, 29.5, -16.5], "size": [1, 3, 6], "inflate": 0.25, "pivot": [-2.5, 30, -10.5], "rotation": [0, -5, 0], "uv": [0, 25]},
						{"origin": [1.5, 29.5, -16.5], "size": [1, 3, 6], "inflate": 0.25, "pivot": [2.5, 30, -10.5], "rotation": [0, 5, 0], "uv": [0, 25], "mirror": true},
						{"origin": [-1.5, 32.5, -16.5], "size": [3, 1, 6], "inflate": 0.25, "uv": [31, 57]},
						{"origin": [-1.5, 28.5, -16.5], "size": [3, 1, 6], "inflate": 0.25, "uv": [31, 57]},
						{"origin": [-1.5, 29.5, -10.5], "size": [3, 3, 1], "inflate": 0.25, "uv": [36, 42]},
						{"origin": [-1.5, 29, -17.5], "size": [3, 4, 1], "inflate": 0.25, "uv": [44, 57]},
						{"origin": [-1, 30, -26], "size": [2, 1, 9], "inflate": 0.25, "uv": [14, 48]},
						{"origin": [-1, 30, -26], "size": [2, 1, 9], "inflate": 0.25, "pivot": [0, 31, -26], "rotation": [5, 0, 0], "uv": [0, 42]},
						{"origin": [-0.5, 29.5, -23], "size": [1, 1, 6], "inflate": 0.25, "pivot": [0, 31, -26], "rotation": [-2.5, 0, 0], "uv": [50, 57]}
					],
					"locators": {
						"head": {
							"offset": [0, 35, -15],
							"rotation": [-45, 0, 0]
						}
					}
				},
				{
					"name": "neck",
					"parent": "fearow",
					"pivot": [0, 22, -6],
					"rotation": [-25, 0, 0],
					"cubes": [
						{"origin": [-1.5, 22, -7], "size": [3, 10, 3], "inflate": 0.25, "pivot": [0, 22, -5.5], "rotation": [60, 0, 0], "uv": [0, 0]}
					]
				},
				{
					"name": "body",
					"parent": "fearow",
					"pivot": [0, 10, 5],
					"rotation": [-30, 0, 0],
					"cubes": [
						{"origin": [-5, 9, -10], "size": [10, 8, 16], "inflate": 0.25, "uv": [0, 0]},
						{"origin": [-4.5, 16.5, -9.5], "size": [9, 1, 15], "inflate": 0.25, "uv": [0, 25]},
						{"origin": [-4.5, 8.5, -9.5], "size": [9, 1, 15], "inflate": 0.25, "uv": [0, 25]},
						{"origin": [-5.5, 9.5, -9.5], "size": [1, 7, 15], "inflate": 0.25, "uv": [34, 34]},
						{"origin": [4.5, 9.5, -9.5], "size": [1, 7, 15], "inflate": 0.25, "uv": [34, 34]},
						{"origin": [-4.5, 9.5, -10.5], "size": [9, 7, 1], "inflate": 0.25, "uv": [53, 14]},
						{"origin": [-4.5, 9.5, 5.5], "size": [9, 7, 1], "inflate": 0.25, "uv": [53, 14]}
					],
					"locators": {
						"body": {
							"offset": [0, 17, 4],
							"rotation": [-65, 0, 0]
						}
					}
				},
				{
					"name": "saddle",
					"parent": "body",
					"pivot": [0, 7, 1],
					"cubes": [
						{"origin": [-5, 17.6, -8], "size": [10, 0, 8], "inflate": 0.25, "uv": [37, 5]},
						{"origin": [-2, 10, -11], "size": [4, 4, 0], "inflate": 0.25, "uv": [0, 35]}
					]
				},
				{
					"name": "legs",
					"parent": "fearow",
					"pivot": [0, 11, 4]
				},
				{
					"name": "right_leg",
					"parent": "legs",
					"pivot": [-3, 11, 4],
					"rotation": [0, 10, 0],
					"cubes": [
						{"origin": [-3.5, 0, 0.5], "size": [1, 1, 4], "inflate": 0.25, "pivot": [-2.5, 0, 4.5], "rotation": [0, 40, 0], "uv": [14, 42]},
						{"origin": [-3.5, 0, 0.5], "size": [1, 1, 4], "inflate": 0.25, "pivot": [-3.5, 0, 4.5], "rotation": [0, -40, 0], "uv": [14, 42]},
						{"origin": [-3.5, 0, 0.5], "size": [1, 1, 5], "inflate": 0.25, "uv": [28, 42]},
						{"origin": [-3.5, 1, 3.5], "size": [1, 4, 1], "inflate": 0.25, "uv": [0, 25]},
						{"origin": [-4.5, 4.5, 2.5], "size": [3, 1, 3], "inflate": 0.25, "uv": [34, 34]},
						{"origin": [-5, 5, 2], "size": [4, 6, 4], "inflate": 0.25, "uv": [0, 55]}
					]
				},
				{
					"name": "left_leg",
					"parent": "legs",
					"pivot": [3, 11, 4],
					"rotation": [0, -10, 0],
					"cubes": [
						{"origin": [2.5, 0, 0.5], "size": [1, 1, 4], "inflate": 0.25, "pivot": [2.5, 0, 4.5], "rotation": [0, -40, 0], "uv": [14, 42], "mirror": true},
						{"origin": [2.5, 0, 0.5], "size": [1, 1, 4], "inflate": 0.25, "pivot": [3.5, 0, 4.5], "rotation": [0, 40, 0], "uv": [14, 42], "mirror": true},
						{"origin": [2.5, 0, 0.5], "size": [1, 1, 5], "inflate": 0.25, "uv": [28, 42], "mirror": true},
						{"origin": [2.5, 1, 3.5], "size": [1, 4, 1], "inflate": 0.25, "uv": [0, 25], "mirror": true},
						{"origin": [1.5, 4.5, 2.5], "size": [3, 1, 3], "inflate": 0.25, "uv": [34, 34], "mirror": true},
						{"origin": [1, 5, 2], "size": [4, 6, 4], "inflate": 0.25, "uv": [0, 55], "mirror": true}
					]
				},
				{
					"name": "wings",
					"parent": "fearow",
					"pivot": [0, 21, -3]
				},
				{
					"name": "right_wing",
					"parent": "wings",
					"pivot": [-5, 21, -3],
					"cubes": [
						{"origin": [-21, 21, -5], "size": [16, 0, 4], "inflate": 0.25, "uv": [37, 0]}
					],
					"locators": {
						"wing1": {
							"offset": [-8, 21, -2],
							"rotation": [-90, 0, 0]
						},
						"wing2": {
							"offset": [-12, 21, -2],
							"rotation": [-90, 0, 0]
						},
						"wing3": {
							"offset": [-16, 21, -2],
							"rotation": [-90, 0, 0]
						},
						"wing4": {
							"offset": [-20, 21, -2],
							"rotation": [-90, 0, 0]
						}
					}
				},
				{
					"name": "right_wing_tip",
					"parent": "right_wing",
					"pivot": [-21, 21, -5],
					"cubes": [
						{"origin": [-37, 21, -5], "size": [16, 0, 8], "inflate": 0.25, "uv": [34, 25]}
					],
					"locators": {
						"wing5": {
							"offset": [-24, 21, -2],
							"rotation": [-90, 0, 0]
						},
						"wing6": {
							"offset": [-28, 21, 1],
							"rotation": [-90, 0, 0]
						},
						"wing7": {
							"offset": [-32, 21, 2],
							"rotation": [-90, 0, 0]
						},
						"wing8": {
							"offset": [-36, 21, 0],
							"rotation": [-90, 0, 0]
						}
					}
				},
				{
					"name": "left_wing",
					"parent": "wings",
					"pivot": [5, 21, -3],
					"cubes": [
						{"origin": [5, 21, -5], "size": [16, 0, 4], "inflate": 0.25, "uv": [37, 0], "mirror": true}
					],
					"locators": {
						"wing9": {
							"offset": [8, 21, -2],
							"rotation": [-90, 0, 0]
						},
						"wing10": {
							"offset": [12, 21, -2],
							"rotation": [-90, 0, 0]
						},
						"wing11": {
							"offset": [16, 21, -2],
							"rotation": [-90, 0, 0]
						},
						"wing12": {
							"offset": [20, 21, -2],
							"rotation": [-90, 0, 0]
						}
					}
				},
				{
					"name": "left_wing_tip",
					"parent": "left_wing",
					"pivot": [21, 21, -5],
					"cubes": [
						{"origin": [21, 21, -5], "size": [16, 0, 8], "inflate": 0.25, "uv": [34, 25], "mirror": true}
					],
					"locators": {
						"wing13": {
							"offset": [24, 21, -2],
							"rotation": [-90, 0, 0]
						},
						"wing14": {
							"offset": [28, 21, 1],
							"rotation": [-90, 0, 0]
						},
						"wing15": {
							"offset": [32, 21, 2],
							"rotation": [-90, 0, 0]
						},
						"wing16": {
							"offset": [36, 21, 0],
							"rotation": [-90, 0, 0]
						}
					}
				},
				{
					"name": "pokedex",
					"pivot": [0, 38, -31],
					"locators": {
						"pokedex": [0, 38, -31]
					}
				}
			]
		}
	]
}