{
	"format_version": "1.19.30",
    "minecraft:block": {
    "description": {
    "identifier": "serp:berry_top",
	"register_to_creative_menu": true,
	"is_experimental": false
        },
		"components": {
	"minecraft:material_instances": {
		"*": {
	"texture": "berry_top",
	"render_method": "alpha_test",
    "ambient_occlusion": false,
    "face_dimming": true
		}
	},
	"minecraft:geometry": "geometry.berry_top",
    "minecraft:block_light_filter": 0,
	"minecraft:collision_box": false,
    "minecraft:destructible_by_mining": {
      "seconds_to_destroy": 0
    },
    "minecraft:flammable": {
      "catch_chance_modifier": 5,
      "destroy_chance_modifier": 20
    },
    "minecraft:loot": "loot_tables/berry/berry_top.json"
	}
  }
}