{
	"format_version":"1.19.30",
	"minecraft:block":{
	"description":{
	"identifier":"serp:berry_sapling",
	"register_to_creative_menu":true,
	"is_experimental":false
		},
		"components":{
	"minecraft:material_instances":{
	"*":{
	"texture":"berry_sapling",
	"render_method":"alpha_test",
    "ambient_occlusion":false,
    "face_dimming":true
	  }
	},
	"minecraft:geometry":"geometry.berry_top",
    "minecraft:block_light_filter":0,
	"minecraft:collision_box":false,
    "minecraft:destructible_by_mining":{
      "seconds_to_destroy":0
    },
    "minecraft:queued_ticking":{
		"interval_range":[6000,9000],
		"on_tick":{"condition":1,"event":"serp:grow"}
	  },
	"minecraft:placement_filter":{
		"conditions":[
{"allowed_faces":["up"],"block_filter":["grass","dirt"]}
		]
	},
    "minecraft:flammable":{
      "catch_chance_modifier":5,
      "destroy_chance_modifier":20
    },
    "minecraft:on_interact":{
        "event":"serp:mulch",
        "condition":"query.get_equipped_item_name('main_hand')=='mulch'"
    },
    "minecraft:loot":"loot_tables/berry/berry_sapling.json"
	},
	"events":{
    "serp:mulch":{
        "randomize":[
		{"weight":90,"decrement_stack":{},"run_command":{"command":["particle minecraft:crop_growth_emitter ~~~"]}},
		{"weight":10,"decrement_stack":{},"run_command":{"command":["particle minecraft:crop_growth_emitter ~~~"]},"trigger":{"event":"serp:grow"}}
        ]
    },
	"serp:grow":{
	"run_command":{"command":["setblock ~~~ serp:berry_log","fill ~~1~ ~~5~ serp:berry_log keep","fill ~-1~3~-2 ~1~4~2 serp:berry_leaves_dark keep","fill ~-2~3~-1 ~2~4~1 serp:berry_leaves_dark keep","fill ~-1~5~-1 ~1~5~1 serp:berry_leaves_light keep","fill ~-1~6~ ~1~6~ serp:berry_leaves_light keep","fill ~~6~-1 ~~6~1 serp:berry_leaves_light keep","fill ~~7~ ~~7~ serp:berry_top keep"]}}
	    }
    }
}