{
  "format_version": "1.16.100",
  "minecraft:item": {
    "description": {
      "identifier": "serp:water_stone",
      "category": "Equipment"
    },
    "components": {
      "minecraft:display_name":{
    "value":"item.serp:water_stone.name"
         },
	  "minecraft:creative_category": {
	"parent": "itemGroup.name.equipment"
			},
  "minecraft:render_offsets": {
        "main_hand": {
"first_person":{"scale": [0.01,0.01,0.01]},
"third_person":{"scale": [0.03,0.03,0.03]}},
        "off_hand": {
"first_person":{"scale":[0.01,0.01,0.01]},
"third_person":{"scale":[0.03,0.03,0.03]}}
      },
      "minecraft:max_stack_size": 1,
	  "minecraft:icon": {
		"texture": "water_stone"
	  }
    }
  }
}