{
  "format_version": "1.10.0",
  "minecraft:client_entity": {
    "description": {
      "identifier": "serp:incubator",
      "materials": {
    "default": "entity_emissive_alpha"
    },
      "textures": {
"default": "textures/entity/incubator/incubator",
"egg1": "textures/entity/incubator/egg1",
"egg2": "textures/entity/incubator/egg2",
"egg3": "textures/entity/incubator/egg3",
"egg4": "textures/entity/incubator/egg4",
"egg5": "textures/entity/incubator/egg5",
"egg6": "textures/entity/incubator/egg6",
"egg7": "textures/entity/incubator/egg7",
"egg8": "textures/entity/incubator/egg8",
"egg9": "textures/entity/incubator/egg9"
      },
      "geometry": {
    "default": "geometry.incubator",
    "egg": "geometry.incubator_egg"
      },
      "scripts": {
        "animate": ["egg_bounce"]
      },
      "animations": {
    "egg_bounce": "animation.egg_bounce"
      },
      "render_controllers": [ "controller.render.serp_general","controller.render.incubator_egg" ]
    }
  }
}