{
  "format_version":"1.10.0",
  "minecraft:client_entity":{
    "description":{
      "identifier":"serp:pokeball",
      "materials":{"default":"entity_emissive_alpha"},
      "textures":{
        "pokeball":"textures/entity/pokeballs/pokeball",
        "greatball":"textures/entity/pokeballs/greatball",
        "ultraball":"textures/entity/pokeballs/ultraball",
        "masterball":"textures/entity/pokeballs/masterball",
        "beastball":"textures/entity/pokeballs/beastball",
        "diveball":"textures/entity/pokeballs/diveball",
        "dreamball":"textures/entity/pokeballs/dreamball",
        "duskball":"textures/entity/pokeballs/duskball",
        "fastball":"textures/entity/pokeballs/fastball",
        "friendball":"textures/entity/pokeballs/friendball",
        "healball":"textures/entity/pokeballs/healball",
        "heavyball":"textures/entity/pokeballs/heavyball",
        "lureball":"textures/entity/pokeballs/lureball",
        "luxuryball":"textures/entity/pokeballs/luxuryball",
        "moonball":"textures/entity/pokeballs/moonball",
        "nestball":"textures/entity/pokeballs/nestball",
        "netball":"textures/entity/pokeballs/netball",
        "parkball":"textures/entity/pokeballs/parkball",
        "premierball":"textures/entity/pokeballs/premierball",
        "safariball":"textures/entity/pokeballs/safariball",
        "timerball":"textures/entity/pokeballs/timerball"
    },
      "geometry":{
        "default":"geometry.serppokeball"
      },
      "animations":{
  "capture":"animation.pokeball.capture",
  "catch":"animation.pokeball.catch",
  "free":"animation.pokeball.free",
  "capture_controller":"controller.animation.capture"
      },
      "scripts":{
        "scale":"0.4",
        "animate":["capture","capture_controller"]
      },
      "sound_effects":{
        "ball_pop":"serp.pokeball.ball_pop",
        "pop":"serp.pokeball.pop",
        "wiggle":"serp.pokeball.wiggle",
        "catch":"serp.pokeball.catch",
        "enter":"serp.pokeball.enter",
        "free":"serp.pokeball.free"
      },
      "particle_effects":{
        "capture1":"serp:capture1",
        "capture2":"serp:capture2",
        "capture3":"serp:capture3",
        "ball_pop":"serp:ball_pop",
        "free":"serp:free",
        "capturing":"serp:back"
            },
      "render_controllers":["controller.render.ball_thrown"]
    }
  }
}