{
  "format_version": "1.10.0",
  "minecraft:client_entity": {
    "description": {
      "identifier": "serp:spawn",
      "materials": { "default": "entity_emissive_alpha" },
      "textures": {
        "default": "textures/entity/pokeballs/pokeball"
      },
      "geometry": {
        "default": "geometry.serppokeball"
      },
      "animations": {
    "free": "animation.pokeball.free",
    "spawn": "animation.pokeball.spawn",
    "direction": "animation.pokeball.direction"
      },
      "scripts": {
        "animate": [{"free":"query.is_shaking"},"spawn","direction"]
      },
      "sound_effects": {
        "free": "serp.pokeball.free",
        "spawn": "serp.pokeball.throw"
      },
      "render_controllers": ["controller.render.serp_general"]
    }
  }
}