{
	"format_version": "1.12.0",
	"minecraft:geometry": [
		{
			"description": {
				"identifier": "geometry.serpjynx",
				"texture_width": 16,
				"texture_height": 16,
				"visible_bounds_width": 3,
				"visible_bounds_height": 2.5,
				"visible_bounds_offset": [0, 0.75, 0]
			},
			"bones": [
				{
					"name": "jynx",
					"pivot": [0, 0, 0]
				},
				{
					"name": "body_root",
					"parent": "jynx",
					"pivot": [0, 0, 0]
				},
				{
					"name": "head",
					"parent": "body_root",
					"pivot": [0, 13, 0],
					"cubes": [
						{"origin": [-5, 13, -5], "size": [10, 7, 10], "uv": [0, 0]},
						{"origin": [-7, 10, -5.1], "size": [14, 10, 0], "uv": [0, 0]},
						{"origin": [-4.5, 19.5, -4.5], "size": [9, 1, 9], "uv": [0, 0]},
						{"origin": [-5.5, 13.5, -4.5], "size": [1, 6, 9], "uv": [0, 0]},
						{"origin": [-5.5, 9.5, -4.5], "size": [0, 10, 9], "pivot": [-5.5, 19.5, 0], "rotation": [0, 0, 10], "uv": [0, 0]},
						{"origin": [-4.5, 9.5, 5.5], "size": [9, 10, 0], "pivot": [0, 19.5, 5.5], "rotation": [10, 0, 0], "uv": [0, 0]},
						{"origin": [-4.5, 13.5, -5.5], "size": [9, 6, 1], "uv": [0, 0]},
						{"origin": [-4.5, 13.5, 4.5], "size": [9, 6, 1], "uv": [0, 0]},
						{"origin": [-4, 13.5, -5.6], "size": [8, 6, 0], "uv": [0, 0]}
					]
				},
				{
					"name": "body_up",
					"parent": "body_root",
					"pivot": [0, 12, 0],
					"cubes": [
						{"origin": [-5, 9, -5], "size": [10, 4, 10], "uv": [0, 0]},
						{"origin": [-5.5, 9, -5.5], "size": [11, 4, 3], "inflate": 0.2, "uv": [0, 0]},
						{"origin": [-5.5, 9.5, -4.5], "size": [1, 3, 9], "uv": [0, 0]},
						{"origin": [-4.5, 9.5, 4.5], "size": [9, 3, 1], "uv": [0, 0]}
					]
				},
				{
					"name": "arms",
					"parent": "body_root",
					"pivot": [0, 11, 0]
				},
				{
					"name": "right_arm",
					"parent": "arms",
					"pivot": [-5, 11, 0],
					"cubes": [
						{"origin": [-16, 10.5, -1], "size": [6, 2, 2], "pivot": [-10, 11.5, 1], "rotation": [0, -60, 0], "uv": [0, 0]},
						{"origin": [-19, 9.5, -2], "size": [3, 3, 3], "pivot": [-10, 11.5, 1], "rotation": [0, -60, 0], "uv": [0, 0]},
						{"origin": [-10, 10, -2], "size": [5, 3, 3], "uv": [0, 0]}
					]
				},
				{
					"name": "body_down",
					"parent": "jynx",
					"pivot": [0, 2, 0],
					"cubes": [
						{"origin": [-5, -1, -4], "size": [10, 10, 0], "pivot": [0, 9, -4], "rotation": [-25, 0, 0], "uv": [0, 0]},
						{"origin": [-6.5, -1, -4], "size": [5, 10, 0], "pivot": [-4, 9, -4], "rotation": [-22, 45, 0], "uv": [0, 0]},
						{"origin": [-4, -1, -5], "size": [0, 10, 10], "pivot": [-4, 9, 0], "rotation": [0, 0, 25], "uv": [0, 0]}
					]
				}
			]
		}
	]
}