{
  "format_version":"1.10.0",
  "minecraft:client_entity":{
    "description":{
      "identifier":"pokemon:p87",
      "materials":{"default":"entity_emissive_alpha","aura":"charged_creeper"},
      "textures":{
    "hp":"textures/ui/hp",
    "max_aura":"textures/entity/aura/max",
    "totem_aura":"textures/entity/aura/totem",
    "default":"textures/entity/normal/seel/dewgong",
    "default_s":"textures/entity/shiny/seel/dewgong",
    "max":"textures/entity/normal/seel/dewgong",
    "max_s":"textures/entity/shiny/seel/dewgong"
      },
      "geometry":{
    "hp":"geometry.health_bar",
    "aura":"geometry.serpdewgong_aura",
    "default":"geometry.serpdewgong",
    "max":"geometry.serpdewgong"
      },
      "animations":{
    "health_bar":"animation.dewgong.health_bar",
    "eyes_controller":"controller.animation.eyes",
    "open":"animation.serpmob.open",
    "close":"animation.serpmob.close",
    "angry":"animation.serpmob.angry",
    "fainted":"animation.serpmob.fainted",
    "quiet":"animation.dewgong.quiet",
    "walk":"animation.dewgong.walk",
    "sit":"animation.dewgong.sitting",
    "attack":"animation.dewgong.attack",
    "jump":"animation.dewgong.jump",
    "swimming":"animation.dewgong.swimming",
    "look_at_target":"animation.common.look_at_target",
    "direction":"animation.dewgong.direction",
    "main_controller":"controller.animation.pokemon_swim",
    "effects_controller":"controller.animation.effects"
      },
      "particle_effects":{
    "shiny":"serp:shiny"
      },
      "scripts":{
        "scale":"2",
        "animate":["effects_controller","main_controller"]
      },
      "render_controllers":[{"controller.render.pokemon_a":"query.property('serp:v')>=0&&query.property('serp:v')<=2"},{"controller.render.pokemons_a":"query.property('serp:v')>=3&&query.property('serp:v')<=5"},{"controller.render.max":"query.variant==4"},{"controller.render.totem":"query.variant==6"},"controller.render.hp"]
    }
  }
}