{
  "format_version":"1.16.100",
  "minecraft:item":{
    "description":{
      "identifier":"serp:timerball",
      "category":"Equipment"
    },
    "components":{
    "minecraft:display_name":{"value":"item.serp:timerball.name"},
    "minecraft:damage":1,
    "minecraft:weapon":{"on_hurt_entity":{}},
    "minecraft:durability":{"damage_chance":{"min":0,"max":0},"max_durability":21},
    "minecraft:icon":{"texture":"timerball"},
    "minecraft:max_stack_size":64,
    "minecraft:render_offsets":{
      "main_hand":{
"first_person":{"scale":[0.01,0.01,0.01]},
"third_person":{"scale":[0.03,0.03,0.03]}
      }
    },
    "minecraft:cooldown":{"category":"reload","duration":1},
    "minecraft:throwable":{
      "do_swing_animation":true,
      "launch_power_scale":0.65
    },
    "minecraft:projectile":{"projectile_entity":"serp:ball_thrown<serp:timerball>"}
    }
  }
}