{
  "format_version":"1.14.0",
  "sound_definitions":{
  "mob.pokemon.1":{"category":"neutral","max_distance":8.0,"sounds":["sounds/serp/poke/001"]},
  "mob.pokemon.2":{"category":"neutral","max_distance":8.0,"sounds":["sounds/serp/poke/002"]},
  "mob.pokemon.3":{"category":"neutral","max_distance":8.0,"sounds":["sounds/serp/poke/003"]},
  "mob.pokemon.4":{"category":"neutral","max_distance":8.0,"sounds":["sounds/serp/poke/004"]},
  "mob.pokemon.5":{"category":"neutral","max_distance":8.0,"sounds":["sounds/serp/poke/005"]},
  "mob.pokemon.6":{"category":"neutral","max_distance":8.0,"sounds":["sounds/serp/poke/006"]},
  "mob.pokemon.7":{"category":"neutral","max_distance":8.0,"sounds":["sounds/serp/poke/007"]},
  "mob.pokemon.8":{"category":"neutral","max_distance":8.0,"sounds":["sounds/serp/poke/008"]},
  "mob.pokemon.9":{"category":"neutral","max_distance":8.0,"sounds":["sounds/serp/poke/009"]},
  "mob.pokemon.10":{"category":"neutral","max_distance":8.0,"sounds":["sounds/serp/poke/010"]},
  "mob.pokemon.11":{"category":"neutral","max_distance":8.0,"sounds":["sounds/serp/poke/011"]},
  "mob.pokemon.12":{"category":"neutral","max_distance":8.0,"sounds":["sounds/serp/poke/012"]},
  "mob.pokemon.13":{"category":"neutral","max_distance":8.0,"sounds":["sounds/serp/poke/013"]},
  "mob.pokemon.14":{"category":"neutral","max_distance":8.0,"sounds":["sounds/serp/poke/014"]},
  "mob.pokemon.15":{"category":"neutral","max_distance":8.0,"sounds":["sounds/serp/poke/015"]},
  "mob.pokemon.16":{"category":"neutral","max_distance":8.0,"sounds":["sounds/serp/poke/016"]},
  "mob.pokemon.17":{"category":"neutral","max_distance":8.0,"sounds":["sounds/serp/poke/017"]},
  "mob.pokemon.18":{"category":"neutral","max_distance":8.0,"sounds":["sounds/serp/poke/018"]},
  "mob.pokemon.19":{"category":"neutral","max_distance":8.0,"sounds":["sounds/serp/poke/019"]},
  "mob.pokemon.20":{"category":"neutral","max_distance":8.0,"sounds":["sounds/serp/poke/020"]},
  "mob.pokemon.21":{"category":"neutral","max_distance":8.0,"sounds":["sounds/serp/poke/021"]},
  "mob.pokemon.22":{"category":"neutral","max_distance":8.0,"sounds":["sounds/serp/poke/022"]},
  "mob.pokemon.23":{"category":"neutral","max_distance":8.0,"sounds":["sounds/serp/poke/023"]},
  "mob.pokemon.24":{"category":"neutral","max_distance":8.0,"sounds":["sounds/serp/poke/024"]},
  "mob.pokemon.25":{"category":"neutral","max_distance":8.0,"sounds":["sounds/serp/poke/025-1","sounds/serp/poke/025-2","sounds/serp/poke/025-3"]},
  "mob.pokemon.26":{"category":"neutral","max_distance":8.0,"sounds":["sounds/serp/poke/026"]},
  "mob.pokemon.27":{"category":"neutral","max_distance":8.0,"sounds":["sounds/serp/poke/027"]},
  "mob.pokemon.28":{"category":"neutral","max_distance":8.0,"sounds":["sounds/serp/poke/028"]},
  "mob.pokemon.29":{"category":"neutral","max_distance":8.0,"sounds":["sounds/serp/poke/029"]},
  "mob.pokemon.30":{"category":"neutral","max_distance":8.0,"sounds":["sounds/serp/poke/030"]},
  "mob.pokemon.31":{"category":"neutral","max_distance":8.0,"sounds":["sounds/serp/poke/031"]},
  "mob.pokemon.32":{"category":"neutral","max_distance":8.0,"sounds":["sounds/serp/poke/032"]},
  "mob.pokemon.33":{"category":"neutral","max_distance":8.0,"sounds":["sounds/serp/poke/033"]},
  "mob.pokemon.34":{"category":"neutral","max_distance":8.0,"sounds":["sounds/serp/poke/034"]},
  "mob.pokemon.35":{"category":"neutral","max_distance":8.0,"sounds":["sounds/serp/poke/035"]},
  "mob.pokemon.36":{"category":"neutral","max_distance":8.0,"sounds":["sounds/serp/poke/036"]},
  "mob.pokemon.37":{"category":"neutral","max_distance":8.0,"sounds":["sounds/serp/poke/037"]},
  "mob.pokemon.38":{"category":"neutral","max_distance":8.0,"sounds":["sounds/serp/poke/038"]},
  "mob.pokemon.39":{"category":"neutral","max_distance":8.0,"sounds":["sounds/serp/poke/039"]},
  "mob.pokemon.40":{"category":"neutral","max_distance":8.0,"sounds":["sounds/serp/poke/040"]},
  "mob.pokemon.41":{"category":"neutral","max_distance":8.0,"sounds":["sounds/serp/poke/041"]},
  "mob.pokemon.42":{"category":"neutral","max_distance":8.0,"sounds":["sounds/serp/poke/042"]},
  "mob.pokemon.43":{"category":"neutral","max_distance":8.0,"sounds":["sounds/serp/poke/043"]},
  "mob.pokemon.44":{"category":"neutral","max_distance":8.0,"sounds":["sounds/serp/poke/044"]},
  "mob.pokemon.45":{"category":"neutral","max_distance":8.0,"sounds":["sounds/serp/poke/045"]},
  "mob.pokemon.46":{"category":"neutral","max_distance":8.0,"sounds":["sounds/serp/poke/046"]},
  "mob.pokemon.47":{"category":"neutral","max_distance":8.0,"sounds":["sounds/serp/poke/047"]},
  "mob.pokemon.48":{"category":"neutral","max_distance":8.0,"sounds":["sounds/serp/poke/048"]},
  "mob.pokemon.49":{"category":"neutral","max_distance":8.0,"sounds":["sounds/serp/poke/049"]},
  "mob.pokemon.50":{"category":"neutral","max_distance":8.0,"sounds":["sounds/serp/poke/050"]},
  "mob.pokemon.51":{"category":"neutral","max_distance":8.0,"sounds":["sounds/serp/poke/051"]},
  "mob.pokemon.52":{"category":"neutral","max_distance":8.0,"sounds":["sounds/serp/poke/052"]},
  "mob.pokemon.53":{"category":"neutral","max_distance":8.0,"sounds":["sounds/serp/poke/053"]},
  "mob.pokemon.54":{"category":"neutral","max_distance":8.0,"sounds":["sounds/serp/poke/054"]},
  "mob.pokemon.55":{"category":"neutral","max_distance":8.0,"sounds":["sounds/serp/poke/055"]},
  "mob.pokemon.56":{"category":"neutral","max_distance":8.0,"sounds":["sounds/serp/poke/056"]},
  "mob.pokemon.57":{"category":"neutral","max_distance":8.0,"sounds":["sounds/serp/poke/057"]},
  "mob.pokemon.58":{"category":"neutral","max_distance":8.0,"sounds":["sounds/serp/poke/058"]},
  "mob.pokemon.59":{"category":"neutral","max_distance":8.0,"sounds":["sounds/serp/poke/059"]},
  "mob.pokemon.60":{"category":"neutral","max_distance":8.0,"sounds":["sounds/serp/poke/060"]},
  "mob.pokemon.61":{"category":"neutral","max_distance":8.0,"sounds":["sounds/serp/poke/061"]},
  "mob.pokemon.62":{"category":"neutral","max_distance":8.0,"sounds":["sounds/serp/poke/062"]},
  "mob.pokemon.63":{"category":"neutral","max_distance":8.0,"sounds":["sounds/serp/poke/063"]},
  "mob.pokemon.64":{"category":"neutral","max_distance":8.0,"sounds":["sounds/serp/poke/064"]},
  "mob.pokemon.65":{"category":"neutral","max_distance":8.0,"sounds":["sounds/serp/poke/065"]},
  "mob.pokemon.66":{"category":"neutral","max_distance":8.0,"sounds":["sounds/serp/poke/066"]},
  "mob.pokemon.67":{"category":"neutral","max_distance":8.0,"sounds":["sounds/serp/poke/067"]},
  "mob.pokemon.68":{"category":"neutral","max_distance":8.0,"sounds":["sounds/serp/poke/068"]},
  "mob.pokemon.69":{"category":"neutral","max_distance":8.0,"sounds":["sounds/serp/poke/069"]},
  "mob.pokemon.70":{"category":"neutral","max_distance":8.0,"sounds":["sounds/serp/poke/070"]},
  "mob.pokemon.71":{"category":"neutral","max_distance":8.0,"sounds":["sounds/serp/poke/071"]},
  "mob.pokemon.72":{"category":"neutral","max_distance":8.0,"sounds":["sounds/serp/poke/072"]},
  "mob.pokemon.73":{"category":"neutral","max_distance":8.0,"sounds":["sounds/serp/poke/073"]},
  "mob.pokemon.74":{"category":"neutral","max_distance":8.0,"sounds":["sounds/serp/poke/074"]},
  "mob.pokemon.75":{"category":"neutral","max_distance":8.0,"sounds":["sounds/serp/poke/075"]},
  "mob.pokemon.76":{"category":"neutral","max_distance":8.0,"sounds":["sounds/serp/poke/076"]},
  "mob.pokemon.77":{"category":"neutral","max_distance":8.0,"sounds":["sounds/serp/poke/077"]},
  "mob.pokemon.78":{"category":"neutral","max_distance":8.0,"sounds":["sounds/serp/poke/078"]},
  "mob.pokemon.79":{"category":"neutral","max_distance":8.0,"sounds":["sounds/serp/poke/079"]},
  "mob.pokemon.80":{"category":"neutral","max_distance":8.0,"sounds":["sounds/serp/poke/080"]},
  "mob.pokemon.81":{"category":"neutral","max_distance":8.0,"sounds":["sounds/serp/poke/081"]},
  "mob.pokemon.82":{"category":"neutral","max_distance":8.0,"sounds":["sounds/serp/poke/082"]},
  "mob.pokemon.83":{"category":"neutral","max_distance":8.0,"sounds":["sounds/serp/poke/083"]},
  "mob.pokemon.84":{"category":"neutral","max_distance":8.0,"sounds":["sounds/serp/poke/084"]},
  "mob.pokemon.85":{"category":"neutral","max_distance":8.0,"sounds":["sounds/serp/poke/085"]},
  "mob.pokemon.86":{"category":"neutral","max_distance":8.0,"sounds":["sounds/serp/poke/086"]},
  "mob.pokemon.87":{"category":"neutral","max_distance":8.0,"sounds":["sounds/serp/poke/087"]},
  "mob.pokemon.88":{"category":"neutral","max_distance":8.0,"sounds":["sounds/serp/poke/088"]},
  "mob.pokemon.89":{"category":"neutral","max_distance":8.0,"sounds":["sounds/serp/poke/089"]},
  "mob.pokemon.90":{"category":"neutral","max_distance":8.0,"sounds":["sounds/serp/poke/090"]},
  "mob.pokemon.91":{"category":"neutral","max_distance":8.0,"sounds":["sounds/serp/poke/091"]},
  "mob.pokemon.92":{"category":"neutral","max_distance":8.0,"sounds":["sounds/serp/poke/092"]},
  "mob.pokemon.93":{"category":"neutral","max_distance":8.0,"sounds":["sounds/serp/poke/093"]},
  "mob.pokemon.94":{"category":"neutral","max_distance":8.0,"sounds":["sounds/serp/poke/094"]},
  "mob.pokemon.95":{"category":"neutral","max_distance":8.0,"sounds":["sounds/serp/poke/095"]},
  "mob.pokemon.96":{"category":"neutral","max_distance":8.0,"sounds":["sounds/serp/poke/096"]},
  "mob.pokemon.97":{"category":"neutral","max_distance":8.0,"sounds":["sounds/serp/poke/097"]},
  "mob.pokemon.98":{"category":"neutral","max_distance":8.0,"sounds":["sounds/serp/poke/098"]},
  "mob.pokemon.99":{"category":"neutral","max_distance":8.0,"sounds":["sounds/serp/poke/099"]},
  "mob.pokemon.100":{"category":"neutral","max_distance":8.0,"sounds":["sounds/serp/poke/100"]},
  "mob.pokemon.101":{"category":"neutral","max_distance":8.0,"sounds":["sounds/serp/poke/101"]},
  "mob.pokemon.102":{"category":"neutral","max_distance":8.0,"sounds":["sounds/serp/poke/102"]},
  "mob.pokemon.103":{"category":"neutral","max_distance":8.0,"sounds":["sounds/serp/poke/103"]},
  "mob.pokemon.104":{"category":"neutral","max_distance":8.0,"sounds":["sounds/serp/poke/104"]},
  "mob.pokemon.105":{"category":"neutral","max_distance":8.0,"sounds":["sounds/serp/poke/105"]},
  "mob.pokemon.106":{"category":"neutral","max_distance":8.0,"sounds":["sounds/serp/poke/106"]},
  "mob.pokemon.107":{"category":"neutral","max_distance":8.0,"sounds":["sounds/serp/poke/107"]},
  "mob.pokemon.108":{"category":"neutral","max_distance":8.0,"sounds":["sounds/serp/poke/108"]},
  "mob.pokemon.109":{"category":"neutral","max_distance":8.0,"sounds":["sounds/serp/poke/109"]},
  "mob.pokemon.110":{"category":"neutral","max_distance":8.0,"sounds":["sounds/serp/poke/110"]},
  "mob.pokemon.111":{"category":"neutral","max_distance":8.0,"sounds":["sounds/serp/poke/111"]},
  "mob.pokemon.112":{"category":"neutral","max_distance":8.0,"sounds":["sounds/serp/poke/112"]},
  "mob.pokemon.113":{"category":"neutral","max_distance":8.0,"sounds":["sounds/serp/poke/113"]},
  "mob.pokemon.114":{"category":"neutral","max_distance":8.0,"sounds":["sounds/serp/poke/114"]},
  "mob.pokemon.115":{"category":"neutral","max_distance":8.0,"sounds":["sounds/serp/poke/115"]},
  "mob.pokemon.116":{"category":"neutral","max_distance":8.0,"sounds":["sounds/serp/poke/116"]},
  "mob.pokemon.117":{"category":"neutral","max_distance":8.0,"sounds":["sounds/serp/poke/117"]},
  "mob.pokemon.118":{"category":"neutral","max_distance":8.0,"sounds":["sounds/serp/poke/118"]},
  "mob.pokemon.119":{"category":"neutral","max_distance":8.0,"sounds":["sounds/serp/poke/119"]},
  "mob.pokemon.120":{"category":"neutral","max_distance":8.0,"sounds":["sounds/serp/poke/120"]},
  "mob.pokemon.121":{"category":"neutral","max_distance":8.0,"sounds":["sounds/serp/poke/121"]},
  "mob.pokemon.122":{"category":"neutral","max_distance":8.0,"sounds":["sounds/serp/poke/122"]},
  "mob.pokemon.123":{"category":"neutral","max_distance":8.0,"sounds":["sounds/serp/poke/123"]},
  "mob.pokemon.124":{"category":"neutral","max_distance":8.0,"sounds":["sounds/serp/poke/124"]},
  "mob.pokemon.125":{"category":"neutral","max_distance":8.0,"sounds":["sounds/serp/poke/125"]},
  "mob.pokemon.126":{"category":"neutral","max_distance":8.0,"sounds":["sounds/serp/poke/126"]},
  "mob.pokemon.127":{"category":"neutral","max_distance":8.0,"sounds":["sounds/serp/poke/127"]},
  "mob.pokemon.128":{"category":"neutral","max_distance":8.0,"sounds":["sounds/serp/poke/128"]},
  "mob.pokemon.129":{"category":"neutral","max_distance":8.0,"sounds":["sounds/serp/poke/129"]},
  "mob.pokemon.130":{"category":"neutral","max_distance":8.0,"sounds":["sounds/serp/poke/130"]},
  "mob.pokemon.131":{"category":"neutral","max_distance":8.0,"sounds":["sounds/serp/poke/131"]},
  "mob.pokemon.132":{"category":"neutral","max_distance":8.0,"sounds":["sounds/serp/poke/132"]},
  "mob.pokemon.133":{"category":"neutral","max_distance":8.0,"sounds":["sounds/serp/poke/133"]},
  "mob.pokemon.134":{"category":"neutral","max_distance":8.0,"sounds":["sounds/serp/poke/134"]},
  "mob.pokemon.135":{"category":"neutral","max_distance":8.0,"sounds":["sounds/serp/poke/135"]},
  "mob.pokemon.136":{"category":"neutral","max_distance":8.0,"sounds":["sounds/serp/poke/136"]},
  "mob.pokemon.137":{"category":"neutral","max_distance":8.0,"sounds":["sounds/serp/poke/137"]},
  "mob.pokemon.138":{"category":"neutral","max_distance":8.0,"sounds":["sounds/serp/poke/138"]},
  "mob.pokemon.139":{"category":"neutral","max_distance":8.0,"sounds":["sounds/serp/poke/139"]},
  "mob.pokemon.140":{"category":"neutral","max_distance":8.0,"sounds":["sounds/serp/poke/140"]},
  "mob.pokemon.141":{"category":"neutral","max_distance":8.0,"sounds":["sounds/serp/poke/141"]},
  "mob.pokemon.142":{"category":"neutral","max_distance":8.0,"sounds":["sounds/serp/poke/142"]},
  "mob.pokemon.143":{"category":"neutral","max_distance":8.0,"sounds":["sounds/serp/poke/143"]},
  "mob.pokemon.144":{"category":"neutral","max_distance":8.0,"sounds":["sounds/serp/poke/144"]},
  "mob.pokemon.145":{"category":"neutral","max_distance":8.0,"sounds":["sounds/serp/poke/145"]},
  "mob.pokemon.146":{"category":"neutral","max_distance":8.0,"sounds":["sounds/serp/poke/146"]},
  "mob.pokemon.147":{"category":"neutral","max_distance":8.0,"sounds":["sounds/serp/poke/147"]},
  "mob.pokemon.148":{"category":"neutral","max_distance":8.0,"sounds":["sounds/serp/poke/148"]},
  "mob.pokemon.149":{"category":"neutral","max_distance":8.0,"sounds":["sounds/serp/poke/149"]},
  "mob.pokemon.150":{"category":"neutral","max_distance":8.0,"sounds":["sounds/serp/poke/150"]},
  "mob.pokemon.151":{"category":"neutral","max_distance":8.0,"sounds":["sounds/serp/poke/151"]}
  }
}