{
  "format_version":"1.10.0",
  "minecraft:client_entity":{
    "description":{
      "identifier":"pokemon:p385",
      "materials":{"default":"entity_emissive_alpha","aura":"charged_creeper"},
      "textures":{
    "hp":"textures/ui/hp",
    "max_aura":"textures/entity/aura/max",
    "default":"textures/entity/normal/jirachi/jirachi",
    "default_s":"textures/entity/shiny/jirachi/jirachi",
    "max":"textures/entity/normal/jirachi/jirachi",
    "max_s":"textures/entity/shiny/jirachi/jirachi"
      },
      "geometry":{
    "hp":"geometry.health_bar",
    "aura":"geometry.serpjirachi_aura",
    "default":"geometry.serpjirachi",
    "max":"geometry.serpjirachi"
      },
      "animations":{
    "health_bar":"animation.jirachi.health_bar",
    "eyes_controller":"controller.animation.eyes",
    "open":"animation.serpmob.open",
    "close":"animation.serpmob.close",
    "angry":"animation.serpmob.angry",
    "fainted":"animation.serpmob.fainted",
    "quiet":"animation.jirachi.quiet",
    "walk":"animation.jirachi.walk",
    "sit":"animation.jirachi.sitting",
    "attack":"animation.jirachi.attack",
    "look_at_target":"animation.common.look_at_target",
    "direction":"animation.jirachi.direction",
    "main_controller":"controller.animation.pokemon_fly",
    "effects_controller":"controller.animation.effects"
      },
      "particle_effects":{
    "shiny":"serp:shiny"
      },
      "scripts":{
        "scale":"1",
        "animate":["effects_controller","main_controller"]
      },
      "render_controllers":[{"controller.render.pokemon":"query.property('serp:v')>=0&&query.property('serp:v')<=2"},{"controller.render.pokemons":"query.property('serp:v')>=3&&query.property('serp:v')<=5"},{"controller.render.max":"query.variant==4"},"controller.render.hp"]
    }
  }
}