{
	"format_version": "1.12.0",
	"minecraft:geometry": [
		{
			"description": {
				"identifier": "geometry.serpcubone",
				"texture_width": 64,
				"texture_height": 64,
				"visible_bounds_width": 3,
				"visible_bounds_height": 2.5,
				"visible_bounds_offset": [0, 0.75, 0]
			},
			"bones": [
				{
					"name": "cubone",
					"pivot": [0, 0, 0]
				},
				{
				"name": "pokedex",
				"pivot": [0, 28, 0],
				"locators": {
		"pokedex": [0, 28, 0]
					}
				},
				{
					"name": "head",
					"parent": "cubone",
					"pivot": [0, 8, 0],
					"cubes": [
						{"origin": [-2.5, 8, -2], "size": [5, 5, 4], "inflate": 0.2, "uv": [20, 20]},
						{"origin": [-3, 8.5, -2.5], "size": [6, 5, 6], "uv": [0, 12]},
						{"origin": [2, 8.5, -1], "size": [1, 2, 4], "pivot": [3, 10.5, 0], "rotation": [0, 0, -30], "uv": [34, 34]},
						{"origin": [-3, 8.5, -1], "size": [1, 2, 4], "pivot": [-3, 10.5, 0], "rotation": [0, 0, 30], "uv": [8, 34]},
						{"origin": [-2.5, 13, -2], "size": [5, 1, 5], "uv": [18, 12]},
						{"origin": [-3, 12.5, 0.5], "size": [1, 3, 1], "pivot": [-2.5, 12.5, 1], "rotation": [-30, 0, -25], "uv": [18, 12]},
						{"origin": [2, 12.5, 0.5], "size": [1, 3, 1], "pivot": [2.5, 12.5, 1], "rotation": [-30, 0, 25], "uv": [18, 0]},
						{"origin": [-1.5, 9, -5.5], "size": [3, 2, 3], "pivot": [0, 11, -2.5], "rotation": [15, 0, 0], "uv": [0, 33]},
						{"origin": [-2.5, 8.5, -5], "size": [1, 2, 3], "pivot": [-1.5, 11, -2.5], "rotation": [10, -17.5, 0], "uv": [0, 38]},
						{"origin": [-2, 7.55222, -4], "size": [0, 1, 1], "pivot": [-2, 8.5, -4.5], "rotation": [10, -17.5, 12.5], "uv": [0, 2]},
						{"origin": [2, 7.55222, -4], "size": [0, 1, 1], "pivot": [2, 8.5, -4.5], "rotation": [10, 17.5, -12.5], "uv": [0, 0]},
						{"origin": [1.5, 8.5, -5], "size": [1, 2, 3], "pivot": [1.5, 11, -2.5], "rotation": [10, 17.5, 0], "uv": [36, 4]},
						{"origin": [-1, 9, -5], "size": [2, 1, 3], "uv": [33, 0]}
					]
				},
				{
					"name": "body",
					"parent": "cubone",
					"pivot": [0, 4, 0],
					"cubes": [
						{"origin": [-3, 2, -3], "size": [6, 6, 6], "uv": [0, 0]},
						{"origin": [2.5, 2.5, -2.5], "size": [1, 5, 5], "uv": [12, 24]},
						{"origin": [-3.5, 2.5, -2.5], "size": [1, 5, 5], "uv": [0, 23]},
						{"origin": [-2.5, 1.5, -2.5], "size": [5, 1, 5], "uv": [18, 0]},
						{"origin": [-2.5, 2.5, -3.5], "size": [5, 5, 1], "uv": [26, 29]},
						{"origin": [-2.5, 2.5, 2.5], "size": [5, 5, 1], "uv": [24, 6]}
					]
				},
				{
					"name": "tail",
					"parent": "body",
					"pivot": [0, 5, 3],
					"rotation": [-30, 0, 0],
					"cubes": [
						{"origin": [-1.5, 2, 3], "size": [3, 3, 2], "uv": [7, 23]},
						{"origin": [-1, 3, 4], "size": [2, 2, 2], "pivot": [0, 5, 5], "rotation": [30, 0, 0], "uv": [38, 24]},
						{"origin": [-0.5, 3.7, 6], "size": [1, 1, 2], "pivot": [0, 4, 6], "rotation": [65, 0, 0], "uv": [0, 0]}
					]
				},
				{
					"name": "arms",
					"parent": "cubone",
					"pivot": [0, 7, 0]
				},
				{
					"name": "right_arm",
					"parent": "arms",
					"pivot": [-3, 7, 0],
					"cubes": [
						{"origin": [-4, 3, -1], "size": [2, 4, 2], "pivot": [-3, 7, 0], "rotation": [0, 0, 25], "uv": [26, 36]},
						{"origin": [-4.5, 3.5, -5], "size": [1, 1, 1], "pivot": [-3, 7, -8], "rotation": [0, 0, 25], "uv": [0, 26]},
						{"origin": [-2.5, 3.5, -5], "size": [1, 1, 1], "pivot": [-3, 7, -8], "rotation": [0, 0, 25], "uv": [24, 18]},
						{"origin": [-3.5, 3.5, -4.5], "size": [1, 1, 6], "pivot": [-3, 7, -2], "rotation": [0, 0, 25], "uv": [18, 29]}
					]
				},
				{
					"name": "left_arm",
					"parent": "arms",
					"pivot": [3, 7, 0],
					"cubes": [
						{"origin": [2, 3, -1], "size": [2, 4, 2], "pivot": [3, 7, 0], "rotation": [0, 0, -25], "uv": [18, 36]}
					]
				},
				{
					"name": "legs",
					"parent": "cubone",
					"pivot": [0, 3, 0]
				},
				{
					"name": "right_leg",
					"parent": "legs",
					"pivot": [-3, 3, 0],
					"cubes": [
						{"origin": [-3.5, 0, -2.5], "size": [1, 1, 1], "inflate": -0.1, "pivot": [-3, 1, -1.5], "rotation": [30, 0, 0], "uv": [32, 18]},
						{"origin": [-3.5, 0, -1.5], "size": [1, 1, 2], "uv": [0, 12]},
						{"origin": [-4, 0.5, -1.5], "size": [2, 3, 3], "uv": [34, 18]},
						{"origin": [-3.5, 1, -1.5], "size": [1, 2, 1], "inflate": 0.2, "uv": [0, 23]}
					]
				},
				{
					"name": "left_leg",
					"parent": "legs",
					"pivot": [3, 3, 0],
					"cubes": [
						{"origin": [2.5, 0, -2.5], "size": [1, 1, 1], "inflate": -0.1, "pivot": [3, 1, -1.5], "rotation": [30, 0, 0], "uv": [28, 18]},
						{"origin": [2.5, 0, -1.5], "size": [1, 1, 2], "uv": [0, 3]},
						{"origin": [2, 0.5, -1.5], "size": [2, 3, 3], "uv": [33, 9]},
						{"origin": [2.5, 1, -1.5], "size": [1, 2, 1], "inflate": 0.2, "uv": [0, 15]}
					]
				}
			]
		},
		{
			"description": {
				"identifier": "geometry.serpcubone_aura",
				"texture_width": 64,
				"texture_height": 64,
				"visible_bounds_width": 3,
				"visible_bounds_height": 2.5,
				"visible_bounds_offset": [0, 0.75, 0]
			},
			"bones": [
				{
					"name": "cubone",
					"pivot": [0, 0, 0]
				},
				{
					"name": "head",
					"parent": "cubone",
					"pivot": [0, 8, 0],
					"cubes": [
						{"origin": [-2.5, 8, -2], "size": [5, 5, 4], "inflate": 0.25, "uv": [20, 20]},
						{"origin": [-3, 8.5, -2.5], "size": [6, 5, 6], "inflate": 0.25, "uv": [0, 12]},
						{"origin": [2, 8.5, -1], "size": [1, 2, 4], "inflate": 0.25, "pivot": [3, 10.5, 0], "rotation": [0, 0, -30], "uv": [34, 34]},
						{"origin": [-3, 8.5, -1], "size": [1, 2, 4], "inflate": 0.25, "pivot": [-3, 10.5, 0], "rotation": [0, 0, 30], "uv": [8, 34]},
						{"origin": [-2.5, 13, -2], "size": [5, 1, 5], "inflate": 0.25, "uv": [18, 12]},
						{"origin": [-3, 12.5, 0.5], "size": [1, 3, 1], "inflate": 0.25, "pivot": [-2.5, 12.5, 1], "rotation": [-30, 0, -25], "uv": [18, 12]},
						{"origin": [2, 12.5, 0.5], "size": [1, 3, 1], "inflate": 0.25, "pivot": [2.5, 12.5, 1], "rotation": [-30, 0, 25], "uv": [18, 0]},
						{"origin": [-1.5, 9, -5.5], "size": [3, 2, 3], "inflate": 0.25, "pivot": [0, 11, -2.5], "rotation": [15, 0, 0], "uv": [0, 33]},
						{"origin": [-2.5, 8.5, -5], "size": [1, 2, 3], "inflate": 0.25, "pivot": [-1.5, 11, -2.5], "rotation": [10, -17.5, 0], "uv": [0, 38]},
						{"origin": [-2, 7.55222, -4], "size": [0, 1, 1], "inflate": 0.25, "pivot": [-2, 8.5, -4.5], "rotation": [10, -17.5, 12.5], "uv": [0, 2]},
						{"origin": [2, 7.55222, -4], "size": [0, 1, 1], "inflate": 0.25, "pivot": [2, 8.5, -4.5], "rotation": [10, 17.5, -12.5], "uv": [0, 0]},
						{"origin": [1.5, 8.5, -5], "size": [1, 2, 3], "inflate": 0.25, "pivot": [1.5, 11, -2.5], "rotation": [10, 17.5, 0], "uv": [36, 4]},
						{"origin": [-1, 9, -5], "size": [2, 1, 3], "inflate": 0.25, "uv": [33, 0]}
					]
				},
				{
					"name": "body",
					"parent": "cubone",
					"pivot": [0, 4, 0],
					"cubes": [
						{"origin": [-3, 2, -3], "size": [6, 6, 6], "inflate": 0.25, "uv": [0, 0]},
						{"origin": [2.5, 2.5, -2.5], "size": [1, 5, 5], "inflate": 0.25, "uv": [12, 24]},
						{"origin": [-3.5, 2.5, -2.5], "size": [1, 5, 5], "inflate": 0.25, "uv": [0, 23]},
						{"origin": [-2.5, 1.5, -2.5], "size": [5, 1, 5], "inflate": 0.25, "uv": [18, 0]},
						{"origin": [-2.5, 2.5, -3.5], "size": [5, 5, 1], "inflate": 0.25, "uv": [26, 29]},
						{"origin": [-2.5, 2.5, 2.5], "size": [5, 5, 1], "inflate": 0.25, "uv": [24, 6]}
					]
				},
				{
					"name": "tail",
					"parent": "body",
					"pivot": [0, 5, 3],
					"rotation": [-30, 0, 0],
					"cubes": [
						{"origin": [-1.5, 2, 3], "size": [3, 3, 2], "inflate": 0.25, "uv": [7, 23]},
						{"origin": [-1, 3, 4], "size": [2, 2, 2], "inflate": 0.25, "pivot": [0, 5, 5], "rotation": [30, 0, 0], "uv": [38, 24]},
						{"origin": [-0.5, 3.7, 6], "size": [1, 1, 2], "inflate": 0.25, "pivot": [0, 4, 6], "rotation": [65, 0, 0], "uv": [0, 0]}
					]
				},
				{
					"name": "arms",
					"parent": "cubone",
					"pivot": [0, 7, 0]
				},
				{
					"name": "right_arm",
					"parent": "arms",
					"pivot": [-3, 7, 0],
					"cubes": [
						{"origin": [-4, 3, -1], "size": [2, 4, 2], "inflate": 0.25, "pivot": [-3, 7, 0], "rotation": [0, 0, 25], "uv": [26, 36]},
						{"origin": [-4.5, 3.5, -5], "size": [1, 1, 1], "inflate": 0.25, "pivot": [-3, 7, -8], "rotation": [0, 0, 25], "uv": [0, 26]},
						{"origin": [-2.5, 3.5, -5], "size": [1, 1, 1], "inflate": 0.25, "pivot": [-3, 7, -8], "rotation": [0, 0, 25], "uv": [24, 18]},
						{"origin": [-3.5, 3.5, -4.5], "size": [1, 1, 6], "inflate": 0.25, "pivot": [-3, 7, -2], "rotation": [0, 0, 25], "uv": [18, 29]}
					]
				},
				{
					"name": "left_arm",
					"parent": "arms",
					"pivot": [3, 7, 0],
					"cubes": [
						{"origin": [2, 3, -1], "size": [2, 4, 2], "inflate": 0.25, "pivot": [3, 7, 0], "rotation": [0, 0, -25], "uv": [18, 36]}
					]
				},
				{
					"name": "legs",
					"parent": "cubone",
					"pivot": [0, 3, 0]
				},
				{
					"name": "right_leg",
					"parent": "legs",
					"pivot": [-3, 3, 0],
					"cubes": [
						{"origin": [-3.5, 0, -2.5], "size": [1, 1, 1], "inflate": 0.25, "pivot": [-3, 1, -1.5], "rotation": [30, 0, 0], "uv": [32, 18]},
						{"origin": [-3.5, 0, -1.5], "size": [1, 1, 2], "inflate": 0.25, "uv": [0, 12]},
						{"origin": [-4, 0.5, -1.5], "size": [2, 3, 3], "inflate": 0.25, "uv": [34, 18]},
						{"origin": [-3.5, 1, -1.5], "size": [1, 2, 1], "inflate": 0.25, "uv": [0, 23]}
					]
				},
				{
					"name": "left_leg",
					"parent": "legs",
					"pivot": [3, 3, 0],
					"cubes": [
						{"origin": [2.5, 0, -2.5], "size": [1, 1, 1], "inflate": 0.25, "pivot": [3, 1, -1.5], "rotation": [30, 0, 0], "uv": [28, 18]},
						{"origin": [2.5, 0, -1.5], "size": [1, 1, 2], "inflate": 0.25, "uv": [0, 3]},
						{"origin": [2, 0.5, -1.5], "size": [2, 3, 3], "inflate": 0.25, "uv": [33, 9]},
						{"origin": [2.5, 1, -1.5], "size": [1, 2, 1], "inflate": 0.25, "uv": [0, 15]}
					]
				},
				{
					"name": "pokedex",
					"pivot": [0, 28, 0],
					"locators": {
						"pokedex": [0, 28, 0]
					}
				}
			]
		}
	]
}