{
	"format_version": "1.12.0",
	"minecraft:geometry": [
		{
			"description": {
				"identifier": "geometry.serpmarowak",
				"texture_width": 64,
				"texture_height": 64,
				"visible_bounds_width": 3,
				"visible_bounds_height": 2.5,
				"visible_bounds_offset": [0, 0.75, 0]
			},
			"bones": [
				{
					"name": "marowak",
					"pivot": [0, 0, 0]
				},
				{
				"name": "pokedex",
				"pivot": [0, 28, 0],
				"locators": {
		"pokedex": [0, 28, 0]
					}
				},
				{
					"name": "head",
					"parent": "marowak",
					"pivot": [0, 10, 1],
					"cubes": [
						{"origin": [-2, 10, -1], "size": [4, 1, 3], "inflate": 0.2, "uv": [22, 19]},
						{"origin": [-3, 10.5, -2.5], "size": [6, 5, 6], "uv": [0, 0]},
						{"origin": [-2, 12, 2], "size": [4, 2, 1], "pivot": [0, 14, 3], "rotation": [35, 0, 0], "uv": [15, 13]},
						{"origin": [2, 10.5, 0], "size": [1, 2, 3], "pivot": [3, 11.5, 0], "rotation": [0, 0, -30], "uv": [32, 39]},
						{"origin": [-3, 10.5, 0], "size": [1, 2, 3], "pivot": [-3, 11.5, 0], "rotation": [0, 0, 30], "uv": [12, 39]},
						{"origin": [-2.5, 15, -2], "size": [5, 1, 5], "uv": [18, 0]},
						{"origin": [-2, 15.5, 0.5], "size": [1, 3, 1], "pivot": [-1.5, 14.5, 1], "rotation": [-30, 0, -25], "uv": [18, 0]},
						{"origin": [1, 15.5, 0.5], "size": [1, 3, 1], "pivot": [1.5, 14.5, 1], "rotation": [-30, 0, 25], "uv": [0, 11]},
						{"origin": [-1.5, 11, -6.5], "size": [3, 2, 5], "pivot": [0, 12, -2.5], "rotation": [15, 0, 0], "uv": [19, 6]},
						{"origin": [-2.5, 10.5, -6], "size": [1, 2, 4], "pivot": [-1.5, 12, -2.5], "rotation": [10, -17.5, 0], "uv": [33, 33]},
						{"origin": [1.5, 10.5, -6], "size": [1, 2, 4], "pivot": [1.5, 12, -2.5], "rotation": [10, 17.5, 0], "uv": [16, 33]},
						{"origin": [-1, 11, -5], "size": [2, 1, 3], "uv": [37, 5]}
					]
				},
				{
					"name": "body",
					"parent": "marowak",
					"pivot": [0, 4, 0],
					"cubes": [
						{"origin": [-2.5, 2, -2], "size": [5, 8, 5], "uv": [0, 11]},
						{"origin": [2.5, 2.5, -1.5], "size": [1, 5, 4], "uv": [10, 25]},
						{"origin": [-3, 6.5, -1], "size": [1, 3, 3], "uv": [0, 39]},
						{"origin": [2, 6.5, -1], "size": [1, 3, 3], "uv": [37, 26]},
						{"origin": [-3.5, 2.5, -1.5], "size": [1, 5, 4], "uv": [0, 24]},
						{"origin": [-2, 1.5, -1.5], "size": [4, 2, 4], "uv": [22, 13]},
						{"origin": [-2, 2.5, -2.5], "size": [4, 7, 1], "uv": [20, 25]},
						{"origin": [-2, 2.5, 2.5], "size": [4, 5, 1], "uv": [0, 33]}
					]
				},
				{
					"name": "tail",
					"parent": "body",
					"pivot": [0, 4, 3],
					"rotation": [-10, 0, 0],
					"cubes": [
						{"origin": [-1.5, 1.98481, 2.82635], "size": [3, 3, 2], "uv": [33, 0]},
						{"origin": [-1, 2.98481, 3.82635], "size": [2, 2, 3], "pivot": [0, 4.98481, 4.82635], "rotation": [15, 0, 0], "uv": [30, 6]},
						{"origin": [-0.5, 4.28481, 5.79216], "size": [1, 1, 2], "inflate": 0.2, "pivot": [0, 5.3321, 6.79597], "rotation": [40, 0, 0], "uv": [22, 34]},
						{"origin": [-0.5, 5.15083, 6.29216], "size": [1, 1, 1], "pivot": [0, 5.3321, 6.79597], "rotation": [40, 0, 0], "uv": [10, 27]}
					]
				},
				{
					"name": "arms",
					"parent": "marowak",
					"pivot": [0, 9, 0]
				},
				{
					"name": "right_arm",
					"parent": "arms",
					"pivot": [-3, 9, 0],
					"cubes": [
						{"origin": [-4, 4.5, -0.5], "size": [2, 1, 2], "pivot": [-3, 8, 0], "rotation": [0, 0, 25], "uv": [37, 39]},
						{"origin": [-4, 5.5, -0.5], "size": [2, 4, 2], "pivot": [-3, 8, 0], "rotation": [0, 0, 25], "uv": [24, 37]},
						{"origin": [-4.5, 5, -4], "size": [1, 1, 1], "pivot": [-3, 8, -7], "rotation": [0, 0, 25], "uv": [0, 26]},
						{"origin": [-4.5, 5, 4], "size": [1, 1, 1], "pivot": [-3, 8, 1], "rotation": [0, 0, 25], "uv": [16, 25]},
						{"origin": [-2.5, 5, -4], "size": [1, 1, 1], "pivot": [-3, 8, -7], "rotation": [0, 0, 25], "uv": [0, 24]},
						{"origin": [-2.5, 5, 4], "size": [1, 1, 1], "pivot": [-3, 8, 1], "rotation": [0, 0, 25], "uv": [15, 11]},
						{"origin": [-3.5, 5, -3.5], "size": [1, 1, 8], "pivot": [-3, 8, -2], "rotation": [0, 0, 25], "uv": [12, 16]}
					]
				},
				{
					"name": "left_arm",
					"parent": "arms",
					"pivot": [3, 9, 0],
					"cubes": [
						{"origin": [2, 4.5, -0.5], "size": [2, 1, 2], "pivot": [3, 8, 0], "rotation": [0, 0, -25], "uv": [37, 23]},
						{"origin": [2, 5.5, -0.5], "size": [2, 4, 2], "pivot": [3, 8, 0], "rotation": [0, 0, -25], "uv": [36, 17]}
					]
				},
				{
					"name": "legs",
					"parent": "marowak",
					"pivot": [0, 4, 0]
				},
				{
					"name": "right_leg",
					"parent": "legs",
					"pivot": [-3, 3.5, 0.5],
					"cubes": [
						{"origin": [-3.5, 0, -1.5], "size": [1, 1, 2], "uv": [0, 3]},
						{"origin": [-4, 0.2, -1], "size": [2, 1, 2], "inflate": -0.1, "uv": [12, 34]},
						{"origin": [-4.5, 1, -1], "size": [1, 3, 3], "inflate": -0.2, "uv": [7, 36]},
						{"origin": [-4, 1, -1], "size": [2, 3, 3], "uv": [30, 23]}
					]
				},
				{
					"name": "left_leg",
					"parent": "legs",
					"pivot": [3, 3.5, 0.5],
					"cubes": [
						{"origin": [2.5, 0, -1.5], "size": [1, 1, 2], "uv": [0, 0]},
						{"origin": [2, 0.2, -1], "size": [2, 1, 2], "inflate": -0.1, "uv": [6, 24]},
						{"origin": [3.5, 1, -1], "size": [1, 3, 3], "inflate": -0.2, "uv": [34, 11]},
						{"origin": [2, 1, -1], "size": [2, 3, 3], "uv": [27, 30]}
					]
				}
			]
		},
		{
			"description": {
				"identifier": "geometry.serpmarowak_aura",
				"texture_width": 64,
				"texture_height": 64,
				"visible_bounds_width": 3,
				"visible_bounds_height": 2.5,
				"visible_bounds_offset": [0, 0.75, 0]
			},
			"bones": [
				{
					"name": "marowak",
					"pivot": [0, 0, 0]
				},
				{
					"name": "head",
					"parent": "marowak",
					"pivot": [0, 10, 1],
					"cubes": [
						{"origin": [-2, 10, -1], "size": [4, 1, 3], "inflate": 0.25, "uv": [22, 19]},
						{"origin": [-3, 10.5, -2.5], "size": [6, 5, 6], "inflate": 0.25, "uv": [0, 0]},
						{"origin": [-2, 12, 2], "size": [4, 2, 1], "inflate": 0.25, "pivot": [0, 14, 3], "rotation": [35, 0, 0], "uv": [15, 13]},
						{"origin": [2, 10.5, 0], "size": [1, 2, 3], "inflate": 0.25, "pivot": [3, 11.5, 0], "rotation": [0, 0, -30], "uv": [32, 39]},
						{"origin": [-3, 10.5, 0], "size": [1, 2, 3], "inflate": 0.25, "pivot": [-3, 11.5, 0], "rotation": [0, 0, 30], "uv": [12, 39]},
						{"origin": [-2.5, 15, -2], "size": [5, 1, 5], "inflate": 0.25, "uv": [18, 0]},
						{"origin": [-2, 15.5, 0.5], "size": [1, 3, 1], "inflate": 0.25, "pivot": [-1.5, 14.5, 1], "rotation": [-30, 0, -25], "uv": [18, 0]},
						{"origin": [1, 15.5, 0.5], "size": [1, 3, 1], "inflate": 0.25, "pivot": [1.5, 14.5, 1], "rotation": [-30, 0, 25], "uv": [0, 11]},
						{"origin": [-1.5, 11, -6.5], "size": [3, 2, 5], "inflate": 0.25, "pivot": [0, 12, -2.5], "rotation": [15, 0, 0], "uv": [19, 6]},
						{"origin": [-2.5, 10.5, -6], "size": [1, 2, 4], "inflate": 0.25, "pivot": [-1.5, 12, -2.5], "rotation": [10, -17.5, 0], "uv": [33, 33]},
						{"origin": [1.5, 10.5, -6], "size": [1, 2, 4], "inflate": 0.25, "pivot": [1.5, 12, -2.5], "rotation": [10, 17.5, 0], "uv": [16, 33]},
						{"origin": [-1, 11, -5], "size": [2, 1, 3], "inflate": 0.25, "uv": [37, 5]}
					]
				},
				{
					"name": "body",
					"parent": "marowak",
					"pivot": [0, 4, 0],
					"cubes": [
						{"origin": [-2.5, 2, -2], "size": [5, 8, 5], "inflate": 0.25, "uv": [0, 11]},
						{"origin": [2.5, 2.5, -1.5], "size": [1, 5, 4], "inflate": 0.25, "uv": [10, 25]},
						{"origin": [-3, 6.5, -1], "size": [1, 3, 3], "inflate": 0.25, "uv": [0, 39]},
						{"origin": [2, 6.5, -1], "size": [1, 3, 3], "inflate": 0.25, "uv": [37, 26]},
						{"origin": [-3.5, 2.5, -1.5], "size": [1, 5, 4], "inflate": 0.25, "uv": [0, 24]},
						{"origin": [-2, 1.5, -1.5], "size": [4, 2, 4], "inflate": 0.25, "uv": [22, 13]},
						{"origin": [-2, 2.5, -2.5], "size": [4, 7, 1], "inflate": 0.25, "uv": [20, 25]},
						{"origin": [-2, 2.5, 2.5], "size": [4, 5, 1], "inflate": 0.25, "uv": [0, 33]}
					]
				},
				{
					"name": "tail",
					"parent": "body",
					"pivot": [0, 4, 3],
					"rotation": [-10, 0, 0],
					"cubes": [
						{"origin": [-1.5, 1.98481, 2.82635], "size": [3, 3, 2], "inflate": 0.25, "uv": [33, 0]},
						{"origin": [-1, 2.98481, 3.82635], "size": [2, 2, 3], "inflate": 0.25, "pivot": [0, 4.98481, 4.82635], "rotation": [15, 0, 0], "uv": [30, 6]},
						{"origin": [-0.5, 4.28481, 5.79216], "size": [1, 1, 2], "inflate": 0.25, "pivot": [0, 5.3321, 6.79597], "rotation": [40, 0, 0], "uv": [22, 34]},
						{"origin": [-0.5, 5.15083, 6.29216], "size": [1, 1, 1], "inflate": 0.25, "pivot": [0, 5.3321, 6.79597], "rotation": [40, 0, 0], "uv": [10, 27]}
					]
				},
				{
					"name": "arms",
					"parent": "marowak",
					"pivot": [0, 9, 0]
				},
				{
					"name": "right_arm",
					"parent": "arms",
					"pivot": [-3, 9, 0],
					"cubes": [
						{"origin": [-4, 4.5, -0.5], "size": [2, 1, 2], "inflate": 0.25, "pivot": [-3, 8, 0], "rotation": [0, 0, 25], "uv": [37, 39]},
						{"origin": [-4, 5.5, -0.5], "size": [2, 4, 2], "inflate": 0.25, "pivot": [-3, 8, 0], "rotation": [0, 0, 25], "uv": [24, 37]},
						{"origin": [-4.5, 5, -4], "size": [1, 1, 1], "inflate": 0.25, "pivot": [-3, 8, -7], "rotation": [0, 0, 25], "uv": [0, 26]},
						{"origin": [-4.5, 5, 4], "size": [1, 1, 1], "inflate": 0.25, "pivot": [-3, 8, 1], "rotation": [0, 0, 25], "uv": [16, 25]},
						{"origin": [-2.5, 5, -4], "size": [1, 1, 1], "inflate": 0.25, "pivot": [-3, 8, -7], "rotation": [0, 0, 25], "uv": [0, 24]},
						{"origin": [-2.5, 5, 4], "size": [1, 1, 1], "inflate": 0.25, "pivot": [-3, 8, 1], "rotation": [0, 0, 25], "uv": [15, 11]},
						{"origin": [-3.5, 5, -3.5], "size": [1, 1, 8], "inflate": 0.25, "pivot": [-3, 8, -2], "rotation": [0, 0, 25], "uv": [12, 16]}
					]
				},
				{
					"name": "left_arm",
					"parent": "arms",
					"pivot": [3, 9, 0],
					"cubes": [
						{"origin": [2, 4.5, -0.5], "size": [2, 1, 2], "inflate": 0.25, "pivot": [3, 8, 0], "rotation": [0, 0, -25], "uv": [37, 23]},
						{"origin": [2, 5.5, -0.5], "size": [2, 4, 2], "inflate": 0.25, "pivot": [3, 8, 0], "rotation": [0, 0, -25], "uv": [36, 17]}
					]
				},
				{
					"name": "legs",
					"parent": "marowak",
					"pivot": [0, 4, 0]
				},
				{
					"name": "right_leg",
					"parent": "legs",
					"pivot": [-3, 3.5, 0.5],
					"cubes": [
						{"origin": [-3.5, 0, -1.5], "size": [1, 1, 2], "inflate": 0.25, "uv": [0, 3]},
						{"origin": [-4, 0.2, -1], "size": [2, 1, 2], "inflate": 0.25, "uv": [12, 34]},
						{"origin": [-4.5, 1, -1], "size": [1, 3, 3], "inflate": 0.25, "uv": [7, 36]},
						{"origin": [-4, 1, -1], "size": [2, 3, 3], "inflate": 0.25, "uv": [30, 23]}
					]
				},
				{
					"name": "left_leg",
					"parent": "legs",
					"pivot": [3, 3.5, 0.5],
					"cubes": [
						{"origin": [2.5, 0, -1.5], "size": [1, 1, 2], "inflate": 0.25, "uv": [0, 0]},
						{"origin": [2, 0.2, -1], "size": [2, 1, 2], "inflate": 0.25, "uv": [6, 24]},
						{"origin": [3.5, 1, -1], "size": [1, 3, 3], "inflate": 0.25, "uv": [34, 11]},
						{"origin": [2, 1, -1], "size": [2, 3, 3], "inflate": 0.25, "uv": [27, 30]}
					]
				},
				{
					"name": "pokedex",
					"pivot": [0, 28, 0],
					"locators": {
						"pokedex": [0, 28, 0]
					}
				}
			]
		}
	]
}