{ 
  "format_version":"1.13.0",
      "minecraft:entity":{
    "description":{
    "identifier":"minecraft:player",
    "is_spawnable":false,
    "is_summonable":false,
    "is_experimental":false,
    "scripts":{"animate":["ride"]},
    "animations":{"ride":"controller.animation.player_ride"}
    },
    "component_groups":{
    "serp:rideable":{
    "minecraft:rideable":{
      "seat_count":2,
      "family_types":["parrot_tame","pokemon"],
      "pull_in_entities":false,
      "seats":[
{"position":[0.4,-0.2,-0.1],"min_rider_count":0,"max_rider_count":0,"lock_rider_rotation":0},
{"position":[-0.4,-0.2,-0.1],"min_rider_count":1,"max_rider_count":2,"lock_rider_rotation":0}
        ]
      }
    },
    "serp:s":{
        "minecraft:spawn_entity":{
    "entities":[
{"min_wait_time":0,"max_wait_time":0,
"spawn_entity":"serp:spawn",
"spawn_event":"minecraft:entity_spawned",
"single_use":true,"num_to_spawn":1,
"should_leash":false}
        ]
      }
    },
    "serp:evolve":{
"minecraft:timer":{"time":8,"looping":false,"time_down_event":{"event":"serp:hard_return"}}
    },
    "minecraft:add_bad_omen":{"minecraft:spell_effects":{"add_effects":[{"effect":"bad_omen","duration":6000,"display_on_screen_animation":true}]},"minecraft:timer":{"time":0,"looping":false,"time_down_event":{"event":"minecraft:clear_add_bad_omen","target":"self"}}},
    "minecraft:clear_bad_omen_spell_effect":{"minecraft:spell_effects":{}},
    "minecraft:raid_trigger":{"minecraft:raid_trigger":{"triggered_event":{"event":"minecraft:remove_raid_trigger","target":"self"}},"minecraft:spell_effects":{"remove_effects":"bad_omen"}}
    },
    "components":{
    "minecraft:experience_reward":{
      "on_death":"Math.Min(query.player_level * 7, 100)"
    },
    "minecraft:type_family":{"family":["player"]},
    "minecraft:is_hidden_when_invisible":{},
    "minecraft:loot":{"table":"loot_tables/empty.json"},
    "minecraft:collision_box":{"width":0.6,"height":1.8},
    "minecraft:can_climb":{},
    "minecraft:movement":{"value":0.1},
    "minecraft:hurt_on_condition":{
      "damage_conditions":[
{"filters":{"test":"in_lava","subject":"self","operator":"==","value":true},"cause":"lava","damage_per_tick":4}
      ]
    },
    "minecraft:attack":{"damage":1},
    "minecraft:player.saturation":{"value":20},
    "minecraft:player.exhaustion":{"value":0,"max":4},
    "minecraft:player.level":{"value":0,"max":1000},
    "minecraft:player.experience":{"value":0,"max":1},
    "minecraft:breathable":{
      "total_supply":15,
      "suffocate_time":-1,
      "inhale_time":3.75,
      "generates_bubbles":false
    },
    "minecraft:nameable":{"always_show":true,"allow_name_tag_renaming":false},
    "minecraft:physics":{},
    "minecraft:pushable":{
      "is_pushable":false,
      "is_pushable_by_piston":true
    },
    "minecraft:insomnia":{"days_until_insomnia":3},
    "minecraft:conditional_bandwidth_optimization":{}, 
    "minecraft:scaffolding_climber":{},
      "minecraft:on_death":{
    "event":"serp:died","target":"self"
      },
      "minecraft:environment_sensor":{
    "triggers":[
{"filters":{"all_of":[{"test":"has_mob_effect","subject":"self","value":"bad_omen"},{"test":"is_in_village","subject":"self","value":true}]},"event":"minecraft:trigger_raid"},
{"filters":{"all_of":[{"test":"has_component","operator":"=!","value":"minecraft:rideable"},{"test":"is_sneaking","value":false},{"test":"in_water","value":false}]},"event":"serp:add_rideable"},

{"filters":{"any_of":[{"all_of":[{"test":"has_component","operator":"=","value":"minecraft:rideable"},{"test":"is_sneaking","value":true}]},{"all_of":[{"test":"has_component","operator":"=","value":"minecraft:rideable"},{"test":"in_water","value":true}]}]},"event":"serp:remove_rideable"}
        ]
      },
    "minecraft:scheduler":{
      "min_delay_secs":0,"max_delay_secs":0,
        "scheduled_events":[
{"filters":{"any_of":[{"test":"has_equipment","domain":"hand","operator":"!=","value":"compass"},{"all_of":[{"test":"on_ground"},{"test":"is_moving"},{"test":"is_sneaking","value":false},{"any_of":[{"test":"has_tag","value":"summary"},{"test":"has_tag","value":"use_slot1"},{"test":"has_tag","value":"use_slot2"},{"test":"has_tag","value":"use_slot3"},{"test":"has_tag","value":"use_slot4"},{"test":"has_tag","value":"use_slot5"},{"test":"has_tag","value":"use_slot6"},{"test":"has_tag","value":"use_stg"}]}]}]},"event":"serp:pokedex_off"}
        ]
      }
    },
    "events":{
"minecraft:gain_bad_omen":{
"add":{"component_groups":["minecraft:add_bad_omen"]}},
"minecraft:clear_add_bad_omen":{
"remove":{"component_groups":["minecraft:add_bad_omen"]},
"add":{"component_groups":["minecraft:clear_bad_omen_spell_effect"]}},
"minecraft:trigger_raid":{
"add":{"component_groups":["minecraft:raid_trigger"]}},
"minecraft:remove_raid_trigger":{
"remove":{"component_groups":["minecraft:raid_trigger"]}},
"serp:on_spawn":{},
"serp:return":{},
"serp:add_rideable":{
"add":{"component_groups":["serp:rideable"]}},
"serp:remove_rideable":{
"remove":{"component_groups":["serp:rideable"]}},
"serp:died":{
"run_command":{"command":["tag @s add dying","function dialogues/hard_return"]}},
"serp:spawn":{
"add":{"component_groups":["serp:s"]}},
"serp:change_slot":{
    "sequence":[
{"run_command":{"command":["scoreboard players add @s CombatRandom 0","scoreboard players set @s[scores={CombatRandom=..0}] CombatRandom 12","execute as @s[tag=!use_stg,scores={CombatRandom=6}] run function spawn/change_slot_team","execute as @s[tag=use_stg,scores={CombatRandom=6}] run function stg/change_slot_stg","scoreboard players remove @s[scores={CombatRandom=1..}] CombatRandom 1"]}}
        ]
    },
"serp:pokedex_off":{
    "sequence":[
{"run_command":{"command":["playsound serp.market.store @s","scoreboard players set @s CombatRandom 0","tag @s[tag=summary] remove summary","execute as @s[tag=!use_stg] run function spawn/close_slot_team","execute as @s[tag=use_stg] run function stg/close_slot_stg"]}}
        ]
    },
"serp:healing":{},
"serp:clear":{
"run_command":{"command":["function spawn/clear"]}},
"serp:on_evolve":{
"add":{"component_groups":["serp:evolve"]},
"run_command":{"command":["tag @s add evolve"]}},
"serp:hard_return":{
"run_command":{"command":["function dialogues/hard_return"]}}
    }
  }
}