{
  "format_version":"1.16.0",
  "minecraft:entity":{
    "description":{
      "identifier":"serp:spawn",
      "is_spawnable":false,
      "is_summonable":true,
      "is_experimental":false,
      "runtime_identifier":"minecraft:snowball"
    },
    "component_groups":{
"serp:shiny":{"minecraft:mark_variant":{"value":1}},
"serp:shake":{"minecraft:is_shaking":{}},
"s1":{"minecraft:transformation":{"into":"pokemon:p1","keep_owner":true}},
"s2":{"minecraft:transformation":{"into":"pokemon:p2","keep_owner":true}},
"s3":{"minecraft:transformation":{"into":"pokemon:p3","keep_owner":true}},
"s4":{"minecraft:transformation":{"into":"pokemon:p4","keep_owner":true}},
"s5":{"minecraft:transformation":{"into":"pokemon:p5","keep_owner":true}},
"s6":{"minecraft:transformation":{"into":"pokemon:p6","keep_owner":true}},
"s7":{"minecraft:transformation":{"into":"pokemon:p7","keep_owner":true}},
"s8":{"minecraft:transformation":{"into":"pokemon:p8","keep_owner":true}},
"s9":{"minecraft:transformation":{"into":"pokemon:p9","keep_owner":true}},
"s10":{"minecraft:transformation":{"into":"pokemon:p10","keep_owner":true}},
"s11":{"minecraft:transformation":{"into":"pokemon:p11","keep_owner":true}},
"s12":{"minecraft:transformation":{"into":"pokemon:p12","keep_owner":true}},
"s13":{"minecraft:transformation":{"into":"pokemon:p13","keep_owner":true}},
"s14":{"minecraft:transformation":{"into":"pokemon:p14","keep_owner":true}},
"s15":{"minecraft:transformation":{"into":"pokemon:p15","keep_owner":true}},
"s16":{"minecraft:transformation":{"into":"pokemon:p16","keep_owner":true}},
"s17":{"minecraft:transformation":{"into":"pokemon:p17","keep_owner":true}},
"s18":{"minecraft:transformation":{"into":"pokemon:p18","keep_owner":true}},
"s19":{"minecraft:transformation":{"into":"pokemon:p19","keep_owner":true}},
"s20":{"minecraft:transformation":{"into":"pokemon:p20","keep_owner":true}},
"s21":{"minecraft:transformation":{"into":"pokemon:p21","keep_owner":true}},
"s22":{"minecraft:transformation":{"into":"pokemon:p22","keep_owner":true}},
"s23":{"minecraft:transformation":{"into":"pokemon:p23","keep_owner":true}},
"s24":{"minecraft:transformation":{"into":"pokemon:p24","keep_owner":true}},
"s25":{"minecraft:transformation":{"into":"pokemon:p25","keep_owner":true}},
"s26":{"minecraft:transformation":{"into":"pokemon:p26","keep_owner":true}},
"s27":{"minecraft:transformation":{"into":"pokemon:p27","keep_owner":true}},
"s28":{"minecraft:transformation":{"into":"pokemon:p28","keep_owner":true}},
"s29":{"minecraft:transformation":{"into":"pokemon:p29","keep_owner":true}},
"s30":{"minecraft:transformation":{"into":"pokemon:p30","keep_owner":true}},
"s31":{"minecraft:transformation":{"into":"pokemon:p31","keep_owner":true}},
"s32":{"minecraft:transformation":{"into":"pokemon:p32","keep_owner":true}},
"s33":{"minecraft:transformation":{"into":"pokemon:p33","keep_owner":true}},
"s34":{"minecraft:transformation":{"into":"pokemon:p34","keep_owner":true}},
"s35":{"minecraft:transformation":{"into":"pokemon:p35","keep_owner":true}},
"s36":{"minecraft:transformation":{"into":"pokemon:p36","keep_owner":true}},
"s37":{"minecraft:transformation":{"into":"pokemon:p37","keep_owner":true}},
"s38":{"minecraft:transformation":{"into":"pokemon:p38","keep_owner":true}},
"s39":{"minecraft:transformation":{"into":"pokemon:p39","keep_owner":true}},
"s40":{"minecraft:transformation":{"into":"pokemon:p40","keep_owner":true}},
"s41":{"minecraft:transformation":{"into":"pokemon:p41","keep_owner":true}},
"s42":{"minecraft:transformation":{"into":"pokemon:p42","keep_owner":true}},
"s43":{"minecraft:transformation":{"into":"pokemon:p43","keep_owner":true}},
"s44":{"minecraft:transformation":{"into":"pokemon:p44","keep_owner":true}},
"s45":{"minecraft:transformation":{"into":"pokemon:p45","keep_owner":true}},
"s46":{"minecraft:transformation":{"into":"pokemon:p46","keep_owner":true}},
"s47":{"minecraft:transformation":{"into":"pokemon:p47","keep_owner":true}},
"s48":{"minecraft:transformation":{"into":"pokemon:p48","keep_owner":true}},
"s49":{"minecraft:transformation":{"into":"pokemon:p49","keep_owner":true}},
"s50":{"minecraft:transformation":{"into":"pokemon:p50","keep_owner":true}},
"s51":{"minecraft:transformation":{"into":"pokemon:p51","keep_owner":true}},
"s52":{"minecraft:transformation":{"into":"pokemon:p52","keep_owner":true}},
"s53":{"minecraft:transformation":{"into":"pokemon:p53","keep_owner":true}},
"s54":{"minecraft:transformation":{"into":"pokemon:p54","keep_owner":true}},
"s55":{"minecraft:transformation":{"into":"pokemon:p55","keep_owner":true}},
"s56":{"minecraft:transformation":{"into":"pokemon:p56","keep_owner":true}},
"s57":{"minecraft:transformation":{"into":"pokemon:p57","keep_owner":true}},
"s58":{"minecraft:transformation":{"into":"pokemon:p58","keep_owner":true}},
"s59":{"minecraft:transformation":{"into":"pokemon:p59","keep_owner":true}},
"s60":{"minecraft:transformation":{"into":"pokemon:p60","keep_owner":true}},
"s61":{"minecraft:transformation":{"into":"pokemon:p61","keep_owner":true}},
"s62":{"minecraft:transformation":{"into":"pokemon:p62","keep_owner":true}},
"s63":{"minecraft:transformation":{"into":"pokemon:p63","keep_owner":true}},
"s64":{"minecraft:transformation":{"into":"pokemon:p64","keep_owner":true}},
"s65":{"minecraft:transformation":{"into":"pokemon:p65","keep_owner":true}},
"s66":{"minecraft:transformation":{"into":"pokemon:p66","keep_owner":true}},
"s67":{"minecraft:transformation":{"into":"pokemon:p67","keep_owner":true}},
"s68":{"minecraft:transformation":{"into":"pokemon:p68","keep_owner":true}},
"s69":{"minecraft:transformation":{"into":"pokemon:p69","keep_owner":true}},
"s70":{"minecraft:transformation":{"into":"pokemon:p70","keep_owner":true}},
"s71":{"minecraft:transformation":{"into":"pokemon:p71","keep_owner":true}},
"s72":{"minecraft:transformation":{"into":"pokemon:p72","keep_owner":true}},
"s73":{"minecraft:transformation":{"into":"pokemon:p73","keep_owner":true}},
"s74":{"minecraft:transformation":{"into":"pokemon:p74","keep_owner":true}},
"s75":{"minecraft:transformation":{"into":"pokemon:p75","keep_owner":true}},
"s76":{"minecraft:transformation":{"into":"pokemon:p76","keep_owner":true}},
"s77":{"minecraft:transformation":{"into":"pokemon:p77","keep_owner":true}},
"s78":{"minecraft:transformation":{"into":"pokemon:p78","keep_owner":true}},
"s79":{"minecraft:transformation":{"into":"pokemon:p79","keep_owner":true}},
"s80":{"minecraft:transformation":{"into":"pokemon:p80","keep_owner":true}},
"s81":{"minecraft:transformation":{"into":"pokemon:p81","keep_owner":true}},
"s82":{"minecraft:transformation":{"into":"pokemon:p82","keep_owner":true}},
"s83":{"minecraft:transformation":{"into":"pokemon:p83","keep_owner":true}},
"s84":{"minecraft:transformation":{"into":"pokemon:p84","keep_owner":true}},
"s85":{"minecraft:transformation":{"into":"pokemon:p85","keep_owner":true}},
"s86":{"minecraft:transformation":{"into":"pokemon:p86","keep_owner":true}},
"s87":{"minecraft:transformation":{"into":"pokemon:p87","keep_owner":true}},
"s88":{"minecraft:transformation":{"into":"pokemon:p88","keep_owner":true}},
"s89":{"minecraft:transformation":{"into":"pokemon:p89","keep_owner":true}},
"s90":{"minecraft:transformation":{"into":"pokemon:p90","keep_owner":true}},
"s91":{"minecraft:transformation":{"into":"pokemon:p91","keep_owner":true}},
"s92":{"minecraft:transformation":{"into":"pokemon:p92","keep_owner":true}},
"s93":{"minecraft:transformation":{"into":"pokemon:p93","keep_owner":true}},
"s94":{"minecraft:transformation":{"into":"pokemon:p94","keep_owner":true}},
"s95":{"minecraft:transformation":{"into":"pokemon:p95","keep_owner":true}},
"s96":{"minecraft:transformation":{"into":"pokemon:p96","keep_owner":true}},
"s97":{"minecraft:transformation":{"into":"pokemon:p97","keep_owner":true}},
"s98":{"minecraft:transformation":{"into":"pokemon:p98","keep_owner":true}},
"s99":{"minecraft:transformation":{"into":"pokemon:p99","keep_owner":true}},
"s100":{"minecraft:transformation":{"into":"pokemon:p100","keep_owner":true}},
"s101":{"minecraft:transformation":{"into":"pokemon:p101","keep_owner":true}},
"s102":{"minecraft:transformation":{"into":"pokemon:p102","keep_owner":true}},
"s103":{"minecraft:transformation":{"into":"pokemon:p103","keep_owner":true}},
"s104":{"minecraft:transformation":{"into":"pokemon:p104","keep_owner":true}},
"s105":{"minecraft:transformation":{"into":"pokemon:p105","keep_owner":true}},
"s106":{"minecraft:transformation":{"into":"pokemon:p106","keep_owner":true}},
"s107":{"minecraft:transformation":{"into":"pokemon:p107","keep_owner":true}},
"s108":{"minecraft:transformation":{"into":"pokemon:p108","keep_owner":true}},
"s109":{"minecraft:transformation":{"into":"pokemon:p109","keep_owner":true}},
"s110":{"minecraft:transformation":{"into":"pokemon:p110","keep_owner":true}},
"s111":{"minecraft:transformation":{"into":"pokemon:p111","keep_owner":true}},
"s112":{"minecraft:transformation":{"into":"pokemon:p112","keep_owner":true}},
"s113":{"minecraft:transformation":{"into":"pokemon:p113","keep_owner":true}},
"s114":{"minecraft:transformation":{"into":"pokemon:p114","keep_owner":true}},
"s115":{"minecraft:transformation":{"into":"pokemon:p115","keep_owner":true}},
"s116":{"minecraft:transformation":{"into":"pokemon:p116","keep_owner":true}},
"s117":{"minecraft:transformation":{"into":"pokemon:p117","keep_owner":true}},
"s118":{"minecraft:transformation":{"into":"pokemon:p118","keep_owner":true}},
"s119":{"minecraft:transformation":{"into":"pokemon:p119","keep_owner":true}},
"s120":{"minecraft:transformation":{"into":"pokemon:p120","keep_owner":true}},
"s121":{"minecraft:transformation":{"into":"pokemon:p121","keep_owner":true}},
"s122":{"minecraft:transformation":{"into":"pokemon:p122","keep_owner":true}},
"s123":{"minecraft:transformation":{"into":"pokemon:p123","keep_owner":true}},
"s124":{"minecraft:transformation":{"into":"pokemon:p124","keep_owner":true}},
"s125":{"minecraft:transformation":{"into":"pokemon:p125","keep_owner":true}},
"s126":{"minecraft:transformation":{"into":"pokemon:p126","keep_owner":true}},
"s127":{"minecraft:transformation":{"into":"pokemon:p127","keep_owner":true}},
"s128":{"minecraft:transformation":{"into":"pokemon:p128","keep_owner":true}},
"s129":{"minecraft:transformation":{"into":"pokemon:p129","keep_owner":true}},
"s130":{"minecraft:transformation":{"into":"pokemon:p130","keep_owner":true}},
"s131":{"minecraft:transformation":{"into":"pokemon:p131","keep_owner":true}},
"s132":{"minecraft:transformation":{"into":"pokemon:p132","keep_owner":true}},
"s133":{"minecraft:transformation":{"into":"pokemon:p133","keep_owner":true}},
"s134":{"minecraft:transformation":{"into":"pokemon:p134","keep_owner":true}},
"s135":{"minecraft:transformation":{"into":"pokemon:p135","keep_owner":true}},
"s136":{"minecraft:transformation":{"into":"pokemon:p136","keep_owner":true}},
"s137":{"minecraft:transformation":{"into":"pokemon:p137","keep_owner":true}},
"s138":{"minecraft:transformation":{"into":"pokemon:p138","keep_owner":true}},
"s139":{"minecraft:transformation":{"into":"pokemon:p139","keep_owner":true}},
"s140":{"minecraft:transformation":{"into":"pokemon:p140","keep_owner":true}},
"s141":{"minecraft:transformation":{"into":"pokemon:p141","keep_owner":true}},
"s142":{"minecraft:transformation":{"into":"pokemon:p142","keep_owner":true}},
"s143":{"minecraft:transformation":{"into":"pokemon:p143","keep_owner":true}},
"s144":{"minecraft:transformation":{"into":"pokemon:p144","keep_owner":true}},
"s145":{"minecraft:transformation":{"into":"pokemon:p145","keep_owner":true}},
"s146":{"minecraft:transformation":{"into":"pokemon:p146","keep_owner":true}},
"s147":{"minecraft:transformation":{"into":"pokemon:p147","keep_owner":true}},
"s148":{"minecraft:transformation":{"into":"pokemon:p148","keep_owner":true}},
"s149":{"minecraft:transformation":{"into":"pokemon:p149","keep_owner":true}},
"s150":{"minecraft:transformation":{"into":"pokemon:p150","keep_owner":true}},
"s151":{"minecraft:transformation":{"into":"pokemon:p151","keep_owner":true}},
"s152":{"minecraft:transformation":{"into":"pokemon:p152","keep_owner":true}},
"s153":{"minecraft:transformation":{"into":"pokemon:p153","keep_owner":true}},
"s154":{"minecraft:transformation":{"into":"pokemon:p154","keep_owner":true}},
"s155":{"minecraft:transformation":{"into":"pokemon:p155","keep_owner":true}},
"s156":{"minecraft:transformation":{"into":"pokemon:p156","keep_owner":true}},
"s157":{"minecraft:transformation":{"into":"pokemon:p157","keep_owner":true}},
"s158":{"minecraft:transformation":{"into":"pokemon:p158","keep_owner":true}},
"s159":{"minecraft:transformation":{"into":"pokemon:p159","keep_owner":true}},
"s160":{"minecraft:transformation":{"into":"pokemon:p160","keep_owner":true}},
"s161":{"minecraft:transformation":{"into":"pokemon:p161","keep_owner":true}},
"s162":{"minecraft:transformation":{"into":"pokemon:p162","keep_owner":true}},
"s163":{"minecraft:transformation":{"into":"pokemon:p163","keep_owner":true}},
"s164":{"minecraft:transformation":{"into":"pokemon:p164","keep_owner":true}},
"s165":{"minecraft:transformation":{"into":"pokemon:p165","keep_owner":true}},
"s166":{"minecraft:transformation":{"into":"pokemon:p166","keep_owner":true}},
"s167":{"minecraft:transformation":{"into":"pokemon:p167","keep_owner":true}},
"s168":{"minecraft:transformation":{"into":"pokemon:p168","keep_owner":true}},
"s169":{"minecraft:transformation":{"into":"pokemon:p169","keep_owner":true}},
"s170":{"minecraft:transformation":{"into":"pokemon:p170","keep_owner":true}},
"s171":{"minecraft:transformation":{"into":"pokemon:p171","keep_owner":true}},
"s172":{"minecraft:transformation":{"into":"pokemon:p172","keep_owner":true}},
"s173":{"minecraft:transformation":{"into":"pokemon:p173","keep_owner":true}},
"s174":{"minecraft:transformation":{"into":"pokemon:p174","keep_owner":true}},
"s175":{"minecraft:transformation":{"into":"pokemon:p175","keep_owner":true}},
"s176":{"minecraft:transformation":{"into":"pokemon:p176","keep_owner":true}},
"s177":{"minecraft:transformation":{"into":"pokemon:p177","keep_owner":true}},
"s178":{"minecraft:transformation":{"into":"pokemon:p178","keep_owner":true}},
"s179":{"minecraft:transformation":{"into":"pokemon:p179","keep_owner":true}},
"s180":{"minecraft:transformation":{"into":"pokemon:p180","keep_owner":true}},
"s181":{"minecraft:transformation":{"into":"pokemon:p181","keep_owner":true}},
"s182":{"minecraft:transformation":{"into":"pokemon:p182","keep_owner":true}},
"s183":{"minecraft:transformation":{"into":"pokemon:p183","keep_owner":true}},
"s184":{"minecraft:transformation":{"into":"pokemon:p184","keep_owner":true}},
"s185":{"minecraft:transformation":{"into":"pokemon:p185","keep_owner":true}},
"s186":{"minecraft:transformation":{"into":"pokemon:p186","keep_owner":true}},
"s187":{"minecraft:transformation":{"into":"pokemon:p187","keep_owner":true}},
"s188":{"minecraft:transformation":{"into":"pokemon:p188","keep_owner":true}},
"s189":{"minecraft:transformation":{"into":"pokemon:p189","keep_owner":true}},
"s190":{"minecraft:transformation":{"into":"pokemon:p190","keep_owner":true}},
"s191":{"minecraft:transformation":{"into":"pokemon:p191","keep_owner":true}},
"s192":{"minecraft:transformation":{"into":"pokemon:p192","keep_owner":true}},
"s193":{"minecraft:transformation":{"into":"pokemon:p193","keep_owner":true}},
"s194":{"minecraft:transformation":{"into":"pokemon:p194","keep_owner":true}},
"s195":{"minecraft:transformation":{"into":"pokemon:p185","keep_owner":true}},
"s196":{"minecraft:transformation":{"into":"pokemon:p196","keep_owner":true}},
"s197":{"minecraft:transformation":{"into":"pokemon:p197","keep_owner":true}},
"s198":{"minecraft:transformation":{"into":"pokemon:p198","keep_owner":true}},
"s199":{"minecraft:transformation":{"into":"pokemon:p199","keep_owner":true}},
"s200":{"minecraft:transformation":{"into":"pokemon:p200","keep_owner":true}},
"s201":{"minecraft:transformation":{"into":"pokemon:p201","keep_owner":true}},
"s202":{"minecraft:transformation":{"into":"pokemon:p202","keep_owner":true}},
"s203":{"minecraft:transformation":{"into":"pokemon:p203","keep_owner":true}},
"s204":{"minecraft:transformation":{"into":"pokemon:p204","keep_owner":true}},
"s205":{"minecraft:transformation":{"into":"pokemon:p205","keep_owner":true}},
"s206":{"minecraft:transformation":{"into":"pokemon:p206","keep_owner":true}},
"s207":{"minecraft:transformation":{"into":"pokemon:p207","keep_owner":true}},
"s208":{"minecraft:transformation":{"into":"pokemon:p208","keep_owner":true}},
"s209":{"minecraft:transformation":{"into":"pokemon:p209","keep_owner":true}},
"s210":{"minecraft:transformation":{"into":"pokemon:p210","keep_owner":true}},
"s211":{"minecraft:transformation":{"into":"pokemon:p211","keep_owner":true}},
"s212":{"minecraft:transformation":{"into":"pokemon:p212","keep_owner":true}},
"s213":{"minecraft:transformation":{"into":"pokemon:p213","keep_owner":true}},
"s214":{"minecraft:transformation":{"into":"pokemon:p214","keep_owner":true}},
"s215":{"minecraft:transformation":{"into":"pokemon:p215","keep_owner":true}},
"s216":{"minecraft:transformation":{"into":"pokemon:p216","keep_owner":true}},
"s217":{"minecraft:transformation":{"into":"pokemon:p217","keep_owner":true}},
"s218":{"minecraft:transformation":{"into":"pokemon:p218","keep_owner":true}},
"s219":{"minecraft:transformation":{"into":"pokemon:p219","keep_owner":true}},
"s220":{"minecraft:transformation":{"into":"pokemon:p220","keep_owner":true}},
"s221":{"minecraft:transformation":{"into":"pokemon:p221","keep_owner":true}},
"s222":{"minecraft:transformation":{"into":"pokemon:p222","keep_owner":true}},
"s223":{"minecraft:transformation":{"into":"pokemon:p223","keep_owner":true}},
"s224":{"minecraft:transformation":{"into":"pokemon:p224","keep_owner":true}},
"s225":{"minecraft:transformation":{"into":"pokemon:p225","keep_owner":true}},
"s226":{"minecraft:transformation":{"into":"pokemon:p226","keep_owner":true}},
"s227":{"minecraft:transformation":{"into":"pokemon:p227","keep_owner":true}},
"s228":{"minecraft:transformation":{"into":"pokemon:p228","keep_owner":true}},
"s229":{"minecraft:transformation":{"into":"pokemon:p229","keep_owner":true}},
"s230":{"minecraft:transformation":{"into":"pokemon:p230","keep_owner":true}},
"s231":{"minecraft:transformation":{"into":"pokemon:p231","keep_owner":true}},
"s232":{"minecraft:transformation":{"into":"pokemon:p232","keep_owner":true}},
"s233":{"minecraft:transformation":{"into":"pokemon:p233","keep_owner":true}},
"s234":{"minecraft:transformation":{"into":"pokemon:p234","keep_owner":true}},
"s235":{"minecraft:transformation":{"into":"pokemon:p235","keep_owner":true}},
"s236":{"minecraft:transformation":{"into":"pokemon:p236","keep_owner":true}},
"s237":{"minecraft:transformation":{"into":"pokemon:p237","keep_owner":true}},
"s238":{"minecraft:transformation":{"into":"pokemon:p238","keep_owner":true}},
"s239":{"minecraft:transformation":{"into":"pokemon:p239","keep_owner":true}},
"s240":{"minecraft:transformation":{"into":"pokemon:p240","keep_owner":true}},
"s241":{"minecraft:transformation":{"into":"pokemon:p241","keep_owner":true}},
"s242":{"minecraft:transformation":{"into":"pokemon:p242","keep_owner":true}},
"s243":{"minecraft:transformation":{"into":"pokemon:p243","keep_owner":true}},
"s244":{"minecraft:transformation":{"into":"pokemon:p244","keep_owner":true}},
"s245":{"minecraft:transformation":{"into":"pokemon:p245","keep_owner":true}},
"s246":{"minecraft:transformation":{"into":"pokemon:p246","keep_owner":true}},
"s247":{"minecraft:transformation":{"into":"pokemon:p247","keep_owner":true}},
"s248":{"minecraft:transformation":{"into":"pokemon:p248","keep_owner":true}},
"s249":{"minecraft:transformation":{"into":"pokemon:p249","keep_owner":true}},
"s250":{"minecraft:transformation":{"into":"pokemon:p250","keep_owner":true}},
"s251":{"minecraft:transformation":{"into":"pokemon:p251","keep_owner":true}},
"s252":{"minecraft:transformation":{"into":"pokemon:p252","keep_owner":true}},
"s253":{"minecraft:transformation":{"into":"pokemon:p253","keep_owner":true}},
"s254":{"minecraft:transformation":{"into":"pokemon:p254","keep_owner":true}},
"s255":{"minecraft:transformation":{"into":"pokemon:p255","keep_owner":true}},
"s256":{"minecraft:transformation":{"into":"pokemon:p256","keep_owner":true}},
"s257":{"minecraft:transformation":{"into":"pokemon:p257","keep_owner":true}},
"s258":{"minecraft:transformation":{"into":"pokemon:p258","keep_owner":true}},
"s259":{"minecraft:transformation":{"into":"pokemon:p259","keep_owner":true}},
"s260":{"minecraft:transformation":{"into":"pokemon:p260","keep_owner":true}},
"s261":{"minecraft:transformation":{"into":"pokemon:p261","keep_owner":true}},
"s262":{"minecraft:transformation":{"into":"pokemon:p262","keep_owner":true}},
"s263":{"minecraft:transformation":{"into":"pokemon:p263","keep_owner":true}},
"s264":{"minecraft:transformation":{"into":"pokemon:p264","keep_owner":true}},
"s265":{"minecraft:transformation":{"into":"pokemon:p265","keep_owner":true}},
"s266":{"minecraft:transformation":{"into":"pokemon:p266","keep_owner":true}},
"s267":{"minecraft:transformation":{"into":"pokemon:p267","keep_owner":true}},
"s268":{"minecraft:transformation":{"into":"pokemon:p268","keep_owner":true}},
"s269":{"minecraft:transformation":{"into":"pokemon:p269","keep_owner":true}},
"s270":{"minecraft:transformation":{"into":"pokemon:p270","keep_owner":true}},
"s271":{"minecraft:transformation":{"into":"pokemon:p271","keep_owner":true}},
"s272":{"minecraft:transformation":{"into":"pokemon:p272","keep_owner":true}},
"s273":{"minecraft:transformation":{"into":"pokemon:p273","keep_owner":true}},
"s274":{"minecraft:transformation":{"into":"pokemon:p274","keep_owner":true}},
"s275":{"minecraft:transformation":{"into":"pokemon:p275","keep_owner":true}},
"s276":{"minecraft:transformation":{"into":"pokemon:p276","keep_owner":true}},
"s277":{"minecraft:transformation":{"into":"pokemon:p277","keep_owner":true}},
"s278":{"minecraft:transformation":{"into":"pokemon:p278","keep_owner":true}},
"s279":{"minecraft:transformation":{"into":"pokemon:p279","keep_owner":true}},
"s280":{"minecraft:transformation":{"into":"pokemon:p280","keep_owner":true}},
"s281":{"minecraft:transformation":{"into":"pokemon:p281","keep_owner":true}},
"s282":{"minecraft:transformation":{"into":"pokemon:p282","keep_owner":true}},
"s283":{"minecraft:transformation":{"into":"pokemon:p283","keep_owner":true}},
"s284":{"minecraft:transformation":{"into":"pokemon:p284","keep_owner":true}},
"s285":{"minecraft:transformation":{"into":"pokemon:p285","keep_owner":true}},
"s286":{"minecraft:transformation":{"into":"pokemon:p286","keep_owner":true}},
"s287":{"minecraft:transformation":{"into":"pokemon:p287","keep_owner":true}},
"s288":{"minecraft:transformation":{"into":"pokemon:p288","keep_owner":true}},
"s289":{"minecraft:transformation":{"into":"pokemon:p289","keep_owner":true}},
"s290":{"minecraft:transformation":{"into":"pokemon:p290","keep_owner":true}},
"s291":{"minecraft:transformation":{"into":"pokemon:p291","keep_owner":true}},
"s292":{"minecraft:transformation":{"into":"pokemon:p292","keep_owner":true}},
"s293":{"minecraft:transformation":{"into":"pokemon:p293","keep_owner":true}},
"s294":{"minecraft:transformation":{"into":"pokemon:p294","keep_owner":true}},
"s295":{"minecraft:transformation":{"into":"pokemon:p295","keep_owner":true}},
"s296":{"minecraft:transformation":{"into":"pokemon:p296","keep_owner":true}},
"s297":{"minecraft:transformation":{"into":"pokemon:p297","keep_owner":true}},
"s298":{"minecraft:transformation":{"into":"pokemon:p298","keep_owner":true}},
"s299":{"minecraft:transformation":{"into":"pokemon:p299","keep_owner":true}},
"s300":{"minecraft:transformation":{"into":"pokemon:p300","keep_owner":true}},
"s301":{"minecraft:transformation":{"into":"pokemon:p301","keep_owner":true}},
"s302":{"minecraft:transformation":{"into":"pokemon:p302","keep_owner":true}},
"s303":{"minecraft:transformation":{"into":"pokemon:p303","keep_owner":true}},
"s304":{"minecraft:transformation":{"into":"pokemon:p304","keep_owner":true}},
"s305":{"minecraft:transformation":{"into":"pokemon:p305","keep_owner":true}},
"s306":{"minecraft:transformation":{"into":"pokemon:p306","keep_owner":true}},
"s307":{"minecraft:transformation":{"into":"pokemon:p307","keep_owner":true}},
"s308":{"minecraft:transformation":{"into":"pokemon:p308","keep_owner":true}},
"s309":{"minecraft:transformation":{"into":"pokemon:p309","keep_owner":true}},
"s310":{"minecraft:transformation":{"into":"pokemon:p310","keep_owner":true}},
"s311":{"minecraft:transformation":{"into":"pokemon:p311","keep_owner":true}},
"s312":{"minecraft:transformation":{"into":"pokemon:p312","keep_owner":true}},
"s313":{"minecraft:transformation":{"into":"pokemon:p313","keep_owner":true}},
"s314":{"minecraft:transformation":{"into":"pokemon:p314","keep_owner":true}},
"s315":{"minecraft:transformation":{"into":"pokemon:p315","keep_owner":true}},
"s316":{"minecraft:transformation":{"into":"pokemon:p316","keep_owner":true}},
"s317":{"minecraft:transformation":{"into":"pokemon:p317","keep_owner":true}},
"s318":{"minecraft:transformation":{"into":"pokemon:p318","keep_owner":true}},
"s319":{"minecraft:transformation":{"into":"pokemon:p319","keep_owner":true}},
"s320":{"minecraft:transformation":{"into":"pokemon:p320","keep_owner":true}},
"s321":{"minecraft:transformation":{"into":"pokemon:p321","keep_owner":true}},
"s322":{"minecraft:transformation":{"into":"pokemon:p322","keep_owner":true}},
"s323":{"minecraft:transformation":{"into":"pokemon:p323","keep_owner":true}},
"s324":{"minecraft:transformation":{"into":"pokemon:p324","keep_owner":true}},
"s325":{"minecraft:transformation":{"into":"pokemon:p325","keep_owner":true}},
"s326":{"minecraft:transformation":{"into":"pokemon:p326","keep_owner":true}},
"s327":{"minecraft:transformation":{"into":"pokemon:p327","keep_owner":true}},
"s328":{"minecraft:transformation":{"into":"pokemon:p328","keep_owner":true}},
"s329":{"minecraft:transformation":{"into":"pokemon:p329","keep_owner":true}},
"s330":{"minecraft:transformation":{"into":"pokemon:p330","keep_owner":true}},
"s331":{"minecraft:transformation":{"into":"pokemon:p331","keep_owner":true}},
"s332":{"minecraft:transformation":{"into":"pokemon:p332","keep_owner":true}},
"s333":{"minecraft:transformation":{"into":"pokemon:p333","keep_owner":true}},
"s334":{"minecraft:transformation":{"into":"pokemon:p334","keep_owner":true}},
"s335":{"minecraft:transformation":{"into":"pokemon:p335","keep_owner":true}},
"s336":{"minecraft:transformation":{"into":"pokemon:p336","keep_owner":true}},
"s337":{"minecraft:transformation":{"into":"pokemon:p337","keep_owner":true}},
"s338":{"minecraft:transformation":{"into":"pokemon:p338","keep_owner":true}},
"s339":{"minecraft:transformation":{"into":"pokemon:p339","keep_owner":true}},
"s340":{"minecraft:transformation":{"into":"pokemon:p340","keep_owner":true}},
"s341":{"minecraft:transformation":{"into":"pokemon:p341","keep_owner":true}},
"s342":{"minecraft:transformation":{"into":"pokemon:p342","keep_owner":true}},
"s343":{"minecraft:transformation":{"into":"pokemon:p343","keep_owner":true}},
"s344":{"minecraft:transformation":{"into":"pokemon:p344","keep_owner":true}},
"s345":{"minecraft:transformation":{"into":"pokemon:p345","keep_owner":true}},
"s346":{"minecraft:transformation":{"into":"pokemon:p346","keep_owner":true}},
"s347":{"minecraft:transformation":{"into":"pokemon:p347","keep_owner":true}},
"s348":{"minecraft:transformation":{"into":"pokemon:p348","keep_owner":true}},
"s349":{"minecraft:transformation":{"into":"pokemon:p349","keep_owner":true}},
"s350":{"minecraft:transformation":{"into":"pokemon:p350","keep_owner":true}},
"s351":{"minecraft:transformation":{"into":"pokemon:p351","keep_owner":true}},
"s352":{"minecraft:transformation":{"into":"pokemon:p352","keep_owner":true}},
"s353":{"minecraft:transformation":{"into":"pokemon:p353","keep_owner":true}},
"s354":{"minecraft:transformation":{"into":"pokemon:p354","keep_owner":true}},
"s355":{"minecraft:transformation":{"into":"pokemon:p355","keep_owner":true}},
"s356":{"minecraft:transformation":{"into":"pokemon:p356","keep_owner":true}},
"s357":{"minecraft:transformation":{"into":"pokemon:p357","keep_owner":true}},
"s358":{"minecraft:transformation":{"into":"pokemon:p358","keep_owner":true}},
"s359":{"minecraft:transformation":{"into":"pokemon:p359","keep_owner":true}},
"s360":{"minecraft:transformation":{"into":"pokemon:p360","keep_owner":true}},
"s361":{"minecraft:transformation":{"into":"pokemon:p361","keep_owner":true}},
"s362":{"minecraft:transformation":{"into":"pokemon:p362","keep_owner":true}},
"s363":{"minecraft:transformation":{"into":"pokemon:p363","keep_owner":true}},
"s364":{"minecraft:transformation":{"into":"pokemon:p364","keep_owner":true}},
"s365":{"minecraft:transformation":{"into":"pokemon:p365","keep_owner":true}},
"s366":{"minecraft:transformation":{"into":"pokemon:p366","keep_owner":true}},
"s367":{"minecraft:transformation":{"into":"pokemon:p367","keep_owner":true}},
"s368":{"minecraft:transformation":{"into":"pokemon:p368","keep_owner":true}},
"s369":{"minecraft:transformation":{"into":"pokemon:p369","keep_owner":true}},
"s370":{"minecraft:transformation":{"into":"pokemon:p370","keep_owner":true}},
"s371":{"minecraft:transformation":{"into":"pokemon:p371","keep_owner":true}},
"s372":{"minecraft:transformation":{"into":"pokemon:p372","keep_owner":true}},
"s373":{"minecraft:transformation":{"into":"pokemon:p373","keep_owner":true}},
"s374":{"minecraft:transformation":{"into":"pokemon:p374","keep_owner":true}},
"s375":{"minecraft:transformation":{"into":"pokemon:p375","keep_owner":true}},
"s376":{"minecraft:transformation":{"into":"pokemon:p376","keep_owner":true}},
"s377":{"minecraft:transformation":{"into":"pokemon:p377","keep_owner":true}},
"s378":{"minecraft:transformation":{"into":"pokemon:p378","keep_owner":true}},
"s379":{"minecraft:transformation":{"into":"pokemon:p379","keep_owner":true}},
"s380":{"minecraft:transformation":{"into":"pokemon:p380","keep_owner":true}},
"s381":{"minecraft:transformation":{"into":"pokemon:p381","keep_owner":true}},
"s382":{"minecraft:transformation":{"into":"pokemon:p382","keep_owner":true}},
"s383":{"minecraft:transformation":{"into":"pokemon:p383","keep_owner":true}},
"s384":{"minecraft:transformation":{"into":"pokemon:p384","keep_owner":true}},
"s385":{"minecraft:transformation":{"into":"pokemon:p385","keep_owner":true}},
"s386":{"minecraft:transformation":{"into":"pokemon:p386","keep_owner":true}},


"s447":{"minecraft:transformation":{"into":"pokemon:p447","keep_owner":true}},
"s448":{"minecraft:transformation":{"into":"pokemon:p448","keep_owner":true}},
"s493":{"minecraft:transformation":{"into":"pokemon:p493","keep_owner":true}},
"s658":{"minecraft:transformation":{"into":"pokemon:p658","keep_owner":true}},
"s700":{"minecraft:transformation":{"into":"pokemon:p700","keep_owner":true}},
"s720":{"minecraft:transformation":{"into":"pokemon:p720","keep_owner":true}}
        },
    "components":{
    "minecraft:scale":{"value":0.4},
    "minecraft:transformation":{"into":"serp:despawn","delay":{"value":5}},
    "minecraft:damage_sensor":{"triggers":{"cause":"all","deals_damage":false}},
    "minecraft:psychics":{},
    "minecraft:collision_box":{"height":1,"width":0.7},
    "minecraft:projectile":{"on_hit":{"impact_damage":{"damage":0,"knockback":false,"semi_random_diff_damage":false,"destroy_on_hit":false},"stick_in_ground":{"shake_time":0}},"power":0,"gravity":0.05,"uncertainty_base":0,"uncertainty_multiplier":0,"anchor":0,"offset":[0,-1,0]}
    },
    "events":{
"minecraft:entity_spawned":{"run_command":{"command":["particle serp:free ~~~","event entity @p serp:clear"]}},
"serp:s1":{"add":{"component_groups":["s1"]}},
"serp:s2":{"add":{"component_groups":["s2"]}},
"serp:s3":{"add":{"component_groups":["s3"]}},
"serp:s4":{"add":{"component_groups":["s4"]}},
"serp:s5":{"add":{"component_groups":["s5"]}},
"serp:s6":{"add":{"component_groups":["s6"]}},
"serp:s7":{"add":{"component_groups":["s7"]}},
"serp:s8":{"add":{"component_groups":["s8"]}},
"serp:s9":{"add":{"component_groups":["s9"]}},
"serp:s10":{"add":{"component_groups":["s10"]}},
"serp:s11":{"add":{"component_groups":["s11"]}},
"serp:s12":{"add":{"component_groups":["s12"]}},
"serp:s13":{"add":{"component_groups":["s13"]}},
"serp:s14":{"add":{"component_groups":["s14"]}},
"serp:s15":{"add":{"component_groups":["s15"]}},
"serp:s16":{"add":{"component_groups":["s16"]}},
"serp:s17":{"add":{"component_groups":["s17"]}},
"serp:s18":{"add":{"component_groups":["s18"]}},
"serp:s19":{"add":{"component_groups":["s19"]}},
"serp:s20":{"add":{"component_groups":["s20"]}},
"serp:s21":{"add":{"component_groups":["s21"]}},
"serp:s22":{"add":{"component_groups":["s22"]}},
"serp:s23":{"add":{"component_groups":["s23"]}},
"serp:s24":{"add":{"component_groups":["s24"]}},
"serp:s25":{"add":{"component_groups":["s25"]}},
"serp:s26":{"add":{"component_groups":["s26"]}},
"serp:s27":{"add":{"component_groups":["s27"]}},
"serp:s28":{"add":{"component_groups":["s28"]}},
"serp:s29":{"add":{"component_groups":["s29"]}},
"serp:s30":{"add":{"component_groups":["s30"]}},
"serp:s31":{"add":{"component_groups":["s31"]}},
"serp:s32":{"add":{"component_groups":["s32"]}},
"serp:s33":{"add":{"component_groups":["s33"]}},
"serp:s34":{"add":{"component_groups":["s34"]}},
"serp:s35":{"add":{"component_groups":["s35"]}},
"serp:s36":{"add":{"component_groups":["s36"]}},
"serp:s37":{"add":{"component_groups":["s37"]}},
"serp:s38":{"add":{"component_groups":["s38"]}},
"serp:s39":{"add":{"component_groups":["s39"]}},
"serp:s40":{"add":{"component_groups":["s40"]}},
"serp:s41":{"add":{"component_groups":["s41"]}},
"serp:s42":{"add":{"component_groups":["s42"]}},
"serp:s43":{"add":{"component_groups":["s43"]}},
"serp:s44":{"add":{"component_groups":["s44"]}},
"serp:s45":{"add":{"component_groups":["s45"]}},
"serp:s46":{"add":{"component_groups":["s46"]}},
"serp:s47":{"add":{"component_groups":["s47"]}},
"serp:s48":{"add":{"component_groups":["s48"]}},
"serp:s49":{"add":{"component_groups":["s49"]}},
"serp:s50":{"add":{"component_groups":["s50"]}},
"serp:s51":{"add":{"component_groups":["s51"]}},
"serp:s52":{"add":{"component_groups":["s52"]}},
"serp:s53":{"add":{"component_groups":["s53"]}},
"serp:s54":{"add":{"component_groups":["s54"]}},
"serp:s55":{"add":{"component_groups":["s55"]}},
"serp:s56":{"add":{"component_groups":["s56"]}},
"serp:s57":{"add":{"component_groups":["s57"]}},
"serp:s58":{"add":{"component_groups":["s58"]}},
"serp:s59":{"add":{"component_groups":["s59"]}},
"serp:s60":{"add":{"component_groups":["s60"]}},
"serp:s61":{"add":{"component_groups":["s61"]}},
"serp:s62":{"add":{"component_groups":["s62"]}},
"serp:s63":{"add":{"component_groups":["s63"]}},
"serp:s64":{"add":{"component_groups":["s64"]}},
"serp:s65":{"add":{"component_groups":["s65"]}},
"serp:s66":{"add":{"component_groups":["s66"]}},
"serp:s67":{"add":{"component_groups":["s67"]}},
"serp:s68":{"add":{"component_groups":["s68"]}},
"serp:s69":{"add":{"component_groups":["s69"]}},
"serp:s70":{"add":{"component_groups":["s70"]}},
"serp:s71":{"add":{"component_groups":["s71"]}},
"serp:s72":{"add":{"component_groups":["s72"]}},
"serp:s73":{"add":{"component_groups":["s73"]}},
"serp:s74":{"add":{"component_groups":["s74"]}},
"serp:s75":{"add":{"component_groups":["s75"]}},
"serp:s76":{"add":{"component_groups":["s76"]}},
"serp:s77":{"add":{"component_groups":["s77"]}},
"serp:s78":{"add":{"component_groups":["s78"]}},
"serp:s79":{"add":{"component_groups":["s79"]}},
"serp:s80":{"add":{"component_groups":["s80"]}},
"serp:s81":{"add":{"component_groups":["s81"]}},
"serp:s82":{"add":{"component_groups":["s82"]}},
"serp:s83":{"add":{"component_groups":["s83"]}},
"serp:s84":{"add":{"component_groups":["s84"]}},
"serp:s85":{"add":{"component_groups":["s85"]}},
"serp:s86":{"add":{"component_groups":["s86"]}},
"serp:s87":{"add":{"component_groups":["s87"]}},
"serp:s88":{"add":{"component_groups":["s88"]}},
"serp:s89":{"add":{"component_groups":["s89"]}},
"serp:s90":{"add":{"component_groups":["s90"]}},
"serp:s91":{"add":{"component_groups":["s91"]}},
"serp:s92":{"add":{"component_groups":["s92"]}},
"serp:s93":{"add":{"component_groups":["s93"]}},
"serp:s94":{"add":{"component_groups":["s94"]}},
"serp:s95":{"add":{"component_groups":["s95"]}},
"serp:s96":{"add":{"component_groups":["s96"]}},
"serp:s97":{"add":{"component_groups":["s97"]}},
"serp:s98":{"add":{"component_groups":["s98"]}},
"serp:s99":{"add":{"component_groups":["s99"]}},
"serp:s100":{"add":{"component_groups":["s100"]}},
"serp:s101":{"add":{"component_groups":["s101"]}},
"serp:s102":{"add":{"component_groups":["s102"]}},
"serp:s103":{"add":{"component_groups":["s103"]}},
"serp:s104":{"add":{"component_groups":["s104"]}},
"serp:s105":{"add":{"component_groups":["s105"]}},
"serp:s106":{"add":{"component_groups":["s106"]}},
"serp:s107":{"add":{"component_groups":["s107"]}},
"serp:s108":{"add":{"component_groups":["s108"]}},
"serp:s109":{"add":{"component_groups":["s109"]}},
"serp:s110":{"add":{"component_groups":["s110"]}},
"serp:s111":{"add":{"component_groups":["s111"]}},
"serp:s112":{"add":{"component_groups":["s112"]}},
"serp:s113":{"add":{"component_groups":["s113"]}},
"serp:s114":{"add":{"component_groups":["s114"]}},
"serp:s115":{"add":{"component_groups":["s115"]}},
"serp:s116":{"add":{"component_groups":["s116"]}},
"serp:s117":{"add":{"component_groups":["s117"]}},
"serp:s118":{"add":{"component_groups":["s118"]}},
"serp:s119":{"add":{"component_groups":["s119"]}},
"serp:s120":{"add":{"component_groups":["s120"]}},
"serp:s121":{"add":{"component_groups":["s121"]}},
"serp:s122":{"add":{"component_groups":["s122"]}},
"serp:s123":{"add":{"component_groups":["s123"]}},
"serp:s124":{"add":{"component_groups":["s124"]}},
"serp:s125":{"add":{"component_groups":["s125"]}},
"serp:s126":{"add":{"component_groups":["s126"]}},
"serp:s127":{"add":{"component_groups":["s127"]}},
"serp:s128":{"add":{"component_groups":["s128"]}},
"serp:s129":{"add":{"component_groups":["s129"]}},
"serp:s130":{"add":{"component_groups":["s130"]}},
"serp:s131":{"add":{"component_groups":["s131"]}},
"serp:s132":{"add":{"component_groups":["s132"]}},
"serp:s133":{"add":{"component_groups":["s133"]}},
"serp:s134":{"add":{"component_groups":["s134"]}},
"serp:s135":{"add":{"component_groups":["s135"]}},
"serp:s136":{"add":{"component_groups":["s136"]}},
"serp:s137":{"add":{"component_groups":["s137"]}},
"serp:s138":{"add":{"component_groups":["s138"]}},
"serp:s139":{"add":{"component_groups":["s139"]}},
"serp:s140":{"add":{"component_groups":["s140"]}},
"serp:s141":{"add":{"component_groups":["s141"]}},
"serp:s142":{"add":{"component_groups":["s142"]}},
"serp:s143":{"add":{"component_groups":["s143"]}},
"serp:s144":{"add":{"component_groups":["s144"]}},
"serp:s145":{"add":{"component_groups":["s145"]}},
"serp:s146":{"add":{"component_groups":["s146"]}},
"serp:s147":{"add":{"component_groups":["s147"]}},
"serp:s148":{"add":{"component_groups":["s148"]}},
"serp:s149":{"add":{"component_groups":["s149"]}},
"serp:s150":{"add":{"component_groups":["s150"]}},
"serp:s151":{"add":{"component_groups":["s151"]}},
"serp:s152":{"add":{"component_groups":["s152"]}},
"serp:s153":{"add":{"component_groups":["s153"]}},
"serp:s154":{"add":{"component_groups":["s154"]}},
"serp:s155":{"add":{"component_groups":["s155"]}},
"serp:s156":{"add":{"component_groups":["s156"]}},
"serp:s157":{"add":{"component_groups":["s157"]}},
"serp:s158":{"add":{"component_groups":["s158"]}},
"serp:s159":{"add":{"component_groups":["s159"]}},
"serp:s160":{"add":{"component_groups":["s160"]}},
"serp:s161":{"add":{"component_groups":["s161"]}},
"serp:s162":{"add":{"component_groups":["s162"]}},
"serp:s163":{"add":{"component_groups":["s163"]}},
"serp:s164":{"add":{"component_groups":["s164"]}},
"serp:s165":{"add":{"component_groups":["s165"]}},
"serp:s166":{"add":{"component_groups":["s166"]}},
"serp:s167":{"add":{"component_groups":["s167"]}},
"serp:s168":{"add":{"component_groups":["s168"]}},
"serp:s169":{"add":{"component_groups":["s169"]}},
"serp:s170":{"add":{"component_groups":["s170"]}},
"serp:s171":{"add":{"component_groups":["s171"]}},
"serp:s172":{"add":{"component_groups":["s172"]}},
"serp:s173":{"add":{"component_groups":["s173"]}},
"serp:s174":{"add":{"component_groups":["s174"]}},
"serp:s175":{"add":{"component_groups":["s175"]}},
"serp:s176":{"add":{"component_groups":["s176"]}},
"serp:s177":{"add":{"component_groups":["s177"]}},
"serp:s178":{"add":{"component_groups":["s178"]}},
"serp:s179":{"add":{"component_groups":["s179"]}},
"serp:s180":{"add":{"component_groups":["s180"]}},
"serp:s181":{"add":{"component_groups":["s181"]}},
"serp:s182":{"add":{"component_groups":["s182"]}},
"serp:s183":{"add":{"component_groups":["s183"]}},
"serp:s184":{"add":{"component_groups":["s184"]}},
"serp:s185":{"add":{"component_groups":["s185"]}},
"serp:s186":{"add":{"component_groups":["s186"]}},
"serp:s187":{"add":{"component_groups":["s187"]}},
"serp:s188":{"add":{"component_groups":["s188"]}},
"serp:s189":{"add":{"component_groups":["s189"]}},
"serp:s190":{"add":{"component_groups":["s190"]}},
"serp:s191":{"add":{"component_groups":["s191"]}},
"serp:s192":{"add":{"component_groups":["s192"]}},
"serp:s193":{"add":{"component_groups":["s193"]}},
"serp:s194":{"add":{"component_groups":["s194"]}},
"serp:s195":{"add":{"component_groups":["s195"]}},
"serp:s196":{"add":{"component_groups":["s196"]}},
"serp:s197":{"add":{"component_groups":["s197"]}},
"serp:s198":{"add":{"component_groups":["s198"]}},
"serp:s199":{"add":{"component_groups":["s199"]}},
"serp:s200":{"add":{"component_groups":["s200"]}},
"serp:s201":{"add":{"component_groups":["s201"]}},
"serp:s202":{"add":{"component_groups":["s202"]}},
"serp:s203":{"add":{"component_groups":["s203"]}},
"serp:s204":{"add":{"component_groups":["s204"]}},
"serp:s205":{"add":{"component_groups":["s205"]}},
"serp:s206":{"add":{"component_groups":["s206"]}},
"serp:s207":{"add":{"component_groups":["s207"]}},
"serp:s208":{"add":{"component_groups":["s208"]}},
"serp:s209":{"add":{"component_groups":["s209"]}},
"serp:s210":{"add":{"component_groups":["s210"]}},
"serp:s211":{"add":{"component_groups":["s211"]}},
"serp:s212":{"add":{"component_groups":["s212"]}},
"serp:s213":{"add":{"component_groups":["s213"]}},
"serp:s214":{"add":{"component_groups":["s214"]}},
"serp:s215":{"add":{"component_groups":["s215"]}},
"serp:s216":{"add":{"component_groups":["s216"]}},
"serp:s217":{"add":{"component_groups":["s217"]}},
"serp:s218":{"add":{"component_groups":["s218"]}},
"serp:s219":{"add":{"component_groups":["s219"]}},
"serp:s220":{"add":{"component_groups":["s220"]}},
"serp:s221":{"add":{"component_groups":["s221"]}},
"serp:s222":{"add":{"component_groups":["s222"]}},
"serp:s223":{"add":{"component_groups":["s223"]}},
"serp:s224":{"add":{"component_groups":["s224"]}},
"serp:s225":{"add":{"component_groups":["s225"]}},
"serp:s226":{"add":{"component_groups":["s226"]}},
"serp:s227":{"add":{"component_groups":["s227"]}},
"serp:s228":{"add":{"component_groups":["s228"]}},
"serp:s229":{"add":{"component_groups":["s229"]}},
"serp:s230":{"add":{"component_groups":["s230"]}},
"serp:s231":{"add":{"component_groups":["s231"]}},
"serp:s232":{"add":{"component_groups":["s232"]}},
"serp:s233":{"add":{"component_groups":["s233"]}},
"serp:s234":{"add":{"component_groups":["s234"]}},
"serp:s235":{"add":{"component_groups":["s235"]}},
"serp:s236":{"add":{"component_groups":["s236"]}},
"serp:s237":{"add":{"component_groups":["s237"]}},
"serp:s238":{"add":{"component_groups":["s238"]}},
"serp:s239":{"add":{"component_groups":["s239"]}},
"serp:s240":{"add":{"component_groups":["s240"]}},
"serp:s241":{"add":{"component_groups":["s241"]}},
"serp:s242":{"add":{"component_groups":["s242"]}},
"serp:s243":{"add":{"component_groups":["s243"]}},
"serp:s244":{"add":{"component_groups":["s244"]}},
"serp:s245":{"add":{"component_groups":["s245"]}},
"serp:s246":{"add":{"component_groups":["s246"]}},
"serp:s247":{"add":{"component_groups":["s247"]}},
"serp:s248":{"add":{"component_groups":["s248"]}},
"serp:s249":{"add":{"component_groups":["s249"]}},
"serp:s250":{"add":{"component_groups":["s250"]}},
"serp:s251":{"add":{"component_groups":["s251"]}},
"serp:s252":{"add":{"component_groups":["s252"]}},
"serp:s253":{"add":{"component_groups":["s253"]}},
"serp:s254":{"add":{"component_groups":["s254"]}},
"serp:s255":{"add":{"component_groups":["s255"]}},
"serp:s256":{"add":{"component_groups":["s256"]}},
"serp:s257":{"add":{"component_groups":["s257"]}},
"serp:s258":{"add":{"component_groups":["s258"]}},
"serp:s259":{"add":{"component_groups":["s259"]}},
"serp:s260":{"add":{"component_groups":["s260"]}},
"serp:s261":{"add":{"component_groups":["s261"]}},
"serp:s262":{"add":{"component_groups":["s262"]}},
"serp:s263":{"add":{"component_groups":["s263"]}},
"serp:s264":{"add":{"component_groups":["s264"]}},
"serp:s265":{"add":{"component_groups":["s265"]}},
"serp:s266":{"add":{"component_groups":["s266"]}},
"serp:s267":{"add":{"component_groups":["s267"]}},
"serp:s268":{"add":{"component_groups":["s268"]}},
"serp:s269":{"add":{"component_groups":["s269"]}},
"serp:s270":{"add":{"component_groups":["s270"]}},
"serp:s271":{"add":{"component_groups":["s271"]}},
"serp:s272":{"add":{"component_groups":["s272"]}},
"serp:s273":{"add":{"component_groups":["s273"]}},
"serp:s274":{"add":{"component_groups":["s274"]}},
"serp:s275":{"add":{"component_groups":["s275"]}},
"serp:s276":{"add":{"component_groups":["s276"]}},
"serp:s277":{"add":{"component_groups":["s277"]}},
"serp:s278":{"add":{"component_groups":["s278"]}},
"serp:s279":{"add":{"component_groups":["s279"]}},
"serp:s280":{"add":{"component_groups":["s280"]}},
"serp:s281":{"add":{"component_groups":["s281"]}},
"serp:s282":{"add":{"component_groups":["s282"]}},
"serp:s283":{"add":{"component_groups":["s283"]}},
"serp:s284":{"add":{"component_groups":["s284"]}},
"serp:s285":{"add":{"component_groups":["s285"]}},
"serp:s286":{"add":{"component_groups":["s286"]}},
"serp:s287":{"add":{"component_groups":["s287"]}},
"serp:s288":{"add":{"component_groups":["s288"]}},
"serp:s289":{"add":{"component_groups":["s289"]}},
"serp:s290":{"add":{"component_groups":["s290"]}},
"serp:s291":{"add":{"component_groups":["s291"]}},
"serp:s292":{"add":{"component_groups":["s292"]}},
"serp:s293":{"add":{"component_groups":["s293"]}},
"serp:s294":{"add":{"component_groups":["s294"]}},
"serp:s295":{"add":{"component_groups":["s295"]}},
"serp:s296":{"add":{"component_groups":["s296"]}},
"serp:s297":{"add":{"component_groups":["s297"]}},
"serp:s298":{"add":{"component_groups":["s298"]}},
"serp:s299":{"add":{"component_groups":["s299"]}},
"serp:s300":{"add":{"component_groups":["s300"]}},
"serp:s301":{"add":{"component_groups":["s301"]}},
"serp:s302":{"add":{"component_groups":["s302"]}},
"serp:s303":{"add":{"component_groups":["s303"]}},
"serp:s304":{"add":{"component_groups":["s304"]}},
"serp:s305":{"add":{"component_groups":["s305"]}},
"serp:s306":{"add":{"component_groups":["s306"]}},
"serp:s307":{"add":{"component_groups":["s307"]}},
"serp:s308":{"add":{"component_groups":["s308"]}},
"serp:s309":{"add":{"component_groups":["s309"]}},
"serp:s310":{"add":{"component_groups":["s310"]}},
"serp:s311":{"add":{"component_groups":["s311"]}},
"serp:s312":{"add":{"component_groups":["s312"]}},
"serp:s313":{"add":{"component_groups":["s313"]}},
"serp:s314":{"add":{"component_groups":["s314"]}},
"serp:s315":{"add":{"component_groups":["s315"]}},
"serp:s316":{"add":{"component_groups":["s316"]}},
"serp:s317":{"add":{"component_groups":["s317"]}},
"serp:s318":{"add":{"component_groups":["s318"]}},
"serp:s319":{"add":{"component_groups":["s319"]}},
"serp:s320":{"add":{"component_groups":["s320"]}},
"serp:s321":{"add":{"component_groups":["s321"]}},
"serp:s322":{"add":{"component_groups":["s322"]}},
"serp:s323":{"add":{"component_groups":["s323"]}},
"serp:s324":{"add":{"component_groups":["s324"]}},
"serp:s325":{"add":{"component_groups":["s325"]}},
"serp:s326":{"add":{"component_groups":["s326"]}},
"serp:s327":{"add":{"component_groups":["s327"]}},
"serp:s328":{"add":{"component_groups":["s328"]}},
"serp:s329":{"add":{"component_groups":["s329"]}},
"serp:s330":{"add":{"component_groups":["s330"]}},
"serp:s331":{"add":{"component_groups":["s331"]}},
"serp:s332":{"add":{"component_groups":["s332"]}},
"serp:s333":{"add":{"component_groups":["s333"]}},
"serp:s334":{"add":{"component_groups":["s334"]}},
"serp:s335":{"add":{"component_groups":["s335"]}},
"serp:s336":{"add":{"component_groups":["s336"]}},
"serp:s337":{"add":{"component_groups":["s337"]}},
"serp:s338":{"add":{"component_groups":["s338"]}},
"serp:s339":{"add":{"component_groups":["s339"]}},
"serp:s340":{"add":{"component_groups":["s340"]}},
"serp:s341":{"add":{"component_groups":["s341"]}},
"serp:s342":{"add":{"component_groups":["s342"]}},
"serp:s343":{"add":{"component_groups":["s343"]}},
"serp:s344":{"add":{"component_groups":["s344"]}},
"serp:s345":{"add":{"component_groups":["s345"]}},
"serp:s346":{"add":{"component_groups":["s346"]}},
"serp:s347":{"add":{"component_groups":["s347"]}},
"serp:s348":{"add":{"component_groups":["s348"]}},
"serp:s349":{"add":{"component_groups":["s349"]}},
"serp:s350":{"add":{"component_groups":["s350"]}},
"serp:s351":{"add":{"component_groups":["s351"]}},
"serp:s352":{"add":{"component_groups":["s352"]}},
"serp:s353":{"add":{"component_groups":["s353"]}},
"serp:s354":{"add":{"component_groups":["s354"]}},
"serp:s355":{"add":{"component_groups":["s355"]}},
"serp:s356":{"add":{"component_groups":["s356"]}},
"serp:s357":{"add":{"component_groups":["s357"]}},
"serp:s358":{"add":{"component_groups":["s358"]}},
"serp:s359":{"add":{"component_groups":["s359"]}},
"serp:s360":{"add":{"component_groups":["s360"]}},
"serp:s361":{"add":{"component_groups":["s361"]}},
"serp:s362":{"add":{"component_groups":["s362"]}},
"serp:s363":{"add":{"component_groups":["s363"]}},
"serp:s364":{"add":{"component_groups":["s364"]}},
"serp:s365":{"add":{"component_groups":["s365"]}},
"serp:s366":{"add":{"component_groups":["s366"]}},
"serp:s367":{"add":{"component_groups":["s367"]}},
"serp:s368":{"add":{"component_groups":["s368"]}},
"serp:s369":{"add":{"component_groups":["s369"]}},
"serp:s370":{"add":{"component_groups":["s370"]}},
"serp:s371":{"add":{"component_groups":["s371"]}},
"serp:s372":{"add":{"component_groups":["s372"]}},
"serp:s373":{"add":{"component_groups":["s373"]}},
"serp:s374":{"add":{"component_groups":["s374"]}},
"serp:s375":{"add":{"component_groups":["s375"]}},
"serp:s376":{"add":{"component_groups":["s376"]}},
"serp:s377":{"add":{"component_groups":["s377"]}},
"serp:s378":{"add":{"component_groups":["s378"]}},
"serp:s379":{"add":{"component_groups":["s379"]}},
"serp:s380":{"add":{"component_groups":["s380"]}},
"serp:s381":{"add":{"component_groups":["s381"]}},
"serp:s382":{"add":{"component_groups":["s382"]}},
"serp:s383":{"add":{"component_groups":["s383"]}},
"serp:s384":{"add":{"component_groups":["s384"]}},
"serp:s385":{"add":{"component_groups":["s385"]}},
"serp:s386":{"add":{"component_groups":["s386"]}},



"serp:s447":{"add":{"component_groups":["s447"]}},
"serp:s448":{"add":{"component_groups":["s448"]}},
"serp:s493":{"add":{"component_groups":["s493"]}},
"serp:s658":{"add":{"component_groups":["s658"]}},
"serp:s700":{"add":{"component_groups":["s700"]}},
"serp:s720":{"add":{"component_groups":["s720"]}}


    }
  }
}