{
  "pools":[
        {
            "rolls":1,
            "entries":[
{"type":"item","name":"serp:badge","functions":[{"function":"set_count","count":{"min":2,"max":4}}]}
            ]
        },
        {
            "rolls":1,
            "entries":[
{"weight":20,"type":"item","name":"serp:blue_ribbon"},
{"weight":80}
            ]
        },
        {
            "rolls":1,
            "entries":[
{"weight":120},
{"weight":1,"type":"item","name":"serp:mt_bug","functions":[{"function":"set_lore","lore":["1"]}]},
{"weight":1,"type":"item","name":"serp:mt_bug","functions":[{"function":"set_lore","lore":["2"]}]},
{"weight":1,"type":"item","name":"serp:mt_bug","functions":[{"function":"set_lore","lore":["3"]}]},
{"weight":1,"type":"item","name":"serp:mt_bug","functions":[{"function":"set_lore","lore":["11"]}]},
{"weight":1,"type":"item","name":"serp:mt_bug","functions":[{"function":"set_lore","lore":["12"]}]},
{"weight":1,"type":"item","name":"serp:mt_bug","functions":[{"function":"set_lore","lore":["13"]}]},
{"weight":1,"type":"item","name":"serp:mt_dark","functions":[{"function":"set_lore","lore":["21"]}]},
{"weight":1,"type":"item","name":"serp:mt_dark","functions":[{"function":"set_lore","lore":["22"]}]},
{"weight":1,"type":"item","name":"serp:mt_dark","functions":[{"function":"set_lore","lore":["23"]}]},
{"weight":1,"type":"item","name":"serp:mt_dark","functions":[{"function":"set_lore","lore":["31"]}]},
{"weight":1,"type":"item","name":"serp:mt_dark","functions":[{"function":"set_lore","lore":["32"]}]},
{"weight":1,"type":"item","name":"serp:mt_dark","functions":[{"function":"set_lore","lore":["33"]}]},
{"weight":1,"type":"item","name":"serp:mt_dragon","functions":[{"function":"set_lore","lore":["41"]}]},
{"weight":1,"type":"item","name":"serp:mt_dragon","functions":[{"function":"set_lore","lore":["42"]}]},
{"weight":1,"type":"item","name":"serp:mt_dragon","functions":[{"function":"set_lore","lore":["43"]}]},
{"weight":1,"type":"item","name":"serp:mt_dragon","functions":[{"function":"set_lore","lore":["51"]}]},
{"weight":1,"type":"item","name":"serp:mt_dragon","functions":[{"function":"set_lore","lore":["52"]}]},
{"weight":1,"type":"item","name":"serp:mt_dragon","functions":[{"function":"set_lore","lore":["53"]}]},
{"weight":1,"type":"item","name":"serp:mt_electric","functions":[{"function":"set_lore","lore":["61"]}]},
{"weight":1,"type":"item","name":"serp:mt_electric","functions":[{"function":"set_lore","lore":["62"]}]},
{"weight":1,"type":"item","name":"serp:mt_electric","functions":[{"function":"set_lore","lore":["63"]}]},
{"weight":1,"type":"item","name":"serp:mt_electric","functions":[{"function":"set_lore","lore":["71"]}]},
{"weight":1,"type":"item","name":"serp:mt_electric","functions":[{"function":"set_lore","lore":["72"]}]},
{"weight":1,"type":"item","name":"serp:mt_electric","functions":[{"function":"set_lore","lore":["73"]}]},
{"weight":1,"type":"item","name":"serp:mt_fairy","functions":[{"function":"set_lore","lore":["81"]}]},
{"weight":1,"type":"item","name":"serp:mt_fairy","functions":[{"function":"set_lore","lore":["82"]}]},
{"weight":1,"type":"item","name":"serp:mt_fairy","functions":[{"function":"set_lore","lore":["83"]}]},
{"weight":1,"type":"item","name":"serp:mt_fairy","functions":[{"function":"set_lore","lore":["91"]}]},
{"weight":1,"type":"item","name":"serp:mt_fairy","functions":[{"function":"set_lore","lore":["92"]}]},
{"weight":1,"type":"item","name":"serp:mt_fairy","functions":[{"function":"set_lore","lore":["93"]}]},
{"weight":1,"type":"item","name":"serp:mt_fighting","functions":[{"function":"set_lore","lore":["101"]}]},
{"weight":1,"type":"item","name":"serp:mt_fighting","functions":[{"function":"set_lore","lore":["102"]}]},
{"weight":1,"type":"item","name":"serp:mt_fighting","functions":[{"function":"set_lore","lore":["103"]}]},
{"weight":1,"type":"item","name":"serp:mt_fighting","functions":[{"function":"set_lore","lore":["111"]}]},
{"weight":1,"type":"item","name":"serp:mt_fighting","functions":[{"function":"set_lore","lore":["112"]}]},
{"weight":1,"type":"item","name":"serp:mt_fighting","functions":[{"function":"set_lore","lore":["113"]}]},
{"weight":1,"type":"item","name":"serp:mt_fire","functions":[{"function":"set_lore","lore":["121"]}]},
{"weight":1,"type":"item","name":"serp:mt_fire","functions":[{"function":"set_lore","lore":["122"]}]},
{"weight":1,"type":"item","name":"serp:mt_fire","functions":[{"function":"set_lore","lore":["123"]}]},
{"weight":1,"type":"item","name":"serp:mt_fire","functions":[{"function":"set_lore","lore":["131"]}]},
{"weight":1,"type":"item","name":"serp:mt_fire","functions":[{"function":"set_lore","lore":["132"]}]},
{"weight":1,"type":"item","name":"serp:mt_fire","functions":[{"function":"set_lore","lore":["133"]}]},
{"weight":1,"type":"item","name":"serp:mt_flying","functions":[{"function":"set_lore","lore":["141"]}]},
{"weight":1,"type":"item","name":"serp:mt_flying","functions":[{"function":"set_lore","lore":["142"]}]},
{"weight":1,"type":"item","name":"serp:mt_flying","functions":[{"function":"set_lore","lore":["143"]}]},
{"weight":1,"type":"item","name":"serp:mt_flying","functions":[{"function":"set_lore","lore":["151"]}]},
{"weight":1,"type":"item","name":"serp:mt_flying","functions":[{"function":"set_lore","lore":["152"]}]},
{"weight":1,"type":"item","name":"serp:mt_flying","functions":[{"function":"set_lore","lore":["153"]}]},
{"weight":1,"type":"item","name":"serp:mt_ghost","functions":[{"function":"set_lore","lore":["161"]}]},
{"weight":1,"type":"item","name":"serp:mt_ghost","functions":[{"function":"set_lore","lore":["162"]}]},
{"weight":1,"type":"item","name":"serp:mt_ghost","functions":[{"function":"set_lore","lore":["163"]}]},
{"weight":1,"type":"item","name":"serp:mt_ghost","functions":[{"function":"set_lore","lore":["171"]}]},
{"weight":1,"type":"item","name":"serp:mt_ghost","functions":[{"function":"set_lore","lore":["172"]}]},
{"weight":1,"type":"item","name":"serp:mt_ghost","functions":[{"function":"set_lore","lore":["173"]}]},
{"weight":1,"type":"item","name":"serp:mt_grass","functions":[{"function":"set_lore","lore":["181"]}]},
{"weight":1,"type":"item","name":"serp:mt_grass","functions":[{"function":"set_lore","lore":["182"]}]},
{"weight":1,"type":"item","name":"serp:mt_grass","functions":[{"function":"set_lore","lore":["183"]}]},
{"weight":1,"type":"item","name":"serp:mt_grass","functions":[{"function":"set_lore","lore":["191"]}]},
{"weight":1,"type":"item","name":"serp:mt_grass","functions":[{"function":"set_lore","lore":["192"]}]},
{"weight":1,"type":"item","name":"serp:mt_grass","functions":[{"function":"set_lore","lore":["193"]}]},
{"weight":1,"type":"item","name":"serp:mt_ground","functions":[{"function":"set_lore","lore":["201"]}]},
{"weight":1,"type":"item","name":"serp:mt_ground","functions":[{"function":"set_lore","lore":["202"]}]},
{"weight":1,"type":"item","name":"serp:mt_ground","functions":[{"function":"set_lore","lore":["203"]}]},
{"weight":1,"type":"item","name":"serp:mt_ground","functions":[{"function":"set_lore","lore":["211"]}]},
{"weight":1,"type":"item","name":"serp:mt_ground","functions":[{"function":"set_lore","lore":["212"]}]},
{"weight":1,"type":"item","name":"serp:mt_ground","functions":[{"function":"set_lore","lore":["213"]}]},
{"weight":1,"type":"item","name":"serp:mt_ice","functions":[{"function":"set_lore","lore":["221"]}]},
{"weight":1,"type":"item","name":"serp:mt_ice","functions":[{"function":"set_lore","lore":["222"]}]},
{"weight":1,"type":"item","name":"serp:mt_ice","functions":[{"function":"set_lore","lore":["223"]}]},
{"weight":1,"type":"item","name":"serp:mt_ice","functions":[{"function":"set_lore","lore":["231"]}]},
{"weight":1,"type":"item","name":"serp:mt_ice","functions":[{"function":"set_lore","lore":["232"]}]},
{"weight":1,"type":"item","name":"serp:mt_ice","functions":[{"function":"set_lore","lore":["233"]}]},
{"weight":1,"type":"item","name":"serp:mt_normal","functions":[{"function":"set_lore","lore":["241"]}]},
{"weight":1,"type":"item","name":"serp:mt_normal","functions":[{"function":"set_lore","lore":["242"]}]},
{"weight":1,"type":"item","name":"serp:mt_normal","functions":[{"function":"set_lore","lore":["243"]}]},
{"weight":1,"type":"item","name":"serp:mt_normal","functions":[{"function":"set_lore","lore":["251"]}]},
{"weight":1,"type":"item","name":"serp:mt_normal","functions":[{"function":"set_lore","lore":["252"]}]},
{"weight":1,"type":"item","name":"serp:mt_normal","functions":[{"function":"set_lore","lore":["253"]}]},
{"weight":1,"type":"item","name":"serp:mt_poison","functions":[{"function":"set_lore","lore":["261"]}]},
{"weight":1,"type":"item","name":"serp:mt_poison","functions":[{"function":"set_lore","lore":["262"]}]},
{"weight":1,"type":"item","name":"serp:mt_poison","functions":[{"function":"set_lore","lore":["263"]}]},
{"weight":1,"type":"item","name":"serp:mt_poison","functions":[{"function":"set_lore","lore":["271"]}]},
{"weight":1,"type":"item","name":"serp:mt_poison","functions":[{"function":"set_lore","lore":["272"]}]},
{"weight":1,"type":"item","name":"serp:mt_poison","functions":[{"function":"set_lore","lore":["273"]}]},
{"weight":1,"type":"item","name":"serp:mt_psychic","functions":[{"function":"set_lore","lore":["281"]}]},
{"weight":1,"type":"item","name":"serp:mt_psychic","functions":[{"function":"set_lore","lore":["282"]}]},
{"weight":1,"type":"item","name":"serp:mt_psychic","functions":[{"function":"set_lore","lore":["283"]}]},
{"weight":1,"type":"item","name":"serp:mt_psychic","functions":[{"function":"set_lore","lore":["291"]}]},
{"weight":1,"type":"item","name":"serp:mt_psychic","functions":[{"function":"set_lore","lore":["292"]}]},
{"weight":1,"type":"item","name":"serp:mt_psychic","functions":[{"function":"set_lore","lore":["293"]}]},
{"weight":1,"type":"item","name":"serp:mt_rock","functions":[{"function":"set_lore","lore":["301"]}]},
{"weight":1,"type":"item","name":"serp:mt_rock","functions":[{"function":"set_lore","lore":["302"]}]},
{"weight":1,"type":"item","name":"serp:mt_rock","functions":[{"function":"set_lore","lore":["303"]}]},
{"weight":1,"type":"item","name":"serp:mt_rock","functions":[{"function":"set_lore","lore":["311"]}]},
{"weight":1,"type":"item","name":"serp:mt_rock","functions":[{"function":"set_lore","lore":["312"]}]},
{"weight":1,"type":"item","name":"serp:mt_rock","functions":[{"function":"set_lore","lore":["313"]}]},
{"weight":1,"type":"item","name":"serp:mt_steel","functions":[{"function":"set_lore","lore":["321"]}]},
{"weight":1,"type":"item","name":"serp:mt_steel","functions":[{"function":"set_lore","lore":["322"]}]},
{"weight":1,"type":"item","name":"serp:mt_steel","functions":[{"function":"set_lore","lore":["323"]}]},
{"weight":1,"type":"item","name":"serp:mt_steel","functions":[{"function":"set_lore","lore":["331"]}]},
{"weight":1,"type":"item","name":"serp:mt_steel","functions":[{"function":"set_lore","lore":["332"]}]},
{"weight":1,"type":"item","name":"serp:mt_steel","functions":[{"function":"set_lore","lore":["333"]}]},
{"weight":1,"type":"item","name":"serp:mt_water","functions":[{"function":"set_lore","lore":["341"]}]},
{"weight":1,"type":"item","name":"serp:mt_water","functions":[{"function":"set_lore","lore":["342"]}]},
{"weight":1,"type":"item","name":"serp:mt_water","functions":[{"function":"set_lore","lore":["343"]}]},
{"weight":1,"type":"item","name":"serp:mt_water","functions":[{"function":"set_lore","lore":["351"]}]},
{"weight":1,"type":"item","name":"serp:mt_water","functions":[{"function":"set_lore","lore":["352"]}]},
{"weight":1,"type":"item","name":"serp:mt_water","functions":[{"function":"set_lore","lore":["353"]}]}
            ]
        }
    ]
}