{
  "pools": [
        {
            "rolls": 1,
            "entries": [
{"type":"item","name":"serp:poke","functions":[{"function":"set_count","count":{"min":3,"max":6}}]}
            ]
        },
        {
            "rolls": 1,
            "entries": [
{"weight":75},
{"weight":25,"type":"item","name":"serp:berry_seeds"}
            ]
        },
        {
            "rolls": 1,
            "entries": [
{"type":"item","name":"serp:black_apricorn","functions":[{"function":"set_count","count":{"min":0,"max":1}}]},
{"type":"item","name":"serp:blue_apricorn","functions":[{"function":"set_count","count":{"min":0,"max":1}}]},
{"type":"item","name":"serp:cyan_apricorn","functions":[{"function":"set_count","count":{"min":0,"max":1}}]},
{"type":"item","name":"serp:green_apricorn","functions":[{"function":"set_count","count":{"min":0,"max":1}}]},
{"type":"item","name":"serp:orange_apricorn","functions":[{"function":"set_count","count":{"min":0,"max":1}}]},
{"type":"item","name":"serp:red_apricorn","functions":[{"function":"set_count","count":{"min":0,"max":1}}]},
{"type":"item","name":"serp:white_apricorn","functions":[{"function":"set_count","count":{"min":0,"max":1}}]},
{"type":"item","name":"serp:yellow_apricorn","functions":[{"function":"set_count","count":{"min":0,"max":1}}]}
            ]
        },
        {
            "rolls": 1,
            "entries": [
{"type":"item","name":"serp:oran_berry","functions":[{"function":"set_count","count":{"min":1,"max":5}}]}
            ]
        },
        {
            "rolls": 1,
            "entries": [
{"type":"item","name":"serp:sitrus_berry","functions":[{"function":"set_count","count":{"min":0,"max":4}}]}
            ]
        },
        {
            "rolls": 1,
            "entries": [
{"type":"item","name":"serp:mago_berry","functions":[{"function":"set_count","count":{"min":0,"max":3}}]}
            ]
        },
        {
            "rolls": 1,
            "entries": [
{"type":"item","name":"serp:enigma_berry","functions":[{"function":"set_count","count":{"min":0,"max":2}}]}
            ]
        },
        {
            "rolls": 1,
            "entries": [
{"type":"item","name":"serp:chery_berry","functions":[{"function":"set_count","count":{"min":0,"max":2}}]}
            ]
        },
        {
            "rolls": 1,
            "entries": [
{"type":"item","name":"serp:leppa_berry","functions":[{"function":"set_count","count":{"min":0,"max":2}}]}
            ]
        },
        {
            "rolls": 1,
            "entries": [
{"type":"item","name":"serp:lum_berry","functions":[{"function":"set_count","count":{"min":0,"max":2}}]}
            ]
        },
        {
            "rolls": 1,
            "entries": [
{"type":"item","name":"serp:nanab_berry","functions":[{"function":"set_count","count":{"min":0,"max":2}}]}
            ]
        },
        {
            "rolls": 1,
            "entries": [
{"type":"item","name":"serp:hondew_berry","functions":[{"function":"set_count","count":{"min":0,"max":2}}]}
            ]
        },
        {
            "rolls": 1,
            "entries": [
{"type":"item","name":"serp:pamtre_berry","functions":[{"function":"set_count","count":{"min":0,"max":2}}]}
            ]
        },
        {
            "rolls": 1,
            "entries": [
{"type":"item","name":"serp:razz_berry","functions":[{"function":"set_count","count":{"min":0,"max":2}}]}
            ]
        },
        {
            "rolls": 1,
            "entries": [
{"type":"item","name":"serp:pinap_berry","functions":[{"function":"set_count","count":{"min":0,"max":2}}]}
            ]
        },
        {
            "rolls": 1,
            "entries": [
{"type":"item","name":"serp:rindo_berry","functions":[{"function":"set_count","count":{"min":0,"max":2}}]}
            ]
        },
        {
            "rolls": 1,
            "entries": [
{"type":"item","name":"serp:tamato_berry","functions":[{"function":"set_count","count":{"min":0,"max":2}}]}
            ]
        }
    ]
}