{
  "pools":[
    {
      "rolls":1,
      "entries":[
{"type":"item","name":"minecraft:blaze_rod","weight":5},
{"type":"item","name":"minecraft:ender_pearl","weight":5},
{"type":"item","name":"minecraft:iron_ingot","weight":10,"functions":[{"function":"set_count","count":{"min":2,"max":5}}]},
{"type":"item","name":"minecraft:gold_ingot","weight":10,"functions":[{"function":"set_count","count":{"min":2,"max":5}}]},
{"type":"item","name":"minecraft:copper","weight":10,"functions":[{"function":"set_count","count":{"min":1,"max":4}}]},
{"type":"item","name":"minecraft:redstone","weight":10,"functions":[{"function":"set_count","count":{"min":3,"max":6}}]},
{"type":"item","name":"minecraft:flint","weight":10,"functions":[{"function":"set_count","count":{"min":2,"max":4}}]},
{"type":"item","name":"minecraft:glowstone_dust","weight":10,"functions":[{"function":"set_count","count":{"min":4,"max":8}}]},
{"type":"item","name":"minecraft:stick","weight":10,"functions":[{"function":"set_count","count":{"min":3,"max":6}}]},
{"type":"item","name":"minecraft:string","weight":10,"functions":[{"function":"set_count","count":{"min":2,"max":6}}]},
{"type":"item","name":"minecraft:dye","weight":5,"functions":[{"function":"set_data","data":16},{"function":"set_count","count":{"min":1,"max":2}}]},
{"type":"item","name":"minecraft:dye","weight":5,"functions":[{"function":"set_data","data":18},{"function":"set_count","count":{"min":1,"max":2}}]},
{"type":"item","name":"minecraft:dye","weight":5,"functions":[{"function":"set_data","data":8},{"function":"set_count","count":{"min":1,"max":2}}]},
{"type":"item","name":"minecraft:dye","weight":5,"functions":[{"function":"set_data","data":2},{"function":"set_count","count":{"min":1,"max":2}}]},
{"type":"item","name":"minecraft:dye","weight":5,"functions":[{"function":"set_data","data":1},{"function":"set_count","count":{"min":1,"max":2}}]},
{"type":"item","name":"minecraft:dye","weight":5,"functions":[{"function":"set_data","data":19},{"function":"set_count","count":{"min":1,"max":2}}]},
{"type":"item","name":"minecraft:dye","weight":5,"functions":[{"function":"set_data","data":11},{"function":"set_count","count":{"min":1,"max":2}}]},
{"type":"item","name":"minecraft:slimeball","weight":5,"functions":[{"function":"set_count","count":{"min":2,"max":4}}]}
      ]
    }
  ]
}