{
    "pools": [
      {
        "rolls": {
          "min": 1,
          "max": 1
        },
        "entries": [
          {
            "type": "item",
            "name": "minecraft:emerald",
            "weight": 2
          },
          {
            "type": "item",
            "name": "minecraft:wheat",
            "weight": 2
          },
          {
            "type": "item",
            "name": "minecraft:wooden_hoe",
            "weight": 2
          },
          {
            "type": "item",
            "name": "minecraft:clay",
            "weight": 2
          },
          {
            "type": "item",
            "name": "minecraft:brick",
            "weight": 2
          },
          {
            "type": "item",
            "name": "minecraft:yellow_dye",
            "weight": 2
          },
          {
            "type": "item",
            "name": "minecraft:blue_dye",
            "weight": 2
          },
          {
            "type": "item",
            "name": "minecraft:light_blue_dye",
            "weight": 2
          },
          {
            "type": "item",
            "name": "minecraft:white_dye",
            "weight": 2
          },
          {
            "type": "item",
            "name": "minecraft:orange_dye",
            "weight": 2
          },
          {
            "type": "item",
            "name": "minecraft:red_candle",
            "weight": 2
          },
          {
            "type": "item",
            "name": "minecraft:green_candle",
            "weight": 2
          },
          {
            "type": "item",
            "name": "minecraft:purple_candle",
            "weight": 2
          },
          {
            "type": "item",
            "name": "minecraft:brown_candle",
            "weight": 2
          },
          {
            "type": "item",
            "name": "minecraft:stained_glass_pane",
            "weight": 1,
            "functions": [
              {
                "function": "set_data", // magenta
                "data": 2
              }
            ]
          },
          {
            "type": "item",
            "name": "minecraft:stained_glass_pane",
            "weight": 1,
            "functions": [
              {
                "function": "set_data", // pink
                "data": 6
              }
            ]
          },
          {
            "type": "item",
            "name": "minecraft:stained_glass_pane",
            "weight": 1,
            "functions": [
              {
                "function": "set_data", // blue
                "data": 11
              }
            ]
          },
          {
            "type": "item",
            "name": "minecraft:stained_glass_pane",
            "weight": 1,
            "functions": [
              {
                "function": "set_data", // light blue
                "data": 3
              }
            ]
          },
          {
            "type": "item",
            "name": "minecraft:stained_glass_pane",
            "weight": 1,
            "functions": [
              {
                "function": "set_data", // red
                "data": 14
              }
            ]
          },
          {
            "type": "item",
            "name": "minecraft:stained_glass_pane",
            "weight": 1,
            "functions": [
              {
                "function": "set_data", // yellow
                "data": 4
              }
            ]
          },
          {
            "type": "item",
            "name": "minecraft:stained_glass_pane",
            "weight": 1,
            "functions": [
              {
                "function": "set_data", // purple
                "data": 10
              }
            ]
          },
          {
            "type": "item",
            "name": "minecraft:spruce_hanging_sign",
            "weight": 1
          },
          {
            "type": "item",
            "name": "minecraft:oak_hanging_sign",
            "weight": 1
          },
          {
            "type": "item",
            "name": "minecraft:gold_nugget",
            "weight": 1
          },
          {
            "type": "item",
            "name": "minecraft:coal",
            "weight": 1
          },
          {
            "type": "item",
            "name": "minecraft:wheat_seeds",
            "weight": 1
          },
          {
            "type": "item",
            "name": "minecraft:beetroot_seeds",
            "weight": 1
          },
          {
            "type": "item",
            "name": "minecraft:deadbush",
            "weight": 1
          },
          {
            "type": "item",
            "name": "minecraft:flower_pot",
            "weight": 1
          },
          {
            "type": "item",
            "name": "minecraft:string",
            "weight": 1
          },
          {
            "type": "item",
            "name": "minecraft:lead",
            "weight": 1
          },
          {"type":"item","name":"serp:fossil_helix","weight":2},
          {"type":"item","name":"serp:fossil_dome","weight":2},
          {"type":"item","name":"serp:ancient_amber","weight":2}
        ]
      }
    ]
  }
