{
	"format_version": "1.12.0",
	"minecraft:geometry": [
		{
			"description": {
				"identifier": "geometry.serp_rock",
				"texture_width": 96,
				"texture_height": 96,
				"visible_bounds_width": 3,
				"visible_bounds_height": 4,
				"visible_bounds_offset": [0, 1, 0]
			},
			"bones": [
				{
					"name": "bb_main",
					"pivot": [0, 0, 0],
					"cubes": [
						{"origin": [-7, 0, -7], "size": [14, 8, 14], "uv": [0, 0]},
						{"origin": [-6, 1, 7], "size": [12, 7, 1], "uv": [44, 46]},
						{"origin": [-6, 1, -8], "size": [12, 7, 1], "uv": [43, 0]},
						{"origin": [7, 1, -6], "size": [1, 7, 12], "uv": [0, 38]},
						{"origin": [-8, 1, -6], "size": [1, 7, 12], "uv": [29, 26]},
						{"origin": [-5, 8, -7], "size": [10, 3, 2], "uv": [57, 39]},
						{"origin": [-5, 8, 5], "size": [10, 3, 2], "uv": [55, 56]},
						{"origin": [-5, 8, -5], "size": [10, 4, 10], "uv": [0, 23]},
						{"origin": [-5, 12, -3], "size": [2, 1, 6], "uv": [0, 58]},
						{"origin": [3, 12, -3], "size": [2, 1, 6], "uv": [15, 40]},
						{"origin": [-3, 12, -5], "size": [6, 1, 2], "uv": [57, 17]},
						{"origin": [-3, 12, 3], "size": [6, 1, 2], "uv": [43, 9]},
						{"origin": [-7, 8, -5], "size": [2, 3, 10], "uv": [27, 46]},
						{"origin": [5, 8, -5], "size": [2, 3, 10], "uv": [45, 23]},
						{"origin": [-3, 13, -3], "size": [6, 1, 6], "uv": [57, 9]}
					]
				}
			]
		},
		{
			"description": {
				"identifier": "geometry.serp_key",
				"texture_width": 96,
				"texture_height": 96,
				"visible_bounds_width": 3,
				"visible_bounds_height": 4,
				"visible_bounds_offset": [0, 1, 0]
			},
			"bones": [
				{
					"name": "bb_main",
					"pivot": [0, 0, 0],
					"cubes": [
						{"origin": [-5, 0, -7], "size": [10, 3, 2], "uv": [57, 39]},
						{"origin": [-8, 0, 0], "size": [16, 17, 0], "uv": [0, 67]},
						{"origin": [0, 0, -8], "size": [0, 16, 16], "uv": [0, 51]},
						{"origin": [-5, 0, 5], "size": [10, 3, 2], "uv": [55, 56]},
						{"origin": [-5, 0, -5], "size": [10, 4, 10], "uv": [0, 23]},
						{"origin": [-5, 4, -3], "size": [2, 1, 6], "uv": [0, 58]},
						{"origin": [3, 4, -3], "size": [2, 1, 6], "uv": [15, 40]},
						{"origin": [-3, 4, -5], "size": [6, 1, 2], "uv": [57, 17]},
						{"origin": [-3, 4, 3], "size": [6, 1, 2], "uv": [43, 9]},
						{"origin": [-7, 0, -5], "size": [2, 3, 10], "uv": [27, 46]},
						{"origin": [5, 0, -5], "size": [2, 3, 10], "uv": [45, 23]},
						{"origin": [-3, 5, -3], "size": [6, 1, 6], "uv": [57, 9]}
					]
				}
			]
		}
	]
}