{
	"format_version": "1.12.0",
	"minecraft:geometry": [
		{
			"description": {
				"identifier": "geometry.serpgloom",
				"texture_width": 64,
				"texture_height": 64,
				"visible_bounds_width": 3,
				"visible_bounds_height": 3.5,
				"visible_bounds_offset": [0, 1.25, 0]
			},
			"bones": [
				{
					"name": "gloom",
					"pivot": [0, 9, 0]
				},
				{
					"name": "body",
					"parent": "gloom",
					"pivot": [0, 8, 0],
					"cubes": [
						{"origin": [-5, 3.5, -5], "size": [10, 9, 10], "uv": [0, 0]},
						{"origin": [-6, 14, -13], "size": [4, 0, 8], "pivot": [-3, 14, -5], "rotation": [45, 45, 0], "uv": [41, 30]},
						{"origin": [2, 14, -13], "size": [4, 0, 8], "pivot": [3, 14, -5], "rotation": [45, -45, 0], "uv": [41, 30], "mirror": true},
						{"origin": [4, 12.5, 2], "size": [10, 0, 4], "pivot": [4, 12.5, 4], "rotation": [50, -21.46902, -30], "uv": [31, 0]},
						{"origin": [-2, 12, -2], "size": [4, 5, 4], "uv": [19, 39]},
						{"origin": [-11, 13.6, 3], "size": [7, 0, 4], "pivot": [-5, 13.6, 5], "rotation": [0, 0, -35], "uv": [31, 5]},
						{"origin": [-9.91449, 6.15936, 3], "size": [0, 4, 4], "uv": [0, 0]},
						{"origin": [-4, 4.5, -6], "size": [8, 8, 1], "uv": [0, 39]},
						{"origin": [-4, 4.5, 5], "size": [8, 8, 1], "uv": [0, 39]},
						{"origin": [-6, 4.5, -4], "size": [1, 8, 8], "uv": [25, 22]},
						{"origin": [5, 4.5, -4], "size": [1, 8, 8], "uv": [25, 22], "mirror": true},
						{"origin": [-4, 2.5, -4], "size": [8, 1, 8], "uv": [0, 20]},
						{"origin": [-4, 12.5, -4], "size": [8, 1, 8], "uv": [0, 55]}
					]
				},
				{
					"name": "top1",
					"parent": "body",
					"pivot": [0, 13, -4.5],
					"cubes": [
						{"origin": [-2.5, 13, -7], "size": [5, 5, 5], "uv": [36, 15]},
						{"origin": [-2, 12.5, -6.5], "size": [4, 1, 4], "uv": [36, 41]},
						{"origin": [-2, 17.5, -6.5], "size": [4, 1, 4], "uv": [36, 41]},
						{"origin": [-3, 13.5, -6.5], "size": [1, 4, 4], "uv": [32, 47]},
						{"origin": [2, 13.5, -6.5], "size": [1, 4, 4], "uv": [32, 47], "mirror": true},
						{"origin": [-2, 13.5, -7.5], "size": [4, 4, 1], "uv": [43, 47]}
					]
				},
				{
					"name": "top3",
					"parent": "body",
					"pivot": [0, 13, 4.5],
					"cubes": [
						{"origin": [-2.5, 13, 2], "size": [5, 5, 5], "uv": [36, 15]},
						{"origin": [-2, 12.5, 2.5], "size": [4, 1, 4], "uv": [36, 41]},
						{"origin": [-2, 17.5, 2.5], "size": [4, 1, 4], "uv": [36, 41]},
						{"origin": [-3, 13.5, 2.5], "size": [1, 4, 4], "uv": [32, 47]},
						{"origin": [2, 13.5, 2.5], "size": [1, 4, 4], "uv": [32, 47], "mirror": true},
						{"origin": [-2, 13.5, 6.5], "size": [4, 4, 1], "uv": [43, 47]}
					]
				},
				{
					"name": "top2",
					"parent": "body",
					"pivot": [-5, 13, -0.5],
					"cubes": [
						{"origin": [-7, 13, -2.5], "size": [5, 5, 5], "uv": [36, 15]},
						{"origin": [-7, 12.5, -2.5], "size": [4, 1, 4], "uv": [36, 41]},
						{"origin": [-6.45, 17.5, -2], "size": [4, 1, 4], "uv": [36, 41]},
						{"origin": [-7.5, 13.5, -2], "size": [1, 4, 4], "uv": [32, 47]},
						{"origin": [-6.5, 13.5, -3], "size": [4, 4, 1], "uv": [43, 47]},
						{"origin": [-6.5, 13.5, 2], "size": [4, 4, 1], "uv": [43, 47]}
					]
				},
				{
					"name": "top4",
					"parent": "body",
					"pivot": [5, 13, -0.5],
					"cubes": [
						{"origin": [2, 13, -2.5], "size": [5, 5, 5], "uv": [36, 15], "mirror": true},
						{"origin": [3, 12.5, -2.5], "size": [4, 1, 4], "uv": [36, 41], "mirror": true},
						{"origin": [2.45, 17.5, -2], "size": [4, 1, 4], "uv": [36, 41], "mirror": true},
						{"origin": [6.5, 13.5, -2], "size": [1, 4, 4], "uv": [32, 47], "mirror": true},
						{"origin": [2.5, 13.5, -3], "size": [4, 4, 1], "uv": [43, 47], "mirror": true},
						{"origin": [2.5, 13.5, 2], "size": [4, 4, 1], "uv": [43, 47], "mirror": true}
					]
				},
				{
					"name": "open_eyes",
					"parent": "body",
					"pivot": [0, 8, 0],
					"cubes": [
						{"origin": [-4.5, 9, -6.1], "size": [9, 2, 0], "uv": [0, 30]}
					]
				},
				{
					"name": "closed_eyes",
					"parent": "body",
					"pivot": [0, 8, 0],
					"cubes": [
						{"origin": [-4.5, 9, -6.1], "size": [9, 2, 0], "uv": [0, 32]}
					]
				},
				{
					"name": "angry_eyes",
					"parent": "body",
					"pivot": [0, 8, 0],
					"cubes": [
						{"origin": [-4.5, 9, -6.1], "size": [9, 2, 0], "uv": [0, 34]}
					]
				},
				{
					"name": "arms",
					"parent": "gloom",
					"pivot": [0, 9, 0]
				},
				{
					"name": "right_arm",
					"parent": "arms",
					"pivot": [-6, 9, 0],
					"rotation": [0, 0, -45],
					"cubes": [
						{"origin": [-11, 7, -1], "size": [5, 2, 2], "uv": [41, 10]}
					]
				},
				{
					"name": "left_arm",
					"parent": "arms",
					"pivot": [6, 9, 0],
					"rotation": [0, 0, 45],
					"cubes": [
						{"origin": [6, 7, -1], "size": [5, 2, 2], "uv": [41, 10], "mirror": true}
					]
				},
				{
					"name": "legs",
					"parent": "gloom",
					"pivot": [0, 3, 0]
				},
				{
					"name": "right_leg",
					"parent": "legs",
					"pivot": [-2.5, 3, 0],
					"cubes": [
						{"origin": [-3.5, 0, -5], "size": [2, 1.5, 6], "uv": [38, 33]},
						{"origin": [-3, 1, -0.5], "size": [1, 2, 1], "uv": [5, 0]}
					]
				},
				{
					"name": "left_leg",
					"parent": "legs",
					"pivot": [2.5, 3, 0],
					"cubes": [
						{"origin": [1.5, 0, -5], "size": [2, 1.5, 6], "uv": [38, 33], "mirror": true},
						{"origin": [2, 1, -0.5], "size": [1, 2, 1], "uv": [5, 0], "mirror": true}
					]
				}
			]
		},
		{
			"description": {
				"identifier": "geometry.serpgloom_aura",
				"texture_width": 64,
				"texture_height": 64,
				"visible_bounds_width": 3,
				"visible_bounds_height": 3.5,
				"visible_bounds_offset": [0, 1.25, 0]
			},
			"bones": [
				{
					"name": "gloom",
					"pivot": [0, 9, 0]
				},
				{
					"name": "body",
					"parent": "gloom",
					"pivot": [0, 8, 0],
					"cubes": [
						{"origin": [-5, 3.5, -5], "size": [10, 9, 10], "inflate": 0.25, "uv": [0, 0]},
						{"origin": [-6, 14, -13], "size": [4, 0, 8], "inflate": 0.25, "pivot": [-3, 14, -5], "rotation": [45, 45, 0], "uv": [41, 30]},
						{"origin": [2, 14, -13], "size": [4, 0, 8], "inflate": 0.25, "pivot": [3, 14, -5], "rotation": [45, -45, 0], "uv": [41, 30], "mirror": true},
						{"origin": [4, 12.5, 2], "size": [10, 0, 4], "inflate": 0.25, "pivot": [4, 12.5, 4], "rotation": [50, -21.46902, -30], "uv": [31, 0]},
						{"origin": [-2, 12, -2], "size": [4, 5, 4], "inflate": 0.25, "uv": [19, 39]},
						{"origin": [-11, 13.6, 3], "size": [7, 0, 4], "inflate": 0.25, "pivot": [-5, 13.6, 5], "rotation": [0, 0, -35], "uv": [31, 5]},
						{"origin": [-9.91449, 6.15936, 3], "size": [0, 4, 4], "inflate": 0.25, "uv": [0, 0]},
						{"origin": [-4, 4.5, -6], "size": [8, 8, 1], "inflate": 0.25, "uv": [0, 39]},
						{"origin": [-4, 4.5, 5], "size": [8, 8, 1], "inflate": 0.25, "uv": [0, 39]},
						{"origin": [-6, 4.5, -4], "size": [1, 8, 8], "inflate": 0.25, "uv": [25, 22]},
						{"origin": [5, 4.5, -4], "size": [1, 8, 8], "inflate": 0.25, "uv": [25, 22], "mirror": true},
						{"origin": [-4, 2.5, -4], "size": [8, 1, 8], "inflate": 0.25, "uv": [0, 20]},
						{"origin": [-4, 12.5, -4], "size": [8, 1, 8], "inflate": 0.25, "uv": [0, 55]}
					]
				},
				{
					"name": "top1",
					"parent": "body",
					"pivot": [0, 13, -4.5],
					"cubes": [
						{"origin": [-2.5, 13, -7], "size": [5, 5, 5], "inflate": 0.25, "uv": [36, 15]},
						{"origin": [-2, 12.5, -6.5], "size": [4, 1, 4], "inflate": 0.25, "uv": [36, 41]},
						{"origin": [-2, 17.5, -6.5], "size": [4, 1, 4], "inflate": 0.25, "uv": [36, 41]},
						{"origin": [-3, 13.5, -6.5], "size": [1, 4, 4], "inflate": 0.25, "uv": [32, 47]},
						{"origin": [2, 13.5, -6.5], "size": [1, 4, 4], "inflate": 0.25, "uv": [32, 47], "mirror": true},
						{"origin": [-2, 13.5, -7.5], "size": [4, 4, 1], "inflate": 0.25, "uv": [43, 47]}
					]
				},
				{
					"name": "top3",
					"parent": "body",
					"pivot": [0, 13, 4.5],
					"cubes": [
						{"origin": [-2.5, 13, 2], "size": [5, 5, 5], "inflate": 0.25, "uv": [36, 15]},
						{"origin": [-2, 12.5, 2.5], "size": [4, 1, 4], "inflate": 0.25, "uv": [36, 41]},
						{"origin": [-2, 17.5, 2.5], "size": [4, 1, 4], "inflate": 0.25, "uv": [36, 41]},
						{"origin": [-3, 13.5, 2.5], "size": [1, 4, 4], "inflate": 0.25, "uv": [32, 47]},
						{"origin": [2, 13.5, 2.5], "size": [1, 4, 4], "inflate": 0.25, "uv": [32, 47], "mirror": true},
						{"origin": [-2, 13.5, 6.5], "size": [4, 4, 1], "inflate": 0.25, "uv": [43, 47]}
					]
				},
				{
					"name": "top2",
					"parent": "body",
					"pivot": [-5, 13, -0.5],
					"cubes": [
						{"origin": [-7, 13, -2.5], "size": [5, 5, 5], "inflate": 0.25, "uv": [36, 15]},
						{"origin": [-7, 12.5, -2.5], "size": [4, 1, 4], "inflate": 0.25, "uv": [36, 41]},
						{"origin": [-6.45, 17.5, -2], "size": [4, 1, 4], "inflate": 0.25, "uv": [36, 41]},
						{"origin": [-7.5, 13.5, -2], "size": [1, 4, 4], "inflate": 0.25, "uv": [32, 47]},
						{"origin": [-6.5, 13.5, -3], "size": [4, 4, 1], "inflate": 0.25, "uv": [43, 47]},
						{"origin": [-6.5, 13.5, 2], "size": [4, 4, 1], "inflate": 0.25, "uv": [43, 47]}
					]
				},
				{
					"name": "top4",
					"parent": "body",
					"pivot": [5, 13, -0.5],
					"cubes": [
						{"origin": [2, 13, -2.5], "size": [5, 5, 5], "inflate": 0.25, "uv": [36, 15], "mirror": true},
						{"origin": [3, 12.5, -2.5], "size": [4, 1, 4], "inflate": 0.25, "uv": [36, 41], "mirror": true},
						{"origin": [2.45, 17.5, -2], "size": [4, 1, 4], "inflate": 0.25, "uv": [36, 41], "mirror": true},
						{"origin": [6.5, 13.5, -2], "size": [1, 4, 4], "inflate": 0.25, "uv": [32, 47], "mirror": true},
						{"origin": [2.5, 13.5, -3], "size": [4, 4, 1], "inflate": 0.25, "uv": [43, 47], "mirror": true},
						{"origin": [2.5, 13.5, 2], "size": [4, 4, 1], "inflate": 0.25, "uv": [43, 47], "mirror": true}
					]
				},
				{
					"name": "open_eyes",
					"parent": "body",
					"pivot": [0, 8, 0],
					"cubes": [
						{"origin": [-4.5, 9, -6.1], "size": [9, 2, 0], "inflate": 0.25, "uv": [0, 30]}
					]
				},
				{
					"name": "arms",
					"parent": "gloom",
					"pivot": [0, 9, 0]
				},
				{
					"name": "right_arm",
					"parent": "arms",
					"pivot": [-6, 9, 0],
					"rotation": [0, 0, -45],
					"cubes": [
						{"origin": [-11, 7, -1], "size": [5, 2, 2], "inflate": 0.25, "uv": [41, 10]}
					]
				},
				{
					"name": "left_arm",
					"parent": "arms",
					"pivot": [6, 9, 0],
					"rotation": [0, 0, 45],
					"cubes": [
						{"origin": [6, 7, -1], "size": [5, 2, 2], "inflate": 0.25, "uv": [41, 10], "mirror": true}
					]
				},
				{
					"name": "legs",
					"parent": "gloom",
					"pivot": [0, 3, 0]
				},
				{
					"name": "right_leg",
					"parent": "legs",
					"pivot": [-2.5, 3, 0],
					"cubes": [
						{"origin": [-3.5, 0, -5], "size": [2, 1.5, 6], "inflate": 0.25, "uv": [38, 33]},
						{"origin": [-3, 1, -0.5], "size": [1, 2, 1], "inflate": 0.25, "uv": [5, 0]}
					]
				},
				{
					"name": "left_leg",
					"parent": "legs",
					"pivot": [2.5, 3, 0],
					"cubes": [
						{"origin": [1.5, 0, -5], "size": [2, 1.5, 6], "inflate": 0.25, "uv": [38, 33], "mirror": true},
						{"origin": [2, 1, -0.5], "size": [1, 2, 1], "inflate": 0.25, "uv": [5, 0], "mirror": true}
					]
				}
			]
		}
	]
}