{
	"format_version": "1.12.0",
	"minecraft:geometry": [
		{
			"description": {
				"identifier": "geometry.serpoddish",
				"texture_width": 64,
				"texture_height": 64,
				"visible_bounds_width": 3,
				"visible_bounds_height": 3.5,
				"visible_bounds_offset": [0, 1.25, 0]
			},
			"bones": [
				{
					"name": "oddish",
					"pivot": [0, 0, 0]
				},
				{
					"name": "body",
					"parent": "oddish",
					"pivot": [0, 7, 0],
					"cubes": [
						{"origin": [-5, 3.5, -5], "size": [10, 8, 10], "uv": [0, 0]},
						{"origin": [-4, 4.5, -6], "size": [8, 6, 1], "uv": [31, 0]},
						{"origin": [-4, 4.5, 5], "size": [8, 6, 1], "uv": [31, 0]},
						{"origin": [-6, 4.5, -4], "size": [1, 6, 8], "uv": [25, 21]},
						{"origin": [5, 4.5, -4], "size": [1, 6, 8], "uv": [25, 21]},
						{"origin": [-4, 11.5, -4], "size": [8, 1, 8], "uv": [0, 19]},
						{"origin": [-4, 2.5, -4], "size": [8, 1, 8], "uv": [0, 19]}
					]
				},
				{
					"name": "open_eyes",
					"parent": "body",
					"pivot": [0, 7, 0],
					"cubes": [
						{"origin": [-3.5, 7, -6.1], "size": [7, 2, 0], "uv": [0, 50]}
					]
				},
				{
					"name": "closed_eyes",
					"parent": "body",
					"pivot": [0, 7, 0],
					"cubes": [
						{"origin": [-3.5, 7, -6.1], "size": [7, 2, 0], "uv": [0, 52]}
					]
				},
				{
					"name": "angry_eyes",
					"parent": "body",
					"pivot": [0, 7, 0],
					"cubes": [
						{"origin": [-3.5, 7, -6.1], "size": [7, 2, 0], "uv": [0, 54]}
					]
				},
				{
					"name": "leaves",
					"parent": "body",
					"pivot": [0, 12, 0],
					"cubes": [
						{"origin": [-3.5, 11.5, -2], "size": [7, 20, 0], "pivot": [0, 12.5, -2], "rotation": [-10, 0, 0], "uv": [0, 29]},
						{"origin": [-3.5, 10.5, 0], "size": [7, 20, 0], "pivot": [0, 12.5, 0], "rotation": [-20, 0, -30], "uv": [0, 29]},
						{"origin": [-3.5, 10.5, 0], "size": [7, 20, 0], "pivot": [0, 12.5, 0], "rotation": [-20, 0, 30], "uv": [0, 29], "mirror": true},
						{"origin": [-5, 13.5, -1], "size": [7, 15, 0], "pivot": [-1.5, 13.5, -1], "rotation": [-15, 0, -60], "uv": [15, 36]},
						{"origin": [-2, 13.5, -1], "size": [7, 15, 0], "pivot": [1.5, 13.5, -1], "rotation": [-15, 0, 60], "uv": [15, 36], "mirror": true}
					]
				},
				{
					"name": "legs",
					"parent": "oddish",
					"pivot": [0, 3, 1]
				},
				{
					"name": "right_leg",
					"parent": "legs",
					"pivot": [-2, 3, 1],
					"cubes": [
						{"origin": [-4, 0, -2], "size": [3, 2, 4], "uv": [36, 19]},
						{"origin": [-3.5, 2, 0], "size": [2, 1, 2], "uv": [0, 0]}
					]
				},
				{
					"name": "left_leg",
					"parent": "legs",
					"pivot": [2, 3, 1],
					"cubes": [
						{"origin": [1, 0, -2], "size": [3, 2, 4], "uv": [36, 19], "mirror": true},
						{"origin": [1.5, 2, 0], "size": [2, 1, 2], "uv": [0, 0], "mirror": true}
					]
				}
			]
		},
		{
			"description": {
				"identifier": "geometry.serpoddish_aura",
				"texture_width": 64,
				"texture_height": 64,
				"visible_bounds_width": 4,
				"visible_bounds_height": 3.5,
				"visible_bounds_offset": [0, 1.25, 0]
			},
			"bones": [
				{
					"name": "oddish",
					"pivot": [0, 0, 0]
				},
				{
					"name": "body",
					"parent": "oddish",
					"pivot": [0, 7, 0],
					"cubes": [
						{"origin": [-5, 3.5, -5], "size": [10, 8, 10], "inflate": 0.25, "uv": [0, 0]},
						{"origin": [-4, 4.5, -6], "size": [8, 6, 1], "inflate": 0.25, "uv": [31, 0]},
						{"origin": [-4, 4.5, 5], "size": [8, 6, 1], "inflate": 0.25, "uv": [31, 0]},
						{"origin": [-6, 4.5, -4], "size": [1, 6, 8], "inflate": 0.25, "uv": [25, 21]},
						{"origin": [5, 4.5, -4], "size": [1, 6, 8], "inflate": 0.25, "uv": [25, 21]},
						{"origin": [-4, 11.5, -4], "size": [8, 1, 8], "inflate": 0.25, "uv": [0, 19]},
						{"origin": [-4, 2.5, -4], "size": [8, 1, 8], "inflate": 0.25, "uv": [0, 19]}
					]
				},
				{
					"name": "open_eyes",
					"parent": "body",
					"pivot": [0, 7, 0],
					"cubes": [
						{"origin": [-3.5, 7, -6.1], "size": [7, 2, 0], "inflate": 0.25, "uv": [0, 50]}
					]
				},
				{
					"name": "closed_eyes",
					"parent": "body",
					"pivot": [0, 7, 0],
					"cubes": [
						{"origin": [-3.5, 7, -6.1], "size": [7, 2, 0], "inflate": 0.25, "uv": [0, 52]}
					]
				},
				{
					"name": "angry_eyes",
					"parent": "body",
					"pivot": [0, 7, 0],
					"cubes": [
						{"origin": [-3.5, 7, -6.1], "size": [7, 2, 0], "inflate": 0.25, "uv": [0, 54]}
					]
				},
				{
					"name": "leaves",
					"parent": "body",
					"pivot": [0, 12, 0],
					"cubes": [
						{"origin": [-3.5, 11.5, -2], "size": [7, 20, 0], "inflate": 0.25, "pivot": [0, 12.5, -2], "rotation": [-10, 0, 0], "uv": [0, 29]},
						{"origin": [-3.5, 10.5, 0], "size": [7, 20, 0], "inflate": 0.25, "pivot": [0, 12.5, 0], "rotation": [-20, 0, -30], "uv": [0, 29]},
						{"origin": [-3.5, 10.5, 0], "size": [7, 20, 0], "inflate": 0.25, "pivot": [0, 12.5, 0], "rotation": [-20, 0, 30], "uv": [0, 29], "mirror": true},
						{"origin": [-5, 13.5, -1], "size": [7, 15, 0], "inflate": 0.25, "pivot": [-1.5, 13.5, -1], "rotation": [-15, 0, -60], "uv": [15, 36]},
						{"origin": [-2, 13.5, -1], "size": [7, 15, 0], "inflate": 0.25, "pivot": [1.5, 13.5, -1], "rotation": [-15, 0, 60], "uv": [15, 36], "mirror": true}
					]
				},
				{
					"name": "legs",
					"parent": "oddish",
					"pivot": [0, 3, 1]
				},
				{
					"name": "right_leg",
					"parent": "legs",
					"pivot": [-2, 3, 1],
					"cubes": [
						{"origin": [-4, 0, -2], "size": [3, 2, 4], "inflate": 0.25, "uv": [36, 19]},
						{"origin": [-3.5, 2, 0], "size": [2, 1, 2], "inflate": 0.25, "uv": [0, 0]}
					]
				},
				{
					"name": "left_leg",
					"parent": "legs",
					"pivot": [2, 3, 1],
					"cubes": [
						{"origin": [1, 0, -2], "size": [3, 2, 4], "inflate": 0.25, "uv": [36, 19], "mirror": true},
						{"origin": [1.5, 2, 0], "size": [2, 1, 2], "inflate": 0.25, "uv": [0, 0], "mirror": true}
					]
				}
			]
		}
	]
}