{
	"format_version": "1.12.0",
	"minecraft:geometry": [
		{
			"description": {
				"identifier": "geometry.serplickitung",
				"texture_width": 80,
				"texture_height": 80,
				"visible_bounds_width": 4,
				"visible_bounds_height": 2.5,
				"visible_bounds_offset": [0, 0.75, 0]
			},
			"bones": [
				{
					"name": "lickitung",
					"pivot": [0, 0, 0]
				},
				{
					"name": "body_root",
					"parent": "lickitung",
					"pivot": [0, 3, -1]
				},
				{
					"name": "head",
					"parent": "body_root",
					"pivot": [0, 13, -4],
					"cubes": [
						{"origin": [-3.5, 13, -10.5], "size": [7, 5, 7], "uv": [30, 26]},
						{"origin": [-3, 17.5, -10], "size": [6, 1, 6], "uv": [31, 0]},
						{"origin": [-3, 13.5, -11], "size": [6, 4, 1], "uv": [12, 33]},
						{"origin": [-3, 13, -11.5], "size": [6, 2, 1], "uv": [12, 35]},
						{"origin": [-4.8, 13, -11.5], "size": [1.8, 2, 1], "pivot": [-3, 13, -11.5], "rotation": [0, 56.5, 0], "uv": [72, 44]},
						{"origin": [3, 13, -11.5], "size": [1.8, 2, 1], "pivot": [3, 13, -11.5], "rotation": [0, -56.5, 0], "uv": [72, 44], "mirror": true},
						{"origin": [-3, 13.5, -4], "size": [6, 4, 1], "uv": [12, 33]},
						{"origin": [-4, 13.5, -10], "size": [1, 4, 6], "uv": [50, 49]},
						{"origin": [3, 13.5, -10], "size": [1, 4, 6], "uv": [50, 49], "mirror": true},
						{"origin": [-3.5, 13, -8.5], "size": [7, 1, 5], "pivot": [0, 13, -3.5], "rotation": [40, 0, 0], "uv": [36, 17]}
					]
				},
				{
					"name": "tongue",
					"parent": "head",
					"pivot": [0, 12.5, -5.5],
					"rotation": [15, 0, 0],
					"cubes": [
						{"origin": [-2, 12.79661, -9.39472], "size": [4, 1, 4], "pivot": [0, 12.79661, -5.89472], "rotation": [10, 0, 0], "uv": [38, 48]},
						{"origin": [-2, 12.17365, -12.51519], "size": [4, 1, 3], "pivot": [0, 13.17365, -9.51519], "rotation": [40, 0, 0], "uv": [50, 0]},
						{"origin": [-2, 6.24529, -11.81333], "size": [4, 5, 1], "pivot": [0, 11.24529, -11.81333], "rotation": [-20, 0, 0], "uv": [0, 53]},
						{"origin": [-2, 4.11111, -13.00635], "size": [4, 3, 1], "pivot": [0, 7.11111, -13.00635], "rotation": [-65, 0, 0], "uv": [55, 7]}
					]
				},
				{
					"name": "open_eyes",
					"parent": "head",
					"pivot": [0, 13, -4],
					"cubes": [
						{"origin": [-3.5, 15, -10.5], "size": [1, 1, 1], "pivot": [-3.5, 15, -10.5], "rotation": [0, 45, 0], "uv": [0, 3]},
						{"origin": [2.5, 15, -10.5], "size": [1, 1, 1], "pivot": [3.5, 15, -10.5], "rotation": [0, -45, 0], "uv": [0, 3], "mirror": true}
					]
				},
				{
					"name": "closed_eyes",
					"parent": "head",
					"pivot": [0, 13, -4],
					"cubes": [
						{"origin": [-4, 15, -10.5], "size": [2, 1, 0], "pivot": [-3.5, 15, -10.5], "rotation": [0, 45, 0], "uv": [0, 5]},
						{"origin": [2, 15, -10.5], "size": [2, 1, 0], "pivot": [3.5, 15, -10.5], "rotation": [0, -45, 0], "uv": [0, 5], "mirror": true}
					]
				},
				{
					"name": "angry_eyes",
					"parent": "head",
					"pivot": [0, 13, -4],
					"cubes": [
						{"origin": [-3.5, 15, -10.5], "size": [1, 1, 1], "pivot": [-3.5, 15, -10.5], "rotation": [0, 45, 0], "uv": [0, 3]},
						{"origin": [-4, 15.5, -10.6], "size": [2, 1, 0], "pivot": [-3.5, 15, -10.5], "rotation": [0, 45, 0], "uv": [0, 6]},
						{"origin": [2, 15.5, -10.6], "size": [2, 1, 0], "pivot": [3.5, 15, -10.5], "rotation": [0, -45, 0], "uv": [0, 6], "mirror": true},
						{"origin": [2.5, 15, -10.5], "size": [1, 1, 1], "pivot": [3.5, 15, -10.5], "rotation": [0, -45, 0], "uv": [0, 3], "mirror": true}
					]
				},
				{
					"name": "body",
					"parent": "body_root",
					"pivot": [0, 3, 0],
					"rotation": [20, 0, 0],
					"cubes": [
						{"origin": [-5, 2, -2], "size": [10, 11, 10], "uv": [0, 0]},
						{"origin": [-4.5, 2.5, -2.5], "size": [9, 10, 1], "uv": [21, 39]},
						{"origin": [-4.5, 2.5, 7.5], "size": [9, 10, 1], "uv": [21, 39]},
						{"origin": [-4.5, 12.5, -1.5], "size": [9, 1, 9], "uv": [0, 22]},
						{"origin": [-4.5, 1.5, -1.5], "size": [9, 1, 9], "uv": [0, 22]},
						{"origin": [-5.5, 2.5, -1.5], "size": [1, 10, 9], "uv": [0, 33]},
						{"origin": [4.5, 2.5, -1.5], "size": [1, 10, 9], "uv": [0, 33], "mirror": true}
					]
				},
				{
					"name": "tail",
					"parent": "body",
					"pivot": [0, 4, 7],
					"rotation": [-45, 0, 0],
					"cubes": [
						{"origin": [-3.5, 4, 7], "size": [7, 10, 7], "uv": [52, 60]},
						{"origin": [-2.5, 14, 7], "size": [5, 6, 8], "pivot": [0, 14, 7], "rotation": [-45, 0, 0], "uv": [25, 58]},
						{"origin": [-1.5, 6.58579, 10.89949], "size": [3, 6, 6], "uv": [59, 42]},
						{"origin": [-4, 4.5, 7.5], "size": [1, 9, 6], "uv": [66, 0]},
						{"origin": [3, 4.5, 7.5], "size": [1, 9, 6], "uv": [66, 0], "mirror": true},
						{"origin": [-3, 3.5, 7.5], "size": [6, 1, 6], "uv": [55, 33]},
						{"origin": [-3, 4.5, 6.5], "size": [6, 9, 1], "uv": [66, 16]}
					]
				},
				{
					"name": "arms",
					"parent": "body_root",
					"pivot": [0, 11, -2]
				},
				{
					"name": "right_arm",
					"parent": "arms",
					"pivot": [-5, 11, -2],
					"cubes": [
						{"origin": [-10, 9.5, -3.5], "size": [5, 3, 3], "uv": [52, 24]},
						{"origin": [-15, 9.5, -3.5], "size": [5, 3, 3], "pivot": [-10, 11, -0.5], "rotation": [0, -45, 0], "uv": [18, 51]},
						{"origin": [-14.5, 11, -5.5], "size": [2, 0, 2], "pivot": [-10, 11, -0.5], "rotation": [0, -45, 0], "uv": [0, 0]}
					]
				},
				{
					"name": "left_arm",
					"parent": "arms",
					"pivot": [5, 11, -2],
					"cubes": [
						{"origin": [5, 9.5, -3.5], "size": [5, 3, 3], "uv": [52, 24], "mirror": true},
						{"origin": [10, 9.5, -3.5], "size": [5, 3, 3], "pivot": [10, 11, -0.5], "rotation": [0, 45, 0], "uv": [18, 51], "mirror": true},
						{"origin": [12.5, 11, -5.5], "size": [2, 0, 2], "pivot": [10, 11, -0.5], "rotation": [0, 45, 0], "uv": [0, 0], "mirror": true}
					]
				},
				{
					"name": "legs",
					"parent": "lickitung",
					"pivot": [0, 5, 2]
				},
				{
					"name": "right_leg",
					"parent": "legs",
					"pivot": [-5, 5, 2],
					"rotation": [0, 25, 0],
					"cubes": [
						{"origin": [-7, 0, -2], "size": [4, 4, 4], "uv": [42, 39]},
						{"origin": [-6.5, 1, -4], "size": [3, 0, 2], "pivot": [-5, 1, -2], "rotation": [45, 0, 0], "uv": [35, 55]},
						{"origin": [-7, 4, -2], "size": [4, 4, 4], "pivot": [-5, 4, -2], "rotation": [-45, 0, 0], "uv": [41, 8]}
					]
				},
				{
					"name": "left_leg",
					"parent": "legs",
					"pivot": [5, 5, 2],
					"rotation": [0, -25, 0],
					"cubes": [
						{"origin": [3, 0, -2], "size": [4, 4, 4], "uv": [42, 39], "mirror": true},
						{"origin": [3.5, 1, -4], "size": [3, 0, 2], "pivot": [5, 1, -2], "rotation": [45, 0, 0], "uv": [35, 55], "mirror": true},
						{"origin": [3, 4, -2], "size": [4, 4, 4], "pivot": [5, 4, -2], "rotation": [-45, 0, 0], "uv": [41, 8], "mirror": true}
					]
				}
			]
		},
		{
			"description": {
				"identifier": "geometry.serplickitung_aura",
				"texture_width": 80,
				"texture_height": 80,
				"visible_bounds_width": 4,
				"visible_bounds_height": 2.5,
				"visible_bounds_offset": [0, 0.75, 0]
			},
			"bones": [
				{
					"name": "lickitung",
					"pivot": [0, 0, 0]
				},
				{
					"name": "body_root",
					"parent": "lickitung",
					"pivot": [0, 3, -1]
				},
				{
					"name": "head",
					"parent": "body_root",
					"pivot": [0, 13, -4],
					"cubes": [
						{"origin": [-3.5, 13, -10.5], "size": [7, 5, 7], "inflate": 0.25, "uv": [30, 26]},
						{"origin": [-3, 17.5, -10], "size": [6, 1, 6], "inflate": 0.25, "uv": [31, 0]},
						{"origin": [-3, 13.5, -11], "size": [6, 4, 1], "inflate": 0.25, "uv": [12, 33]},
						{"origin": [-3, 13, -11.5], "size": [6, 2, 1], "inflate": 0.25, "uv": [12, 35]},
						{"origin": [-4.8, 13, -11.5], "size": [1.8, 2, 1], "inflate": 0.25, "pivot": [-3, 13, -11.5], "rotation": [0, 56.5, 0], "uv": [72, 44]},
						{"origin": [3, 13, -11.5], "size": [1.8, 2, 1], "inflate": 0.25, "pivot": [3, 13, -11.5], "rotation": [0, -56.5, 0], "uv": [72, 44], "mirror": true},
						{"origin": [-3, 13.5, -4], "size": [6, 4, 1], "inflate": 0.25, "uv": [12, 33]},
						{"origin": [-4, 13.5, -10], "size": [1, 4, 6], "inflate": 0.25, "uv": [50, 49]},
						{"origin": [3, 13.5, -10], "size": [1, 4, 6], "inflate": 0.25, "uv": [50, 49], "mirror": true},
						{"origin": [-3.5, 13, -8.5], "size": [7, 1, 5], "inflate": 0.25, "pivot": [0, 13, -3.5], "rotation": [40, 0, 0], "uv": [36, 17]}
					]
				},
				{
					"name": "tongue",
					"parent": "head",
					"pivot": [0, 12.5, -5.5],
					"rotation": [15, 0, 0],
					"cubes": [
						{"origin": [-2, 12.79661, -9.39472], "size": [4, 1, 4], "inflate": 0.25, "pivot": [0, 12.79661, -5.89472], "rotation": [10, 0, 0], "uv": [38, 48]},
						{"origin": [-2, 12.17365, -12.51519], "size": [4, 1, 3], "inflate": 0.25, "pivot": [0, 13.17365, -9.51519], "rotation": [40, 0, 0], "uv": [50, 0]},
						{"origin": [-2, 6.24529, -11.81333], "size": [4, 5, 1], "inflate": 0.25, "pivot": [0, 11.24529, -11.81333], "rotation": [-20, 0, 0], "uv": [0, 53]},
						{"origin": [-2, 4.11111, -13.00635], "size": [4, 3, 1], "inflate": 0.25, "pivot": [0, 7.11111, -13.00635], "rotation": [-65, 0, 0], "uv": [55, 7]}
					]
				},
				{
					"name": "open_eyes",
					"parent": "head",
					"pivot": [0, 13, -4],
					"cubes": [
						{"origin": [-3.5, 15, -10.5], "size": [1, 1, 1], "inflate": 0.25, "pivot": [-3.5, 15, -10.5], "rotation": [0, 45, 0], "uv": [0, 3]},
						{"origin": [2.5, 15, -10.5], "size": [1, 1, 1], "inflate": 0.25, "pivot": [3.5, 15, -10.5], "rotation": [0, -45, 0], "uv": [0, 3], "mirror": true}
					]
				},
				{
					"name": "closed_eyes",
					"parent": "head",
					"pivot": [0, 13, -4],
					"cubes": [
						{"origin": [-4, 15, -10.5], "size": [2, 1, 0], "inflate": 0.25, "pivot": [-3.5, 15, -10.5], "rotation": [0, 45, 0], "uv": [0, 5]},
						{"origin": [2, 15, -10.5], "size": [2, 1, 0], "inflate": 0.25, "pivot": [3.5, 15, -10.5], "rotation": [0, -45, 0], "uv": [0, 5], "mirror": true}
					]
				},
				{
					"name": "angry_eyes",
					"parent": "head",
					"pivot": [0, 13, -4],
					"cubes": [
						{"origin": [-3.5, 15, -10.5], "size": [1, 1, 1], "inflate": 0.25, "pivot": [-3.5, 15, -10.5], "rotation": [0, 45, 0], "uv": [0, 3]},
						{"origin": [-4, 15.5, -10.6], "size": [2, 1, 0], "inflate": 0.25, "pivot": [-3.5, 15, -10.5], "rotation": [0, 45, 0], "uv": [0, 6]},
						{"origin": [2, 15.5, -10.6], "size": [2, 1, 0], "inflate": 0.25, "pivot": [3.5, 15, -10.5], "rotation": [0, -45, 0], "uv": [0, 6], "mirror": true},
						{"origin": [2.5, 15, -10.5], "size": [1, 1, 1], "inflate": 0.25, "pivot": [3.5, 15, -10.5], "rotation": [0, -45, 0], "uv": [0, 3], "mirror": true}
					]
				},
				{
					"name": "body",
					"parent": "body_root",
					"pivot": [0, 3, 0],
					"rotation": [20, 0, 0],
					"cubes": [
						{"origin": [-5, 2, -2], "size": [10, 11, 10], "inflate": 0.25, "uv": [0, 0]},
						{"origin": [-4.5, 2.5, -2.5], "size": [9, 10, 1], "inflate": 0.25, "uv": [21, 39]},
						{"origin": [-4.5, 2.5, 7.5], "size": [9, 10, 1], "inflate": 0.25, "uv": [21, 39]},
						{"origin": [-4.5, 12.5, -1.5], "size": [9, 1, 9], "inflate": 0.25, "uv": [0, 22]},
						{"origin": [-4.5, 1.5, -1.5], "size": [9, 1, 9], "inflate": 0.25, "uv": [0, 22]},
						{"origin": [-5.5, 2.5, -1.5], "size": [1, 10, 9], "inflate": 0.25, "uv": [0, 33]},
						{"origin": [4.5, 2.5, -1.5], "size": [1, 10, 9], "inflate": 0.25, "uv": [0, 33], "mirror": true}
					]
				},
				{
					"name": "tail",
					"parent": "body",
					"pivot": [0, 4, 7],
					"rotation": [-45, 0, 0],
					"cubes": [
						{"origin": [-3.5, 4, 7], "size": [7, 10, 7], "inflate": 0.25, "uv": [52, 60]},
						{"origin": [-2.5, 14, 7], "size": [5, 6, 8], "inflate": 0.25, "pivot": [0, 14, 7], "rotation": [-45, 0, 0], "uv": [25, 58]},
						{"origin": [-1.5, 6.58579, 10.89949], "size": [3, 6, 6], "inflate": 0.25, "uv": [59, 42]},
						{"origin": [-4, 4.5, 7.5], "size": [1, 9, 6], "inflate": 0.25, "uv": [66, 0]},
						{"origin": [3, 4.5, 7.5], "size": [1, 9, 6], "inflate": 0.25, "uv": [66, 0], "mirror": true},
						{"origin": [-3, 3.5, 7.5], "size": [6, 1, 6], "inflate": 0.25, "uv": [55, 33]},
						{"origin": [-3, 4.5, 6.5], "size": [6, 9, 1], "inflate": 0.25, "uv": [66, 16]}
					]
				},
				{
					"name": "arms",
					"parent": "body_root",
					"pivot": [0, 11, -2]
				},
				{
					"name": "right_arm",
					"parent": "arms",
					"pivot": [-5, 11, -2],
					"cubes": [
						{"origin": [-10, 9.5, -3.5], "size": [5, 3, 3], "inflate": 0.25, "uv": [52, 24]},
						{"origin": [-15, 9.5, -3.5], "size": [5, 3, 3], "inflate": 0.25, "pivot": [-10, 11, -0.5], "rotation": [0, -45, 0], "uv": [18, 51]},
						{"origin": [-14.5, 11, -5.5], "size": [2, 0, 2], "inflate": 0.25, "pivot": [-10, 11, -0.5], "rotation": [0, -45, 0], "uv": [0, 0]}
					]
				},
				{
					"name": "left_arm",
					"parent": "arms",
					"pivot": [5, 11, -2],
					"cubes": [
						{"origin": [5, 9.5, -3.5], "size": [5, 3, 3], "inflate": 0.25, "uv": [52, 24], "mirror": true},
						{"origin": [10, 9.5, -3.5], "size": [5, 3, 3], "inflate": 0.25, "pivot": [10, 11, -0.5], "rotation": [0, 45, 0], "uv": [18, 51], "mirror": true},
						{"origin": [12.5, 11, -5.5], "size": [2, 0, 2], "inflate": 0.25, "pivot": [10, 11, -0.5], "rotation": [0, 45, 0], "uv": [0, 0], "mirror": true}
					]
				},
				{
					"name": "legs",
					"parent": "lickitung",
					"pivot": [0, 5, 2]
				},
				{
					"name": "right_leg",
					"parent": "legs",
					"pivot": [-5, 5, 2],
					"rotation": [0, 25, 0],
					"cubes": [
						{"origin": [-7, 0, -2], "size": [4, 4, 4], "inflate": 0.25, "uv": [42, 39]},
						{"origin": [-6.5, 1, -4], "size": [3, 0, 2], "inflate": 0.25, "pivot": [-5, 1, -2], "rotation": [45, 0, 0], "uv": [35, 55]},
						{"origin": [-7, 4, -2], "size": [4, 4, 4], "inflate": 0.25, "pivot": [-5, 4, -2], "rotation": [-45, 0, 0], "uv": [41, 8]}
					]
				},
				{
					"name": "left_leg",
					"parent": "legs",
					"pivot": [5, 5, 2],
					"rotation": [0, -25, 0],
					"cubes": [
						{"origin": [3, 0, -2], "size": [4, 4, 4], "inflate": 0.25, "uv": [42, 39], "mirror": true},
						{"origin": [3.5, 1, -4], "size": [3, 0, 2], "inflate": 0.25, "pivot": [5, 1, -2], "rotation": [45, 0, 0], "uv": [35, 55], "mirror": true},
						{"origin": [3, 4, -2], "size": [4, 4, 4], "inflate": 0.25, "pivot": [5, 4, -2], "rotation": [-45, 0, 0], "uv": [41, 8], "mirror": true}
					]
				}
			]
		}
	]
}