{
	"format_version": "1.10.0",
	"particle_effect": {
		"description": {
			"identifier": "serp:attack_fairy",
			"basic_render_parameters": {
				"material": "particles_blend",
				"texture": "textures/particle/attacks"
			}
		},
		"components": {
			"minecraft:emitter_rate_instant": {
				"num_particles": "math.random(10,20)"
			},
			"minecraft:emitter_lifetime_once": {
				"active_time": 1
			},
			"minecraft:emitter_shape_disc": {
				"offset": [0, "math.random(0,0.75)", 0],
				"radius": 1.5,
				"direction": ["Math.random(-0.5,0.5)", "Math.random(10,20)", "Math.random(-0.5,0.5)"]
			},
			"minecraft:particle_lifetime_expression": {
				"max_lifetime": "Math.random(0.1, 0.6)"
			},
			"minecraft:particle_initial_spin": {
				"rotation": "Math.random(0,0)"
			},
			"minecraft:particle_initial_speed": 1,
			"minecraft:particle_motion_dynamic": {
				"linear_acceleration": [0, 5, 0]
			},
			"minecraft:particle_appearance_billboard": {
				"size": ["(0.2 + variable.particle_random_1*0.2) - (0.3 * variable.particle_age)", "(0.2 + variable.particle_random_1*0.2) - (0.3 * variable.particle_age)"],
				"facing_camera_mode": "lookat_xyz",
				"uv": {
					"texture_width": 17,
					"texture_height": 4,
					"uv": [4, 0],
					"uv_size": [1, 1]
				}
			},
			"minecraft:particle_motion_collision": {
				"collision_drag": 20,
				"coefficient_of_restitution": 0.2,
				"collision_radius": 0.01
			}
		}
	}
}