{
	"format_version": "1.12.0",
	"minecraft:geometry": [
		{
			"description": {
				"identifier": "geometry.serpjirachi",
				"texture_width": 48,
				"texture_height": 48,
				"visible_bounds_width": 3,
				"visible_bounds_height": 2.5,
				"visible_bounds_offset": [0, 0.75, 0]
			},
			"bones": [
				{
					"name": "jirachi",
					"pivot": [0, 0, 0]
				},
				{
					"name": "body_root",
					"parent": "jirachi",
					"pivot": [0, 2, 0]
				},
				{
					"name": "head",
					"parent": "body_root",
					"pivot": [0, 8.5, 0],
					"cubes": [
						{"origin": [-3, 7, -2.5], "size": [6, 4.5, 5], "uv": [0, 0]},
						{"origin": [-3, 11.5, -2.5], "size": [6, 6, 0], "pivot": [0, 11.5, -2.5], "rotation": [-25, 0, 0], "uv": [23, 22]},
						{"origin": [-3, 11.5, 2.5], "size": [6, 6, 0], "pivot": [0, 11.5, 2.5], "rotation": [155, 0, 180], "uv": [23, 22]},
						{"origin": [-1, 12, -2.8], "size": [2, 4, 0], "pivot": [0, 11.5, -2.5], "rotation": [-25, 0, 0], "uv": [0, 0]},
						{"origin": [-9, 7, -2.5], "size": [6, 4.5, 0], "pivot": [-3, 9.5, -2.5], "rotation": [0, 25, 0], "uv": [18, 11]},
						{"origin": [3, 7, -2.5], "size": [6, 4.5, 0], "pivot": [3, 9.5, -2.5], "rotation": [0, -25, 0], "uv": [18, 11], "mirror": true},
						{"origin": [-9, 7, 2.5], "size": [6, 4.5, 0], "pivot": [-3, 9.5, 2.5], "rotation": [0, -25, 0], "uv": [31, 11]},
						{"origin": [3, 7, 2.5], "size": [6, 4.5, 0], "pivot": [3, 9.5, 2.5], "rotation": [0, 25, 0], "uv": [31, 11], "mirror": true},
						{"origin": [-5, 6, -2.5], "size": [2, 3, 0], "pivot": [-3.5, 9, -2.5], "rotation": [-20, 0, 0], "uv": [0, 10]},
						{"origin": [3, 6, -2.5], "size": [2, 3, 0], "pivot": [3.5, 9, -2.5], "rotation": [-20, 0, 0], "uv": [0, 10], "mirror": true},
						{"origin": [-9, 5, -2.75], "size": [2, 4, 0], "pivot": [-3, 10, -2], "rotation": [0, 25, 0], "uv": [0, 0]},
						{"origin": [7, 5, -2.75], "size": [2, 4, 0], "pivot": [3, 10, -2], "rotation": [0, -25, 0], "uv": [0, 0], "mirror": true},
						{"origin": [-3, 11.5, -2.5], "size": [0, 6, 5], "pivot": [-3, 11.5, 0], "rotation": [0, 0, 28], "uv": [12, 22]},
						{"origin": [3, 11.5, -2.5], "size": [0, 6, 5], "pivot": [3, 11.5, 0], "rotation": [0, 0, -28], "uv": [12, 22], "mirror": true},
						{"origin": [-9, 11.5, -2.5], "size": [6, 0, 5], "pivot": [-3, 11.5, 0], "rotation": [0, 0, -22], "uv": [0, 10]},
						{"origin": [3, 11.5, -2.5], "size": [6, 0, 5], "pivot": [3, 11.5, 0], "rotation": [0, 0, 22], "uv": [0, 10], "mirror": true},
						{"origin": [-9, 7, -2.5], "size": [6, 0, 5], "pivot": [-3, 7, 0], "rotation": [180, 0, 22], "uv": [0, 10]},
						{"origin": [3, 7, -2.5], "size": [6, 0, 5], "pivot": [3, 7, 0], "rotation": [180, 0, -22], "uv": [0, 10], "mirror": true},
						{"origin": [-2.5, 7.5, -3], "size": [5, 3.5, 1], "uv": [23, 29]}
					]
				},
				{
					"name": "open_eyes",
					"parent": "head",
					"pivot": [0, 7.5, 0],
					"cubes": [
						{"origin": [-3, 8.5, -3.1], "size": [6, 2, 0], "uv": [0, 39]}
					]
				},
				{
					"name": "closed_eyes",
					"parent": "head",
					"pivot": [0, 7.5, 0],
					"cubes": [
						{"origin": [-3, 8.5, -3.1], "size": [6, 2, 0], "uv": [0, 41]}
					]
				},
				{
					"name": "angry_eyes",
					"parent": "head",
					"pivot": [0, 7.5, 0],
					"cubes": [
						{"origin": [-3, 8.5, -3.1], "size": [6, 2, 0], "uv": [0, 43]}
					]
				},
				{
					"name": "body",
					"parent": "body_root",
					"pivot": [0, 3, 0],
					"cubes": [
						{"origin": [-2, 2, -2], "size": [4, 4.5, 4], "uv": [0, 16]},
						{"origin": [-1.5, 2.5, -2.5], "size": [3, 3.5, 1], "uv": [0, 32]},
						{"origin": [-1.5, 2.5, 1.5], "size": [3, 3.5, 1], "uv": [0, 32]},
						{"origin": [-2.5, 2.5, -1.5], "size": [1, 3.5, 3], "uv": [0, 25]},
						{"origin": [1.5, 2.5, -1.5], "size": [1, 3.5, 3], "uv": [0, 25], "mirror": true},
						{"origin": [-1.5, 6, -1.5], "size": [3, 1, 3], "uv": [28, 4]},
						{"origin": [-1.5, 1.5, -1.5], "size": [3, 1, 3], "uv": [28, 4]}
					]
				},
				{
					"name": "eye",
					"parent": "body",
					"pivot": [0, 3, 1],
					"cubes": [
						{"origin": [-2, 2.5, -1.6], "size": [4, 3, 0], "uv": [13, 16]}
					]
				},
				{
					"name": "ribbon1",
					"parent": "body",
					"pivot": [-1.5, 6, 2],
					"cubes": [
						{"origin": [-3, 6, 2], "size": [2, 0, 5], "uv": [18, 5]}
					]
				},
				{
					"name": "ribbon11",
					"parent": "ribbon1",
					"pivot": [-2, 6, 7],
					"cubes": [
						{"origin": [-5, 6, 7], "size": [4, 0, 5], "uv": [17, 16]}
					]
				},
				{
					"name": "ribbon2",
					"parent": "body",
					"pivot": [1.5, 6, 2],
					"cubes": [
						{"origin": [1, 6, 2], "size": [2, 0, 5], "uv": [18, 5], "mirror": true}
					]
				},
				{
					"name": "ribbon22",
					"parent": "ribbon2",
					"pivot": [2, 6, 7],
					"cubes": [
						{"origin": [1, 6, 7], "size": [4, 0, 5], "uv": [17, 16], "mirror": true}
					]
				},
				{
					"name": "arms",
					"parent": "body_root",
					"pivot": [0, 6, 0]
				},
				{
					"name": "right_arm",
					"parent": "arms",
					"pivot": [-2.5, 6, 0],
					"rotation": [0, 0, -30],
					"cubes": [
						{"origin": [-7.5, 5, -1], "size": [5, 1, 2], "uv": [18, 0]},
						{"origin": [-7.5, 3, 0], "size": [5, 2, 0], "uv": [33, 0]},
						{"origin": [-8.5, 5, -1], "size": [1, 1, 2], "uv": [18, 34]}
					]
				},
				{
					"name": "left_arm",
					"parent": "arms",
					"pivot": [2.5, 6, 0],
					"rotation": [0, 0, 30],
					"cubes": [
						{"origin": [2.5, 5, -1], "size": [5, 1, 2], "uv": [18, 0], "mirror": true},
						{"origin": [2.5, 3, 0], "size": [5, 2, 0], "uv": [33, 0], "mirror": true},
						{"origin": [7.5, 5, -1], "size": [1, 1, 2], "uv": [18, 34], "mirror": true}
					]
				},
				{
					"name": "legs",
					"parent": "jirachi",
					"pivot": [0, 2, 0]
				},
				{
					"name": "right_leg",
					"parent": "legs",
					"pivot": [-1.5, 2, 0],
					"cubes": [
						{"origin": [-2.5, 0, -1], "size": [2, 2, 2], "uv": [9, 34]}
					]
				},
				{
					"name": "left_leg",
					"parent": "legs",
					"pivot": [1.5, 2, 0],
					"cubes": [
						{"origin": [0.5, 0, -1], "size": [2, 2, 2], "uv": [9, 34], "mirror": true}
					]
				}
			]
		},
		{
			"description": {
				"identifier": "geometry.serpjirachi_aura",
				"texture_width": 48,
				"texture_height": 48,
				"visible_bounds_width": 3,
				"visible_bounds_height": 2.5,
				"visible_bounds_offset": [0, 0.75, 0]
			},
			"bones": [
				{
					"name": "jirachi",
					"pivot": [0, 0, 0]
				},
				{
					"name": "body_root",
					"parent": "jirachi",
					"pivot": [0, 2, 0]
				},
				{
					"name": "head",
					"parent": "body_root",
					"pivot": [0, 8.5, 0],
					"cubes": [
						{"origin": [-3, 7, -2.5], "size": [6, 4.5, 5], "inflate": 0.25, "uv": [0, 0]},
						{"origin": [-3, 11.5, -2.5], "size": [6, 6, 0], "inflate": 0.25, "pivot": [0, 11.5, -2.5], "rotation": [-25, 0, 0], "uv": [23, 22]},
						{"origin": [-3, 11.5, 2.5], "size": [6, 6, 0], "inflate": 0.25, "pivot": [0, 11.5, 2.5], "rotation": [155, 0, 180], "uv": [23, 22]},
						{"origin": [-1, 12, -2.8], "size": [2, 4, 0], "inflate": 0.25, "pivot": [0, 11.5, -2.5], "rotation": [-25, 0, 0], "uv": [0, 0]},
						{"origin": [-9, 7, -2.5], "size": [6, 4.5, 0], "inflate": 0.25, "pivot": [-3, 9.5, -2.5], "rotation": [0, 25, 0], "uv": [18, 11]},
						{"origin": [3, 7, -2.5], "size": [6, 4.5, 0], "inflate": 0.25, "pivot": [3, 9.5, -2.5], "rotation": [0, -25, 0], "uv": [18, 11], "mirror": true},
						{"origin": [-9, 7, 2.5], "size": [6, 4.5, 0], "inflate": 0.25, "pivot": [-3, 9.5, 2.5], "rotation": [0, -25, 0], "uv": [31, 11]},
						{"origin": [3, 7, 2.5], "size": [6, 4.5, 0], "inflate": 0.25, "pivot": [3, 9.5, 2.5], "rotation": [0, 25, 0], "uv": [31, 11], "mirror": true},
						{"origin": [-5, 6, -2.5], "size": [2, 3, 0], "inflate": 0.25, "pivot": [-3.5, 9, -2.5], "rotation": [-20, 0, 0], "uv": [0, 10]},
						{"origin": [3, 6, -2.5], "size": [2, 3, 0], "inflate": 0.25, "pivot": [3.5, 9, -2.5], "rotation": [-20, 0, 0], "uv": [0, 10], "mirror": true},
						{"origin": [-9, 5, -2.75], "size": [2, 4, 0], "inflate": 0.25, "pivot": [-3, 10, -2], "rotation": [0, 25, 0], "uv": [0, 0]},
						{"origin": [7, 5, -2.75], "size": [2, 4, 0], "inflate": 0.25, "pivot": [3, 10, -2], "rotation": [0, -25, 0], "uv": [0, 0], "mirror": true},
						{"origin": [-3, 11.5, -2.5], "size": [0, 6, 5], "inflate": 0.25, "pivot": [-3, 11.5, 0], "rotation": [0, 0, 28], "uv": [12, 22]},
						{"origin": [3, 11.5, -2.5], "size": [0, 6, 5], "inflate": 0.25, "pivot": [3, 11.5, 0], "rotation": [0, 0, -28], "uv": [12, 22], "mirror": true},
						{"origin": [-9, 11.5, -2.5], "size": [6, 0, 5], "inflate": 0.25, "pivot": [-3, 11.5, 0], "rotation": [0, 0, -22], "uv": [0, 10]},
						{"origin": [3, 11.5, -2.5], "size": [6, 0, 5], "inflate": 0.25, "pivot": [3, 11.5, 0], "rotation": [0, 0, 22], "uv": [0, 10], "mirror": true},
						{"origin": [-9, 7, -2.5], "size": [6, 0, 5], "inflate": 0.25, "pivot": [-3, 7, 0], "rotation": [180, 0, 22], "uv": [0, 10]},
						{"origin": [3, 7, -2.5], "size": [6, 0, 5], "inflate": 0.25, "pivot": [3, 7, 0], "rotation": [180, 0, -22], "uv": [0, 10], "mirror": true},
						{"origin": [-2.5, 7.5, -3], "size": [5, 3.5, 1], "inflate": 0.25, "uv": [23, 29]}
					]
				},
				{
					"name": "open_eyes",
					"parent": "head",
					"pivot": [0, 7.5, 0],
					"cubes": [
						{"origin": [-3, 8.5, -3.1], "size": [6, 2, 0], "inflate": 0.25, "uv": [0, 39]}
					]
				},
				{
					"name": "closed_eyes",
					"parent": "head",
					"pivot": [0, 7.5, 0],
					"cubes": [
						{"origin": [-3, 8.5, -3.1], "size": [6, 2, 0], "inflate": 0.25, "uv": [0, 41]}
					]
				},
				{
					"name": "angry_eyes",
					"parent": "head",
					"pivot": [0, 7.5, 0],
					"cubes": [
						{"origin": [-3, 8.5, -3.1], "size": [6, 2, 0], "inflate": 0.25, "uv": [0, 43]}
					]
				},
				{
					"name": "body",
					"parent": "body_root",
					"pivot": [0, 3, 0],
					"cubes": [
						{"origin": [-2, 2, -2], "size": [4, 4.5, 4], "inflate": 0.25, "uv": [0, 16]},
						{"origin": [-1.5, 2.5, -2.5], "size": [3, 3.5, 1], "inflate": 0.25, "uv": [0, 32]},
						{"origin": [-1.5, 2.5, 1.5], "size": [3, 3.5, 1], "inflate": 0.25, "uv": [0, 32]},
						{"origin": [-2.5, 2.5, -1.5], "size": [1, 3.5, 3], "inflate": 0.25, "uv": [0, 25]},
						{"origin": [1.5, 2.5, -1.5], "size": [1, 3.5, 3], "inflate": 0.25, "uv": [0, 25], "mirror": true},
						{"origin": [-1.5, 6, -1.5], "size": [3, 1, 3], "inflate": 0.25, "uv": [28, 4]},
						{"origin": [-1.5, 1.5, -1.5], "size": [3, 1, 3], "inflate": 0.25, "uv": [28, 4]}
					]
				},
				{
					"name": "eye",
					"parent": "body",
					"pivot": [0, 3, 1],
					"cubes": [
						{"origin": [-2, 2.5, -1.6], "size": [4, 3, 0], "inflate": 0.25, "uv": [13, 16]}
					]
				},
				{
					"name": "ribbon1",
					"parent": "body",
					"pivot": [-1.5, 6, 2],
					"cubes": [
						{"origin": [-3, 6, 2], "size": [2, 0, 5], "inflate": 0.25, "uv": [18, 5]}
					]
				},
				{
					"name": "ribbon11",
					"parent": "ribbon1",
					"pivot": [-2, 6, 7],
					"cubes": [
						{"origin": [-5, 6, 7], "size": [4, 0, 5], "inflate": 0.25, "uv": [17, 16]}
					]
				},
				{
					"name": "ribbon2",
					"parent": "body",
					"pivot": [1.5, 6, 2],
					"cubes": [
						{"origin": [1, 6, 2], "size": [2, 0, 5], "inflate": 0.25, "uv": [18, 5], "mirror": true}
					]
				},
				{
					"name": "ribbon22",
					"parent": "ribbon2",
					"pivot": [2, 6, 7],
					"cubes": [
						{"origin": [1, 6, 7], "size": [4, 0, 5], "inflate": 0.25, "uv": [17, 16], "mirror": true}
					]
				},
				{
					"name": "arms",
					"parent": "body_root",
					"pivot": [0, 6, 0]
				},
				{
					"name": "right_arm",
					"parent": "arms",
					"pivot": [-2.5, 6, 0],
					"rotation": [0, 0, -30],
					"cubes": [
						{"origin": [-7.5, 5, -1], "size": [5, 1, 2], "inflate": 0.25, "uv": [18, 0]},
						{"origin": [-7.5, 3, 0], "size": [5, 2, 0], "inflate": 0.25, "uv": [33, 0]},
						{"origin": [-8.5, 5, -1], "size": [1, 1, 2], "inflate": 0.25, "uv": [18, 34]}
					]
				},
				{
					"name": "left_arm",
					"parent": "arms",
					"pivot": [2.5, 6, 0],
					"rotation": [0, 0, 30],
					"cubes": [
						{"origin": [2.5, 5, -1], "size": [5, 1, 2], "inflate": 0.25, "uv": [18, 0], "mirror": true},
						{"origin": [2.5, 3, 0], "size": [5, 2, 0], "inflate": 0.25, "uv": [33, 0], "mirror": true},
						{"origin": [7.5, 5, -1], "size": [1, 1, 2], "inflate": 0.25, "uv": [18, 34], "mirror": true}
					]
				},
				{
					"name": "legs",
					"parent": "jirachi",
					"pivot": [0, 2, 0]
				},
				{
					"name": "right_leg",
					"parent": "legs",
					"pivot": [-1.5, 2, 0],
					"cubes": [
						{"origin": [-2.5, 0, -1], "size": [2, 2, 2], "inflate": 0.25, "uv": [9, 34]}
					]
				},
				{
					"name": "left_leg",
					"parent": "legs",
					"pivot": [1.5, 2, 0],
					"cubes": [
						{"origin": [0.5, 0, -1], "size": [2, 2, 2], "inflate": 0.25, "uv": [9, 34], "mirror": true}
					]
				}
			]
		}
	]
}