{
  "format_version":"1.10.0",
  "minecraft:client_entity":{
    "description":{
      "identifier":"pokemon:p275",
      "materials":{"default":"entity_emissive_alpha","aura":"charged_creeper"},
      "textures":{
    "hp":"textures/ui/hp",
    "max_aura":"textures/entity/aura/max",
    "totem_aura":"textures/entity/aura/totem",
    "default":"textures/entity/normal/seedot/shiftry",
    "default_s":"textures/entity/shiny/seedot/shiftry",
    "mega1":"textures/entity/normal/seedot/shiftry_mega",
    "mega_s1":"textures/entity/shiny/seedot/shiftry_mega",
    "max":"textures/entity/normal/seedot/shiftry",
    "max_s":"textures/entity/shiny/seedot/shiftry"
      },
      "geometry":{
    "hp":"geometry.health_bar",
    "aura":"geometry.serpshiftry_aura",
    "default":"geometry.serpshiftry",
    "mega1":"geometry.serpshiftry",
    "max":"geometry.serpshiftry"
      },
      "animations":{
    "health_bar":"animation.shiftry.health_bar",
    "health_bar_mega":"animation.shiftry.health_bar_mega",
    "eyes_controller":"controller.animation.eyes",
    "open":"animation.serpmob.open",
    "close":"animation.serpmob.close",
    "angry":"animation.serpmob.angry",
    "fainted":"animation.serpmob.fainted",
    "quiet":"animation.shiftry.quiet",
    "walk":"animation.shiftry.walk",
    "sit":"animation.shiftry.sitting",
    "attack":"animation.shiftry.attack",
    "jump":"animation.shiftry.jump",
    "swimming":"animation.shiftry.swimming",
    "look_at_target":"animation.common.look_at_target",
    "main_controller":"controller.animation.pokemon_ground",
    "effects_controller":"controller.animation.effects"
      },
      "particle_effects":{
    "shiny":"serp:shiny"
      },
      "scripts":{
        "scale":"0.9",
        "animate":["effects_controller","main_controller",{"health_bar_mega":"query.variant==2"}]
      },
      "render_controllers":[{"controller.render.pokemon":"query.property('serp:v')>=0&&query.property('serp:v')<=2"},{"controller.render.pokemons":"query.property('serp:v')>=3&&query.property('serp:v')<=5"},{"controller.render.max":"query.variant==4"},{"controller.render.totem":"query.variant==6"},"controller.render.hp"]
    }
  }
}