{
	"format_version": "1.12.0",
	"minecraft:geometry": [
		{
			"description": {
				"identifier": "geometry.serpweezing",
				"texture_width": 64,
				"texture_height": 64,
				"visible_bounds_width": 3,
				"visible_bounds_height": 2.5,
				"visible_bounds_offset": [0, 0.75, 0]
			},
			"bones": [
				{
					"name": "weezing",
					"pivot": [0, 0, 0]
				},
				{
					"name": "head",
					"parent": "weezing",
					"pivot": [0, 5, 0],
					"cubes": [
						{"origin": [-8, 7.5, -1], "size": [2, 2, 2], "pivot": [-7, 8.5, 0], "rotation": [0, 0, -45], "uv": [40, 21]},
						{"origin": [0, 7.5, -1], "size": [2, 2, 2], "pivot": [1, 8.5, 0], "rotation": [0, 0, 45], "uv": [40, 21]},
						{"origin": [-7, 0.5, -4], "size": [8, 8, 8], "uv": [0, 0]},
						{"origin": [0, 0.5, 5], "size": [3, 3, 3], "uv": [30, 14]},
						{"origin": [2, 1.5, 2], "size": [1, 1, 4], "pivot": [3, 2, 5], "rotation": [-35, -30, 0], "uv": [10, 26]},
						{"origin": [-6.5, 8, -3.5], "size": [7, 1, 7], "uv": [0, 17]},
						{"origin": [-6.5, 0, -3.5], "size": [7, 1, 7], "uv": [0, 17]},
						{"origin": [-4, 9, -1], "size": [2, 1, 2], "uv": [0, 41]},
						{"origin": [-4, 0, -1], "size": [2, 1, 2], "pivot": [-3, 0, 0], "rotation": [0, 0, -180], "uv": [0, 41]},
						{"origin": [-7.5, 1, -3.5], "size": [1, 7, 7], "uv": [0, 26]},
						{"origin": [0.5, 1, -3.5], "size": [1, 7, 7], "uv": [0, 26]},
						{"origin": [-8.5, 4, -1], "size": [1, 2, 2], "uv": [0, 0]},
						{"origin": [-6.5, 1, -4.5], "size": [7, 7, 1], "uv": [17, 32]},
						{"origin": [-6.5, 1, 3.5], "size": [7, 7, 1], "uv": [17, 32]},
						{"origin": [-6, 4, -4.5], "size": [6, 1, 1], "pivot": [-3, 4, -4.5], "rotation": [55, 0, 0], "uv": [33, 6]},
						{"origin": [-6, 4.57358, -5.31915], "size": [6, 1, 0], "uv": [40, 15]},
						{"origin": [1, 4.5, -4.5], "size": [1, 1, 1], "pivot": [1.5, 5, -4.5], "rotation": [0, -45, 0], "uv": [0, 20], "mirror": true},
						{"origin": [1, 1.5, -4.5], "size": [1, 1, 1], "pivot": [1.5, 5, -4.5], "rotation": [0, -45, 0], "uv": [0, 20], "mirror": true},
						{"origin": [-8, 4.5, -4.5], "size": [1, 1, 1], "pivot": [-7.5, 5, -4.5], "rotation": [0, 45, 0], "uv": [0, 20]},
						{"origin": [-8, 4.5, 3.5], "size": [1, 1, 1], "pivot": [-7.5, 5, 4.5], "rotation": [0, -45, 0], "uv": [0, 20]},
						{"origin": [-8, 1.5, -4.5], "size": [1, 1, 1], "pivot": [-7.5, 5, -4.5], "rotation": [0, 45, 0], "uv": [0, 20]},
						{"origin": [-8, 1.5, 3.5], "size": [1, 1, 1], "pivot": [-7.5, 5, 4.5], "rotation": [0, -45, 0], "uv": [0, 20]}
					]
				},
				{
					"name": "little_head",
					"parent": "head",
					"pivot": [3.5, 4, 0.5],
					"rotation": [0, -45, 0],
					"cubes": [
						{"origin": [1.5, 3, -2.5], "size": [4, 4, 1], "uv": [40, 9]},
						{"origin": [1.5, 3, 2.5], "size": [4, 4, 1], "uv": [40, 9]},
						{"origin": [1, 2.5, -2], "size": [5, 5, 5], "uv": [24, 21]},
						{"origin": [1.5, 7, -1.5], "size": [4, 1, 4], "uv": [25, 0]},
						{"origin": [1.5, 2, -1.5], "size": [4, 1, 4], "uv": [25, 0]},
						{"origin": [0.5, 3, -1.5], "size": [1, 4, 4], "uv": [34, 32]},
						{"origin": [5.5, 3, -1.5], "size": [1, 4, 4], "uv": [34, 32]},
						{"origin": [3, 7.5, 0], "size": [1, 1, 1], "uv": [0, 5]},
						{"origin": [3, 1.5, 0], "size": [1, 1, 1], "uv": [0, 5]},
						{"origin": [0.5, 7, 0], "size": [1, 1, 1], "pivot": [1, 7.5, 0.5], "rotation": [0, 0, -45], "uv": [0, 17]},
						{"origin": [5.5, 7, 0], "size": [1, 1, 1], "pivot": [6, 7.5, 0.5], "rotation": [0, 0, 45], "uv": [0, 17]}
					]
				},
				{
					"name": "open_eyes",
					"parent": "head",
					"pivot": [-3, 4.5, 0],
					"cubes": [
						{"origin": [-6.5, 6, -4.6], "size": [7, 2, 0], "uv": [0, 45]}
					]
				},
				{
					"name": "closed_eyes",
					"parent": "head",
					"pivot": [-3, 4.5, 0],
					"cubes": [
						{"origin": [-6.5, 6, -4.6], "size": [7, 2, 0], "uv": [0, 47]}
					]
				},
				{
					"name": "angry_eyes",
					"parent": "head",
					"pivot": [-3, 4.5, 0],
					"cubes": [
						{"origin": [-6.5, 6, -4.6], "size": [7, 2, 0], "uv": [0, 49]}
					]
				}
			]
		},
		{
			"description": {
				"identifier": "geometry.serpweezing_aura",
				"texture_width": 64,
				"texture_height": 64,
				"visible_bounds_width": 3,
				"visible_bounds_height": 2.5,
				"visible_bounds_offset": [0, 0.75, 0]
			},
			"bones": [
				{
					"name": "weezing",
					"pivot": [0, 0, 0]
				},
				{
					"name": "head",
					"parent": "weezing",
					"pivot": [0, 5, 0],
					"cubes": [
						{"origin": [-8, 7.5, -1], "size": [2, 2, 2], "inflate": 0.25, "pivot": [-7, 8.5, 0], "rotation": [0, 0, -45], "uv": [40, 21]},
						{"origin": [0, 7.5, -1], "size": [2, 2, 2], "inflate": 0.25, "pivot": [1, 8.5, 0], "rotation": [0, 0, 45], "uv": [40, 21]},
						{"origin": [-7, 0.5, -4], "size": [8, 8, 8], "inflate": 0.25, "uv": [0, 0]},
						{"origin": [0, 0.5, 5], "size": [3, 3, 3], "inflate": 0.25, "uv": [30, 14]},
						{"origin": [2, 1.5, 2], "size": [1, 1, 4], "inflate": 0.25, "pivot": [3, 2, 5], "rotation": [-35, -30, 0], "uv": [10, 26]},
						{"origin": [-6.5, 8, -3.5], "size": [7, 1, 7], "inflate": 0.25, "uv": [0, 17]},
						{"origin": [-6.5, 0, -3.5], "size": [7, 1, 7], "inflate": 0.25, "uv": [0, 17]},
						{"origin": [-4, 9, -1], "size": [2, 1, 2], "inflate": 0.25, "uv": [0, 41]},
						{"origin": [-4, 0, -1], "size": [2, 1, 2], "inflate": 0.25, "pivot": [-3, 0, 0], "rotation": [0, 0, -180], "uv": [0, 41]},
						{"origin": [-7.5, 1, -3.5], "size": [1, 7, 7], "inflate": 0.25, "uv": [0, 26]},
						{"origin": [0.5, 1, -3.5], "size": [1, 7, 7], "inflate": 0.25, "uv": [0, 26]},
						{"origin": [-8.5, 4, -1], "size": [1, 2, 2], "inflate": 0.25, "uv": [0, 0]},
						{"origin": [-6.5, 1, -4.5], "size": [7, 7, 1], "inflate": 0.25, "uv": [17, 32]},
						{"origin": [-6.5, 1, 3.5], "size": [7, 7, 1], "inflate": 0.25, "uv": [17, 32]},
						{"origin": [-6, 4, -4.5], "size": [6, 1, 1], "inflate": 0.25, "pivot": [-3, 4, -4.5], "rotation": [55, 0, 0], "uv": [33, 6]},
						{"origin": [-6, 4.57358, -5.31915], "size": [6, 1, 0], "inflate": 0.25, "uv": [40, 15]},
						{"origin": [1, 4.5, -4.5], "size": [1, 1, 1], "inflate": 0.25, "pivot": [1.5, 5, -4.5], "rotation": [0, -45, 0], "uv": [0, 20], "mirror": true},
						{"origin": [1, 1.5, -4.5], "size": [1, 1, 1], "inflate": 0.25, "pivot": [1.5, 5, -4.5], "rotation": [0, -45, 0], "uv": [0, 20], "mirror": true},
						{"origin": [-8, 4.5, -4.5], "size": [1, 1, 1], "inflate": 0.25, "pivot": [-7.5, 5, -4.5], "rotation": [0, 45, 0], "uv": [0, 20]},
						{"origin": [-8, 4.5, 3.5], "size": [1, 1, 1], "inflate": 0.25, "pivot": [-7.5, 5, 4.5], "rotation": [0, -45, 0], "uv": [0, 20]},
						{"origin": [-8, 1.5, -4.5], "size": [1, 1, 1], "inflate": 0.25, "pivot": [-7.5, 5, -4.5], "rotation": [0, 45, 0], "uv": [0, 20]},
						{"origin": [-8, 1.5, 3.5], "size": [1, 1, 1], "inflate": 0.25, "pivot": [-7.5, 5, 4.5], "rotation": [0, -45, 0], "uv": [0, 20]}
					]
				},
				{
					"name": "little_head",
					"parent": "head",
					"pivot": [3.5, 4, 0.5],
					"rotation": [0, -45, 0],
					"cubes": [
						{"origin": [1.5, 3, -2.5], "size": [4, 4, 1], "inflate": 0.25, "uv": [40, 9]},
						{"origin": [1.5, 3, 2.5], "size": [4, 4, 1], "inflate": 0.25, "uv": [40, 9]},
						{"origin": [1, 2.5, -2], "size": [5, 5, 5], "inflate": 0.25, "uv": [24, 21]},
						{"origin": [1.5, 7, -1.5], "size": [4, 1, 4], "inflate": 0.25, "uv": [25, 0]},
						{"origin": [1.5, 2, -1.5], "size": [4, 1, 4], "inflate": 0.25, "uv": [25, 0]},
						{"origin": [0.5, 3, -1.5], "size": [1, 4, 4], "inflate": 0.25, "uv": [34, 32]},
						{"origin": [5.5, 3, -1.5], "size": [1, 4, 4], "inflate": 0.25, "uv": [34, 32]},
						{"origin": [3, 7.5, 0], "size": [1, 1, 1], "inflate": 0.25, "uv": [0, 5]},
						{"origin": [3, 1.5, 0], "size": [1, 1, 1], "inflate": 0.25, "uv": [0, 5]},
						{"origin": [0.5, 7, 0], "size": [1, 1, 1], "inflate": 0.25, "pivot": [1, 7.5, 0.5], "rotation": [0, 0, -45], "uv": [0, 17]},
						{"origin": [5.5, 7, 0], "size": [1, 1, 1], "inflate": 0.25, "pivot": [6, 7.5, 0.5], "rotation": [0, 0, 45], "uv": [0, 17]}
					]
				},
				{
					"name": "open_eyes",
					"parent": "head",
					"pivot": [-3, 4.5, 0],
					"cubes": [
						{"origin": [-6.5, 6, -4.6], "size": [7, 2, 0], "inflate": 0.25, "uv": [0, 45]}
					]
				},
				{
					"name": "closed_eyes",
					"parent": "head",
					"pivot": [-3, 4.5, 0],
					"cubes": [
						{"origin": [-6.5, 6, -4.6], "size": [7, 2, 0], "inflate": 0.25, "uv": [0, 47]}
					]
				},
				{
					"name": "angry_eyes",
					"parent": "head",
					"pivot": [-3, 4.5, 0],
					"cubes": [
						{"origin": [-6.5, 6, -4.6], "size": [7, 2, 0], "inflate": 0.25, "uv": [0, 49]}
					]
				}
			]
		}
	]
}