{
	"format_version": "1.12.0",
	"minecraft:geometry": [
		{
			"description": {
				"identifier": "geometry.serpkoffing",
				"texture_width": 48,
				"texture_height": 48,
				"visible_bounds_width": 2,
				"visible_bounds_height": 2.5,
				"visible_bounds_offset": [0, 0.75, 0]
			},
			"bones": [
				{
					"name": "koffing",
					"pivot": [0, 0, 0]
				},
				{
					"name": "head",
					"parent": "koffing",
					"pivot": [0, 5, 0],
					"cubes": [
						{"origin": [-5, 7.5, -1], "size": [2, 2, 2], "pivot": [-4, 8.5, 0], "rotation": [0, 0, -45], "uv": [32, 15]},
						{"origin": [3, 7.5, -1], "size": [2, 2, 2], "pivot": [4, 8.5, 0], "rotation": [0, 0, 45], "uv": [32, 15], "mirror": true},
						{"origin": [-4, 0.5, -4], "size": [8, 8, 8], "uv": [0, 0]},
						{"origin": [-3.5, 8, -3.5], "size": [7, 1, 7], "uv": [0, 17]},
						{"origin": [-3.5, 0, -3.5], "size": [7, 1, 7], "uv": [0, 17]},
						{"origin": [-1, 9, -1], "size": [2, 1, 2], "uv": [32, 20]},
						{"origin": [-1, 0, -1], "size": [2, 1, 2], "pivot": [0, 0, 0], "rotation": [0, 0, -180], "uv": [32, 20]},
						{"origin": [-4.5, 1, -3.5], "size": [1, 7, 7], "uv": [22, 19]},
						{"origin": [3.5, 1, -3.5], "size": [1, 7, 7], "uv": [22, 19], "mirror": true},
						{"origin": [-5.5, 4, -1], "size": [1, 2, 2], "uv": [0, 0]},
						{"origin": [4.5, 4, -1], "size": [1, 2, 2], "uv": [0, 0], "mirror": true},
						{"origin": [-3.5, 1, -4.5], "size": [7, 7, 1], "uv": [0, 26]},
						{"origin": [-3.5, 1, 3.5], "size": [7, 7, 1], "uv": [0, 26]},
						{"origin": [-5, 3.5, -4.5], "size": [1, 1, 1], "pivot": [-4.5, 5, -4.5], "rotation": [0, 45, 0], "uv": [0, 17]},
						{"origin": [-5, 3.5, 3.5], "size": [1, 1, 1], "pivot": [-4.5, 5, 4.5], "rotation": [0, -45, 0], "uv": [0, 17]},
						{"origin": [4, 3.5, 3.5], "size": [1, 1, 1], "pivot": [4.5, 5, 4.5], "rotation": [0, 45, 0], "uv": [0, 17], "mirror": true},
						{"origin": [-5, 0.5, 3.5], "size": [1, 1, 1], "pivot": [-4.5, 5, 4.5], "rotation": [0, -45, 0], "uv": [0, 17]},
						{"origin": [4, 0.5, 3.5], "size": [1, 1, 1], "pivot": [4.5, 5, 4.5], "rotation": [0, 45, 0], "uv": [0, 17], "mirror": true},
						{"origin": [4, 3.5, -4.5], "size": [1, 1, 1], "pivot": [4.5, 5, -4.5], "rotation": [0, -45, 0], "uv": [0, 17], "mirror": true},
						{"origin": [-5, 0.5, -4.5], "size": [1, 1, 1], "pivot": [-4.5, 5, -4.5], "rotation": [0, 45, 0], "uv": [0, 17]},
						{"origin": [4, 0.5, -4.5], "size": [1, 1, 1], "pivot": [4.5, 5, -4.5], "rotation": [0, -45, 0], "uv": [0, 17], "mirror": true}
					]
				},
				{
					"name": "open_eyes",
					"parent": "head",
					"pivot": [0, 4.5, 0],
					"cubes": [
						{"origin": [-3, 4.5, -4.6], "size": [6, 3, 0], "uv": [0, 35]}
					]
				},
				{
					"name": "closed_eyes",
					"parent": "head",
					"pivot": [0, 4.5, 0],
					"cubes": [
						{"origin": [-3, 4.5, -4.6], "size": [6, 3, 0], "uv": [0, 38]}
					]
				},
				{
					"name": "angry_eyes",
					"parent": "head",
					"pivot": [0, 4.5, 0],
					"cubes": [
						{"origin": [-3, 4.5, -4.6], "size": [6, 3, 0], "uv": [0, 41]}
					]
				}
			]
		},
		{
			"description": {
				"identifier": "geometry.serpkoffing_aura",
				"texture_width": 48,
				"texture_height": 48,
				"visible_bounds_width": 2,
				"visible_bounds_height": 2.5,
				"visible_bounds_offset": [0, 0.75, 0]
			},
			"bones": [
				{
					"name": "koffing",
					"pivot": [0, 0, 0]
				},
				{
					"name": "head",
					"parent": "koffing",
					"pivot": [0, 5, 0],
					"cubes": [
						{"origin": [-5, 7.5, -1], "size": [2, 2, 2], "inflate": 0.25, "pivot": [-4, 8.5, 0], "rotation": [0, 0, -45], "uv": [32, 15]},
						{"origin": [3, 7.5, -1], "size": [2, 2, 2], "inflate": 0.25, "pivot": [4, 8.5, 0], "rotation": [0, 0, 45], "uv": [32, 15], "mirror": true},
						{"origin": [-4, 0.5, -4], "size": [8, 8, 8], "inflate": 0.25, "uv": [0, 0]},
						{"origin": [-3.5, 8, -3.5], "size": [7, 1, 7], "inflate": 0.25, "uv": [0, 17]},
						{"origin": [-3.5, 0, -3.5], "size": [7, 1, 7], "inflate": 0.25, "uv": [0, 17]},
						{"origin": [-1, 9, -1], "size": [2, 1, 2], "inflate": 0.25, "uv": [32, 20]},
						{"origin": [-1, 0, -1], "size": [2, 1, 2], "inflate": 0.25, "pivot": [0, 0, 0], "rotation": [0, 0, -180], "uv": [32, 20]},
						{"origin": [-4.5, 1, -3.5], "size": [1, 7, 7], "inflate": 0.25, "uv": [22, 19]},
						{"origin": [3.5, 1, -3.5], "size": [1, 7, 7], "inflate": 0.25, "uv": [22, 19], "mirror": true},
						{"origin": [-5.5, 4, -1], "size": [1, 2, 2], "inflate": 0.25, "uv": [0, 0]},
						{"origin": [4.5, 4, -1], "size": [1, 2, 2], "inflate": 0.25, "uv": [0, 0], "mirror": true},
						{"origin": [-3.5, 1, -4.5], "size": [7, 7, 1], "inflate": 0.25, "uv": [0, 26]},
						{"origin": [-3.5, 1, 3.5], "size": [7, 7, 1], "inflate": 0.25, "uv": [0, 26]},
						{"origin": [-5, 3.5, -4.5], "size": [1, 1, 1], "inflate": 0.25, "pivot": [-4.5, 5, -4.5], "rotation": [0, 45, 0], "uv": [0, 17]},
						{"origin": [-5, 3.5, 3.5], "size": [1, 1, 1], "inflate": 0.25, "pivot": [-4.5, 5, 4.5], "rotation": [0, -45, 0], "uv": [0, 17]},
						{"origin": [4, 3.5, 3.5], "size": [1, 1, 1], "inflate": 0.25, "pivot": [4.5, 5, 4.5], "rotation": [0, 45, 0], "uv": [0, 17], "mirror": true},
						{"origin": [-5, 0.5, 3.5], "size": [1, 1, 1], "inflate": 0.25, "pivot": [-4.5, 5, 4.5], "rotation": [0, -45, 0], "uv": [0, 17]},
						{"origin": [4, 0.5, 3.5], "size": [1, 1, 1], "inflate": 0.25, "pivot": [4.5, 5, 4.5], "rotation": [0, 45, 0], "uv": [0, 17], "mirror": true},
						{"origin": [4, 3.5, -4.5], "size": [1, 1, 1], "inflate": 0.25, "pivot": [4.5, 5, -4.5], "rotation": [0, -45, 0], "uv": [0, 17], "mirror": true},
						{"origin": [-5, 0.5, -4.5], "size": [1, 1, 1], "inflate": 0.25, "pivot": [-4.5, 5, -4.5], "rotation": [0, 45, 0], "uv": [0, 17]},
						{"origin": [4, 0.5, -4.5], "size": [1, 1, 1], "inflate": 0.25, "pivot": [4.5, 5, -4.5], "rotation": [0, -45, 0], "uv": [0, 17], "mirror": true}
					]
				},
				{
					"name": "open_eyes",
					"parent": "head",
					"pivot": [0, 4.5, 0],
					"cubes": [
						{"origin": [-3, 4.5, -4.6], "size": [6, 3, 0], "inflate": 0.25, "uv": [0, 35]}
					]
				},
				{
					"name": "closed_eyes",
					"parent": "head",
					"pivot": [0, 4.5, 0],
					"cubes": [
						{"origin": [-3, 4.5, -4.6], "size": [6, 3, 0], "inflate": 0.25, "uv": [0, 38]}
					]
				},
				{
					"name": "angry_eyes",
					"parent": "head",
					"pivot": [0, 4.5, 0],
					"cubes": [
						{"origin": [-3, 4.5, -4.6], "size": [6, 3, 0], "inflate": 0.25, "uv": [0, 41]}
					]
				}
			]
		}
	]
}