{
  "format_version":"1.16.0",
  "minecraft:entity":{
    "description":{
      "identifier":"pokemon:p266",
      "is_spawnable":false,"is_summonable":true,
      "is_experimental":true,"properties":{"serp:v":{"client_sync":true,"range":[0,100],"type":"int","default":0}}
    },
  "component_groups":{
    "serp:wild":{
      "minecraft:despawn":{"filters":{"test":"distance_to_nearest_player","operator":">","value":35}},
      "minecraft:loot":{"table":"loot_tables/entities/empty.json"},
      "minecraft:behavior.avoid_mob_type":{"priority":1,"entity_types":[{"filters":{"all_of":[{"test":"has_tag","operator":"!=","value":"battle"},{"test":"is_family","subject":"other","value":"player"}]},"max_dist":8,"walk_speed_multiplier":0,"sprint_speed_multiplier":0}],"on_escape_event":{"event":"serp:wild_attack"}}
    },
    "serp:capture":{"minecraft:spawn_entity":{"entities":[{"min_wait_time":0,"max_wait_time":0,"spawn_entity":"serp:pokeball","single_use":true}]}},
    "serp:despawn":{"minecraft:transformation":{"into":"serp:despawn","delay":{"value":0.2}}},
    "serp:on_attack":{"minecraft:is_sheared":{}},
    "serp:defeated":{"minecraft:is_shaking":{}},
    "serp:tame":{
      "minecraft:is_tamed":{},
      "minecraft:persistent":{},
      "minecraft:behavior.follow_owner":{"priority":1,"speed_multiplier":1,"start_distance":10,"stop_distance":3},
      "minecraft:sittable":{}
    },
    "serp:evolve":{"minecraft:variant":{"value":1}},
    "serp:max":{"minecraft:variant":{"value":4},"minecraft:scale":{"value":6}},
    "serp:normalize":{"minecraft:variant":{"value":0},"minecraft:scale":{"value":1}}
  },
    "components":{
      "minecraft:type_family":{"family":["pokemon","silcoon","medium","bug"]},
      "minecraft:breathable":{"total_supply":10,"breathes_water":false,"breathes_air":true,"generates_bubbles":true},
      "minecraft:collision_box":{"width":0.7,"height":1},
      "minecraft:health":{"value":50},
      "minecraft:damage_sensor":{
    "triggers":[
{"on_damage":{"filters":{"any_of":[{"test":"has_tag","value":"defeated"},{"test":"has_tag","value":"evolving"},{"all_of":[{"test":"has_damage","operator":"!=","value":"drowning"},{"test":"has_damage","operator":"!=","value":"fire"}]}]}},"deals_damage":false},
{"on_damage":{"filters":{"all_of":[{"test":"has_damage","value":"fatal"},{"test":"has_tag","operator":"!=","value":"evolving"},{"test":"has_tag","operator":"!=","value":"defeated"},{"any_of":[{"test":"has_damage","value":"drowning"},{"test":"has_damage","value":"fire"}]}]},"event":"serp:defeated"},"deals_damage":false}
        ]
      },
      "minecraft:movement":{"value":0.4},
      "minecraft:navigation.walk":{"can_path_over_water":true,"avoid_damage_blocks":true,"avoid_water":true},
      "minecraft:movement.basic":{},
      "minecraft:jump.static":{},
      "minecraft:can_climb":{},
      "minecraft:behavior.float":{"priority":0},
	    "minecraft:behavior.move_towards_restriction":{"priority":7},
      "minecraft:behavior.random_stroll":{"priority":9,"speed_multiplier":0},
      "minecraft:behavior.look_at_entity":{"priority":10,"filters":{"test":"has_tag","operator":"!=","value":"battle"}},
	    "minecraft:physics":{},
      "minecraft:behavior.stay_while_sitting":{"priority":0},
      "minecraft:pushable":{"is_pushable":true}
    },
    "events":{
      "serp:v1":{"set_property":{"serp:v":1}},
      "serp:v2":{"set_property":{"serp:v":2}},
      "serp:v4":{"set_property":{"serp:v":4}},
      "serp:v5":{"set_property":{"serp:v":5}},
      "minecraft:entity_spawned":{"add":{"component_groups":["serp:wild"]}},
      "minecraft:entity_transformed":{"add":{"component_groups":["serp:tame"]}},
      "serp:on_attack":{"add":{"component_groups":["serp:on_attack"]}},
      "serp:end_attack":{"remove":{"component_groups":["serp:on_attack"]}},
      "serp:attacked":{},
      "serp:despawn":{"add":{"component_groups":["serp:despawn"]}},
      "serp:defeated":{"add":{"component_groups":["serp:defeated"]}},
      "serp:revive":{"remove":{"component_groups":["serp:defeated"]}},
      "serp:evolve":{"add":{"component_groups":["serp:evolve"]}},
      "serp:max":{"add":{"component_groups":["serp:max"]}},
      "serp:normalize":{"remove":{"component_groups":["serp:max"]},"add":{"component_groups":["serp:normalize"]}},
      "serp:wild_attack":{},
      "serp:capture":{"add":{"component_groups":["serp:capture","serp:despawn"]}}
    }
  }
}