{
	"format_version": "1.8.0",
	"animations": {
		"animation.sceptile.quiet": {
			"loop": true,
			"animation_length": 0.8,
			"bones": {
				"body_root": {
					"rotation": {
						"0.0": [0, 0, 0],
						"0.4": [5, 0, 0],
						"0.8": [0, 0, 0]
					}
				},
				"head": {
					"position": {
						"0.0": [-2, -3, -9],
						"0.8": [-2, -3, -9]
					}
				},
				"body": {
					"rotation": {
						"0.0": [25, 10, 0],
						"0.8": [25, 10, 0]
					}
				},
				"tail": {
					"rotation": {
						"0.0": [0, 35, 0],
						"0.3": [-20, 35, 0],
						"0.8": [0, 35, 0]
					},
					"position": [2, 0, 0]
				},
				"arms": {
					"position": [-1, -1, -6]
				},
				"right_arm": {
					"rotation": {
						"0.0": [0, 30, 0],
						"0.5": [-5, 30, -10],
						"0.8": [0, 30, 0]
					}
				},
				"left_arm": {
					"rotation": {
						"0.0": [0, 0, -20],
						"0.5": [0, 0, 0],
						"0.8": [0, 0, -20]
					}
				},
				"right_leg": {
					"rotation": [0, 25, 0]
				}
			}
		},
		"animation.sceptile.walk": {
			"loop": true,
			"animation_length": 0.8,
			"bones": {
				"sceptile": {
					"position": {
						"0.0": [0, 1, 0],
						"0.2": [0, 0, 0],
						"0.4": [0, 1, 0],
						"0.6": [0, 0, 0],
						"0.8": [0, 1, 0]
					}
				},
				"body_root": {
					"rotation": {
						"0.0": [0, 0, 0],
						"0.1": [10, 0, 0],
						"0.4": [0, 0, 0],
						"0.5": [10, 0, 0],
						"0.8": [0, 0, 0]
					}
				},
				"head": {
					"position": [0, -4, -10]
				},
				"body": {
					"rotation": [30, 0, 0],
					"position": [0, 0, 1]
				},
				"tail": {
					"rotation": {
						"0.0": [-30, 0, 0],
						"0.2": [-20, 0, 0],
						"0.4": [-30, 0, 0],
						"0.6": [-20, 0, 0],
						"0.8": [-30, 0, 0]
					}
				},
				"arms": {
					"rotation": {
						"0.0": [70, 0, 0],
						"0.2": [90, 0, 0],
						"0.4": [70, 0, 0],
						"0.6": [90, 0, 0],
						"0.8": [70, 0, 0]
					},
					"position": [0, -1, -7]
				},
				"right_arm": {
					"rotation": [0, 0, -15]
				},
				"left_arm": {
					"rotation": [0, 0, 15]
				},
				"right_leg": {
					"rotation": {
						"0.0": [-45, -15, 5],
						"0.4": [45, 0, 0],
						"0.8": [-45, -15, 5]
					},
					"position": {
						"0.0": [0, 0, -3],
						"0.4": [0, 0, 0],
						"0.8": [0, 0, -3]
					}
				},
				"left_leg": {
					"rotation": {
						"0.0": [45, 0, 0],
						"0.4": [-45, 15, -5],
						"0.8": [45, 0, 0]
					},
					"position": {
						"0.0": [0, 0, 0],
						"0.4": [0, 0, -3],
						"0.8": [0, 0, 0]
					}
				}
			}
		},
		"animation.sceptile.sitting": {
			"loop": true,
			"bones": {
				"sceptile": {
					"position": [0, -9, 0]
				},
				"tail": {
					"rotation": [0, 65, 0]
				},
				"arms": {
					"rotation": [25, 0, 0]
				},
				"right_arm": {
					"rotation": [0, -35, 0]
				},
				"left_arm": {
					"rotation": [0, 35, 0]
				},
				"legs": {
					"rotation": [-70, 0, 0]
				}
			}
		},
		"animation.sceptile.jump": {
			"loop": true,
			"bones": {
				"sceptile": {
					"position": [0, 2, 4]
				},
				"head": {
					"position": [0, -5, -12]
				},
				"body": {
					"rotation": [30, 0, 0]
				},
				"tail": {
					"rotation": [-70, 0, 0]
				},
				"arms": {
					"position": [0, -1, -8]
				},
				"right_arm": {
					"rotation": [0, 25, 40]
				},
				"left_arm": {
					"rotation": [0, -25, -40]
				},
				"legs": {
					"rotation": [-35, 0, 0]
				}
			}
		},
		"animation.sceptile.attack": {
			"loop": true,
			"bones": {
				"sceptile": {
					"rotation": [0, 60, 0]
				},
				"head": {
					"rotation": [0, -60, 0],
					"position": [1, -3, -9]
				},
				"body": {
					"rotation": [25, 0, 0]
				},
				"tail": {
					"rotation": [0, 70, 0],
					"position": [3, 0, 0]
				},
				"arms": {
					"position": [0, 0, -7]
				},
				"right_arm": {
					"rotation": [0, -55, 20]
				},
				"left_arm": {
					"rotation": [20, -50, -25]
				},
				"left_leg": {
					"rotation": [0, -25, 0]
				}
			}
		},
		"animation.sceptile.swimming": {
			"loop": true,
			"animation_length": 32.2,
			"bones": {
				"sceptile": {
					"position": {
						"0.0": [0, -2, 0],
						"0.3": [0, -1, 0],
						"0.6": [0, -2, 0]
					}
				},
				"tail": {
					"rotation": [-35, 0, 0]
				},
				"right_arm": {
					"rotation": {
						"0.0": [0, 0, 35],
						"0.4": [0, -35, 35],
						"0.6": [0, 0, 35],
						"32.2": [0, 0, 35]
					}
				},
				"left_arm": {
					"rotation": {
						"0.4": [0, 35, -35],
						"0.6": [0, 0, -35],
						"32.2": [0, 0, -35]
					}
				},
				"right_leg": {
					"rotation": {
						"0.0": [-35, 0, 0],
						"0.3": [35, 0, 0],
						"0.6": [-35, 0, 0]
					}
				},
				"left_leg": {
					"rotation": {
						"0.0": [35, 0, 0],
						"0.3": [0, 0, 0],
						"0.6": [35, 0, 0]
					}
				}
			}
		},
        "animation.sceptile.health_bar":{
            "loop":true,
            "bones":{
                "health_hover":{
    "rotation":["q.camera_rotation(0)","q.camera_rotation(1)-q.body_y_rotation",0],
	"position": [0,42,0],
    "scale":"query.is_in_ui?0:1.5"
                },
				"bar_green": {
					"scale": ["query.health/query.max_health*1", 1, 1]
				},
				"bar_black": {
					"scale": ["(1)+(query.health/query.max_health*-1)", 1, 1]
				}
			}
        },
        "animation.sceptile.health_bar_mega":{
            "loop":true,
            "bones":{
                "health_hover":{
    "rotation":["q.camera_rotation(0)","q.camera_rotation(1)-q.body_y_rotation",0],
	"position": [0,38,0],
    "scale":"query.is_in_ui?0:1.5"
                },
				"bar_green": {
					"scale": ["query.health/query.max_health*1", 1, 1]
				},
				"bar_black": {
					"scale": ["(1)+(query.health/query.max_health*-1)", 1, 1]
				}
			}
        }
	}
}