{
	"format_version": "1.8.0",
	"animations": {
		"animation.treecko.quiet": {
			"loop": true,
			"animation_length": 0.8,
			"bones": {
				"body_root": {
					"rotation": {
						"0.0": [0, 0, 0],
						"0.4": [5, 0, 0],
						"0.8": [0, 0, 0]
					}
				},
				"tail": {
					"rotation": {
						"0.0": [-30, 35, 0],
						"0.5": [0, 50, 0],
						"0.8": [-30, 35, 0]
					}
				},
				"arms": {
					"rotation": {
						"0.0": [0, 0, 0],
						"0.3": [-35, 0, 0],
						"0.8": [0, 0, 0]
					}
				}
			}
		},
		"animation.treecko.walk": {
			"loop": true,
			"animation_length": 0.8,
			"bones": {
				"treecko": {
					"position": {
						"0.0": [0, 1, 0],
						"0.2": [0, 0, 0],
						"0.4": [0, 1, 0],
						"0.6": [0, 0, 0],
						"0.8": [0, 1, 0]
					}
				},
				"body_root": {
					"rotation": {
						"0.0": [0, 0, 0],
						"0.2": [5, 0, 0],
						"0.4": [0, 0, 0],
						"0.6": [5, 0, 0],
						"0.8": [0, 0, 0]
					}
				},
				"tail": {
					"rotation": {
						"0.0": [0, -25, 0],
						"0.4": [0, 25, 0],
						"0.8": [0, -25, 0]
					}
				},
				"right_arm": {
					"rotation": {
						"0.0": [0, 0, 20],
						"0.4": [0, 0, 0],
						"0.8": [0, 0, 20]
					}
				},
				"right_leg": {
					"rotation": {
						"0.0": [-55, 0, 0],
						"0.4": [55, 0, 0],
						"0.8": [-55, 0, 0]
					},
					"position": {
						"0.0": [0, 0, -2],
						"0.4": [0, 0, 2],
						"0.8": [0, 0, -2]
					}
				},
				"left_leg": {
					"rotation": {
						"0.0": [55, 0, 0],
						"0.4": [-55, 0, 0],
						"0.8": [55, 0, 0]
					},
					"position": {
						"0.0": [0, 0, 2],
						"0.4": [0, 0, -2],
						"0.8": [0, 0, 2]
					}
				},
				"left_arm": {
					"rotation": {
						"0.0": [0, 0, -20],
						"0.4": [0, 0, 0],
						"0.8": [0, 0, -20]
					}
				}
			}
		},
		"animation.treecko.sitting": {
			"loop": true,
			"bones": {
				"treecko": {
					"position": [0, -5.5, 0]
				},
				"head": {
					"position": [0, -1, -2]
				},
				"body": {
					"rotation": [7.5, 0, 0]
				},
				"tail": {
					"rotation": [-5, 55, 0]
				},
				"arms": {
					"rotation": [-45, 0, 0],
					"position": [0, -1, -2]
				},
				"right_arm": {
					"rotation": [0, 0, -15]
				},
				"left_arm": {
					"rotation": [0, 0, 15]
				},
				"legs": {
					"rotation": [-80, 0, 0]
				},
				"right_leg": {
					"rotation": [0, 0, 20]
				},
				"left_leg": {
					"rotation": [0, 0, -20]
				}
			}
		},
		"animation.treecko.jump": {
			"loop": true,
			"bones": {
				"treecko": {
					"position": [0, 3, 0]
				},
				"tail": {
					"rotation": [-55, 0, 0]
				},
				"arms": {
					"rotation": [-125, 0, 0]
				},
				"right_arm": {
					"rotation": [0, 0, -25]
				},
				"left_arm": {
					"rotation": [0, 0, 25]
				},
				"legs": {
					"rotation": [20, 0, 0]
				}
			}
		},
		"animation.treecko.attack": {
			"loop": true,
			"bones": {
				"head": {
					"position": [0, -2, -6]
				},
				"body": {
					"rotation": [30, 0, 0]
				},
				"tail": {
					"rotation": [0, 45, 0]
				},
				"right_arm": {
					"rotation": [0, 30, 0],
					"position": [0, -2, -4]
				},
				"left_arm": {
					"rotation": [0, 67.5, 0],
					"position": [0, -2, -4]
				},
				"left_leg": {
					"rotation": [55, 20, -10]
				}
			}
		},
		"animation.treecko.swimming": {
			"loop": true,
			"animation_length": 0.6,
			"bones": {
				"treecko": {
					"position": {
						"0.0": [0, -2, 0],
						"0.3": [0, 0, 0],
						"0.6": [0, -2, 0]
					}
				},
				"tail": {
					"rotation": {
						"0.0": [-45, 15, -15],
						"0.3": [-45, -15, 15],
						"0.6": [-45, 15, -15]
					}
				},
				"right_arm": {
					"rotation": {
						"0.0": [0, 0, 35],
						"0.2": [0, -45, 35],
						"0.6": [0, 0, 35]
					}
				},
				"left_arm": {
					"rotation": {
						"0.0": [0, 0, -35],
						"0.2": [0, 45, -35],
						"0.6": [0, 0, -35]
					}
				},
				"right_leg": {
					"rotation": {
						"0.0": [-45, 0, 0],
						"0.3": [45, 0, 0],
						"0.6": [-45, 0, 0]
					}
				},
				"left_leg": {
					"rotation": {
						"0.0": [45, 0, 0],
						"0.3": [-45, 0, 0],
						"0.6": [45, 0, 0]
					}
				}
			}
		},
        "animation.treecko.health_bar":{
            "loop":true,
            "bones":{
                "health_hover":{
    "rotation":["q.camera_rotation(0)","q.camera_rotation(1)-q.body_y_rotation",0],
	"position": [0,32,0],
    "scale":"query.is_in_ui?0:1.8"
                },
				"bar_green": {
					"scale": ["query.health/query.max_health*1", 1, 1]
				},
				"bar_black": {
					"scale": ["(1)+(query.health/query.max_health*-1)", 1, 1]
				}
			}
        }
	}
}