{
	"format_version": "1.8.0",
	"animations": {
		"animation.grovyle.quiet": {
			"loop": true,
			"animation_length": 0.8,
			"bones": {
				"body_root": {
					"rotation": {
						"0.0": [0, 0, 0],
						"0.4": [5, 0, 0],
						"0.8": [0, 0, 0]
					}
				},
				"tail": {
					"rotation": {
						"0.0": [-30, 35, 0],
						"0.5": [0, 50, 0],
						"0.8": [-30, 35, 0]
					}
				},
				"arms": {
					"rotation": {
						"0.0": [0, 0, 0],
						"0.3": [-35, 0, 0],
						"0.8": [0, 0, 0]
					}
				},
				"right_arm": {
					"rotation": {
						"0.0": [0, 0, 0],
						"0.5": [0, 0, -15],
						"0.8": [0, 0, 0]
					}
				},
				"left_arm": {
					"rotation": {
						"0.0": [0, 0, 0],
						"0.5": [0, 0, 15],
						"0.8": [0, 0, 0]
					}
				}
			}
		},
		"animation.grovyle.walk": {
			"loop": true,
			"animation_length": 0.6,
			"bones": {
				"grovyle": {
					"position": {
						"0.0": [0, 1, 0],
						"0.2": [0, 0, 0],
						"0.3": [0, 1, 0],
						"0.5": [0, 0, 0],
						"0.6": [0, 1, 0]
					}
				},
				"body_root": {
					"rotation": {
						"0.0": [0, 0, 0],
						"0.3": [5, 0, 0],
						"0.6": [0, 0, 0]
					},
					"position": [0, 0, 2]
				},
				"head": {
					"position": [0, -5, -13]
				},
				"body": {
					"rotation": [35, 0, 0]
				},
				"arms": {
					"rotation": {
						"0.0": [80, 0, 0],
						"0.4": [65, 0, 0],
						"0.6": [80, 0, 0]
					},
					"position": [0, -2, -9]
				},
				"right_arm": {
					"rotation": [0, 0, -20]
				},
				"left_arm": {
					"rotation": [0, 0, 20]
				},
				"right_leg": {
					"rotation": {
						"0.0": [-35, 0, 0],
						"0.3": [35, 0, 0],
						"0.6": [-35, 0, 0]
					}
				},
				"left_leg": {
					"rotation": {
						"0.0": [35, 0, 0],
						"0.3": [-35, 0, 0],
						"0.6": [35, 0, 0]
					}
				}
			}
		},
		"animation.grovyle.sitting": {
			"loop": true,
			"bones": {
				"grovyle": {
					"position": [0, -6, 0]
				},
				"head": {
					"position": [0, -1, -4]
				},
				"body": {
					"rotation": [15, 0, 0],
					"position": [0, 0, 2]
				},
				"arms": {
					"rotation": [30, 0, 0]
				},
				"right_arm": {
					"rotation": [0, -35, 0]
				},
				"left_arm": {
					"rotation": [0, 35, 0]
				},
				"legs": {
					"rotation": [-85, 0, 0]
				}
			}
		},
		"animation.grovyle.jump": {
			"loop": true,
			"bones": {
				"head": {
					"position": [0, -2, -8]
				},
				"body": {
					"rotation": [20, 0, 0]
				},
				"arms": {
					"rotation": [-60, 0, 0],
					"position": [0, -1, -5]
				},
				"right_leg": {
					"rotation": [-35, 0, 0],
					"position": [0, 0, -2]
				},
				"left_leg": {
					"rotation": [35, 0, 0]
				}
			}
		},
		"animation.grovyle.attack": {
			"loop": true,
			"bones": {
				"head": {
					"position": [0, -2, -9]
				},
				"body": {
					"rotation": [25, 0, 0]
				},
				"arms": {
					"position": [0, -1, -7]
				},
				"right_arm": {
					"rotation": [20, -50, -25]
				},
				"left_arm": {
					"rotation": [0, -45, 0]
				},
				"right_leg": {
					"rotation": [0, 20, 0],
					"position": [0, 0, -3]
				},
				"left_leg": {
					"position": [2, 0, 0]
				}
			}
		},
		"animation.grovyle.swimming": {
			"loop": true,
			"animation_length": 0.6,
			"bones": {
				"grovyle": {
					"position": {
						"0.0": [0, -2, 0],
						"0.3": [0, -1, 0],
						"0.6": [0, -2, 0]
					}
				},
				"right_arm": {
					"rotation": {
						"0.0": [0, 0, 35],
						"0.4": [0, -35, 35],
						"0.6": [0, 0, 35]
					}
				},
				"left_arm": {
					"rotation": {
						"0.0": [0, 0, -35],
						"0.4": [0, 35, -35],
						"0.6": [0, 0, -35]
					}
				},
				"right_leg": {
					"rotation": {
						"0.0": [-30, 0, 0],
						"0.3": [30, 0, 0],
						"0.6": [-30, 0, 0]
					}
				},
				"left_leg": {
					"rotation": {
						"0.0": [30, 0, 0],
						"0.3": [-30, 0, 0],
						"0.6": [30, 0, 0]
					}
				}
			}
		},
        "animation.grovyle.health_bar":{
            "loop":true,
            "bones":{
                "health_hover":{
    "rotation":["q.camera_rotation(0)","q.camera_rotation(1)-q.body_y_rotation",0],
	"position": [0,40,0],
    "scale":"query.is_in_ui?0:1.8"
                },
				"bar_green": {
					"scale": ["query.health/query.max_health*1", 1, 1]
				},
				"bar_black": {
					"scale": ["(1)+(query.health/query.max_health*-1)", 1, 1]
				}
			}
        }
	}
}