{
	"format_version": "1.8.0",
	"animations": {
		"animation.shiftry.quiet": {
			"loop": true,
			"animation_length": 1.6,
			"bones": {
				"body_root": {
					"rotation": {
						"0.0": [0, 0, 0],
						"0.8": [10, 0, 0],
						"1.6": [0, 0, 0]
					},
					"position": {
						"0.0": [0, 0, 0],
						"1.0": [0, -1, 0],
						"1.6": [0, 0, 0]
					}
				},
				"right_arm": {
					"rotation": {
						"0.0": [0, 0, 0],
						"0.6": [0, 0, 10],
						"1.6": [0, 0, 0]
					}
				},
				"left_arm": {
					"rotation": {
						"0.0": [0, 0, 0],
						"0.6": [0, 0, -10],
						"1.6": [0, 0, 0]
					}
				}
			}
		},
		"animation.shiftry.walk": {
			"loop": true,
			"animation_length": 0.8,
			"bones": {
				"shiftry": {
					"position": {
						"0.0": [0, -1, 0],
						"0.2": [0, 1, 0],
						"0.4": [0, -1, 0],
						"0.6": [0, 1, 0],
						"0.8": [0, -1, 0]
					}
				},
				"body_root": {
					"rotation": {
						"0.0": [0, 0, -5],
						"0.2": [10, 0, 0],
						"0.4": [0, 0, 5],
						"0.6": [10, 0, 0],
						"0.8": [0, 0, -5]
					}
				},
				"right_arm": {
					"rotation": {
						"0.0": [0, -45, 0],
						"0.4": [0, 45, 0],
						"0.8": [0, -45, 0]
					}
				},
				"right_leg": {
					"rotation": {
						"0.0": [50, 0, 0],
						"0.4": [-30, 0, 0],
						"0.8": [50, 0, 0]
					}
				},
				"left_arm": {
					"rotation": {
						"0.0": [0, -45, 0],
						"0.4": [0, 45, 0],
						"0.8": [0, -45, 0]
					}
				},
				"left_leg": {
					"rotation": {
						"0.0": [-30, 0, 0],
						"0.4": [50, 0, 0],
						"0.8": [-30, 0, 0]
					}
				}
			}
		},
		"animation.shiftry.sitting": {
			"loop": true,
			"bones": {
				"shiftry": {
					"position": [0, -7, 0]
				},
				"arms": {
					"rotation": [15, 0, 0]
				},
				"right_arm": {
					"rotation": [0, -65, 0]
				},
				"legs": {
					"rotation": [-55, 0, 0],
					"position": [0, 0, 0]
				},
				"left_arm": {
					"rotation": [0, 65, 0]
				}
			}
		},
		"animation.shiftry.jump": {
			"loop": true,
			"bones": {
				"shiftry": {
					"position": [0, 2, 0]
				},
				"right_arm": {
					"rotation": [0, 0, 70]
				},
				"legs": {
					"rotation": [30, 0, 0],
					"position": [0, -2, 0]
				},
				"right_leg": {
					"rotation": [0, -10, 0]
				},
				"left_arm": {
					"rotation": [0, 0, -70]
				},
				"left_leg": {
					"rotation": [0, 10, 0]
				}
			}
		},
		"animation.shiftry.attack": {
			"loop": true,
			"bones": {
				"body": {
					"rotation": [30, -20, 0]
				},
				"right_arm": {
					"rotation": [0, -70, 30],
					"position": [0, 0, -7]
				},
				"right_leg": {
					"position": [2, 0, -5]
				},
				"left_arm": {
					"rotation": [0, -55, 0]
				},
				"left_leg": {
					"rotation": [0, -45, 0],
					"position": [0, 0, 3]
				}
			}
		},
		"animation.shiftry.swimming": {
			"loop": true,
			"animation_length": 0.6,
			"bones": {
				"shiftry": {
					"position": {
						"0.0": [0, -2, 0],
						"0.3": [0, -1, 0],
						"0.6": [0, -2, 0]
					}
				},
				"right_arm": {
					"rotation": {
						"0.0": [0, 0, 30],
						"0.2": [0, 0, 10],
						"0.6": [0, 0, 30]
					}
				},
				"right_leg": {
					"rotation": {
						"0.0": [-15, 0, 0],
						"0.3": [50, 0, 0],
						"0.6": [-15, 0, 0]
					}
				},
				"left_arm": {
					"rotation": {
						"0.0": [0, 0, -30],
						"0.2": [0, 0, -10],
						"0.6": [0, 0, -30]
					}
				},
				"left_leg": {
					"rotation": {
						"0.0": [50, 0, 0],
						"0.3": [-15, 0, 0],
						"0.6": [50, 0, 0]
					}
				}
			}
		},
        "animation.shiftry.health_bar":{
            "loop":true,
            "bones":{
                "health_hover":{
    "rotation":["q.camera_rotation(0)","q.camera_rotation(1)-q.body_y_rotation",0],
	"position": [0,42,0],
    "scale":"query.is_in_ui?0:1.6"
                },
				"bar_green": {
					"scale": ["query.health/query.max_health*1", 1, 1]
				},
				"bar_black": {
					"scale": ["(1)+(query.health/query.max_health*-1)", 1, 1]
				}
			}
        }
	}
}