{
	"format_version": "1.8.0",
	"animations": {
		"animation.nuzleaf.quiet": {
			"loop": true,
			"animation_length": 0.8,
			"bones": {
				"head": {
					"position": {
						"0.0": [0, 0, 0],
						"0.4": [0, 0, -1],
						"0.8": [0, 0, 0]
					}
				},
				"body": {
					"rotation": {
						"0.0": [0, 0, 0],
						"0.4": [10, 0, 0],
						"0.8": [0, 0, 0]
					}
				},
				"arms": {
					"rotation": {
						"0.0": [-10, 0, 0],
						"0.6": [10, 0, 0],
						"0.8": [-10, 0, 0]
					},
					"position": {
						"0.0": [0, 0, 0],
						"0.4": [0, 0, -1],
						"0.8": [0, 0, 0]
					}
				}
			}
		},
		"animation.nuzleaf.walk": {
			"loop": true,
			"animation_length": 0.8,
			"bones": {
				"nuzleaf": {
					"position": {
						"0.0": [0, 1, 0],
						"0.2": [0, 0, 0],
						"0.4": [0, 1, 0],
						"0.6": [0, 0, 0],
						"0.8": [0, 1, 0]
					}
				},
				"head": {
					"position": {
						"0.0": [0, 0, 0],
						"0.2": [0, 0, -1],
						"0.4": [0, 0, 0],
						"0.6": [0, 0, -1],
						"0.8": [0, 0, 0]
					}
				},
				"body": {
					"rotation": {
						"0.0": [0, 0, 0],
						"0.2": [10, 0, 0],
						"0.4": [0, 0, 0],
						"0.6": [10, 0, 0],
						"0.8": [0, 0, 0]
					}
				},
				"arms": {
					"position": {
						"0.0": [0, 0, 0],
						"0.2": [0, 0, -1],
						"0.4": [0, 0, 0],
						"0.6": [0, 0, -1],
						"0.8": [0, 0, 0]
					}
				},
				"right_arm": {
					"rotation": {
						"0.0": [0, 55, 0],
						"0.4": [0, -35, 0],
						"0.8": [0, 55, 0]
					}
				},
				"left_arm": {
					"rotation": {
						"0.0": [0, 35, 0],
						"0.4": [0, -55, 0],
						"0.8": [0, 35, 0]
					}
				},
				"right_leg": {
					"rotation": {
						"0.0": [-45, -10, 0],
						"0.4": [45, -10, 0],
						"0.8": [-45, -10, 0]
					}
				},
				"left_leg": {
					"rotation": {
						"0.0": [45, 10, 0],
						"0.4": [-45, 10, 0],
						"0.8": [45, 10, 0]
					}
				}
			}
		},
		"animation.nuzleaf.sitting": {
			"loop": true,
			"bones": {
				"nuzleaf": {
					"position": [0, -4, 0]
				},
				"legs": {
					"rotation": [-75, 0, 0]
				}
			}
		},
		"animation.nuzleaf.jump": {
			"loop": true,
			"bones": {
				"nuzleaf": {
					"position": [0, 1, 0]
				},
				"arms": {
					"rotation": [-90, 0, 0]
				},
				"legs": {
					"rotation": [20, 0, 0]
				}
			}
		},
		"animation.nuzleaf.attack": {
			"loop": true,
			"bones": {
				"head": {
					"position": [1, -0.5, -2]
				},
				"body": {
					"rotation": [20, -30, 0]
				},
				"right_arm": {
					"rotation": [-360, -60, -45],
					"position": [1, 0, -3]
				},
				"left_arm": {
					"rotation": [0, -60, 0]
				},
				"right_leg": {
					"position": [0, 0, -2]
				},
				"left_leg": {
					"rotation": [0, -45, 0],
					"position": [0, 0, 1]
				}
			}
		},
		"animation.nuzleaf.swimming": {
			"loop": true,
			"animation_length": 0.6,
			"bones": {
				"nuzleaf": {
					"position": {
						"0.0": [0, 0, 0],
						"0.3": [0, -1, 0],
						"0.6": [0, 0, 0]
					}
				},
				"right_arm": {
					"rotation": {
						"0.0": [0, -10, 45],
						"0.4": [0, 20, 45],
						"0.6": [0, -10, 45]
					}
				},
				"left_arm": {
					"rotation": {
						"0.0": [0, 10, -45],
						"0.4": [0, -20, -45],
						"0.6": [0, 10, -45]
					}
				},
				"right_leg": {
					"rotation": {
						"0.0": [30, 0, 0],
						"0.3": [-30, 0, 0],
						"0.6": [30, 0, 0]
					}
				},
				"left_leg": {
					"rotation": {
						"0.0": [-30, 0, 0],
						"0.3": [30, 0, 0],
						"0.6": [-30, 0, 0]
					}
				}
			}
		},
        "animation.nuzleaf.health_bar":{
            "loop":true,
            "bones":{
                "health_hover":{
    "rotation":["q.camera_rotation(0)","q.camera_rotation(1)-q.body_y_rotation",0],
	"position": [0,30,0],
    "scale":"query.is_in_ui?0:1.2"
                },
				"bar_green": {
					"scale": ["query.health/query.max_health*1", 1, 1]
				},
				"bar_black": {
					"scale": ["(1)+(query.health/query.max_health*-1)", 1, 1]
				}
			}
        }
	}
}