{
	"format_version": "1.12.0",
	"minecraft:geometry": [
		{
			"description": {
				"identifier": "geometry.serppc_box",
				"texture_width": 128,
				"texture_height": 128,
				"visible_bounds_width": 3,
				"visible_bounds_height": 3.5,
				"visible_bounds_offset": [0, 1.25, 0]
			},
			"bones": [
				{
					"name": "bone",
					"pivot": [0, 0, 0]
				},
				{
					"name": "bone2",
					"parent": "bone",
					"pivot": [0, 0, 0],
					"cubes": [
						{"origin": [-5, 18, -3], "size": [10, 8, 1], "pivot": [0, 18, -3], "rotation": [-20, 0, 0], "uv": [13, 43]},
						{"origin": [-5, 15, -3], "size": [10, 3, 9], "uv": [47, 34]},
						{"origin": [-1.5, 15, -6], "size": [3, 1, 3], "uv": [12, 84]},
						{"origin": [-8, 0, -4], "size": [16, 15, 12], "uv": [0, 0]},
						{"origin": [-5.94545, -0.32159, -7.81277], "size": [5, 2, 5], "pivot": [-3.44545, 1.67841, -2.81277], "rotation": [20, 45, 0], "uv": [0, 76]},
						{"origin": [0.94545, -0.32159, -7.81277], "size": [5, 2, 5], "pivot": [3.44545, 1.67841, -2.81277], "rotation": [20, -45, 0], "uv": [0, 76], "mirror": true},
						{"origin": [-5, 0, -8.4], "size": [10, 2, 5], "pivot": [0, 2, -4], "rotation": [27.5, 0, 0], "uv": [7, 72]},
						{"origin": [-6, 12, -8], "size": [12, 1, 4], "uv": [64, 64]},
						{"origin": [-6, 11.5, -7], "size": [12, 1, 4], "pivot": [0, 12, -6], "rotation": [-25, 0, 0], "uv": [44, 28]},
						{"origin": [-7.12302, 12, -8.12936], "size": [2, 1, 4], "inflate": -0.1, "pivot": [-6.62302, 12.1, -4.12936], "rotation": [0, -15, 0], "uv": [0, 5]},
						{"origin": [5.12302, 12, -8.12936], "size": [2, 1, 4], "inflate": -0.1, "pivot": [6.62302, 12.1, -4.12936], "rotation": [0, 15, 0], "uv": [0, 0]},
						{"origin": [-7, 0, -5], "size": [14, 12, 1], "uv": [76, 12]},
						{"origin": [-5, 27, -5], "size": [10, 3, 1], "uv": [76, 36]},
						{"origin": [-7, 12, -5], "size": [2, 18, 1], "uv": [6, 84]},
						{"origin": [5, 12, -5], "size": [2, 18, 1], "uv": [0, 84]},
						{"origin": [4.9, 14, -8], "size": [0, 11, 4], "uv": [0, 23]},
						{"origin": [-8, 15, 6], "size": [16, 12, 2], "uv": [48, 48]},
						{"origin": [-8, 27, -4], "size": [16, 4, 12], "uv": [0, 27]},
						{"origin": [-5, 26.5412, -3.69344], "size": [10, 1, 12], "pivot": [0, 27.5412, -2.69344], "rotation": [-22.5, 0, 0], "uv": [44, 15]},
						{"origin": [-7.5, 30.5, -3.5], "size": [15, 1, 11], "uv": [44, 0]},
						{"origin": [-8.5, 0.5, -3.5], "size": [1, 30, 11], "uv": [24, 43]},
						{"origin": [7.5, 0.5, -3.5], "size": [1, 30, 11], "uv": [0, 43]},
						{"origin": [-8, 15, -4], "size": [3, 12, 10], "uv": [64, 74]},
						{"origin": [5, 15, -4], "size": [3, 12, 10], "uv": [48, 62]}
					]
				},
				{
					"name": "body",
					"parent": "bone",
					"pivot": [0, 32, -3],
					"cubes": [
						{"origin": [-2, 32, -5], "size": [4, 4, 4], "uv": [82, 42]},
						{"origin": [-2.5, 32.5, -4.5], "size": [1, 3, 3], "uv": [44, 0]},
						{"origin": [1.5, 32.5, -4.5], "size": [1, 3, 3], "uv": [0, 43]},
						{"origin": [-1.5, 35.5, -4.5], "size": [3, 1, 3], "uv": [81, 59]},
						{"origin": [-0.5, 36.5, -3.5], "size": [1, 2, 1], "uv": [0, 0]},
						{"origin": [-1.5, 31.5, -4.5], "size": [3, 1, 3], "uv": [80, 80]}
					]
				},
				{
					"name": "bone4",
					"parent": "body",
					"pivot": [-2, 34, -3],
					"cubes": [
						{"origin": [-5, 33.5, -3.5], "size": [3, 1, 1], "uv": [44, 6]}
					]
				},
				{
					"name": "bone5",
					"parent": "bone4",
					"pivot": [-5, 34, -3],
					"cubes": [
						{"origin": [-9, 33, -4], "size": [4, 2, 2], "uv": [44, 33]}
					]
				},
				{
					"name": "bone6",
					"parent": "bone5",
					"pivot": [-9, 34, -3],
					"cubes": [
						{"origin": [-16, 32, -5], "size": [7, 4, 4], "uv": [80, 69]}
					]
				},
				{
					"name": "bone7",
					"parent": "body",
					"pivot": [2, 34, -3],
					"cubes": [
						{"origin": [2, 33.5, -3.5], "size": [3, 1, 1], "uv": [0, 10]}
					]
				},
				{
					"name": "bone8",
					"parent": "bone7",
					"pivot": [5, 34, -3],
					"cubes": [
						{"origin": [5, 33, -4], "size": [4, 2, 2], "uv": [37, 44]}
					]
				},
				{
					"name": "bone9",
					"parent": "bone8",
					"pivot": [9, 34, -3],
					"cubes": [
						{"origin": [9, 32, -5], "size": [7, 4, 4], "uv": [76, 28]}
					]
				}
			]
		}
	]
}