{
	"format_version": "1.12.0",
	"minecraft:geometry": [
		{
			"description": {
				"identifier": "geometry.serphealer",
				"texture_width": 256,
				"texture_height": 256,
				"visible_bounds_width": 5,
				"visible_bounds_height": 3.5,
				"visible_bounds_offset": [0, 1.25, 0]
			},
			"bones": [
				{
					"name": "healing_machine",
					"pivot": [0, 0, 0]
				},
				{
					"name": "machine",
					"parent": "healing_machine",
					"pivot": [0, 0, 0],
					"cubes": [
						{"origin": [-18, 2, -7], "size": [2, 11, 14], "uv": [72, 85]},
						{"origin": [16, 2, -7], "size": [2, 11, 14], "uv": [40, 85]},
						{"origin": [-19, 2, -5], "size": [1, 11, 10], "uv": [87, 113]},
						{"origin": [18, 2, -5], "size": [1, 11, 10], "uv": [111, 0]},
						{"origin": [-16, 2, -8], "size": [32, 11, 16], "uv": [0, 0]},
						{"origin": [-16.5, 0, -8.5], "size": [33, 2, 17], "uv": [0, 46]},
						{"origin": [-16.5, 13, -8.5], "size": [33, 2, 17], "uv": [0, 27]},
						{"origin": [-18.5, 0, -7.5], "size": [2, 2, 15], "uv": [53, 110]},
						{"origin": [16.5, 13, -7.5], "size": [2, 2, 15], "uv": [19, 109]},
						{"origin": [18.5, 0, -5.5], "size": [1, 2, 11], "uv": [108, 31]},
						{"origin": [-19.5, 0, -5.5], "size": [1, 2, 11], "uv": [58, 85]},
						{"origin": [-19.5, 13, -5.5], "size": [1, 2, 11], "uv": [24, 85]},
						{"origin": [18.5, 13, -5.5], "size": [1, 2, 11], "uv": [52, 65]},
						{"origin": [16.5, 0, -7.5], "size": [2, 2, 15], "uv": [0, 107]},
						{"origin": [-13, 15, -8], "size": [4, 6, 16], "uv": [0, 85]},
						{"origin": [13, 17, -8], "size": [6, 4, 16], "pivot": [13, 21, 0], "rotation": [0, 0, 50], "uv": [83, 11]},
						{"origin": [-19, 17, -8], "size": [6, 4, 16], "pivot": [-13, 21, 0], "rotation": [0, 0, -50], "uv": [68, 65]},
						{"origin": [14.18092, 14.02606, -7], "size": [5, 3, 14], "pivot": [16.18092, 17.02606, 0], "rotation": [0, 0, 20], "uv": [90, 96]},
						{"origin": [19, 14, -5], "size": [1, 2, 10], "pivot": [19, 16, 0], "rotation": [0, 0, 72.5], "uv": [72, 110]},
						{"origin": [-20, 14, -5], "size": [1, 2, 10], "pivot": [-19, 16, 0], "rotation": [0, 0, -72.5], "uv": [38, 110]},
						{"origin": [-19.18092, 14.02606, -7], "size": [5, 3, 14], "pivot": [-16.18092, 17.02606, 0], "rotation": [0, 0, -20], "uv": [96, 53]},
						{"origin": [9, 15, -8], "size": [4, 6, 16], "uv": [84, 31]},
						{"origin": [-9, 15, -8], "size": [18, 4, 16], "uv": [0, 65]},
						{"origin": [-18.5, 13, -7.5], "size": [2, 2, 15], "uv": [97, 70]}
					]
				}
			]
		},
		{
			"description": {
				"identifier": "geometry.serphealer_lights",
				"texture_width": 32,
				"texture_height": 32,
				"visible_bounds_width": 5,
				"visible_bounds_height": 3.5,
				"visible_bounds_offset": [0, 1.25, 0]
			},
			"bones": [
				{
					"name": "lights",
					"pivot": [0, 19, 0],
				"locators": {
		"ball": [-5.5, 19, 3.8],
		"ball2": [0, 19, 3.8],
		"ball3": [5.5, 19, 3.8],
		"ball4": [-5.5, 19, -3.8],
		"ball5": [0, 19, -3.8],
		"ball6": [5.5, 19, -3.8]
					}
				},
				{
					"name": "1",
					"parent": "lights",
					"pivot": [-5.5, 19, 3.8],
					"cubes": [
						{"origin": [-7.5, 19, 1.8], "size": [4, 5, 4], "uv": [0, 0]}
					]
				},
				{
					"name": "2",
					"parent": "lights",
					"pivot": [0, 19, 3.8],
					"cubes": [
						{"origin": [-2, 19, 1.8], "size": [4, 5, 4], "uv": [0, 0]}
					]
				},
				{
					"name": "3",
					"parent": "lights",
					"pivot": [5.5, 19, 3.8],
					"cubes": [
						{"origin": [3.5, 19, 1.8], "size": [4, 5, 4], "uv": [0, 0]}
					]
				},
				{
					"name": "4",
					"parent": "lights",
					"pivot": [-5.5, 19, -3.8],
					"cubes": [
						{"origin": [-7.5, 19, -5.8], "size": [4, 5, 4], "uv": [0, 0]}
					]
				},
				{
					"name": "5",
					"parent": "lights",
					"pivot": [0, 19, -3.8],
					"cubes": [
						{"origin": [-2, 19, -5.8], "size": [4, 5, 4], "uv": [0, 0]}
					]
				},
				{
					"name": "6",
					"parent": "lights",
					"pivot": [5.5, 19, -3.8],
					"cubes": [
						{"origin": [3.5, 19, -5.8], "size": [4, 5, 4], "uv": [0, 0]}
					]
				}
			]
		},
		{
			"description": {
				"identifier": "geometry.serphealer_sparks",
				"texture_width": 128,
				"texture_height": 128,
				"visible_bounds_width": 5,
				"visible_bounds_height": 3.5,
				"visible_bounds_offset": [0, 1.25, 0]
			},
			"bones": [
				{
					"name": "healing_machine",
					"pivot": [0, 0, 0]
				},
				{
					"name": "mid_sparkles",
					"parent": "healing_machine",
					"pivot": [0, 0, 0],
					"cubes": [
						{"origin": [-18, 2.5, -7], "size": [2, 10, 14], "inflate": 0.2, "uv": [0, 2]},
						{"origin": [16, 2.5, -7], "size": [2, 10, 14], "inflate": 0.2, "uv": [0, 2]},
						{"origin": [-19, 2.5, -5], "size": [1, 10, 10], "inflate": 0.2, "uv": [0, 6]},
						{"origin": [18, 2.5, -5], "size": [1, 10, 10], "inflate": 0.2, "uv": [0, 6]},
						{"origin": [-16, 2.5, -8], "size": [32, 10, 16], "inflate": 0.2, "uv": [0, 0]}
					]
				}
			]
		}
	]
}