{
	"format_version": "1.8.0",
	"animations": {
		"animation.oddish.quiet": {
			"loop": true,
			"animation_length": 0.8,
			"bones": {
				"body": {
					"rotation": {
						"0.0": [0, 0, -5],
						"0.4": [0, 0, 5],
						"0.8": [0, 0, -5]
					},
					"position": {
						"0.0": [-1, 0, 0],
						"0.2": [0, 0.5, 0],
						"0.4": [1, 0, 0],
						"0.6": [0, 0.5, 0],
						"0.8": [-1, 0, 0]
					}
				},
				"leaves": {
					"rotation": {
						"0.0": [0, 0, -10],
						"0.2": [0, 0, -10],
						"0.4": [0, 0, 10],
						"0.6": [0, 0, 10],
						"0.8": [0, 0, -10]
					}
				}
			}
		},
		"animation.oddish.walk": {
			"loop": true,
			"animation_length": 0.8,
			"bones": {
				"oddish": {
					"rotation": {
						"0.0": [0, 0, -5],
						"0.4": [0, 0, 5],
						"0.8": [0, 0, -5]
					},
					"position": {
						"0.0": [0, 2, 0],
						"0.2": [0, 0, 0],
						"0.4": [0, 2, 0],
						"0.6": [0, 0, 0],
						"0.8": [0, 2, 0]
					}
				},
				"leaves": {
					"rotation": {
						"0.0": [-10, 0, -10],
						"0.2": [0, 0, 0],
						"0.4": [-10, 0, 10],
						"0.6": [0, 0, 0],
						"0.8": [-10, 0, -10]
					}
				},
				"right_leg": {
					"rotation": {
						"0.0": [30, 0, 0],
						"0.4": [-50, 0, 0],
						"0.8": [30, 0, 0]
					},
					"position": {
						"0.0": [0, 0, 0],
						"0.4": [0, 0, -5],
						"0.8": [0, 0, 0]
					}
				},
				"left_leg": {
					"rotation": {
						"0.0": [-50, 0, 0],
						"0.4": [30, 0, 0],
						"0.8": [-50, 0, 0]
					},
					"position": {
						"0.0": [0, 0, -5],
						"0.4": [0, 0, 0],
						"0.8": [0, 0, -5]
					}
				}
			}
		},
		"animation.oddish.sitting": {
			"loop": true,
			"bones": {
				"oddish": {
					"position": [0, -2, 0]
				},
				"right_leg": {
					"rotation": [-90, 45, 0],
					"position": [-2, 0, -5]
				},
				"left_leg": {
					"rotation": [-90, -45, 0],
					"position": [2, 0, -5]
				},
				"legs": {
					"position": [0, 0, -1]
				}
			}
		},
		"animation.oddish.jump": {
			"loop": true,
			"animation_length": 19.9,
			"bones": {
				"leaves": {
					"rotation": [-30, 0, 0]
				},
				"legs": {
					"rotation": [50, 0, 0],
					"position": [0, 0, -1]
				}
			}
		},
		"animation.oddish.attack": {
			"loop": true,
			"bones": {
				"leaves": {
					"rotation": [55, 0, 0],
					"position": [0, 0, 2],
					"scale": [1, 1.3, 1]
				},
				"legs": {
					"rotation": [-30, 0, 0],
					"position": [0, 0, -5]
				},
				"right_leg": {
					"rotation": [0, 0, 15],
					"position": [-1, 0, 0]
				},
				"left_leg": {
					"rotation": [0, 0, -15],
					"position": [1, 0, 0]
				}
			}
		},
		"animation.oddish.swimming": {
			"loop": true,
			"bones": {
				"oddish": {
					"position": [0, -3, 0]
				},
				"legs": {
					"position": [0, 4, 0],
					"scale": [0, 0, 1]
				}
			}
		},
		"animation.oddish.health_bar": {
			"loop": true,
			"bones": {
				"health_hover": {
					"rotation": ["q.camera_rotation(0)", "q.camera_rotation(1)-q.body_y_rotation", 0],
					"position": [0, 38, 0],
					"scale": "query.is_in_ui?0:2"
				},
				"bar_green": {
					"scale": ["query.health/query.max_health*1", 1, 1]
				},
				"bar_black": {
					"scale": ["(1)+(query.health/query.max_health*-1)", 1, 1]
				}
			}
		}
	}
}