{
	"format_version": "1.12.0",
	"minecraft:geometry": [
		{
			"description": {
				"identifier": "geometry.serpcombusken",
				"texture_width": 64,
				"texture_height": 64,
				"visible_bounds_width": 3,
				"visible_bounds_height": 3.5,
				"visible_bounds_offset": [0, 1.25, 0]
			},
			"bones": [
				{
					"name": "combusken",
					"pivot": [0, 0, 0]
				},
				{
					"name": "body_root",
					"parent": "combusken",
					"pivot": [0, 8, 0]
				},
				{
					"name": "head",
					"parent": "body_root",
					"pivot": [0, 21, 0],
					"cubes": [
						{"origin": [-2.75, 21, -3], "size": [5.5, 6, 6], "uv": [0, 24]},
						{"origin": [-4.4, 27.5, 0], "size": [8.8, 7.9, 0], "uv": [41, 20]},
						{"origin": [-2.5, 21.5, -3.5], "size": [5, 5, 1], "uv": [19, 52]},
						{"origin": [-2.5, 21.5, 2.5], "size": [5, 5, 1], "uv": [19, 52]},
						{"origin": [-1, 22, -4], "size": [2, 1, 1], "uv": [25, 13]},
						{"origin": [-3.25, 21.5, -2.5], "size": [1, 5, 5], "uv": [33, 42]},
						{"origin": [2.25, 21.5, -2.5], "size": [1, 5, 5], "uv": [33, 42], "mirror": true},
						{"origin": [-2.25, 20.5, -2.5], "size": [4.5, 1, 5], "uv": [31, 13]},
						{"origin": [-2.25, 26.5, -2.5], "size": [4.5, 1, 5], "uv": [31, 13]}
					]
				},
				{
					"name": "open_eyes",
					"parent": "head",
					"pivot": [0, 21, 0],
					"cubes": [
						{"origin": [-3, 23, -3.55], "size": [6, 3, 0], "uv": [0, 57]}
					]
				},
				{
					"name": "closed_eyes",
					"parent": "head",
					"pivot": [0, 21, 0],
					"cubes": [
						{"origin": [-3, 24, -3.55], "size": [6, 1, 0], "uv": [0, 60]}
					]
				},
				{
					"name": "angry_eyes",
					"parent": "head",
					"pivot": [0, 21, 0],
					"cubes": [
						{"origin": [-3, 23, -3.55], "size": [6, 3, 0], "uv": [0, 61]}
					]
				},
				{
					"name": "body",
					"parent": "body_root",
					"pivot": [0, 8, 0],
					"cubes": [
						{"origin": [-3, 8, -3], "size": [6, 12, 6], "uv": [0, 0]},
						{"origin": [-2.5, 8.5, -3.5], "size": [5, 11, 1], "uv": [0, 37]},
						{"origin": [-2.5, 19.5, -2.5], "size": [5, 1, 5], "uv": [31, 13]},
						{"origin": [-2.5, 8.5, 2.5], "size": [5, 11, 1], "uv": [0, 37]},
						{"origin": [0, 7.5, 2.5], "size": [0, 5, 5], "uv": [8, 45]},
						{"origin": [-3.5, 8.5, -3.5], "size": [4, 5, 7], "pivot": [-3.5, 13.5, 0], "rotation": [0, 0, 45], "uv": [25, 0]},
						{"origin": [-0.5, 8.5, -3.5], "size": [4, 5, 7], "pivot": [3.5, 13.5, 0], "rotation": [0, 0, -45], "uv": [25, 0], "mirror": true},
						{"origin": [-3.5, 8.5, -2.5], "size": [1, 11, 5], "uv": [20, 35]},
						{"origin": [2.5, 8.5, -2.5], "size": [1, 11, 5], "uv": [20, 35], "mirror": true},
						{"origin": [-2.5, 7.5, -2.5], "size": [5, 1, 5], "uv": [33, 35]}
					]
				},
				{
					"name": "arms",
					"parent": "body_root",
					"pivot": [0, 19, 0]
				},
				{
					"name": "right_arm",
					"parent": "arms",
					"pivot": [-3, 19, 0],
					"rotation": [0, 0, -55],
					"cubes": [
						{"origin": [-17, 18, -1], "size": [14, 2, 2], "uv": [0, 19]},
						{"origin": [-21, 19, -2], "size": [4, 0, 4], "pivot": [-17, 19, 0], "rotation": [0, 0, -20], "uv": [47, 9]},
						{"origin": [-18.5, 18, -2.5], "size": [2, 2, 5], "uv": [46, 42]},
						{"origin": [-16.63, 18, -1], "size": [8.63, 2, 2], "pivot": [-8, 19, -1], "rotation": [0, -10, 0], "uv": [41, 0]},
						{"origin": [-16.63, 18, -1], "size": [8.63, 2, 2], "pivot": [-8, 19, 1], "rotation": [0, 10, 0], "uv": [41, 0]}
					]
				},
				{
					"name": "left_arm",
					"parent": "arms",
					"pivot": [3, 19, 0],
					"rotation": [0, 0, 55],
					"cubes": [
						{"origin": [3, 18, -1], "size": [14, 2, 2], "uv": [0, 19], "mirror": true},
						{"origin": [17, 19, -2], "size": [4, 0, 4], "pivot": [17, 19, 0], "rotation": [0, 0, 20], "uv": [47, 9], "mirror": true},
						{"origin": [16.5, 18, -2.5], "size": [2, 2, 5], "uv": [46, 42], "mirror": true},
						{"origin": [8, 18, -1], "size": [8.63, 2, 2], "pivot": [8, 19, -1], "rotation": [0, 10, 0], "uv": [41, 0], "mirror": true},
						{"origin": [8, 18, -1], "size": [8.63, 2, 2], "pivot": [8, 19, 1], "rotation": [0, -10, 0], "uv": [41, 0], "mirror": true}
					]
				},
				{
					"name": "legs",
					"parent": "combusken",
					"pivot": [0, 10.5, 0]
				},
				{
					"name": "right_leg",
					"parent": "legs",
					"pivot": [-3.5, 10.5, 0],
					"cubes": [
						{"origin": [-6, 6, -2.5], "size": [5, 5, 5], "uv": [25, 24]},
						{"origin": [-4.25, 1.5, -0.75], "size": [1.5, 4, 1.5], "uv": [0, 0]},
						{"origin": [-4.25, 0, -4], "size": [1.5, 1.5, 5.5], "uv": [0, 51]},
						{"origin": [-4.25, 0, -4], "size": [1.5, 1.5, 3.5], "pivot": [-3.5, -1, -0.75], "rotation": [0, 45, 0], "uv": [19, 24]},
						{"origin": [-4.25, 0, -4], "size": [1.5, 1.5, 3.5], "pivot": [-3.5, -1, -0.75], "rotation": [0, -45, 0], "uv": [19, 24]},
						{"origin": [-6.5, 6.5, -2], "size": [1, 4, 4], "uv": [42, 50]},
						{"origin": [-5.5, 5.5, -2], "size": [4, 1, 4], "uv": [46, 28]},
						{"origin": [-5.5, 6.5, -3], "size": [4, 4, 1], "uv": [19, 0]},
						{"origin": [-5.5, 6.5, 2], "size": [4, 4, 1], "uv": [19, 0]},
						{"origin": [-5.5, 10.5, -2], "size": [4, 1, 4], "uv": [46, 28]}
					]
				},
				{
					"name": "left_leg",
					"parent": "legs",
					"pivot": [3.5, 10.5, 0],
					"cubes": [
						{"origin": [1, 6, -2.5], "size": [5, 5, 5], "uv": [25, 24], "mirror": true},
						{"origin": [2.75, 1.5, -0.75], "size": [1.5, 4, 1.5], "uv": [0, 0], "mirror": true},
						{"origin": [2.75, 0, -4], "size": [1.5, 1.5, 5.5], "uv": [0, 51], "mirror": true},
						{"origin": [2.75, 0, -4], "size": [1.5, 1.5, 3.5], "pivot": [3.5, -1, -0.75], "rotation": [0, -45, 0], "uv": [19, 24], "mirror": true},
						{"origin": [2.75, 0, -4], "size": [1.5, 1.5, 3.5], "pivot": [3.5, -1, -0.75], "rotation": [0, 45, 0], "uv": [19, 24], "mirror": true},
						{"origin": [5.5, 6.5, -2], "size": [1, 4, 4], "uv": [42, 50], "mirror": true},
						{"origin": [1.5, 5.5, -2], "size": [4, 1, 4], "uv": [46, 28], "mirror": true},
						{"origin": [1.5, 6.5, -3], "size": [4, 4, 1], "uv": [19, 0], "mirror": true},
						{"origin": [1.5, 6.5, 2], "size": [4, 4, 1], "uv": [19, 0], "mirror": true},
						{"origin": [1.5, 10.5, -2], "size": [4, 1, 4], "uv": [46, 28], "mirror": true}
					]
				}
			]
		},
		{
			"description": {
				"identifier": "geometry.serpcombusken_aura",
				"texture_width": 64,
				"texture_height": 64,
				"visible_bounds_width": 3,
				"visible_bounds_height": 3.5,
				"visible_bounds_offset": [0, 1.25, 0]
			},
			"bones": [
				{
					"name": "combusken",
					"pivot": [0, 0, 0]
				},
				{
					"name": "body_root",
					"parent": "combusken",
					"pivot": [0, 8, 0]
				},
				{
					"name": "head",
					"parent": "body_root",
					"pivot": [0, 21, 0],
					"cubes": [
						{"origin": [-2.75, 21, -3], "size": [5.5, 6, 6], "inflate": 0.25, "uv": [0, 24]},
						{"origin": [-4.4, 27.5, 0], "size": [8.8, 7.9, 0], "inflate": 0.25, "uv": [41, 20]},
						{"origin": [-2.5, 21.5, -3.5], "size": [5, 5, 1], "inflate": 0.25, "uv": [19, 52]},
						{"origin": [-2.5, 21.5, 2.5], "size": [5, 5, 1], "inflate": 0.25, "uv": [19, 52]},
						{"origin": [-1, 22, -4], "size": [2, 1, 1], "inflate": 0.25, "uv": [25, 13]},
						{"origin": [-3.25, 21.5, -2.5], "size": [1, 5, 5], "inflate": 0.25, "uv": [33, 42]},
						{"origin": [2.25, 21.5, -2.5], "size": [1, 5, 5], "inflate": 0.25, "uv": [33, 42], "mirror": true},
						{"origin": [-2.25, 20.5, -2.5], "size": [4.5, 1, 5], "inflate": 0.25, "uv": [31, 13]},
						{"origin": [-2.25, 26.5, -2.5], "size": [4.5, 1, 5], "inflate": 0.25, "uv": [31, 13]}
					]
				},
				{
					"name": "open_eyes",
					"parent": "head",
					"pivot": [0, 21, 0],
					"cubes": [
						{"origin": [-3, 23, -3.55], "size": [6, 3, 0], "inflate": 0.25, "uv": [0, 57]}
					]
				},
				{
					"name": "closed_eyes",
					"parent": "head",
					"pivot": [0, 21, 0],
					"cubes": [
						{"origin": [-3, 24, -3.55], "size": [6, 1, 0], "inflate": 0.25, "uv": [0, 60]}
					]
				},
				{
					"name": "angry_eyes",
					"parent": "head",
					"pivot": [0, 21, 0],
					"cubes": [
						{"origin": [-3, 23, -3.55], "size": [6, 3, 0], "inflate": 0.25, "uv": [0, 61]}
					]
				},
				{
					"name": "body",
					"parent": "body_root",
					"pivot": [0, 8, 0],
					"cubes": [
						{"origin": [-3, 8, -3], "size": [6, 12, 6], "inflate": 0.25, "uv": [0, 0]},
						{"origin": [-2.5, 8.5, -3.5], "size": [5, 11, 1], "inflate": 0.25, "uv": [0, 37]},
						{"origin": [-2.5, 19.5, -2.5], "size": [5, 1, 5], "inflate": 0.25, "uv": [31, 13]},
						{"origin": [-2.5, 8.5, 2.5], "size": [5, 11, 1], "inflate": 0.25, "uv": [0, 37]},
						{"origin": [0, 7.5, 2.5], "size": [0, 5, 5], "inflate": 0.25, "uv": [8, 45]},
						{"origin": [-3.5, 8.5, -3.5], "size": [4, 5, 7], "inflate": 0.25, "pivot": [-3.5, 13.5, 0], "rotation": [0, 0, 45], "uv": [25, 0]},
						{"origin": [-0.5, 8.5, -3.5], "size": [4, 5, 7], "inflate": 0.25, "pivot": [3.5, 13.5, 0], "rotation": [0, 0, -45], "uv": [25, 0], "mirror": true},
						{"origin": [-3.5, 8.5, -2.5], "size": [1, 11, 5], "inflate": 0.25, "uv": [20, 35]},
						{"origin": [2.5, 8.5, -2.5], "size": [1, 11, 5], "inflate": 0.25, "uv": [20, 35], "mirror": true},
						{"origin": [-2.5, 7.5, -2.5], "size": [5, 1, 5], "inflate": 0.25, "uv": [33, 35]}
					]
				},
				{
					"name": "arms",
					"parent": "body_root",
					"pivot": [0, 19, 0]
				},
				{
					"name": "right_arm",
					"parent": "arms",
					"pivot": [-3, 19, 0],
					"rotation": [0, 0, -55],
					"cubes": [
						{"origin": [-17, 18, -1], "size": [14, 2, 2], "inflate": 0.25, "uv": [0, 19]},
						{"origin": [-21, 19, -2], "size": [4, 0, 4], "inflate": 0.25, "pivot": [-17, 19, 0], "rotation": [0, 0, -20], "uv": [47, 9]},
						{"origin": [-18.5, 18, -2.5], "size": [2, 2, 5], "inflate": 0.25, "uv": [46, 42]},
						{"origin": [-16.63, 18, -1], "size": [8.63, 2, 2], "inflate": 0.25, "pivot": [-8, 19, -1], "rotation": [0, -10, 0], "uv": [41, 0]},
						{"origin": [-16.63, 18, -1], "size": [8.63, 2, 2], "inflate": 0.25, "pivot": [-8, 19, 1], "rotation": [0, 10, 0], "uv": [41, 0]}
					]
				},
				{
					"name": "left_arm",
					"parent": "arms",
					"pivot": [3, 19, 0],
					"rotation": [0, 0, 55],
					"cubes": [
						{"origin": [3, 18, -1], "size": [14, 2, 2], "inflate": 0.25, "uv": [0, 19], "mirror": true},
						{"origin": [17, 19, -2], "size": [4, 0, 4], "inflate": 0.25, "pivot": [17, 19, 0], "rotation": [0, 0, 20], "uv": [47, 9], "mirror": true},
						{"origin": [16.5, 18, -2.5], "size": [2, 2, 5], "inflate": 0.25, "uv": [46, 42], "mirror": true},
						{"origin": [8, 18, -1], "size": [8.63, 2, 2], "inflate": 0.25, "pivot": [8, 19, -1], "rotation": [0, 10, 0], "uv": [41, 0], "mirror": true},
						{"origin": [8, 18, -1], "size": [8.63, 2, 2], "inflate": 0.25, "pivot": [8, 19, 1], "rotation": [0, -10, 0], "uv": [41, 0], "mirror": true}
					]
				},
				{
					"name": "legs",
					"parent": "combusken",
					"pivot": [0, 10.5, 0]
				},
				{
					"name": "right_leg",
					"parent": "legs",
					"pivot": [-3.5, 10.5, 0],
					"cubes": [
						{"origin": [-6, 6, -2.5], "size": [5, 5, 5], "inflate": 0.25, "uv": [25, 24]},
						{"origin": [-4.25, 1.5, -0.75], "size": [1.5, 4, 1.5], "inflate": 0.25, "uv": [0, 0]},
						{"origin": [-4.25, 0, -4], "size": [1.5, 1.5, 5.5], "inflate": 0.25, "uv": [0, 51]},
						{"origin": [-4.25, 0, -4], "size": [1.5, 1.5, 3.5], "inflate": 0.25, "pivot": [-3.5, -1, -0.75], "rotation": [0, 45, 0], "uv": [19, 24]},
						{"origin": [-4.25, 0, -4], "size": [1.5, 1.5, 3.5], "inflate": 0.25, "pivot": [-3.5, -1, -0.75], "rotation": [0, -45, 0], "uv": [19, 24]},
						{"origin": [-6.5, 6.5, -2], "size": [1, 4, 4], "inflate": 0.25, "uv": [42, 50]},
						{"origin": [-5.5, 5.5, -2], "size": [4, 1, 4], "inflate": 0.25, "uv": [46, 28]},
						{"origin": [-5.5, 6.5, -3], "size": [4, 4, 1], "inflate": 0.25, "uv": [19, 0]},
						{"origin": [-5.5, 6.5, 2], "size": [4, 4, 1], "inflate": 0.25, "uv": [19, 0]},
						{"origin": [-5.5, 10.5, -2], "size": [4, 1, 4], "inflate": 0.25, "uv": [46, 28]}
					]
				},
				{
					"name": "left_leg",
					"parent": "legs",
					"pivot": [3.5, 10.5, 0],
					"cubes": [
						{"origin": [1, 6, -2.5], "size": [5, 5, 5], "inflate": 0.25, "uv": [25, 24], "mirror": true},
						{"origin": [2.75, 1.5, -0.75], "size": [1.5, 4, 1.5], "inflate": 0.25, "uv": [0, 0], "mirror": true},
						{"origin": [2.75, 0, -4], "size": [1.5, 1.5, 5.5], "inflate": 0.25, "uv": [0, 51], "mirror": true},
						{"origin": [2.75, 0, -4], "size": [1.5, 1.5, 3.5], "inflate": 0.25, "pivot": [3.5, -1, -0.75], "rotation": [0, -45, 0], "uv": [19, 24], "mirror": true},
						{"origin": [2.75, 0, -4], "size": [1.5, 1.5, 3.5], "inflate": 0.25, "pivot": [3.5, -1, -0.75], "rotation": [0, 45, 0], "uv": [19, 24], "mirror": true},
						{"origin": [5.5, 6.5, -2], "size": [1, 4, 4], "inflate": 0.25, "uv": [42, 50], "mirror": true},
						{"origin": [1.5, 5.5, -2], "size": [4, 1, 4], "inflate": 0.25, "uv": [46, 28], "mirror": true},
						{"origin": [1.5, 6.5, -3], "size": [4, 4, 1], "inflate": 0.25, "uv": [19, 0], "mirror": true},
						{"origin": [1.5, 6.5, 2], "size": [4, 4, 1], "inflate": 0.25, "uv": [19, 0], "mirror": true},
						{"origin": [1.5, 10.5, -2], "size": [4, 1, 4], "inflate": 0.25, "uv": [46, 28], "mirror": true}
					]
				}
			]
		}
	]
}