{
	"format_version": "1.12.0",
	"minecraft:geometry": [
		{
			"description": {
				"identifier": "geometry.serpblaziken",
				"texture_width": 80,
				"texture_height": 80,
				"visible_bounds_width": 4,
				"visible_bounds_height": 4.5,
				"visible_bounds_offset": [0, 1.75, 0]
			},
			"bones": [
				{
					"name": "blaziken",
					"pivot": [0, 0, 0]
				},
				{
					"name": "body_root",
					"parent": "blaziken",
					"pivot": [0, 21, 0]
				},
				{
					"name": "head",
					"parent": "body_root",
					"pivot": [0, 37, 0],
					"cubes": [
						{"origin": [-3, 35, -3], "size": [6, 6, 6], "uv": [38, 0]},
						{"origin": [-4, 39, 3], "size": [4, 2, 15.9], "pivot": [0, 41, 3], "rotation": [-45, -20, 10], "uv": [0, 0]},
						{"origin": [0, 39, 3], "size": [4, 2, 15.9], "pivot": [0, 41, 3], "rotation": [-45, 20, -10], "uv": [0, 0], "mirror": true},
						{"origin": [-1, 36, -6], "size": [2, 2, 3], "uv": [31, 55]},
						{"origin": [-1, 35.5, -5.5], "size": [2, 1, 2], "uv": [38, 13]},
						{"origin": [-1, 36, -6], "size": [2, 2, 5], "pivot": [0, 38, -6], "rotation": [45, 0, 0], "uv": [16, 52]},
						{"origin": [-1, 38.5, -5.5], "size": [1, 5, 0], "pivot": [-0.5, 38, -5.5], "rotation": [-25, 0, -20], "uv": [0, 33]},
						{"origin": [0, 38.5, -5.5], "size": [1, 5, 0], "pivot": [0.5, 38, -5.5], "rotation": [-25, 0, 20], "uv": [0, 33], "mirror": true},
						{"origin": [-1, 36, -6], "size": [2, 2, 2.915], "pivot": [-1, 37, -6], "rotation": [0, -31, 0], "uv": [0, 57]},
						{"origin": [-1, 36, -6], "size": [2, 2, 2.915], "pivot": [1, 37, -6], "rotation": [0, 31, 0], "uv": [0, 57], "mirror": true},
						{"origin": [-1, 35.5, -5.5], "size": [1, 2, 3], "pivot": [-1, 36, -5.5], "rotation": [0, -31, 0], "uv": [19, 33]},
						{"origin": [0, 35.5, -5.5], "size": [1, 2, 3], "pivot": [1, 36, -5.5], "rotation": [0, 31, 0], "uv": [19, 33], "mirror": true},
						{"origin": [-2.5, 40.5, -2.5], "size": [5, 1, 5], "uv": [50, 13]},
						{"origin": [-2.5, 34.5, -2.5], "size": [5, 1, 5], "uv": [49, 45]},
						{"origin": [-3.5, 35.5, -2.5], "size": [1, 5, 5], "uv": [0, 0]},
						{"origin": [2.5, 35.5, -2.5], "size": [1, 5, 5], "uv": [0, 0], "mirror": true},
						{"origin": [-2.5, 35.5, 2.5], "size": [5, 5, 1], "uv": [49, 52]},
						{"origin": [-2.5, 40.5, 3.5], "size": [5, 0, 7], "pivot": [0, 40.5, 3.5], "rotation": [-55, 0, 0], "uv": [18, 44]},
						{"origin": [-2.5, 35.5, -3.5], "size": [5, 5, 1], "uv": [23, 5]},
						{"origin": [-7.5, 35.5, -3.5], "size": [5, 5, 0], "pivot": [-2.5, 38, -3.5], "rotation": [0, 45, 0], "uv": [33, 22]},
						{"origin": [2.5, 35.5, -3.5], "size": [5, 5, 0], "pivot": [2.5, 38, -3.5], "rotation": [0, -45, 0], "uv": [33, 22], "mirror": true}
					]
				},
				{
					"name": "open_eyes",
					"parent": "head",
					"pivot": [0, 37, 0],
					"cubes": [
						{"origin": [-3.1, 38, -6], "size": [0, 2, 3], "pivot": [-3, 39, -3], "rotation": [0, -40, 0], "uv": [0, 59]},
						{"origin": [3.1, 38, -6], "size": [0, 2, 3], "pivot": [3, 39, -3], "rotation": [0, 40, 0], "uv": [0, 59], "mirror": true}
					]
				},
				{
					"name": "closed_eyes",
					"parent": "head",
					"pivot": [0, 37, 0],
					"cubes": [
						{"origin": [-3.1, 38, -6], "size": [0, 2, 3], "pivot": [-3, 39, -3], "rotation": [0, -40, 0], "uv": [0, 61]},
						{"origin": [3.1, 38, -6], "size": [0, 2, 3], "pivot": [3, 39, -3], "rotation": [0, 40, 0], "uv": [0, 61], "mirror": true}
					]
				},
				{
					"name": "angry_eyes",
					"parent": "head",
					"pivot": [0, 37, 0],
					"cubes": [
						{"origin": [-3.1, 38, -6], "size": [0, 2, 3], "pivot": [-3, 39, -3], "rotation": [0, -40, 0], "uv": [0, 63]},
						{"origin": [3.1, 38, -6], "size": [0, 2, 3], "pivot": [3, 39, -3], "rotation": [0, 40, 0], "uv": [0, 63], "mirror": true}
					]
				},
				{
					"name": "body",
					"parent": "body_root",
					"pivot": [0, 21, 0],
					"cubes": [
						{"origin": [-3, 21, -3], "size": [6, 12, 6], "uv": [0, 33]},
						{"origin": [-2.5, 32.5, -2.5], "size": [5, 2, 5], "uv": [44, 22]},
						{"origin": [-2.5, 20.5, -2.5], "size": [5, 1, 5], "uv": [49, 38]},
						{"origin": [0, 20, -6], "size": [0, 4, 13], "uv": [31, 49]},
						{"origin": [-4, 25, -4], "size": [8, 7, 8], "uv": [0, 17]}
					]
				},
				{
					"name": "arms",
					"parent": "body_root",
					"pivot": [0, 30.5, 0]
				},
				{
					"name": "right_arm",
					"parent": "arms",
					"pivot": [-4, 30.5, 0],
					"rotation": [0, 0, -45],
					"cubes": [
						{"origin": [-12, 28.75, -1.25], "size": [8, 2.5, 2.5], "uv": [0, 52]}
					]
				},
				{
					"name": "right_hand",
					"parent": "right_arm",
					"pivot": [-12, 30, 1.25],
					"rotation": [0, -45, 0],
					"cubes": [
						{"origin": [-20, 28.75, -1.25], "size": [8, 2.5, 2.5], "uv": [23, 0]},
						{"origin": [-24, 28.25, -2], "size": [4, 3, 4], "uv": [51, 30]}
					]
				},
				{
					"name": "left_arm",
					"parent": "arms",
					"pivot": [4, 30.5, 0],
					"rotation": [0, 0, 45],
					"cubes": [
						{"origin": [4, 28.75, -1.25], "size": [8, 2.5, 2.5], "uv": [0, 52], "mirror": true}
					]
				},
				{
					"name": "left_hand",
					"parent": "left_arm",
					"pivot": [12, 30, 1.25],
					"rotation": [0, 45, 0],
					"cubes": [
						{"origin": [12, 28.75, -1.25], "size": [8, 2.5, 2.5], "uv": [23, 0], "mirror": true},
						{"origin": [20, 28.25, -2], "size": [4, 3, 4], "uv": [51, 30], "mirror": true}
					]
				},
				{
					"name": "legs",
					"parent": "blaziken",
					"pivot": [0, 22, 0]
				},
				{
					"name": "right_leg",
					"parent": "legs",
					"pivot": [-3.5, 21, 0],
					"cubes": [
						{"origin": [-6, 12, -2.5], "size": [5, 10, 5], "uv": [28, 28]},
						{"origin": [-6, 20, -2.5], "size": [4.5, 2, 5], "pivot": [-6, 22, 0], "rotation": [0, 0, -24], "uv": [62, 58]}
					]
				},
				{
					"name": "right_foot",
					"parent": "right_leg",
					"pivot": [-3.5, 12, -2.5],
					"cubes": [
						{"origin": [-6, 0, -2.5], "size": [5, 12, 5], "inflate": 0.02, "uv": [15, 62]},
						{"origin": [-3.5, 9, 2.5], "size": [0, 2, 3], "uv": [9, 54]},
						{"origin": [-8, 1.5, -2.5], "size": [2, 0, 5], "pivot": [-6, 1.5, 0], "rotation": [0, 0, -45], "uv": [57, 52]},
						{"origin": [-6, 1.5, 0.5], "size": [5, 0, 2], "pivot": [-3.5, 1.5, 2.5], "rotation": [-135, 0, 180], "uv": [47, 59]},
						{"origin": [-1, 1.5, -2.5], "size": [2, 0, 5], "pivot": [-1, 1.5, 0], "rotation": [0, 0, 45], "uv": [57, 52], "mirror": true},
						{"origin": [-6, 1.5, -4.5], "size": [5, 0, 2], "pivot": [-3.5, 1.5, -2.5], "rotation": [45, 0, 0], "uv": [47, 59]}
					]
				},
				{
					"name": "left_leg",
					"parent": "legs",
					"pivot": [3.5, 21, 0],
					"cubes": [
						{"origin": [1, 12, -2.5], "size": [5, 10, 5], "uv": [28, 28], "mirror": true},
						{"origin": [1.5, 20, -2.5], "size": [4.5, 2, 5], "pivot": [6, 22, 0], "rotation": [0, 0, 24], "uv": [62, 58], "mirror": true}
					]
				},
				{
					"name": "left_foot",
					"parent": "left_leg",
					"pivot": [3.5, 12, -2.5],
					"cubes": [
						{"origin": [1, 0, -2.5], "size": [5, 12, 5], "inflate": 0.02, "uv": [15, 62], "mirror": true},
						{"origin": [3.5, 9, 2.5], "size": [0, 2, 3], "uv": [9, 54], "mirror": true},
						{"origin": [6, 1.5, -2.5], "size": [2, 0, 5], "pivot": [6, 1.5, 0], "rotation": [0, 0, 45], "uv": [57, 52], "mirror": true},
						{"origin": [1, 1.5, 0.5], "size": [5, 0, 2], "pivot": [3.5, 1.5, 2.5], "rotation": [-135, 0, -180], "uv": [47, 59], "mirror": true},
						{"origin": [-1, 1.5, -2.5], "size": [2, 0, 5], "pivot": [1, 1.5, 0], "rotation": [0, 0, -45], "uv": [57, 52]},
						{"origin": [1, 1.5, -4.5], "size": [5, 0, 2], "pivot": [3.5, 1.5, -2.5], "rotation": [45, 0, 0], "uv": [47, 59], "mirror": true}
					]
				}
			]
		},
		{
			"description": {
				"identifier": "geometry.serpblaziken_aura",
				"texture_width": 80,
				"texture_height": 80,
				"visible_bounds_width": 4,
				"visible_bounds_height": 4.5,
				"visible_bounds_offset": [0, 1.75, 0]
			},
			"bones": [
				{
					"name": "blaziken",
					"pivot": [0, 0, 0]
				},
				{
					"name": "body_root",
					"parent": "blaziken",
					"pivot": [0, 21, 0]
				},
				{
					"name": "head",
					"parent": "body_root",
					"pivot": [0, 37, 0],
					"cubes": [
						{"origin": [-3, 35, -3], "size": [6, 6, 6], "inflate": 0.25, "uv": [38, 0]},
						{"origin": [-4, 39, 3], "size": [4, 2, 15.9], "inflate": 0.25, "pivot": [0, 41, 3], "rotation": [-45, -20, 10], "uv": [0, 0]},
						{"origin": [0, 39, 3], "size": [4, 2, 15.9], "inflate": 0.25, "pivot": [0, 41, 3], "rotation": [-45, 20, -10], "uv": [0, 0], "mirror": true},
						{"origin": [-1, 36, -6], "size": [2, 2, 3], "inflate": 0.25, "uv": [31, 55]},
						{"origin": [-1, 35.5, -5.5], "size": [2, 1, 2], "inflate": 0.25, "uv": [38, 13]},
						{"origin": [-1, 36, -6], "size": [2, 2, 5], "inflate": 0.25, "pivot": [0, 38, -6], "rotation": [45, 0, 0], "uv": [16, 52]},
						{"origin": [-1, 38.5, -5.5], "size": [1, 5, 0], "inflate": 0.25, "pivot": [-0.5, 38, -5.5], "rotation": [-25, 0, -20], "uv": [0, 33]},
						{"origin": [0, 38.5, -5.5], "size": [1, 5, 0], "inflate": 0.25, "pivot": [0.5, 38, -5.5], "rotation": [-25, 0, 20], "uv": [0, 33], "mirror": true},
						{"origin": [-1, 36, -6], "size": [2, 2, 2.915], "inflate": 0.25, "pivot": [-1, 37, -6], "rotation": [0, -31, 0], "uv": [0, 57]},
						{"origin": [-1, 36, -6], "size": [2, 2, 2.915], "inflate": 0.25, "pivot": [1, 37, -6], "rotation": [0, 31, 0], "uv": [0, 57], "mirror": true},
						{"origin": [-1, 35.5, -5.5], "size": [1, 2, 3], "inflate": 0.25, "pivot": [-1, 36, -5.5], "rotation": [0, -31, 0], "uv": [19, 33]},
						{"origin": [0, 35.5, -5.5], "size": [1, 2, 3], "inflate": 0.25, "pivot": [1, 36, -5.5], "rotation": [0, 31, 0], "uv": [19, 33], "mirror": true},
						{"origin": [-2.5, 40.5, -2.5], "size": [5, 1, 5], "inflate": 0.25, "uv": [50, 13]},
						{"origin": [-2.5, 34.5, -2.5], "size": [5, 1, 5], "inflate": 0.25, "uv": [49, 45]},
						{"origin": [-3.5, 35.5, -2.5], "size": [1, 5, 5], "inflate": 0.25, "uv": [0, 0]},
						{"origin": [2.5, 35.5, -2.5], "size": [1, 5, 5], "inflate": 0.25, "uv": [0, 0], "mirror": true},
						{"origin": [-2.5, 35.5, 2.5], "size": [5, 5, 1], "inflate": 0.25, "uv": [49, 52]},
						{"origin": [-2.5, 40.5, 3.5], "size": [5, 0, 7], "inflate": 0.25, "pivot": [0, 40.5, 3.5], "rotation": [-55, 0, 0], "uv": [18, 44]},
						{"origin": [-2.5, 35.5, -3.5], "size": [5, 5, 1], "inflate": 0.25, "uv": [23, 5]},
						{"origin": [-7.5, 35.5, -3.5], "size": [5, 5, 0], "inflate": 0.25, "pivot": [-2.5, 38, -3.5], "rotation": [0, 45, 0], "uv": [33, 22]},
						{"origin": [2.5, 35.5, -3.5], "size": [5, 5, 0], "inflate": 0.25, "pivot": [2.5, 38, -3.5], "rotation": [0, -45, 0], "uv": [33, 22], "mirror": true}
					]
				},
				{
					"name": "open_eyes",
					"parent": "head",
					"pivot": [0, 37, 0],
					"cubes": [
						{"origin": [-3.1, 38, -6], "size": [0, 2, 3], "inflate": 0.25, "pivot": [-3, 39, -3], "rotation": [0, -40, 0], "uv": [0, 59]},
						{"origin": [3.1, 38, -6], "size": [0, 2, 3], "inflate": 0.25, "pivot": [3, 39, -3], "rotation": [0, 40, 0], "uv": [0, 59], "mirror": true}
					]
				},
				{
					"name": "closed_eyes",
					"parent": "head",
					"pivot": [0, 37, 0],
					"cubes": [
						{"origin": [-3.1, 38, -6], "size": [0, 2, 3], "inflate": 0.25, "pivot": [-3, 39, -3], "rotation": [0, -40, 0], "uv": [0, 61]},
						{"origin": [3.1, 38, -6], "size": [0, 2, 3], "inflate": 0.25, "pivot": [3, 39, -3], "rotation": [0, 40, 0], "uv": [0, 61], "mirror": true}
					]
				},
				{
					"name": "angry_eyes",
					"parent": "head",
					"pivot": [0, 37, 0],
					"cubes": [
						{"origin": [-3.1, 38, -6], "size": [0, 2, 3], "inflate": 0.25, "pivot": [-3, 39, -3], "rotation": [0, -40, 0], "uv": [0, 63]},
						{"origin": [3.1, 38, -6], "size": [0, 2, 3], "inflate": 0.25, "pivot": [3, 39, -3], "rotation": [0, 40, 0], "uv": [0, 63], "mirror": true}
					]
				},
				{
					"name": "body",
					"parent": "body_root",
					"pivot": [0, 21, 0],
					"cubes": [
						{"origin": [-3, 21, -3], "size": [6, 12, 6], "inflate": 0.25, "uv": [0, 33]},
						{"origin": [-2.5, 32.5, -2.5], "size": [5, 2, 5], "inflate": 0.25, "uv": [44, 22]},
						{"origin": [-2.5, 20.5, -2.5], "size": [5, 1, 5], "inflate": 0.25, "uv": [49, 38]},
						{"origin": [0, 20, -6], "size": [0, 4, 13], "inflate": 0.25, "uv": [31, 49]},
						{"origin": [-4, 25, -4], "size": [8, 7, 8], "inflate": 0.25, "uv": [0, 17]}
					]
				},
				{
					"name": "arms",
					"parent": "body_root",
					"pivot": [0, 30.5, 0]
				},
				{
					"name": "right_arm",
					"parent": "arms",
					"pivot": [-4, 30.5, 0],
					"rotation": [0, 0, -45],
					"cubes": [
						{"origin": [-12, 28.75, -1.25], "size": [8, 2.5, 2.5], "inflate": 0.25, "uv": [0, 52]}
					]
				},
				{
					"name": "right_hand",
					"parent": "right_arm",
					"pivot": [-12, 30, 1.25],
					"rotation": [0, -45, 0],
					"cubes": [
						{"origin": [-20, 28.75, -1.25], "size": [8, 2.5, 2.5], "inflate": 0.25, "uv": [23, 0]},
						{"origin": [-24, 28.25, -2], "size": [4, 3, 4], "inflate": 0.25, "uv": [51, 30]}
					]
				},
				{
					"name": "left_arm",
					"parent": "arms",
					"pivot": [4, 30.5, 0],
					"rotation": [0, 0, 45],
					"cubes": [
						{"origin": [4, 28.75, -1.25], "size": [8, 2.5, 2.5], "inflate": 0.25, "uv": [0, 52], "mirror": true}
					]
				},
				{
					"name": "left_hand",
					"parent": "left_arm",
					"pivot": [12, 30, 1.25],
					"rotation": [0, 45, 0],
					"cubes": [
						{"origin": [12, 28.75, -1.25], "size": [8, 2.5, 2.5], "inflate": 0.25, "uv": [23, 0], "mirror": true},
						{"origin": [20, 28.25, -2], "size": [4, 3, 4], "inflate": 0.25, "uv": [51, 30], "mirror": true}
					]
				},
				{
					"name": "legs",
					"parent": "blaziken",
					"pivot": [0, 22, 0]
				},
				{
					"name": "right_leg",
					"parent": "legs",
					"pivot": [-3.5, 21, 0],
					"cubes": [
						{"origin": [-6, 12, -2.5], "size": [5, 10, 5], "inflate": 0.25, "uv": [28, 28]},
						{"origin": [-6, 20, -2.5], "size": [4.5, 2, 5], "inflate": 0.25, "pivot": [-6, 22, 0], "rotation": [0, 0, -24], "uv": [62, 58]}
					]
				},
				{
					"name": "right_foot",
					"parent": "right_leg",
					"pivot": [-3.5, 12, -2.5],
					"cubes": [
						{"origin": [-6, 0, -2.5], "size": [5, 12, 5], "inflate": 0.25, "uv": [15, 62]},
						{"origin": [-3.5, 9, 2.5], "size": [0, 2, 3], "inflate": 0.25, "uv": [9, 54]},
						{"origin": [-8, 1.5, -2.5], "size": [2, 0, 5], "inflate": 0.25, "pivot": [-6, 1.5, 0], "rotation": [0, 0, -45], "uv": [57, 52]},
						{"origin": [-6, 1.5, 0.5], "size": [5, 0, 2], "inflate": 0.25, "pivot": [-3.5, 1.5, 2.5], "rotation": [-135, 0, 180], "uv": [47, 59]},
						{"origin": [-1, 1.5, -2.5], "size": [2, 0, 5], "inflate": 0.25, "pivot": [-1, 1.5, 0], "rotation": [0, 0, 45], "uv": [57, 52], "mirror": true},
						{"origin": [-6, 1.5, -4.5], "size": [5, 0, 2], "inflate": 0.25, "pivot": [-3.5, 1.5, -2.5], "rotation": [45, 0, 0], "uv": [47, 59]}
					]
				},
				{
					"name": "left_leg",
					"parent": "legs",
					"pivot": [3.5, 21, 0],
					"cubes": [
						{"origin": [1, 12, -2.5], "size": [5, 10, 5], "inflate": 0.25, "uv": [28, 28], "mirror": true},
						{"origin": [1.5, 20, -2.5], "size": [4.5, 2, 5], "inflate": 0.25, "pivot": [6, 22, 0], "rotation": [0, 0, 24], "uv": [62, 58], "mirror": true}
					]
				},
				{
					"name": "left_foot",
					"parent": "left_leg",
					"pivot": [3.5, 12, -2.5],
					"cubes": [
						{"origin": [1, 0, -2.5], "size": [5, 12, 5], "inflate": 0.25, "uv": [15, 62], "mirror": true},
						{"origin": [3.5, 9, 2.5], "size": [0, 2, 3], "inflate": 0.25, "uv": [9, 54], "mirror": true},
						{"origin": [6, 1.5, -2.5], "size": [2, 0, 5], "inflate": 0.25, "pivot": [6, 1.5, 0], "rotation": [0, 0, 45], "uv": [57, 52], "mirror": true},
						{"origin": [1, 1.5, 0.5], "size": [5, 0, 2], "inflate": 0.25, "pivot": [3.5, 1.5, 2.5], "rotation": [-135, 0, -180], "uv": [47, 59], "mirror": true},
						{"origin": [-1, 1.5, -2.5], "size": [2, 0, 5], "inflate": 0.25, "pivot": [1, 1.5, 0], "rotation": [0, 0, -45], "uv": [57, 52]},
						{"origin": [1, 1.5, -4.5], "size": [5, 0, 2], "inflate": 0.25, "pivot": [3.5, 1.5, -2.5], "rotation": [45, 0, 0], "uv": [47, 59], "mirror": true}
					]
				}
			]
		},
		{
			"description": {
				"identifier": "geometry.serpblaziken_mega",
				"texture_width": 80,
				"texture_height": 80,
				"visible_bounds_width": 4,
				"visible_bounds_height": 4.5,
				"visible_bounds_offset": [0, 1.75, 0]
			},
			"bones": [
				{
					"name": "blaziken",
					"pivot": [0, 0, 0]
				},
				{
					"name": "body_root",
					"parent": "blaziken",
					"pivot": [0, 21, 0]
				},
				{
					"name": "head",
					"parent": "body_root",
					"pivot": [0, 37, 0],
					"cubes": [
						{"origin": [-3, 35, -3], "size": [6, 6, 6], "uv": [38, 0]},
						{"origin": [-3, 36, -3], "size": [0, 5, 10], "pivot": [-3, 41, -3], "rotation": [45, -15, -15], "uv": [25, 4]},
						{"origin": [3, 36, -3], "size": [0, 5, 10], "pivot": [3, 41, -3], "rotation": [45, 15, 15], "uv": [25, 4], "mirror": true},
						{"origin": [-1, 36, -6], "size": [2, 2, 3], "uv": [31, 55]},
						{"origin": [-1, 35.5, -5.5], "size": [2, 1, 2], "uv": [25, 48]},
						{"origin": [-1, 36, -6], "size": [2, 2, 5], "pivot": [0, 38, -6], "rotation": [45, 0, 0], "uv": [16, 52]},
						{"origin": [0, 38, -5], "size": [0, 4, 5], "pivot": [0, 38, -6], "rotation": [45, 0, 0], "uv": [0, 70]},
						{"origin": [-1, 36, -6], "size": [2, 2, 2.915], "pivot": [-1, 37, -6], "rotation": [0, -31, 0], "uv": [0, 57]},
						{"origin": [-1, 34, -5], "size": [0, 2, 2], "pivot": [-1, 36, -6], "rotation": [-11.61297, -28.9455, 23.00704], "uv": [25, 42]},
						{"origin": [1, 34, -5], "size": [0, 2, 2], "pivot": [1, 36, -6], "rotation": [-11.61297, 28.9455, -23.00704], "uv": [25, 42], "mirror": true},
						{"origin": [-1, 36, -6], "size": [2, 2, 2.915], "pivot": [1, 37, -6], "rotation": [0, 31, 0], "uv": [0, 57], "mirror": true},
						{"origin": [-1, 35.5, -5.5], "size": [1, 2, 3], "pivot": [-1, 36, -5.5], "rotation": [0, -31, 0], "uv": [19, 33]},
						{"origin": [0, 35.5, -5.5], "size": [1, 2, 3], "pivot": [1, 36, -5.5], "rotation": [0, 31, 0], "uv": [19, 33], "mirror": true},
						{"origin": [-2.5, 40.5, -2.5], "size": [5, 1, 5], "uv": [50, 13]},
						{"origin": [-2.5, 34.5, -2.5], "size": [5, 1, 5], "uv": [49, 45]},
						{"origin": [-3.5, 35.5, -2.5], "size": [1, 5, 5], "uv": [0, 0]},
						{"origin": [2.5, 35.5, -2.5], "size": [1, 5, 5], "uv": [0, 0], "mirror": true},
						{"origin": [-2.5, 35.5, 2.5], "size": [5, 5, 1], "uv": [49, 52]},
						{"origin": [-2.5, 35.5, -3.5], "size": [5, 5, 1], "uv": [23, 5]}
					]
				},
				{
					"name": "open_eyes",
					"parent": "head",
					"pivot": [0, 37, 0],
					"cubes": [
						{"origin": [-3.1, 38, -6], "size": [0, 2, 3], "pivot": [-3, 39, -3], "rotation": [0, -40, 0], "uv": [0, 59]},
						{"origin": [3.1, 38, -6], "size": [0, 2, 3], "pivot": [3, 39, -3], "rotation": [0, 40, 0], "uv": [0, 59], "mirror": true}
					]
				},
				{
					"name": "closed_eyes",
					"parent": "head",
					"pivot": [0, 37, 0],
					"cubes": [
						{"origin": [-3.1, 38, -6], "size": [0, 2, 3], "pivot": [-3, 39, -3], "rotation": [0, -40, 0], "uv": [0, 61]},
						{"origin": [3.1, 38, -6], "size": [0, 2, 3], "pivot": [3, 39, -3], "rotation": [0, 40, 0], "uv": [0, 61], "mirror": true}
					]
				},
				{
					"name": "angry_eyes",
					"parent": "head",
					"pivot": [0, 37, 0],
					"cubes": [
						{"origin": [-3.1, 38, -6], "size": [0, 2, 3], "pivot": [-3, 39, -3], "rotation": [0, -40, 0], "uv": [0, 63]},
						{"origin": [3.1, 38, -6], "size": [0, 2, 3], "pivot": [3, 39, -3], "rotation": [0, 40, 0], "uv": [0, 63], "mirror": true}
					]
				},
				{
					"name": "body",
					"parent": "body_root",
					"pivot": [0, 21, 0],
					"cubes": [
						{"origin": [-3, 21, -3], "size": [6, 12, 6], "uv": [0, 33]},
						{"origin": [-2.5, 32.5, -2.5], "size": [5, 2, 5], "uv": [44, 22]},
						{"origin": [-2.5, 20.5, -2.5], "size": [5, 1, 5], "uv": [49, 38]},
						{"origin": [0, 20, -6], "size": [0, 4, 13], "uv": [31, 49]},
						{"origin": [-4, 23, -4], "size": [8, 9, 8], "uv": [0, 13]}
					]
				},
				{
					"name": "arms",
					"parent": "body_root",
					"pivot": [0, 30.5, 0]
				},
				{
					"name": "right_arm",
					"parent": "arms",
					"pivot": [-4, 30.5, 0],
					"rotation": [0, 0, -45],
					"cubes": [
						{"origin": [-12, 28.75, -1.25], "size": [8, 2.5, 2.5], "uv": [0, 52]}
					]
				},
				{
					"name": "right_hand",
					"parent": "right_arm",
					"pivot": [-12, 30, 1.25],
					"rotation": [0, -45, 0],
					"cubes": [
						{"origin": [-20, 28.75, -1.25], "size": [8, 2.5, 2.5], "uv": [23, 0]},
						{"origin": [-19, 31.25, 1.25], "size": [3, 0, 11], "pivot": [-17, 31.25, 1.25], "rotation": [30, 0, 0], "uv": [25, 68]},
						{"origin": [-19, 28.75, 1.25], "size": [3, 0, 11], "pivot": [-17, 28.75, 1.25], "rotation": [-30, 0, 0], "uv": [25, 68]},
						{"origin": [-24, 28.25, -2], "size": [4, 3, 4], "uv": [51, 30]}
					]
				},
				{
					"name": "left_arm",
					"parent": "arms",
					"pivot": [4, 30.5, 0],
					"rotation": [0, 0, 45],
					"cubes": [
						{"origin": [4, 28.75, -1.25], "size": [8, 2.5, 2.5], "uv": [0, 52], "mirror": true}
					]
				},
				{
					"name": "left_hand",
					"parent": "left_arm",
					"pivot": [12, 30, 1.25],
					"rotation": [0, 45, 0],
					"cubes": [
						{"origin": [12, 28.75, -1.25], "size": [8, 2.5, 2.5], "uv": [23, 0], "mirror": true},
						{"origin": [16, 31.25, 1.25], "size": [3, 0, 11], "pivot": [17, 31.25, 1.25], "rotation": [30, 0, 0], "uv": [25, 68], "mirror": true},
						{"origin": [16, 28.75, 1.25], "size": [3, 0, 11], "pivot": [17, 28.75, 1.25], "rotation": [-30, 0, 0], "uv": [25, 68], "mirror": true},
						{"origin": [20, 28.25, -2], "size": [4, 3, 4], "uv": [51, 30], "mirror": true}
					]
				},
				{
					"name": "legs",
					"parent": "blaziken",
					"pivot": [0, 22, 0]
				},
				{
					"name": "right_leg",
					"parent": "legs",
					"pivot": [-3.5, 21, 0],
					"cubes": [
						{"origin": [-6, 12, -2.5], "size": [5, 10, 5], "uv": [28, 28]},
						{"origin": [-6, 20, -2.5], "size": [4.5, 2, 5], "pivot": [-6, 22, 0], "rotation": [0, 0, -24], "uv": [62, 58]}
					]
				},
				{
					"name": "right_foot",
					"parent": "right_leg",
					"pivot": [-3.5, 12, -2.5],
					"cubes": [
						{"origin": [-6, 0, -2.5], "size": [5, 12, 5], "inflate": 0.02, "uv": [15, 62]},
						{"origin": [-3.5, 9, 2.5], "size": [0, 2, 3], "uv": [9, 54]},
						{"origin": [-8, 1.5, -2.5], "size": [2, 0, 5], "pivot": [-6, 1.5, 0], "rotation": [0, 0, -45], "uv": [57, 52]},
						{"origin": [-6, 1.5, 0.5], "size": [5, 0, 2], "pivot": [-3.5, 1.5, 2.5], "rotation": [-135, 0, 180], "uv": [47, 59]},
						{"origin": [-1, 1.5, -2.5], "size": [2, 0, 5], "pivot": [-1, 1.5, 0], "rotation": [0, 0, 45], "uv": [57, 52], "mirror": true},
						{"origin": [-6, 1.5, -4.5], "size": [5, 0, 2], "pivot": [-3.5, 1.5, -2.5], "rotation": [45, 0, 0], "uv": [47, 59]}
					]
				},
				{
					"name": "left_leg",
					"parent": "legs",
					"pivot": [3.5, 21, 0],
					"cubes": [
						{"origin": [1, 12, -2.5], "size": [5, 10, 5], "uv": [28, 28], "mirror": true},
						{"origin": [1.5, 20, -2.5], "size": [4.5, 2, 5], "pivot": [6, 22, 0], "rotation": [0, 0, 24], "uv": [62, 58], "mirror": true}
					]
				},
				{
					"name": "left_foot",
					"parent": "left_leg",
					"pivot": [3.5, 12, -2.5],
					"cubes": [
						{"origin": [1, 0, -2.5], "size": [5, 12, 5], "inflate": 0.02, "uv": [15, 62], "mirror": true},
						{"origin": [3.5, 9, 2.5], "size": [0, 2, 3], "uv": [9, 54], "mirror": true},
						{"origin": [6, 1.5, -2.5], "size": [2, 0, 5], "pivot": [6, 1.5, 0], "rotation": [0, 0, 45], "uv": [57, 52], "mirror": true},
						{"origin": [1, 1.5, 0.5], "size": [5, 0, 2], "pivot": [3.5, 1.5, 2.5], "rotation": [-135, 0, -180], "uv": [47, 59], "mirror": true},
						{"origin": [-1, 1.5, -2.5], "size": [2, 0, 5], "pivot": [1, 1.5, 0], "rotation": [0, 0, -45], "uv": [57, 52]},
						{"origin": [1, 1.5, -4.5], "size": [5, 0, 2], "pivot": [3.5, 1.5, -2.5], "rotation": [45, 0, 0], "uv": [47, 59], "mirror": true}
					]
				}
			]
		}
	]
}