{
	"format_version": "1.12.0",
	"minecraft:geometry": [
		{
			"description": {
				"identifier": "geometry.serptorchic",
				"texture_width": 64,
				"texture_height": 64,
				"visible_bounds_width": 2,
				"visible_bounds_height": 3.5,
				"visible_bounds_offset": [0, 1.25, 0]
			},
			"bones": [
				{
					"name": "torchic",
					"pivot": [0, 0, 0]
				},
				{
					"name": "body_root",
					"parent": "torchic",
					"pivot": [0, 2, 0]
				},
				{
					"name": "head",
					"parent": "body_root",
					"pivot": [0, 8, 0],
					"cubes": [
						{"origin": [-3.5, 8.5, -3.5], "size": [7, 6, 7], "uv": [0, 0]},
						{"origin": [-3, 9, -4], "size": [6, 5, 1], "uv": [36, 4]},
						{"origin": [-3, 9, 3], "size": [6, 5, 1], "uv": [36, 4]},
						{"origin": [-3, 10, -6], "size": [3, 1.5, 3], "pivot": [0, 11, -6], "rotation": [0, 45, 0], "uv": [30, 41]},
						{"origin": [-2, 9.5, -5.5], "size": [2, 1, 2], "pivot": [0, 10, -5.5], "rotation": [0, 45, 0], "uv": [9, 43]},
						{"origin": [-3, 14, -3], "size": [6, 1, 6], "uv": [19, 20]},
						{"origin": [-3, 8, -3], "size": [6, 1, 6], "uv": [19, 20]},
						{"origin": [-4, 9, -3], "size": [1, 5, 6], "uv": [31, 29]},
						{"origin": [3, 9, -3], "size": [1, 5, 6], "uv": [31, 29], "mirror": true},
						{"origin": [-4, 15, 0], "size": [8, 7, 0], "uv": [0, 35]}
					]
				},
				{
					"name": "open_eyes",
					"parent": "head",
					"pivot": [0, 8, 0],
					"cubes": [
						{"origin": [-3.5, 11, -4.1], "size": [7, 2, 0], "uv": [40, 0]}
					]
				},
				{
					"name": "closed_eyes",
					"parent": "head",
					"pivot": [0, 8, 0],
					"cubes": [
						{"origin": [-3.5, 11, -4.1], "size": [7, 2, 0], "uv": [38, 22]}
					]
				},
				{
					"name": "angry_eyes",
					"parent": "head",
					"pivot": [0, 8, 0],
					"cubes": [
						{"origin": [-3.5, 11, -4.1], "size": [7, 2, 0], "uv": [36, 11]}
					]
				},
				{
					"name": "body",
					"parent": "body_root",
					"pivot": [0, 2, 0],
					"cubes": [
						{"origin": [-3, 2.5, -3], "size": [6, 5, 6], "uv": [0, 14]},
						{"origin": [-2.5, 3, -3.5], "size": [5, 4, 1], "uv": [40, 28]},
						{"origin": [-2.5, 3, 2.5], "size": [5, 4, 1], "uv": [40, 28]},
						{"origin": [-2.5, 7, -2.5], "size": [5, 1, 5], "uv": [16, 28]},
						{"origin": [-3.5, 8, -5.5], "size": [7, 0, 3], "pivot": [0, 8, -2.5], "rotation": [45, 0, 0], "uv": [22, 0]},
						{"origin": [-3.5, 8, -0.5], "size": [7, 0, 3], "pivot": [0, 8, 2.5], "rotation": [-135, 0, 180], "uv": [19, 15]},
						{"origin": [-2.5, 2, -2.5], "size": [5, 1, 5], "uv": [0, 26]},
						{"origin": [-3.5, 3, -2.5], "size": [1, 4, 5], "uv": [17, 35]},
						{"origin": [2.5, 3, -2.5], "size": [1, 4, 5], "uv": [17, 35], "mirror": true},
						{"origin": [-5.5, 8, -4], "size": [3, 0, 8], "pivot": [-2.5, 8, -1], "rotation": [0, 0, -45], "uv": [21, 6]},
						{"origin": [2.5, 8, -4], "size": [3, 0, 8], "pivot": [2.5, 8, -1], "rotation": [0, 0, 45], "uv": [21, 6], "mirror": true}
					]
				},
				{
					"name": "legs",
					"parent": "torchic",
					"pivot": [0, 2, 0]
				},
				{
					"name": "right_leg",
					"parent": "legs",
					"pivot": [-1.5, 2, 0],
					"rotation": [0, 15, 0],
					"cubes": [
						{"origin": [-2, 1, -0.5], "size": [1, 1, 1], "uv": [0, 0]},
						{"origin": [-2, 0, -3.5], "size": [1, 1, 5], "pivot": [-2, 0, 0], "rotation": [0, 0, 0], "uv": [38, 15]},
						{"origin": [-2, 0, -3], "size": [1, 1, 3], "pivot": [-2, 0, 0], "rotation": [0, 30, 0], "uv": [0, 43]},
						{"origin": [-2, 0, -3], "size": [1, 1, 3], "pivot": [-1, 0, 0], "rotation": [0, -30, 0], "uv": [0, 43]}
					]
				},
				{
					"name": "left_leg",
					"parent": "legs",
					"pivot": [1.5, 2, 0],
					"rotation": [0, -15, 0],
					"cubes": [
						{"origin": [1, 1, -0.5], "size": [1, 1, 1], "uv": [0, 0], "mirror": true},
						{"origin": [1, 0, -3.5], "size": [1, 1, 5], "pivot": [2, 0, 0], "rotation": [0, 0, 0], "uv": [38, 15], "mirror": true},
						{"origin": [1, 0, -3], "size": [1, 1, 3], "pivot": [2, 0, 0], "rotation": [0, -30, 0], "uv": [0, 43], "mirror": true},
						{"origin": [1, 0, -3], "size": [1, 1, 3], "pivot": [1, 0, 0], "rotation": [0, 30, 0], "uv": [0, 43], "mirror": true}
					]
				}
			]
		},
		{
			"description": {
				"identifier": "geometry.serptorchic_aura",
				"texture_width": 64,
				"texture_height": 64,
				"visible_bounds_width": 2,
				"visible_bounds_height": 3.5,
				"visible_bounds_offset": [0, 1.25, 0]
			},
			"bones": [
				{
					"name": "torchic",
					"pivot": [0, 0, 0]
				},
				{
					"name": "body_root",
					"parent": "torchic",
					"pivot": [0, 2, 0]
				},
				{
					"name": "head",
					"parent": "body_root",
					"pivot": [0, 8, 0],
					"cubes": [
						{"origin": [-3.5, 8.5, -3.5], "size": [7, 6, 7], "inflate": 0.25, "uv": [0, 0]},
						{"origin": [-3, 9, -4], "size": [6, 5, 1], "inflate": 0.25, "uv": [36, 4]},
						{"origin": [-3, 9, 3], "size": [6, 5, 1], "inflate": 0.25, "uv": [36, 4]},
						{"origin": [-3, 10, -6], "size": [3, 1.5, 3], "inflate": 0.25, "pivot": [0, 11, -6], "rotation": [0, 45, 0], "uv": [30, 41]},
						{"origin": [-2, 9.5, -5.5], "size": [2, 1, 2], "inflate": 0.25, "pivot": [0, 10, -5.5], "rotation": [0, 45, 0], "uv": [9, 43]},
						{"origin": [-3, 14, -3], "size": [6, 1, 6], "inflate": 0.25, "uv": [19, 20]},
						{"origin": [-3, 8, -3], "size": [6, 1, 6], "inflate": 0.25, "uv": [19, 20]},
						{"origin": [-4, 9, -3], "size": [1, 5, 6], "inflate": 0.25, "uv": [31, 29]},
						{"origin": [3, 9, -3], "size": [1, 5, 6], "inflate": 0.25, "uv": [31, 29], "mirror": true},
						{"origin": [-4, 15, 0], "size": [8, 7, 0], "inflate": 0.25, "uv": [0, 35]}
					]
				},
				{
					"name": "open_eyes",
					"parent": "head",
					"pivot": [0, 8, 0],
					"cubes": [
						{"origin": [-3.5, 11, -4.1], "size": [7, 2, 0], "inflate": 0.25, "uv": [40, 0]}
					]
				},
				{
					"name": "closed_eyes",
					"parent": "head",
					"pivot": [0, 8, 0],
					"cubes": [
						{"origin": [-3.5, 11, -4.1], "size": [7, 2, 0], "inflate": 0.25, "uv": [38, 22]}
					]
				},
				{
					"name": "angry_eyes",
					"parent": "head",
					"pivot": [0, 8, 0],
					"cubes": [
						{"origin": [-3.5, 11, -4.1], "size": [7, 2, 0], "inflate": 0.25, "uv": [36, 11]}
					]
				},
				{
					"name": "body",
					"parent": "body_root",
					"pivot": [0, 2, 0],
					"cubes": [
						{"origin": [-3, 2.5, -3], "size": [6, 5, 6], "inflate": 0.25, "uv": [0, 14]},
						{"origin": [-2.5, 3, -3.5], "size": [5, 4, 1], "inflate": 0.25, "uv": [40, 28]},
						{"origin": [-2.5, 3, 2.5], "size": [5, 4, 1], "inflate": 0.25, "uv": [40, 28]},
						{"origin": [-2.5, 7, -2.5], "size": [5, 1, 5], "inflate": 0.25, "uv": [16, 28]},
						{"origin": [-3.5, 8, -5.5], "size": [7, 0, 3], "inflate": 0.25, "pivot": [0, 8, -2.5], "rotation": [45, 0, 0], "uv": [22, 0]},
						{"origin": [-3.5, 8, -0.5], "size": [7, 0, 3], "inflate": 0.25, "pivot": [0, 8, 2.5], "rotation": [-135, 0, 180], "uv": [19, 15]},
						{"origin": [-2.5, 2, -2.5], "size": [5, 1, 5], "inflate": 0.25, "uv": [0, 26]},
						{"origin": [-3.5, 3, -2.5], "size": [1, 4, 5], "inflate": 0.25, "uv": [17, 35]},
						{"origin": [2.5, 3, -2.5], "size": [1, 4, 5], "inflate": 0.25, "uv": [17, 35], "mirror": true},
						{"origin": [-5.5, 8, -4], "size": [3, 0, 8], "inflate": 0.25, "pivot": [-2.5, 8, -1], "rotation": [0, 0, -45], "uv": [21, 6]},
						{"origin": [2.5, 8, -4], "size": [3, 0, 8], "inflate": 0.25, "pivot": [2.5, 8, -1], "rotation": [0, 0, 45], "uv": [21, 6], "mirror": true}
					]
				},
				{
					"name": "legs",
					"parent": "torchic",
					"pivot": [0, 2, 0]
				},
				{
					"name": "right_leg",
					"parent": "legs",
					"pivot": [-1.5, 2, 0],
					"rotation": [0, 15, 0],
					"cubes": [
						{"origin": [-2, 1, -0.5], "size": [1, 1, 1], "inflate": 0.25, "uv": [0, 0]},
						{"origin": [-2, 0, -3.5], "size": [1, 1, 5], "inflate": 0.25, "pivot": [-2, 0, 0], "rotation": [0, 0, 0], "uv": [38, 15]},
						{"origin": [-2, 0, -3], "size": [1, 1, 3], "inflate": 0.25, "pivot": [-2, 0, 0], "rotation": [0, 30, 0], "uv": [0, 43]},
						{"origin": [-2, 0, -3], "size": [1, 1, 3], "inflate": 0.25, "pivot": [-1, 0, 0], "rotation": [0, -30, 0], "uv": [0, 43]}
					]
				},
				{
					"name": "left_leg",
					"parent": "legs",
					"pivot": [1.5, 2, 0],
					"rotation": [0, -15, 0],
					"cubes": [
						{"origin": [1, 1, -0.5], "size": [1, 1, 1], "inflate": 0.25, "uv": [0, 0], "mirror": true},
						{"origin": [1, 0, -3.5], "size": [1, 1, 5], "inflate": 0.25, "pivot": [2, 0, 0], "rotation": [0, 0, 0], "uv": [38, 15], "mirror": true},
						{"origin": [1, 0, -3], "size": [1, 1, 3], "inflate": 0.25, "pivot": [2, 0, 0], "rotation": [0, -30, 0], "uv": [0, 43], "mirror": true},
						{"origin": [1, 0, -3], "size": [1, 1, 3], "inflate": 0.25, "pivot": [1, 0, 0], "rotation": [0, 30, 0], "uv": [0, 43], "mirror": true}
					]
				}
			]
		}
	]
}