{
	"format_version": "1.12.0",
	"minecraft:geometry": [
		{
			"description": {
				"identifier": "geometry.serpcaterpie",
				"texture_width": 64,
				"texture_height": 64,
				"visible_bounds_width": 5,
				"visible_bounds_height": 4,
				"visible_bounds_offset": [0, 1, 0]
			},
			"bones": [
				{
					"name": "carerpie",
					"pivot": [0, 0, -3],
				"locators": {
		"pokedex": [0, 50, 0]}
				},
				{
					"name": "head",
					"parent": "carerpie",
					"pivot": [0, 14, -2],
					"cubes": [
						{"origin": [-0.5, 21.13288, -7.2526], "size": [1, 3.6, 1], "uv": [0, 60]},
						{"origin": [-0.6, 24.13288, -7.2526], "size": [5.6, 1, 1], "pivot": [0, 25, -6], "rotation": [0, 0, -30], "uv": [0, 62]},
						{"origin": [-5.6, 24.13288, -7.2526], "size": [5.6, 1, 1], "pivot": [0, 25, -6], "rotation": [0, 0, 30], "uv": [0, 62]},
						{"origin": [-4.7, 14.13288, -7.2526], "size": [9, 9, 9], "pivot": [0, 14, 1], "rotation": [12.5, 0, 0], "uv": [0, 0]},
						{"origin": [-3.7, 17.13288, 1.5], "size": [7, 7, 1], "pivot": [0, 16, 10], "rotation": [12.5, 0, 0], "uv": [45, 45]},
						{"origin": [-3.7, 15.13288, -8.2526], "size": [7, 7, 1], "pivot": [0, 14, 0], "rotation": [12.5, 0, 0], "uv": [40, 24]},
						{"origin": [4.3, 15.13288, -6.2526], "size": [1, 7, 7], "pivot": [9, 14, 1], "rotation": [12.5, 0, 0], "uv": [29, 38]},
						{"origin": [-5.7, 15.13288, -6.2526], "size": [1, 7, 7], "pivot": [-1, 14, 1], "rotation": [12.5, 0, 0], "uv": [13, 37]},
						{"origin": [-3.7, 23, -8.2526], "size": [7, 1, 7], "pivot": [0, 23, -1], "rotation": [12.5, 0, 0], "uv": [27, 0]},
						{"origin": [-1.3, 11.7, -8.3], "size": [2.6, 2.6, 3.6], "inflate": 1, "pivot": [2, 14, -9], "rotation": [47.5, 0, 0], "uv": [23, 39]}
					]
				},
				{
					"name": "body1",
					"parent": "carerpie",
					"pivot": [0, 2, 0],
					"cubes": [
						{"origin": [-3, 2, -3], "size": [6, 6, 6], "uv": [30, 12]},
						{"origin": [-2, 3, -4], "size": [4, 5, 1], "uv": [54, 16]},
						{"origin": [3, 3, -2], "size": [1, 4, 4], "uv": [38, 52]},
						{"origin": [-4, 3, -2], "size": [1, 4, 4], "uv": [28, 52]}
					]
				},
				{
					"name": "body2",
					"parent": "carerpie",
					"pivot": [0, 6, -1],
					"cubes": [
						{"origin": [-4, 6, -5], "size": [8, 8, 8], "uv": [0, 18]},
						{"origin": [-3, 7, 3], "size": [6, 6, 1], "uv": [14, 51]},
						{"origin": [-3, 7, -6], "size": [6, 6, 1], "uv": [48, 0]},
						{"origin": [4, 7, -4], "size": [1, 6, 6], "uv": [0, 45]},
						{"origin": [-5, 7, -4], "size": [1, 6, 6], "uv": [42, 32]}
					]
				},
				{
					"name": "tail",
					"parent": "carerpie",
					"pivot": [0, 3, 0],
					"cubes": [
						{"origin": [-2, 2, -1], "size": [4, 4, 6], "pivot": [0, 2, -3], "rotation": [-15, 0, 0], "uv": [0, 34]},
						{"origin": [2, 3, 0], "size": [1, 2, 4], "pivot": [4, 2, -3], "rotation": [-15, 0, 0], "uv": [48, 53]},
						{"origin": [-3, 3, 0], "size": [1, 2, 4], "pivot": [-1, 2, -3], "rotation": [-15, 0, 0], "uv": [24, 20]},
						{"origin": [-2, 0, 5], "size": [4, 4, 8], "pivot": [0, 0, 5], "rotation": [20, 0, 0], "uv": [24, 26]},
						{"origin": [-3, 1, 6], "size": [1, 2, 6], "pivot": [-4, 0, 5], "rotation": [20, 0, 0], "uv": [50, 26]},
						{"origin": [2, 1, 6], "size": [1, 2, 6], "pivot": [1, 0, 5], "rotation": [20, 0, 0], "uv": [48, 8]},
						{"origin": [-1, 8, 11], "size": [2, 4, 2], "pivot": [2, 8, 7], "rotation": [-27.5, 0, 0], "uv": [0, 0]}
					]
				}
			]
		},
		{
			"description": {
				"identifier": "geometry.serpcaterpie_aura",
				"texture_width": 64,
				"texture_height": 64,
				"visible_bounds_width": 5,
				"visible_bounds_height": 4,
				"visible_bounds_offset": [0, 1, 0]
			},
			"bones": [
				{
					"name": "carerpie",
					"pivot": [0, 0, -3],
					"locators": {
						"pokedex": [0, 50, 0]
					}
				},
				{
					"name": "head",
					"parent": "carerpie",
					"pivot": [0, 14, -2],
					"cubes": [
						{"origin": [-0.5, 21.13288, -7.2526], "size": [1, 3.6, 1], "inflate": 0.25, "uv": [0, 60]},
						{"origin": [-0.6, 24.13288, -7.2526], "size": [5.6, 1, 1], "inflate": 0.25, "pivot": [0, 25, -6], "rotation": [0, 0, -30], "uv": [0, 62]},
						{"origin": [-5.6, 24.13288, -7.2526], "size": [5.6, 1, 1], "inflate": 0.25, "pivot": [0, 25, -6], "rotation": [0, 0, 30], "uv": [0, 62]},
						{"origin": [-4.7, 14.13288, -7.2526], "size": [9, 9, 9], "inflate": 0.25, "pivot": [0, 14, 1], "rotation": [12.5, 0, 0], "uv": [0, 0]},
						{"origin": [-3.7, 17.13288, 1.5], "size": [7, 7, 1], "inflate": 0.25, "pivot": [0, 16, 10], "rotation": [12.5, 0, 0], "uv": [45, 45]},
						{"origin": [-3.7, 15.13288, -8.2526], "size": [7, 7, 1], "inflate": 0.25, "pivot": [0, 14, 0], "rotation": [12.5, 0, 0], "uv": [40, 24]},
						{"origin": [4.3, 15.13288, -6.2526], "size": [1, 7, 7], "inflate": 0.25, "pivot": [9, 14, 1], "rotation": [12.5, 0, 0], "uv": [29, 38]},
						{"origin": [-5.7, 15.13288, -6.2526], "size": [1, 7, 7], "inflate": 0.25, "pivot": [-1, 14, 1], "rotation": [12.5, 0, 0], "uv": [13, 37]},
						{"origin": [-3.7, 23, -8.2526], "size": [7, 1, 7], "inflate": 0.25, "pivot": [0, 23, -1], "rotation": [12.5, 0, 0], "uv": [27, 0]},
						{"origin": [-1.3, 11.7, -8.3], "size": [2.6, 2.6, 3.6], "inflate": 0.25, "pivot": [2, 14, -9], "rotation": [47.5, 0, 0], "uv": [23, 39]}
					]
				},
				{
					"name": "body1",
					"parent": "carerpie",
					"pivot": [0, 2, 0],
					"cubes": [
						{"origin": [-3, 2, -3], "size": [6, 6, 6], "inflate": 0.25, "uv": [30, 12]},
						{"origin": [-2, 3, -4], "size": [4, 5, 1], "inflate": 0.25, "uv": [54, 16]},
						{"origin": [3, 3, -2], "size": [1, 4, 4], "inflate": 0.25, "uv": [38, 52]},
						{"origin": [-4, 3, -2], "size": [1, 4, 4], "inflate": 0.25, "uv": [28, 52]}
					]
				},
				{
					"name": "body2",
					"parent": "carerpie",
					"pivot": [0, 6, -1],
					"cubes": [
						{"origin": [-4, 6, -5], "size": [8, 8, 8], "inflate": 0.25, "uv": [0, 18]},
						{"origin": [-3, 7, 3], "size": [6, 6, 1], "inflate": 0.25, "uv": [14, 51]},
						{"origin": [-3, 7, -6], "size": [6, 6, 1], "inflate": 0.25, "uv": [48, 0]},
						{"origin": [4, 7, -4], "size": [1, 6, 6], "inflate": 0.25, "uv": [0, 45]},
						{"origin": [-5, 7, -4], "size": [1, 6, 6], "inflate": 0.25, "uv": [42, 32]}
					]
				},
				{
					"name": "tail",
					"parent": "carerpie",
					"pivot": [0, 3, 0],
					"cubes": [
						{"origin": [-2, 2, -1], "size": [4, 4, 6], "inflate": 0.25, "pivot": [0, 2, -3], "rotation": [-15, 0, 0], "uv": [0, 34]},
						{"origin": [2, 3, 0], "size": [1, 2, 4], "inflate": 0.25, "pivot": [4, 2, -3], "rotation": [-15, 0, 0], "uv": [48, 53]},
						{"origin": [-3, 3, 0], "size": [1, 2, 4], "inflate": 0.25, "pivot": [-1, 2, -3], "rotation": [-15, 0, 0], "uv": [24, 20]},
						{"origin": [-2, 0, 5], "size": [4, 4, 8], "inflate": 0.25, "pivot": [0, 0, 5], "rotation": [20, 0, 0], "uv": [24, 26]},
						{"origin": [-3, 1, 6], "size": [1, 2, 6], "inflate": 0.25, "pivot": [-4, 0, 5], "rotation": [20, 0, 0], "uv": [50, 26]},
						{"origin": [2, 1, 6], "size": [1, 2, 6], "inflate": 0.25, "pivot": [1, 0, 5], "rotation": [20, 0, 0], "uv": [48, 8]},
						{"origin": [-1, 8, 11], "size": [2, 4, 2], "inflate": 0.25, "pivot": [2, 8, 7], "rotation": [-27.5, 0, 0], "uv": [0, 0]}
					]
				}
			]
		}
	]
}