{
	"format_version": "1.12.0",
	"minecraft:geometry": [
		{
			"description": {
				"identifier": "geometry.serpmetapod",
				"texture_width": 48,
				"texture_height": 48,
				"visible_bounds_width": 2,
				"visible_bounds_height": 2.5,
				"visible_bounds_offset": [0, 0.75, 0]
			},
			"bones": [
				{
					"name": "metapod",
					"pivot": [0, 0, 0],
					"cubes": [
						{"origin": [-1, 0, 3], "size": [2, 2, 2], "pivot": [0, 0, 3], "rotation": [10, 0, 0], "uv": [13, 25]},
						{"origin": [-1.5, 0, 0], "size": [3, 3, 3], "uv": [23, 0]},
						{"origin": [-2.5, 0, -3], "size": [5, 5, 4], "pivot": [0, 2, 0], "rotation": [-35, 0, 0], "uv": [0, 11]},
						{"origin": [-3, 2.90078, -4.1323], "size": [6, 5, 5], "pivot": [0, 4.90078, -0.1323], "rotation": [12.5, 0, 0], "uv": [0, 0]},
						{"origin": [-1, 3.5, -1], "size": [2, 4, 4], "pivot": [0, 7.5, 3.5], "rotation": [-25, 0, 0], "uv": [19, 7]},
						{"origin": [-2.5, 6.72908, -5.30831], "size": [5, 3, 4], "pivot": [0, -0.27092, -2.30831], "rotation": [-5, 0, 0], "uv": [15, 17]},
						{"origin": [-1.5, 8.62449, -4.21346], "size": [3, 4, 3], "pivot": [0, 9.62449, -2.21346], "rotation": [-35, 0, 0], "uv": [0, 21]}
					]
				},
				{
					"name": "open_eyes",
					"parent": "metapod",
					"pivot": [0, 8.5, -3],
					"cubes": [
						{"origin": [-2.6, 7.5, -4], "size": [0, 2, 2], "uv": [0, 27]},
						{"origin": [2.6, 7.5, -4], "size": [0, 2, 2], "uv": [0, 27], "mirror": true}
					]
				},
				{
					"name": "closed_eyes",
					"parent": "metapod",
					"pivot": [0, 8.5, -3],
					"cubes": [
						{"origin": [-2.6, 7.5, -4], "size": [0, 2, 2], "uv": [0, 29]},
						{"origin": [2.6, 7.5, -4], "size": [0, 2, 2], "uv": [0, 29], "mirror": true}
					]
				},
				{
					"name": "angry_eyes",
					"parent": "metapod",
					"pivot": [0, 8.5, -3],
					"cubes": [
						{"origin": [-2.6, 7.5, -4], "size": [0, 2, 2], "uv": [0, 31]},
						{"origin": [2.6, 7.5, -4], "size": [0, 2, 2], "uv": [0, 31], "mirror": true}
					]
				}
			]
		},
		{
			"description": {
				"identifier": "geometry.serpmetapod_aura",
				"texture_width": 48,
				"texture_height": 48,
				"visible_bounds_width": 2,
				"visible_bounds_height": 2.5,
				"visible_bounds_offset": [0, 0.75, 0]
			},
			"bones": [
				{
					"name": "metapod",
					"pivot": [0, 0, 0],
					"cubes": [
						{"origin": [-1, 0, 3], "size": [2, 2, 2], "inflate": 0.25, "pivot": [0, 0, 3], "rotation": [10, 0, 0], "uv": [13, 25]},
						{"origin": [-1.5, 0, 0], "size": [3, 3, 3], "inflate": 0.25, "uv": [23, 0]},
						{"origin": [-2.5, 0, -3], "size": [5, 5, 4], "inflate": 0.25, "pivot": [0, 2, 0], "rotation": [-35, 0, 0], "uv": [0, 11]},
						{"origin": [-3, 2.90078, -4.1323], "size": [6, 5, 5], "inflate": 0.25, "pivot": [0, 4.90078, -0.1323], "rotation": [12.5, 0, 0], "uv": [0, 0]},
						{"origin": [-1, 3.5, -1], "size": [2, 4, 4], "inflate": 0.25, "pivot": [0, 7.5, 3.5], "rotation": [-25, 0, 0], "uv": [19, 7]},
						{"origin": [-2.5, 6.72908, -5.30831], "size": [5, 3, 4], "inflate": 0.25, "pivot": [0, -0.27092, -2.30831], "rotation": [-5, 0, 0], "uv": [15, 17]},
						{"origin": [-1.5, 8.62449, -4.21346], "size": [3, 4, 3], "inflate": 0.25, "pivot": [0, 9.62449, -2.21346], "rotation": [-35, 0, 0], "uv": [0, 21]}
					]
				},
				{
					"name": "open_eyes",
					"parent": "metapod",
					"pivot": [0, 8.5, -3],
					"cubes": [
						{"origin": [-2.6, 7.5, -4], "size": [0, 2, 2], "inflate": 0.25, "uv": [0, 27]},
						{"origin": [2.6, 7.5, -4], "size": [0, 2, 2], "inflate": 0.25, "uv": [0, 27], "mirror": true}
					]
				},
				{
					"name": "closed_eyes",
					"parent": "metapod",
					"pivot": [0, 8.5, -3],
					"cubes": [
						{"origin": [-2.6, 7.5, -4], "size": [0, 2, 2], "inflate": 0.25, "uv": [0, 29]},
						{"origin": [2.6, 7.5, -4], "size": [0, 2, 2], "inflate": 0.25, "uv": [0, 29], "mirror": true}
					]
				},
				{
					"name": "angry_eyes",
					"parent": "metapod",
					"pivot": [0, 8.5, -3],
					"cubes": [
						{"origin": [-2.6, 7.5, -4], "size": [0, 2, 2], "inflate": 0.25, "uv": [0, 31]},
						{"origin": [2.6, 7.5, -4], "size": [0, 2, 2], "inflate": 0.25, "uv": [0, 31], "mirror": true}
					]
				}
			]
		}
	]
}