{
	"format_version": "1.8.0",
	"animations": {
		"animation.marowak.quiet": {
			"loop": true,
			"animation_length": 0.8,
			"bones": {
				"head": {
					"position": {
						"0.0": [0, 0, 0],
						"0.4": [0, 0, -0.3],
						"0.8": [0, 0, 0]
					}
				},
				"body": {
					"rotation": {
						"0.0": [0, 0, 0],
						"0.4": [2.5, 0, 0],
						"0.8": [0, 0, 0]
					}
				},
				"right_arm": {
					"rotation": {
						"0.0": [0, 0, 0],
						"0.4": [0, 0, 5],
						"0.8": [0, 0, 0]
					}
				},
				"left_arm": {
					"rotation": {
						"0.0": [0, 0, 0],
						"0.4": [0, 0, -5],
						"0.8": [0, 0, 0]
					}
				}
			}
		},
		"animation.marowak.walk": {
			"loop": true,
			"animation_length": 0.8,
			"bones": {
				"marowak": {
					"rotation": {
						"0.0": [0, 0, -5],
						"0.4": [0, 0, 5],
						"0.8": [0, 0, -5]
					},
					"position": {
						"0.0": [0, 1, 0],
						"0.2": [0, 0, 0],
						"0.4": [0, 1, 0],
						"0.6": [0, 0, 0],
						"0.8": [0, 1, 0]
					}
				},
				"tail": {
					"rotation": {
						"0.0": [0, 25, 0],
						"0.4": [0, -25, 0],
						"0.8": [0, 25, 0]
					}
				},
				"right_arm": {
					"rotation": {
						"0.0": [-45, 0, 0],
						"0.4": [45, 0, 0],
						"0.8": [-45, 0, 0]
					}
				},
				"left_arm": {
					"rotation": {
						"0.0": [45, 0, 0],
						"0.4": [-45, 0, 0],
						"0.8": [45, 0, 0]
					}
				},
				"right_leg": {
					"rotation": {
						"0.0": [45, 0, 0],
						"0.4": [-45, 0, 0],
						"0.8": [45, 0, 0]
					},
					"position": {
						"0.0": [0, 0, 1],
						"0.4": [0, 0, -1],
						"0.8": [0, 0, 1]
					}
				},
				"left_leg": {
					"rotation": {
						"0.0": [-45, 0, 0],
						"0.4": [40, 0, 0],
						"0.8": [-50, 0, 0]
					},
					"position": {
						"0.0": [0, 0, -1],
						"0.4": [0, 0, 1],
						"0.8": [0, 0, -1]
					}
				}
			}
		},
		"animation.marowak.sitting": {
			"loop": true,
			"bones": {
				"marowak": {
					"position": [0, -1.5, 0]
				},
				"right_arm": {
					"rotation": [-25, -40, 0],
					"position": [0, 0, -1]
				},
				"left_arm": {
					"rotation": [0, 75, 0],
					"position": [0, 0, -1]
				},
				"right_leg": {
					"rotation": [-85, 20, 0],
					"position": [0, 0, -2]
				},
				"left_leg": {
					"rotation": [-82.5, -20, 0],
					"position": [0, 0, -2]
				}
			}
		},
		"animation.marowak.jump": {
			"loop": true,
			"bones": {
				"marowak": {
					"position": [0, 1, 0]
				},
				"body": {
					"rotation": [10, 0, 0],
					"position": [0, 0, 1]
				},
				"tail": {
					"rotation": [-35, 0, 0]
				},
				"right_arm": {
					"rotation": [0, 0, 110]
				},
				"left_arm": {
					"rotation": [0, 0, -110]
				},
				"legs": {
					"rotation": [40, 0, 0]
				}
			}
		},
		"animation.marowak.attack": {
			"loop": true,
			"bones": {
				"body": {
					"rotation": [0, -35, 0]
				},
				"tail": {
					"rotation": [0, 30, 0],
					"position": [1, 0, 0]
				},
				"right_arm": {
					"rotation": [-95, 0, 0],
					"position": [0, 0, -2]
				},
				"left_arm": {
					"rotation": [0, -35, -35],
					"position": [0, 0, 2]
				},
				"right_leg": {
					"position": [0, 0, -2]
				},
				"left_leg": {
					"rotation": [0, -55, 0],
					"position": [0, 0, 2]
				}
			}
		},
		"animation.marowak.swimming": {
			"loop": true,
			"animation_length": 0.8,
			"bones": {
				"marowak": {
					"position": {
						"0.0": [0, 0, 0],
						"0.4": [0, 1, 0],
						"0.8": [0, 0, 0]
					}
				},
				"tail": {
					"rotation": {
						"0.0": [-30, 0, 0],
						"0.4": [-50, 0, 0],
						"0.8": [-30, 0, 0]
					},
					"position": [0, -1, 0]
				},
				"right_arm": {
					"rotation": {
						"0.0": [0, 0, 50],
						"0.4": [0, 0, 20],
						"0.8": [0, 0, 50]
					}
				},
				"left_arm": {
					"rotation": {
						"0.0": [0, 0, -50],
						"0.4": [0, 0, -20],
						"0.8": [0, 0, -50]
					}
				},
				"right_leg": {
					"rotation": {
						"0.0": [-40, 0, 0],
						"0.2": [40, 0, 0],
						"0.4": [-40, 0, 0],
						"0.6": [40, 0, 0],
						"0.8": [-40, 0, 0]
					}
				},
				"left_leg": {
					"rotation": {
						"0.0": [40, 0, 0],
						"0.2": [-40, 0, 0],
						"0.4": [40, 0, 0],
						"0.6": [-40, 0, 0],
						"0.8": [40, 0, 0]
					}
				}
			}
		},
        "animation.marowak.health_bar":{
            "loop":true,
            "bones":{
                "health_hover":{
    "rotation":["q.camera_rotation(0)","q.camera_rotation(1)-q.body_y_rotation",0],
	"position": [0,25,0],
    "scale":"query.is_in_ui?0:1.5"
                },
				"bar_green": {
					"scale": ["query.health/query.max_health*1", 1, 1]
				},
				"bar_black": {
					"scale": ["(1)+(query.health/query.max_health*-1)", 1, 1]
				}
			}
        }
	}
}