{
"format_version":"1.8.0",
"render_controllers":{
"controller.render.venusaur":{
"arrays":{
"textures":{"Array.variants":["Texture.default","Texture.default","Texture.mega1","Texture.default","Texture.max","Texture.default","Texture.default","Texture.default"]},
"geometries":{"Array.geos":["Geometry.default","Geometry.default","Geometry.mega1","Geometry.default","Geometry.max","Geometry.default","Geometry.default","Geometry.default"]}},
"materials":[{"*":"Material.default"}],
"textures":["Array.variants[query.variant]"],
"geometry":"Array.geos[query.variant]",
"part_visibility":[
{"saddle":"query.is_saddled"}
],
"is_hurt_color":{"r":0,"g":0,"b":0,"a":0.35},
"on_fire_color":{"r":0,"g":0,"b":0,"a":0.35}
},
"controller.render.venusaurs":{
"arrays":{
"textures":{"Array.variants":["Texture.default_s","Texture.default","Texture.mega_s1","Texture.default_s","Texture.max_s","Texture.default_s","Texture.default_s","Texture.default_s"]},
"geometries":{"Array.geos":["Geometry.default","Geometry.default","Geometry.mega1","Geometry.default","Geometry.max","Geometry.default","Geometry.default","Geometry.default"]}},
"materials":[{"*":"Material.default"}],
"textures":["Array.variants[query.variant]"],
"geometry":"Array.geos[query.variant]",
"part_visibility":[
{"saddle":"query.is_saddled"}
],
"is_hurt_color":{"r":0,"g":0,"b":0,"a":0.35},
"on_fire_color":{"r":0,"g":0,"b":0,"a":0.35}
},
"controller.render.charizard":{
"arrays":{
"textures":{"Array.variants":["Texture.default","Texture.default","Texture.mega1","Texture.mega2","Texture.max","Texture.default","Texture.default","Texture.default"]},
"geometries":{"Array.geos":["Geometry.default","Geometry.default","Geometry.mega1","Geometry.mega2","Geometry.max","Geometry.default","Geometry.default","Geometry.default"]}},
"materials":[{"*":"Material.default"}],
"textures":["Array.variants[query.variant]"],
"geometry":"Array.geos[query.variant]",
"part_visibility":[
{"saddle":"query.is_saddled"}
],
"is_hurt_color":{"r":0,"g":0,"b":0,"a":0.35},
"on_fire_color":{"r":0,"g":0,"b":0,"a":0.35}
},
"controller.render.charizards":{
"arrays":{
"textures":{"Array.variants":["Texture.default_s","Texture.default","Texture.mega_s1","Texture.mega_s2","Texture.max_s","Texture.default_s","Texture.default_s","Texture.default_s"]},
"geometries":{"Array.geos":["Geometry.default","Geometry.default","Geometry.mega1","Geometry.mega2","Geometry.max","Geometry.default","Geometry.default","Geometry.default"]}},
"materials":[{"*":"Material.default"}],
"textures":["Array.variants[query.variant]"],
"geometry":"Array.geos[query.variant]",
"part_visibility":[
{"saddle":"query.is_saddled"}
],
"is_hurt_color":{"r":0,"g":0,"b":0,"a":0.35},
"on_fire_color":{"r":0,"g":0,"b":0,"a":0.35}
},
"controller.render.blastoise":{
"arrays":{
"textures":{"Array.variants":["Texture.default","Texture.default","Texture.mega1","Texture.default","Texture.max","Texture.default","Texture.default","Texture.default"]},
"geometries":{"Array.geos":["Geometry.default","Geometry.default","Geometry.mega1","Geometry.default","Geometry.max","Geometry.default","Geometry.default","Geometry.default"]}},
"materials":[{"*":"Material.default"}],
"textures":["Array.variants[query.variant]"],
"geometry":"Array.geos[query.variant]",
"part_visibility":[
{"saddle":"query.is_saddled"}
],
"is_hurt_color":{"r":0,"g":0,"b":0,"a":0.35},
"on_fire_color":{"r":0,"g":0,"b":0,"a":0.35}
},
"controller.render.blastoises":{
"arrays":{
"textures":{"Array.variants":["Texture.default_s","Texture.default","Texture.mega_s1","Texture.default_s","Texture.max_s","Texture.default_s","Texture.default_s","Texture.default_s"]},
"geometries":{"Array.geos":["Geometry.default","Geometry.default","Geometry.mega1","Geometry.default","Geometry.max","Geometry.default","Geometry.default","Geometry.default"]}},
"materials":[{"*":"Material.default"}],
"textures":["Array.variants[query.variant]"],
"geometry":"Array.geos[query.variant]",
"part_visibility":[
{"saddle":"query.is_saddled"}
],
"is_hurt_color":{"r":0,"g":0,"b":0,"a":0.35},
"on_fire_color":{"r":0,"g":0,"b":0,"a":0.35}
},
"controller.render.beedrill":{
"arrays":{
"textures":{"Array.variants":["Texture.default","Texture.default","Texture.mega1","Texture.default","Texture.max","Texture.default","Texture.default","Texture.default"]},
"geometries":{"Array.geos":["Geometry.default","Geometry.default","Geometry.mega1","Geometry.default","Geometry.max","Geometry.default","Geometry.default","Geometry.default"]}},
"materials":[{"*":"Material.default"}],
"textures":["Array.variants[query.variant]"],
"geometry":"Array.geos[query.variant]",
"is_hurt_color":{"r":0,"g":0,"b":0,"a":0.35},
"on_fire_color":{"r":0,"g":0,"b":0,"a":0.35}
},
"controller.render.beedrills":{
"arrays":{
"textures":{"Array.variants":["Texture.default_s","Texture.default","Texture.mega_s1","Texture.default_s","Texture.max_s","Texture.default_s","Texture.default_s","Texture.default_s"]},
"geometries":{"Array.geos":["Geometry.default","Geometry.default","Geometry.mega1","Geometry.default","Geometry.max","Geometry.default","Geometry.default","Geometry.default"]}},
"materials":[{"*":"Material.default"}],
"textures":["Array.variants[query.variant]"],
"geometry":"Array.geos[query.variant]",
"is_hurt_color":{"r":0,"g":0,"b":0,"a":0.35},
"on_fire_color":{"r":0,"g":0,"b":0,"a":0.35}
    },
"controller.render.pidgeot":{
"arrays":{
"textures":{"Array.variants":["Texture.default","Texture.default","Texture.mega1","Texture.default","Texture.max","Texture.default","Texture.default","Texture.default"]},
"geometries":{"Array.geos":["Geometry.default","Geometry.default","Geometry.mega1","Geometry.default","Geometry.max","Geometry.default","Geometry.default","Geometry.default"]}},
"materials":[{"*":"Material.default"}],
"textures":["Array.variants[query.variant]"],
"geometry":"Array.geos[query.variant]",
"part_visibility":[
{"saddle":"query.is_saddled"},
{"right_wing_quiet":"query.is_on_ground&&(!query.is_moving)&&(!query.is_sheared)"},
{"left_wing_quiet":"query.is_on_ground&&(!query.is_moving)&&(!query.is_sheared)"},
{"flying_wing_left":"(!query.is_on_ground)||query.is_moving||query.is_sheared"},
{"flying_wing_right":"(!query.is_on_ground)||query.is_moving||query.is_sheared"},
{"flying_wing_left_top":"(!query.is_on_ground)||query.is_moving||query.is_sheared"},
{"flying_wing_right_top":"(!query.is_on_ground)||query.is_moving||query.is_sheared"}
      ],
"is_hurt_color":{"r":0,"g":0,"b":0,"a":0.35},
"on_fire_color":{"r":0,"g":0,"b":0,"a":0.35}
    },
"controller.render.pidgeots":{
"arrays":{
"textures":{"Array.variants":["Texture.default_s","Texture.default","Texture.mega_s1","Texture.default_s","Texture.max_s","Texture.default_s","Texture.default_s","Texture.default_s"]},
"geometries":{"Array.geos":["Geometry.default","Geometry.default","Geometry.mega1","Geometry.default","Geometry.max","Geometry.default","Geometry.default","Geometry.default"]}},
"materials":[{"*":"Material.default"}],
"textures":["Array.variants[query.variant]"],
"geometry":"Array.geos[query.variant]",
"part_visibility":[
{"saddle":"query.is_saddled"},
{"right_wing_quiet":"query.is_on_ground&&(!query.is_moving)&&(!query.is_sheared)"},
{"left_wing_quiet":"query.is_on_ground&&(!query.is_moving)&&(!query.is_sheared)"},
{"flying_wing_left":"(!query.is_on_ground)||query.is_moving||query.is_sheared"},
{"flying_wing_right":"(!query.is_on_ground)||query.is_moving||query.is_sheared"},
{"flying_wing_left_top":"(!query.is_on_ground)||query.is_moving||query.is_sheared"},
{"flying_wing_right_top":"(!query.is_on_ground)||query.is_moving||query.is_sheared"}
      ],
"is_hurt_color":{"r":0,"g":0,"b":0,"a":0.35},
"on_fire_color":{"r":0,"g":0,"b":0,"a":0.35}
    },
"controller.render.slowbro":{
"arrays":{
"textures":{"Array.variants":["Texture.default","Texture.default","Texture.mega1","Texture.default","Texture.max","Texture.default","Texture.default","Texture.default"]},
"geometries":{"Array.geos":["Geometry.default","Geometry.default","Geometry.mega1","Geometry.default","Geometry.max","Geometry.default","Geometry.default","Geometry.default"]}},
"materials":[{"*":"Material.default"}],
"textures":["Array.variants[query.variant]"],
"geometry":"Array.geos[query.variant]",
"is_hurt_color":{"r":0,"g":0,"b":0,"a":0.35},
"on_fire_color":{"r":0,"g":0,"b":0,"a":0.35}
    },
"controller.render.slowbros":{
"arrays":{
"textures":{"Array.variants":["Texture.default_s","Texture.default","Texture.mega_s1","Texture.default_s","Texture.max_s","Texture.default_s","Texture.default_s","Texture.default_s"]},
"geometries":{"Array.geos":["Geometry.default","Geometry.default","Geometry.mega1","Geometry.default","Geometry.max","Geometry.default","Geometry.default","Geometry.default"]}},
"materials":[{"*":"Material.default"}],
"textures":["Array.variants[query.variant]"],
"geometry":"Array.geos[query.variant]",
"is_hurt_color":{"r":0,"g":0,"b":0,"a":0.35},
"on_fire_color":{"r":0,"g":0,"b":0,"a":0.35}
    },
"controller.render.gengar":{
"arrays":{
"textures":{"Array.variants":["Texture.default","Texture.default","Texture.mega1","Texture.default","Texture.max","Texture.default","Texture.default","Texture.default"]},
"geometries":{"Array.geos":["Geometry.default","Geometry.default","Geometry.mega1","Geometry.default","Geometry.max","Geometry.default","Geometry.default","Geometry.default"]}},
"materials":[{"*":"Material.default"}],
"textures":["Array.variants[query.variant]"],
"geometry":"Array.geos[query.variant]",
"is_hurt_color":{"r":0,"g":0,"b":0,"a":0.35},
"on_fire_color":{"r":0,"g":0,"b":0,"a":0.35}
    },
"controller.render.gengars":{
"arrays":{
"textures":{"Array.variants":["Texture.default_s","Texture.default","Texture.mega_s1","Texture.default_s","Texture.max_s","Texture.default_s","Texture.default_s","Texture.default_s"]},
"geometries":{"Array.geos":["Geometry.default","Geometry.default","Geometry.mega1","Geometry.default","Geometry.max","Geometry.default","Geometry.default","Geometry.default"]}},
"materials":[{"*":"Material.default"}],
"textures":["Array.variants[query.variant]"],
"geometry":"Array.geos[query.variant]",
"is_hurt_color":{"r":0,"g":0,"b":0,"a":0.35},
"on_fire_color":{"r":0,"g":0,"b":0,"a":0.35}
    },
"controller.render.gyarados":{
"arrays":{
"textures":{"Array.variants":["Texture.default","Texture.default","Texture.mega1","Texture.default","Texture.max","Texture.default","Texture.default","Texture.default"]},
"geometries":{"Array.geos":["Geometry.default","Geometry.default","Geometry.mega1","Geometry.default","Geometry.max","Geometry.default","Geometry.default","Geometry.default"]}},
"materials":[{"*":"Material.default"}],
"textures":["Array.variants[query.variant]"],
"geometry":"Array.geos[query.variant]",
"part_visibility":[
{"saddle":"query.is_saddled"}
],
"is_hurt_color":{"r":0,"g":0,"b":0,"a":0.35},
"on_fire_color":{"r":0,"g":0,"b":0,"a":0.35}
},
"controller.render.gyaradoss":{
"arrays":{
"textures":{"Array.variants":["Texture.default_s","Texture.default","Texture.mega_s1","Texture.default_s","Texture.max_s","Texture.default_s","Texture.default_s","Texture.default_s"]},
"geometries":{"Array.geos":["Geometry.default","Geometry.default","Geometry.mega1","Geometry.default","Geometry.max","Geometry.default","Geometry.default","Geometry.default"]}},
"materials":[{"*":"Material.default"}],
"textures":["Array.variants[query.variant]"],
"geometry":"Array.geos[query.variant]",
"part_visibility":[
{"saddle":"query.is_saddled"}
],
"is_hurt_color":{"r":0,"g":0,"b":0,"a":0.35},
"on_fire_color":{"r":0,"g":0,"b":0,"a":0.35}
}
  }
}