{
	"format_version": "1.12.0",
	"minecraft:geometry": [
		{
			"description": {
				"identifier": "geometry.serpzubat",
				"texture_width": 64,
				"texture_height": 64,
				"visible_bounds_width": 4,
				"visible_bounds_height": 3,
				"visible_bounds_offset": [0, 0.5, 0]
			},
			"bones": [
				{
					"name": "zubat",
					"pivot": [0, 0, 0]
				},
				{
				"name": "pokedex",
				"pivot": [0, 37.5, 0],
				"locators": {
		"pokedex": [0, 37.5, 0]
					}
				},
				{
					"name": "head",
					"parent": "zubat",
					"pivot": [0, 8, 1],
					"cubes": [
						{"origin": [-3, 7.5, -2], "size": [6, 4, 5], "uv": [22, 22]},
						{"origin": [-4.5, 11.5, 1], "size": [4, 5, 0], "inflate": 0.01, "pivot": [-2, 12, 1], "rotation": [0, 0, -35], "uv": [30, 15]},
						{"origin": [0.5, 11.5, 1], "size": [4, 5, 0], "inflate": 0.01, "pivot": [2, 12, 1], "rotation": [0, 0, 35], "uv": [30, 15], "mirror": true},
						{"origin": [-2.5, 11, -1.5], "size": [5, 1, 4], "uv": [30, 0]}
					]
				},
				{
					"name": "body",
					"parent": "zubat",
					"pivot": [0, 4, 0],
					"cubes": [
						{"origin": [-3, 1, -2], "size": [6, 6, 5], "uv": [0, 22]},
						{"origin": [-2.5, 6.5, -1.5], "size": [5, 1, 4], "uv": [30, 10]},
						{"origin": [1.5, -8.5, 0], "size": [1, 10, 1], "inflate": -0.3, "pivot": [2, 1, -1], "rotation": [0, 0, -7.5], "uv": [26, 31]},
						{"origin": [-2.5, -8.5, 0], "size": [1, 10, 1], "inflate": -0.3, "pivot": [-2, 1, -1], "rotation": [0, 0, 7.5], "uv": [22, 31]},
						{"origin": [-2, -0.5, 0.5], "size": [4, 1, 0], "uv": [17, 26]},
						{"origin": [-2.5, 0.5, -1.5], "size": [5, 1, 4], "uv": [30, 5]}
					]
				},
				{
					"name": "right_wing",
					"parent": "body",
					"pivot": [-3, 4, 3],
					"cubes": [
						{"origin": [-11, 2, 3], "size": [8, 11, 0], "inflate": 0.01, "uv": [7, 11]}
					]
				},
				{
					"name": "right_wing_tip",
					"parent": "right_wing",
					"pivot": [-11, 7, 3],
					"cubes": [
						{"origin": [-18, 2, 3], "size": [7, 11, 0], "inflate": 0.01, "uv": [0, 33]}
					]
				},
				{
					"name": "left_wing",
					"parent": "body",
					"pivot": [3, 4, 3],
					"cubes": [
						{"origin": [3, 2, 3], "size": [8, 11, 0], "inflate": 0.01, "uv": [7, 0]}
					]
				},
				{
					"name": "left_wing_tip",
					"parent": "left_wing",
					"pivot": [11, 6, 3],
					"cubes": [
						{"origin": [11, 2, 3], "size": [7, 11, 0], "inflate": 0.01, "uv": [0, 44]}
					]
				}
			]
		},
		{
			"description": {
				"identifier": "geometry.serpzubat_aura",
				"texture_width": 64,
				"texture_height": 64,
				"visible_bounds_width": 4,
				"visible_bounds_height": 3,
				"visible_bounds_offset": [0, 0.5, 0]
			},
			"bones": [
				{
					"name": "zubat",
					"pivot": [0, 0, 0]
				},
				{
					"name": "head",
					"parent": "zubat",
					"pivot": [0, 8, 1],
					"cubes": [
						{"origin": [-3, 7.5, -2], "size": [6, 4, 5], "inflate": 0.25, "uv": [22, 22]},
						{"origin": [-4.5, 11.5, 1], "size": [4, 5, 0], "inflate": 0.25, "pivot": [-2, 12, 1], "rotation": [0, 0, -35], "uv": [30, 15]},
						{"origin": [0.5, 11.5, 1], "size": [4, 5, 0], "inflate": 0.25, "pivot": [2, 12, 1], "rotation": [0, 0, 35], "uv": [30, 15], "mirror": true},
						{"origin": [-2.5, 11, -1.5], "size": [5, 1, 4], "inflate": 0.25, "uv": [30, 0]}
					]
				},
				{
					"name": "body",
					"parent": "zubat",
					"pivot": [0, 4, 0],
					"cubes": [
						{"origin": [-3, 1, -2], "size": [6, 6, 5], "inflate": 0.25, "uv": [0, 22]},
						{"origin": [-2.5, 6.5, -1.5], "size": [5, 1, 4], "inflate": 0.25, "uv": [30, 10]},
						{"origin": [1.5, -8.5, 0], "size": [1, 10, 1], "inflate": 0.25, "pivot": [2, 1, -1], "rotation": [0, 0, -7.5], "uv": [26, 31]},
						{"origin": [-2.5, -8.5, 0], "size": [1, 10, 1], "inflate": 0.25, "pivot": [-2, 1, -1], "rotation": [0, 0, 7.5], "uv": [22, 31]},
						{"origin": [-2, -0.5, 0.5], "size": [4, 1, 0], "inflate": 0.25, "uv": [17, 26]},
						{"origin": [-2.5, 0.5, -1.5], "size": [5, 1, 4], "inflate": 0.25, "uv": [30, 5]}
					]
				},
				{
					"name": "right_wing",
					"parent": "body",
					"pivot": [-3, 4, 3],
					"cubes": [
						{"origin": [-11, 2, 3], "size": [8, 11, 0], "inflate": 0.25, "uv": [7, 11]}
					]
				},
				{
					"name": "right_wing_tip",
					"parent": "right_wing",
					"pivot": [-11, 7, 3],
					"cubes": [
						{"origin": [-18, 2, 3], "size": [7, 11, 0], "inflate": 0.25, "uv": [0, 33]}
					]
				},
				{
					"name": "left_wing",
					"parent": "body",
					"pivot": [3, 4, 3],
					"cubes": [
						{"origin": [3, 2, 3], "size": [8, 11, 0], "inflate": 0.25, "uv": [7, 0]}
					]
				},
				{
					"name": "left_wing_tip",
					"parent": "left_wing",
					"pivot": [11, 6, 3],
					"cubes": [
						{"origin": [11, 2, 3], "size": [7, 11, 0], "inflate": 0.25, "uv": [0, 44]}
					]
				},
				{
					"name": "pokedex",
					"pivot": [0, 37.5, 0],
					"locators": {
						"pokedex": [0, 37.5, 0]
					}
				}
			]
		}
	]
}