{
	"format_version": "1.12.0",
	"minecraft:geometry": [
		{
			"description": {
				"identifier": "geometry.serpgolbat",
				"texture_width": 128,
				"texture_height": 128,
				"visible_bounds_width": 4,
				"visible_bounds_height": 4,
				"visible_bounds_offset": [0, 1, 0]
			},
			"bones": [
				{
					"name": "golbat",
					"pivot": [0, 3, 0]
				},
				{
				"name": "pokedex",
				"pivot": [0, 35, -5],
				"locators": {
		"pokedex": [0, 35, -5]
					}
				},
				{
					"name": "body",
					"parent": "golbat",
					"pivot": [0, 11, 0],
					"cubes": [
						{"origin": [-5, 4, -5], "size": [10, 15, 10], "uv": [0, 0]},
						{"origin": [-4, 15, -6], "size": [8, 3, 1], "uv": [49, 26]},
						{"origin": [-3, 14, -6], "size": [6, 1, 1], "uv": [0, 64]},
						{"origin": [-3, 6, -6], "size": [6, 1, 1], "uv": [0, 66]},
						{"origin": [-4, 6, -6], "size": [1, 9, 1], "uv": [4, 5]},
						{"origin": [3, 6, -6], "size": [1, 9, 1], "uv": [4, 5]},
						{"origin": [-4, 5, -6], "size": [8, 1, 1], "uv": [54, 54]},
						{"origin": [-4, 5, 5], "size": [8, 13, 1], "uv": [36, 50]},
						{"origin": [-5.5, 5, -4], "size": [1, 13, 8], "uv": [18, 43]},
						{"origin": [4.5, 5, -4], "size": [1, 13, 8], "uv": [0, 43]},
						{"origin": [-4, 19, -4], "size": [8, 1, 8], "uv": [40, 16]},
						{"origin": [-4, 20, -2], "size": [2, 2, 0], "inflate": 0.01, "uv": [4, 25]},
						{"origin": [2, 20, -2], "size": [2, 2, 0], "inflate": 0.01, "uv": [0, 25]},
						{"origin": [-4, 3, -4], "size": [8, 1, 8], "uv": [25, 25]}
					]
				},
				{
					"name": "right_wing",
					"parent": "body",
					"pivot": [-4, 12, 5],
					"cubes": [
						{"origin": [-20, 8, 5], "size": [16, 16, 0], "inflate": 0.01, "uv": [40, 0]}
					]
				},
				{
					"name": "left_wing",
					"parent": "body",
					"pivot": [4, 12, 5],
					"cubes": [
						{"origin": [4, 8, 5], "size": [16, 16, 0], "inflate": 0.01, "uv": [34, 34]}
					]
				},
				{
					"name": "legs",
					"parent": "golbat",
					"pivot": [0, 3, 0],
					"cubes": [
						{"origin": [-6, 0, -1], "size": [5, 1, 1], "uv": [10, 45]},
						{"origin": [1, 0, -1], "size": [5, 1, 1], "uv": [10, 43]},
						{"origin": [-4, 1, -1], "size": [1, 2, 1], "uv": [0, 6]},
						{"origin": [3, 1, -1], "size": [1, 2, 1], "uv": [4, 0]}
					]
				}
			]
		},
		{
			"description": {
				"identifier": "geometry.serpgolbat_aura",
				"texture_width": 128,
				"texture_height": 128,
				"visible_bounds_width": 4,
				"visible_bounds_height": 4,
				"visible_bounds_offset": [0, 1, 0]
			},
			"bones": [
				{
					"name": "golbat",
					"pivot": [0, 3, 0]
				},
				{
					"name": "body",
					"parent": "golbat",
					"pivot": [0, 11, 0],
					"cubes": [
						{"origin": [-5, 4, -5], "size": [10, 15, 10], "inflate": 0.25, "uv": [0, 0]},
						{"origin": [-4, 15, -6], "size": [8, 3, 1], "inflate": 0.25, "uv": [49, 26]},
						{"origin": [-3, 14, -6], "size": [6, 1, 1], "inflate": 0.25, "uv": [0, 64]},
						{"origin": [-3, 6, -6], "size": [6, 1, 1], "inflate": 0.25, "uv": [0, 66]},
						{"origin": [-4, 6, -6], "size": [1, 9, 1], "inflate": 0.25, "uv": [4, 5]},
						{"origin": [3, 6, -6], "size": [1, 9, 1], "inflate": 0.25, "uv": [4, 5]},
						{"origin": [-4, 5, -6], "size": [8, 1, 1], "inflate": 0.25, "uv": [54, 54]},
						{"origin": [-4, 5, 5], "size": [8, 13, 1], "inflate": 0.25, "uv": [36, 50]},
						{"origin": [-5.5, 5, -4], "size": [1, 13, 8], "inflate": 0.25, "uv": [18, 43]},
						{"origin": [4.5, 5, -4], "size": [1, 13, 8], "inflate": 0.25, "uv": [0, 43]},
						{"origin": [-4, 19, -4], "size": [8, 1, 8], "inflate": 0.25, "uv": [40, 16]},
						{"origin": [-4, 20, -2], "size": [2, 2, 0], "inflate": 0.25, "uv": [4, 25]},
						{"origin": [2, 20, -2], "size": [2, 2, 0], "inflate": 0.25, "uv": [0, 25]},
						{"origin": [-4, 3, -4], "size": [8, 1, 8], "inflate": 0.25, "uv": [25, 25]}
					]
				},
				{
					"name": "right_wing",
					"parent": "body",
					"pivot": [-4, 12, 5],
					"cubes": [
						{"origin": [-20, 8, 5], "size": [16, 16, 0], "inflate": 0.25, "uv": [40, 0]}
					]
				},
				{
					"name": "left_wing",
					"parent": "body",
					"pivot": [4, 12, 5],
					"cubes": [
						{"origin": [4, 8, 5], "size": [16, 16, 0], "inflate": 0.25, "uv": [34, 34]}
					]
				},
				{
					"name": "legs",
					"parent": "golbat",
					"pivot": [0, 3, 0],
					"cubes": [
						{"origin": [-6, 0, -1], "size": [5, 1, 1], "inflate": 0.25, "uv": [10, 45]},
						{"origin": [1, 0, -1], "size": [5, 1, 1], "inflate": 0.25, "uv": [10, 43]},
						{"origin": [-4, 1, -1], "size": [1, 2, 1], "inflate": 0.25, "uv": [0, 6]},
						{"origin": [3, 1, -1], "size": [1, 2, 1], "inflate": 0.25, "uv": [4, 0]}
					]
				},
				{
					"name": "pokedex",
					"pivot": [0, 35, -5],
					"locators": {
						"pokedex": [0, 35, -5]
					}
				}
			]
		}
	]
}