{
	"format_version": "1.12.0",
	"minecraft:geometry": [
		{
			"description": {
				"identifier": "geometry.serp_green_armor",
				"texture_width": 64,
				"texture_height": 64,
				"visible_bounds_width": 3,
				"visible_bounds_height": 3.5,
				"visible_bounds_offset": [0, 1.25, 0]
			},
			"bones": [
				{
					"name": "waist",
					"pivot": [0, 12, 0]
				},
				{
					"name": "head",
					"parent": "waist",
					"pivot": [0, 24, 0],
					"cubes": [
						{"origin": [-4.5, 29, -4.5], "size": [9, 4, 9], "inflate": 0.01, "uv": [0, 15]},
						{"origin": [-7, 29, -7], "size": [14, 0, 14], "uv": [0, 0]}
					]
				},
				{
					"name": "body",
					"parent": "waist",
					"pivot": [0, 24, 0],
					"cubes": [
						{"origin": [-4, 12, -2], "size": [8, 12, 4], "inflate": 0.1, "uv": [0, 29]},
						{"origin": [-4, 8, -2], "size": [8, 7, 0], "pivot": [0, 15, -2], "rotation": [-30, 0, 0], "uv": [38, 23]},
						{"origin": [-4, 8, 2], "size": [8, 7, 0], "pivot": [0, 15, 2], "rotation": [30, 0, 0], "uv": [28, 15]},
						{"origin": [-4, 8, -2], "size": [0, 7, 4], "pivot": [-4, 15, 0], "rotation": [0, 0, 30], "uv": [43, 0]},
						{"origin": [4, 8, -2], "size": [0, 7, 4], "pivot": [4, 15, 0], "rotation": [0, 0, -30], "uv": [43, 0], "mirror": true},
						{"origin": [-4, 9, 0], "size": [0, 6, 4], "pivot": [-4, 15, 2], "rotation": [18.88172, 41.64114, 27.23631], "uv": [0, 0]},
						{"origin": [4, 9, 0], "size": [0, 6, 4], "pivot": [4, 15, 2], "rotation": [18.88172, -41.64114, -27.23631], "uv": [0, 0], "mirror": true},
						{"origin": [4, 9, -4], "size": [0, 6, 4], "pivot": [4, 15, -2], "rotation": [-18.88172, 41.64114, -27.23631], "uv": [0, 0], "mirror": true},
						{"origin": [-4, 9, -4], "size": [0, 6, 4], "pivot": [-4, 15, -2], "rotation": [-18.88172, -41.64114, 27.23631], "uv": [0, 0]}
					]
				},
				{
					"name": "rightArm",
					"parent": "waist",
					"pivot": [-5, 22, 0],
					"cubes": [
						{"origin": [-8, 14, -2], "size": [4, 1, 4], "inflate": 0.2, "uv": [42, 31]}
					]
				},
				{
					"name": "rightItem",
					"parent": "rightArm",
					"pivot": [-6, 15, 1]
				},
				{
					"name": "leftArm",
					"parent": "waist",
					"pivot": [5, 22, 0],
					"cubes": [
						{"origin": [4, 14, -2], "size": [4, 1, 4], "inflate": 0.2, "uv": [42, 31], "mirror": true}
					]
				},
				{
					"name": "leftItem",
					"parent": "leftArm",
					"pivot": [6, 15, 1]
				},
				{
					"name": "rightLeg",
					"parent": "waist",
					"pivot": [-1.9, 12, 0],
					"cubes": [
						{"origin": [-4, 0, -2], "size": [4, 12, 4], "inflate": 0.11, "uv": [25, 29]},
						{"origin": [-4, 0, -2], "size": [4, 2, 3], "inflate": 0.2, "uv": [42, 37]}
					]
				},
				{
					"name": "leftLeg",
					"parent": "waist",
					"pivot": [1.9, 12, 0],
					"cubes": [
						{"origin": [0, 0, -2], "size": [4, 12, 4], "inflate": 0.11, "uv": [25, 29], "mirror": true},
						{"origin": [0, 0, -2], "size": [4, 2, 3], "inflate": 0.2, "uv": [42, 37], "mirror": true}
					]
				}
			]
		}
	]
}