{
	"format_version": "1.12.0",
	"minecraft:geometry": [
		{
			"description": {
				"identifier": "geometry.serp_red_armor",
				"texture_width": 64,
				"texture_height": 64,
				"visible_bounds_width": 3,
				"visible_bounds_height": 3.5,
				"visible_bounds_offset": [0, 1.25, 0]
			},
			"bones": [
				{
					"name": "waist",
					"pivot": [0, 12, 0]
				},
				{
					"name": "head",
					"parent": "waist",
					"pivot": [0, 24, 0],
					"cubes": [
						{"origin": [-4, 29, -4], "size": [8, 3, 8], "inflate": 0.51, "uv": [0, 19]},
						{"origin": [-3.5, 29, -7], "size": [7, 0, 3], "uv": [31, 9]}
					]
				},
				{
					"name": "body",
					"parent": "waist",
					"pivot": [0, 24, 0],
					"cubes": [
						{"origin": [-4, 12, -2], "size": [8, 12, 4], "inflate": 0.1, "uv": [29, 27]},
						{"origin": [-4.5, 12.5, -2.5], "size": [9, 1, 5], "uv": [25, 19]},
						{"origin": [-1.5, 12, -3], "size": [3, 2, 1], "uv": [25, 0]},
						{"origin": [-4.5, 12, -3], "size": [9, 12, 6], "inflate": 0.2, "uv": [0, 0]}
					]
				},
				{
					"name": "rightArm",
					"parent": "waist",
					"pivot": [-5, 22, 0],
					"cubes": [
						{"origin": [-8, 15, -2], "size": [4, 1, 4], "inflate": 0.2, "uv": [28, 44]},
						{"origin": [-8, 20, -2], "size": [4, 4, 4], "inflate": 0.1, "uv": [31, 0]}
					]
				},
				{
					"name": "rightItem",
					"parent": "rightArm",
					"pivot": [-6, 15, 1]
				},
				{
					"name": "leftArm",
					"parent": "waist",
					"pivot": [5, 22, 0],
					"cubes": [
						{"origin": [4, 15, -2], "size": [4, 1, 4], "inflate": 0.2, "uv": [28, 44], "mirror": true},
						{"origin": [4, 20, -2], "size": [4, 4, 4], "inflate": 0.1, "uv": [31, 0], "mirror": true}
					]
				},
				{
					"name": "leftItem",
					"parent": "leftArm",
					"pivot": [6, 15, 1]
				},
				{
					"name": "rightLeg",
					"parent": "waist",
					"pivot": [-1.9, 12, 0],
					"cubes": [
						{"origin": [-4, 0, -2], "size": [4, 12, 4], "inflate": 0.11, "uv": [0, 31]},
						{"origin": [-4, 5, -2], "size": [4, 1, 4], "inflate": 0.2, "uv": [31, 13]},
						{"origin": [-4, 0, -2.5], "size": [4, 2, 3], "inflate": 0.2, "uv": [45, 44]}
					]
				},
				{
					"name": "leftLeg",
					"parent": "waist",
					"pivot": [1.9, 12, 0],
					"cubes": [
						{"origin": [0, 0, -2], "size": [4, 12, 4], "inflate": 0.11, "uv": [0, 31], "mirror": true},
						{"origin": [0, 5, -2], "size": [4, 1, 4], "inflate": 0.2, "uv": [31, 13], "mirror": true},
						{"origin": [0, 0, -2.5], "size": [4, 2, 3], "inflate": 0.2, "uv": [45, 44], "mirror": true}
					]
				}
			]
		}
	]
}