{
    "format_version": "1.10.0",
    "animation_controllers": {
"controller.animation.persistent_particle": {
            "states": {
    "default":{"particle_effects":[
{"effect":"particle"}]
            }
          }
        },
"controller.animation.heal": {
			"initial_state" : "not",
            "states": {
                "not": {
                    "transitions": [
                        {
        "healing": "query.is_saddled"
                        }
                    ]
                },
    "healing":{"particle_effects":[
{"effect":"heal","locator":"ball"},
{"effect":"heal","locator":"ball2"},
{"effect":"heal","locator":"ball3"},
{"effect":"heal","locator":"ball4"},
{"effect":"heal","locator":"ball5"},
{"effect":"heal","locator":"ball6"},
{"effect":"heal_ball","locator":"ball"},
{"effect":"heal_ball","locator":"ball2"},
{"effect":"heal_ball","locator":"ball3"},
{"effect":"heal_ball","locator":"ball4"},
{"effect":"heal_ball","locator":"ball5"},
{"effect":"heal_ball","locator":"ball6"}],"transitions":[{"not":"!query.is_saddled"}]}
            }
        },
"controller.animation.capture": {
	"initial_state" : "not",
    "states": {
                "not": {
          "transitions": [
                {
        "capture": "query.mark_variant == 1"
                },
                {
        "free": "query.mark_variant == 2"
                }
              ]
            },
        "capture": {
            "animations": [ "catch" ],
            "particle_effects": [{"effect": "capture1"},{"effect": "capture2"},{"effect": "capture3"}]
        },
        "free": {
            "animations": [ "free" ],
            "particle_effects": [{
            "effect": "free"}]}
      }
    }
  }
}