{
	"format_version": "1.8.0",
	"animations": {
		"animation.mankey.quiet": {
			"loop": true,
			"animation_length": 0.8,
			"bones": {
				"body": {
					"rotation": {
						"0.0": [-5, 0, 0],
						"0.4": [5, 0, 0],
						"0.8": [-5, 0, 0]
					}
				},
				"right_arm": {
					"rotation": {
						"0.0": [0, 0, 30],
						"0.4": [0, 0, 0],
						"0.8": [0, 0, 30]
					}
				},
				"right_hand": {
					"rotation": {
						"0.0": [0, 0, -15],
						"0.4": [0, 0, 0],
						"0.8": [0, 0, -15]
					}
				},
				"left_arm": {
					"rotation": {
						"0.0": [0, 0, -30],
						"0.4": [0, 0, 0],
						"0.8": [0, 0, -30]
					}
				},
				"left_hand": {
					"rotation": {
						"0.0": [0, 0, 15],
						"0.4": [0, 0, 0],
						"0.8": [0, 0, 15]
					}
				},
				"tail": {
					"rotation": {
						"0.0": [25, 0, 0],
						"0.4": [0, 0, 0],
						"0.8": [25, 0, 0]
					}
				}
			}
		},
		"animation.mankey.walk": {
			"loop": true,
			"animation_length": 0.8,
			"bones": {
				"mankey": {
					"position": {
						"0.0": [0, 2, 0],
						"0.2": [0, 0, 0],
						"0.4": [0, 2, 0],
						"0.6": [0, 0, 0],
						"0.8": [0, 2, 0]
					}
				},
				"body": {
					"rotation": {
						"0.0": [5, 0, 0],
						"0.2": [0, 0, 0],
						"0.4": [5, 0, 0],
						"0.6": [0, 0, 0],
						"0.8": [5, 0, 0]
					}
				},
				"right_arm": {
					"rotation": {
						"0.0": [40, 0, 0],
						"0.2": [55, 0, 0],
						"0.4": [40, 0, 0],
						"0.6": [55, 0, 0],
						"0.8": [40, 0, 0]
					}
				},
				"left_arm": {
					"rotation": {
						"0.0": [40, 0, 0],
						"0.2": [55, 0, 0],
						"0.4": [40, 0, 0],
						"0.6": [55, 0, 0],
						"0.8": [40, 0, 0]
					}
				},
				"tail": {
					"rotation": {
						"0.0": [0, 20, 0],
						"0.4": [0, -20, 0],
						"0.8": [0, 20, 0]
					}
				},
				"right_leg": {
					"rotation": {
						"0.0": [30, 0, 0],
						"0.4": [-20, 0, 0],
						"0.8": [30, 0, 0]
					},
					"position": {
						"0.0": [0, 0, 2],
						"0.4": [0, 0, -2],
						"0.8": [0, 0, 2]
					}
				},
				"left_leg": {
					"rotation": {
						"0.0": [-20, 0, 0],
						"0.4": [35, 0, 0],
						"0.8": [-20, 0, 0]
					},
					"position": {
						"0.0": [0, 0, -2],
						"0.4": [0, 0, 2],
						"0.8": [0, 0, -2]
					}
				}
			}
		},
		"animation.mankey.sitting": {
			"loop": true,
			"bones": {
				"mankey": {
					"position": [0, -5, 0]
				},
				"right_arm": {
					"rotation": [100, -52.5, 0]
				},
				"left_arm": {
					"rotation": [100, 55, 0]
				},
				"tail": {
					"rotation": [85, 0, 87.5]
				},
				"legs": {
					"rotation": [-90, 0, 0],
					"position": [0, -1, -3]
				}
			}
		},
		"animation.mankey.jump": {
			"loop": true,
			"bones": {
				"mankey": {
					"position": [0, 9, 0]
				},
				"right_arm": {
					"rotation": [0, 0, 40]
				},
				"right_hand": {
					"rotation": [0, 0, -32.5]
				},
				"left_arm": {
					"rotation": [0, 0, -40]
				},
				"left_hand": {
					"rotation": [0, 0, 35]
				},
				"tail": {
					"rotation": [55, 0, 180],
					"position": [0, 0, -1]
				},
				"legs": {
					"rotation": [45, 0, 0]
				}
			}
		},
		"animation.mankey.attack": {
			"loop": true,
			"bones": {
				"body": {
					"rotation": [20, -30, 0]
				},
				"right_arm": {
					"rotation": [60, -40, 0]
				},
				"right_hand": {
					"rotation": [0, 0, -40]
				},
				"left_arm": {
					"rotation": [55, -50, 0]
				},
				"left_hand": {
					"rotation": [0, 0, -10]
				}
			}
		},
		"animation.mankey.swimming": {
			"loop": true,
			"animation_length": 0.8,
			"bones": {
				"body": {
					"rotation": {
						"0.0": [5, 0, 0],
						"0.2": [0, 0, 0],
						"0.4": [5, 0, 0],
						"0.6": [0, 0, 0],
						"0.8": [5, 0, 0]
					}
				},
				"right_arm": {
					"rotation": {
						"0.0": [80, 0, 0],
						"0.2": [55, 0, 0],
						"0.4": [80, 0, 0],
						"0.6": [55, 0, 0],
						"0.8": [80, 0, 0]
					}
				},
				"left_arm": {
					"rotation": {
						"0.0": [80, 0, 0],
						"0.2": [55, 0, 0],
						"0.4": [80, 0, 0],
						"0.6": [55, 0, 0],
						"0.8": [80, 0, 0]
					}
				},
				"tail": {
					"rotation": {
						"0.0": [0, 20, 0],
						"0.4": [0, -20, 0],
						"0.8": [0, 20, 0]
					}
				},
				"right_leg": {
					"rotation": {
						"0.0": [30, 0, 0],
						"0.4": [-20, 0, 0],
						"0.8": [30, 0, 0]
					},
					"position": {
						"0.0": [0, 0, 2],
						"0.4": [0, 0, -2],
						"0.8": [0, 0, 2]
					}
				},
				"left_leg": {
					"rotation": {
						"0.0": [-20, 0, 0],
						"0.4": [35, 0, 0],
						"0.8": [-20, 0, 0]
					},
					"position": {
						"0.0": [0, 0, -2],
						"0.4": [0, 0, 2],
						"0.8": [0, 0, -2]
					}
				}
			}
		},
        "animation.mankey.health_bar":{
            "loop":true,
            "bones":{
                "health_hover":{
    "rotation":["q.camera_rotation(0)","q.camera_rotation(1)-q.body_y_rotation",0],
	"position": [0,27,0],
    "scale":"query.is_in_ui?0:1.5"
                },
				"bar_green": {
					"scale": ["query.health/query.max_health*1", 1, 1]
				},
				"bar_black": {
					"scale": ["(1)+(query.health/query.max_health*-1)", 1, 1]
				}
			}
        }
	}
}