{
	"format_version": "1.10.0",
	"particle_effect": {
		"description": {
			"identifier": "serp:koffing_smoke",
			"basic_render_parameters": {
				"material": "particles_alpha",
				"texture": "textures/particle/particles"
			}
		},
		"components": {
			"minecraft:emitter_local_space": {
				"position": true,
				"rotation": true
			},
			"minecraft:emitter_rate_steady": {
				"spawn_rate": 20,
				"max_particles": 20
			},
			"minecraft:emitter_lifetime_looping": {
				"active_time": 0.1,
				"sleep_time": 0.5
			},
			"minecraft:emitter_shape_sphere": {
				"radius": 0.5,
				"direction": "outwards"
			},
			"minecraft:particle_lifetime_expression": {
				"max_lifetime": "Math.random(0.2, 1)"
			},
			"minecraft:particle_initial_speed": 10,
			"minecraft:particle_motion_dynamic": {
				"linear_drag_coefficient": 10
			},
			"minecraft:particle_appearance_billboard": {
				"size": [0.3, 0.3],
				"facing_camera_mode": "lookat_xyz",
				"uv": {
					"texture_width": 16,
					"texture_height": 16,
					"flipbook": {
						"base_UV": [4, 10],
						"size_UV": [1, 1],
						"step_UV": [1, 0],
						"frames_per_second": 10,
						"max_frame": 10,
						"stretch_to_lifetime": true
					}
				}
			},
			"minecraft:particle_appearance_tinting": {
				"color": ["Math.clamp(variable.particle_random_1 * 1 + 0.2, 0.5, 1)", "Math.clamp(variable.particle_random_1 * 0.8 + 0.2, 0.4, 1)", "Math.clamp(variable.particle_random_1 * 0.2 + 0.2, 0.1, 1)", 1]
			}
		}
	}
}