{
	"format_version": "1.8.0",
	"animations": {
		"animation.serppc_box.sleep": {
			"loop": true,
			"animation_length": 1.6,
			"bones": {
				"body": {
					"rotation": {
						"0.0": [15, 0, 20],
						"0.8": [0, 0, 20],
						"1.6": [15, 0, 20]
					}
				},
				"bone4": {
					"rotation": {
						"0.0": [0, -20, -40],
						"0.8": [15, -20, -40],
						"1.6": [0, -20, -40]
					}
				},
				"bone5": {
					"rotation": [0, -40, 0]
				},
				"bone6": {
					"rotation": [0, 0, -60]
				},
				"bone7": {
					"rotation": {
						"0.0": [0, 20, 37.5],
						"0.8": [15, 20, 37.5],
						"1.6": [0, 20, 37.5]
					}
				},
				"bone8": {
					"rotation": [0, 37.5, 0]
				},
				"bone9": {
					"rotation": [0, 0, 60]
				}
			}
		},
		"animation.serppc_box.wake": {
			"loop": true,
			"animation_length": 1.6,
			"bones": {
				"body": {
					"rotation": {
						"0.0": [0, 0, -10],
						"0.8": [0, 0, 10],
						"1.6": [0, 0, -10]
					}
				},
				"bone4": {
					"rotation": {
						"0.0": [0, -50, 40],
						"0.4": [0, -45, 30],
						"0.8": [0, -50, 40],
						"1.2": [0, -45, 30],
						"1.6": [0, -50, 40]
					}
				},
				"bone5": {
					"rotation": {
						"0.0": [0, 0, -85],
						"0.4": [0, 0, -95],
						"0.8": [0, 0, -85],
						"1.2": [0, 0, -95],
						"1.6": [0, 0, -85]
					}
				},
				"bone6": {
					"rotation": {
						"0.0": [0, 0, 90],
						"0.4": [0, 0, 65],
						"0.8": [0, 0, 90],
						"1.2": [0, 0, 65],
						"1.6": [0, 0, 90]
					}
				},
				"bone7": {
					"rotation": {
						"0.0": [0, 50, -40],
						"0.4": [0, 45, -30],
						"0.8": [0, 50, -40],
						"1.2": [0, 45, -30],
						"1.6": [0, 50, -40]
					}
				},
				"bone8": {
					"rotation": {
						"0.0": [0, 0, 85],
						"0.4": [0, 0, 95],
						"0.8": [0, 0, 85],
						"1.2": [0, 0, 95],
						"1.6": [0, 0, 85]
					}
				},
				"bone9": {
					"rotation": {
						"0.0": [0, 0, -90],
						"0.4": [0, 0, -65],
						"0.8": [0, 0, -90],
						"1.2": [0, 0, -65],
						"1.6": [0, 0, -90]
					}
				}
			}
		}
	}
}