{
	"format_version": "1.8.0",
	"animations": {
		"animation.healer.lights": {
			"loop": true,
			"animation_length": 6.4,
			"bones": {
				"1": {
					"rotation": {
						"0.0": [0, 0, 0],
						"0.8": [0, -45, 0],
						"1.6": [0, -90, 0],
						"2.4": [0, -135, 0],
						"3.2": [0, -180, 0],
						"4.0": [0, -225, 0],
						"4.8": [0, -270, 0],
						"5.6": [0, -315, 0],
						"6.4": [0, -360, 0]							}
				},
				"2": {
					"rotation": {
						"0.0": [0, 0, 0],
						"0.8": [0, -45, 0],
						"1.6": [0, -90, 0],
						"2.4": [0, -135, 0],
						"3.2": [0, -180, 0],
						"4.0": [0, -225, 0],
						"4.8": [0, -270, 0],
						"5.6": [0, -315, 0],
						"6.4": [0, -360, 0]							}
				},
				"3": {
					"rotation": {
						"0.0": [0, 0, 0],
						"0.8": [0, -45, 0],
						"1.6": [0, -90, 0],
						"2.4": [0, -135, 0],
						"3.2": [0, -180, 0],
						"4.0": [0, -225, 0],
						"4.8": [0, -270, 0],
						"5.6": [0, -315, 0],
						"6.4": [0, -360, 0]							}
				},
				"4": {
					"rotation": {
						"0.0": [0, 0, 0],
						"0.8": [0, -45, 0],
						"1.6": [0, -90, 0],
						"2.4": [0, -135, 0],
						"3.2": [0, -180, 0],
						"4.0": [0, -225, 0],
						"4.8": [0, -270, 0],
						"5.6": [0, -315, 0],
						"6.4": [0, -360, 0]							}
				},
				"5": {
					"rotation": {
						"0.0": [0, 0, 0],
						"0.8": [0, -45, 0],
						"1.6": [0, -90, 0],
						"2.4": [0, -135, 0],
						"3.2": [0, -180, 0],
						"4.0": [0, -225, 0],
						"4.8": [0, -270, 0],
						"5.6": [0, -315, 0],
						"6.4": [0, -360, 0]							}
				},
				"6": {
					"rotation": {
						"0.0": [0, 0, 0],
						"0.8": [0, -45, 0],
						"1.6": [0, -90, 0],
						"2.4": [0, -135, 0],
						"3.2": [0, -180, 0],
						"4.0": [0, -225, 0],
						"4.8": [0, -270, 0],
						"5.6": [0, -315, 0],
						"6.4": [0, -360, 0]							}
				}
			}
		}
	}
}