{
  "format_version":"1.16.100",
  "minecraft:item":{
    "description":{
      "identifier":"serp:enigma_berry",
      "category":"Nature"
    },
    "components":{
    "minecraft:display_name":{"value":"equippable.3"},
    "minecraft:damage":1,
    "minecraft:weapon":{"on_hurt_entity":{}},
    "minecraft:durability":{"damage_chance":{"min":0,"max":0},"max_durability":3},
    "minecraft:icon":{"texture":"enigma"},
    "minecraft:food":{
    "nutrition":4,
    "saturation_modifier":"low",
    "on_use_action":"chorus_teleport",
    "on_use_range":[8,8,8],
    "cooldown_type":"chorusfruit",
    "cooldown_time":20,
    "can_always_eat":true
    },
	  "minecraft:use_duration":1.6,
	  "minecraft:use_animation":"eat",
    "minecraft:render_offsets":{
      "main_hand":{
"first_person":{"scale":[0.01,0.01,0.01]},
"third_person":{"scale":[0.03,0.03,0.03]}
        }
      }
    }
  }
}