{
  "format_version":"1.16.100",
  "minecraft:item":{
    "description":{
      "identifier":"serp:pinap_berry",
      "category":"Nature"
    },
    "components":{
    "minecraft:display_name":{"value":"equippable.11"},
    "minecraft:damage":1,
    "minecraft:weapon":{"on_hurt_entity":{}},
    "minecraft:durability":{"damage_chance":{"min":0,"max":0},"max_durability":11},
    "minecraft:icon":{"texture":"pinap"},
    "minecraft:food":{
		"nutrition":7,
		"saturation_modifier":"low",
		"can_always_eat":true,
      "effects":[
{"name":"slow_falling","chance":1,"duration":10,"amplifier":0}
      ]
	  },
	  "minecraft:use_duration":1.6,
	  "minecraft:use_animation":"eat",
    "minecraft:render_offsets":{
      "main_hand":{
"first_person":{"scale":[0.01,0.01,0.01]},
"third_person":{"scale":[0.03,0.03,0.03]}
        }
      }
    }
  }
}