{
	"format_version": "1.12.0",
	"minecraft:geometry": [
		{
			"description": {
				"identifier": "geometry.serpdugtrio",
				"texture_width": 128,
				"texture_height": 128,
				"visible_bounds_width": 3,
				"visible_bounds_height": 2.5,
				"visible_bounds_offset": [0, 0.75, 0]
			},
			"bones": [
				{
					"name": "dugtrio",
					"pivot": [0, 0, 0]
				},
				{
				"name": "pokedex",
				"pivot": [0, 30, -5],
				"locators": {
		"pokedex": [0, 28, -5]
					}
				},
				{
					"name": "body",
					"parent": "dugtrio",
					"pivot": [0, 0, 4],
					"cubes": [
						{"origin": [-3, 0, 1], "size": [6, 13, 6], "uv": [0, 0]},
						{"origin": [-2.5, 12.5, 1.5], "size": [5, 1, 5], "uv": [36, 35]},
						{"origin": [2.5, 0.5, 1.5], "size": [1, 12, 5], "uv": [0, 36]},
						{"origin": [-3.5, 0.5, 1.5], "size": [1, 12, 5], "uv": [24, 29]},
						{"origin": [-2.5, 0.5, 0.5], "size": [5, 12, 1], "uv": [42, 15]},
						{"origin": [-1.5, 8.5, -0.3], "size": [3, 2, 1], "inflate": -0.2, "uv": [43, 0]},
						{"origin": [-2.5, 0.5, 6.5], "size": [5, 12, 1], "uv": [36, 41]}
					]
				},
				{
					"name": "body2",
					"parent": "dugtrio",
					"pivot": [-4, 0, -2],
					"cubes": [
						{"origin": [-7, 0, -5], "size": [6, 10, 6], "uv": [18, 13]},
						{"origin": [-6.5, 9.5, -4.5], "size": [5, 1, 5], "uv": [36, 29]},
						{"origin": [-1.5, 0.5, -4.5], "size": [1, 9, 5], "uv": [12, 36]},
						{"origin": [-7.5, 0.5, -4.5], "size": [1, 9, 5], "uv": [36, 1]},
						{"origin": [-6.5, 0.5, -5.5], "size": [5, 9, 1], "uv": [48, 51]},
						{"origin": [-5.5, 5.5, -6.3], "size": [3, 2, 1], "inflate": -0.2, "uv": [33, 0]},
						{"origin": [-6.5, 0.5, 0.5], "size": [5, 9, 1], "uv": [48, 41]}
					]
				},
				{
					"name": "body3",
					"parent": "dugtrio",
					"pivot": [3, 0, -2],
					"cubes": [
						{"origin": [0, 0, -5], "size": [6, 7, 6], "uv": [0, 23]},
						{"origin": [0.5, 6.5, -4.5], "size": [5, 1, 5], "uv": [18, 0]},
						{"origin": [5.5, 0.5, -4.5], "size": [1, 6, 5], "uv": [48, 0]},
						{"origin": [-0.5, 0.5, -4.5], "size": [1, 6, 5], "uv": [19, 46]},
						{"origin": [0.5, 0.5, -5.5], "size": [5, 6, 1], "uv": [0, 53]},
						{"origin": [1.5, 2.5, -6.3], "size": [3, 2, 1], "inflate": -0.2, "uv": [31, 29]},
						{"origin": [0.5, 0.5, 0.5], "size": [5, 6, 1], "uv": [24, 6]}
					]
				},
				{
					"name": "rocks1",
					"parent": "dugtrio",
					"pivot": [0, 1, 0],
					"cubes": [
						{"origin": [-1.5, 1, 4.5], "size": [3, 1, 3], "inflate": 0.5, "uv": [0, 60]},
						{"origin": [3, 1, 3], "size": [3, 1, 3], "inflate": 0.5, "pivot": [4.5, 1, 4.5], "rotation": [-22.5, 30, 0], "uv": [59, 48]},
						{"origin": [3.15, 1.15, -5.85], "size": [2.7, 1, 2.7], "inflate": 0.5, "pivot": [4.5, 4, -4.5], "rotation": [22.5, 30, 0], "uv": [7, 36]},
						{"origin": [-6, 1, 3], "size": [3, 1, 3], "inflate": 0.5, "pivot": [-4.5, 1, 4.5], "rotation": [22.5, 30, 0], "uv": [39, 59]},
						{"origin": [-6, 1, -6], "size": [3, 1, 3], "inflate": 0.5, "pivot": [-4.5, 1, -4.5], "rotation": [22.5, 30, 0], "uv": [57, 58]},
						{"origin": [-1.5, 1, -7.5], "size": [3, 1, 3], "inflate": 0.5, "uv": [30, 58]},
						{"origin": [4.5, 0, -1.5], "size": [3, 1, 3], "inflate": 0.5, "uv": [18, 58]},
						{"origin": [-7.5, 1, -1.5], "size": [3, 1, 3], "inflate": 0.5, "uv": [9, 57]},
						{"origin": [1.5, 1, 3], "size": [4.5, 1, 3], "inflate": 0.5, "pivot": [4.5, 2.5, 4.5], "rotation": [52.5, -45, -22.5], "uv": [0, 19]},
						{"origin": [-6, 1.5, 1.5], "size": [4.5, 1, 4.5], "inflate": 0.4, "uv": [50, 24]}
					]
				},
				{
					"name": "rocks2",
					"parent": "dugtrio",
					"pivot": [0, 0, 0],
					"rotation": [0, 22.5, 0],
					"cubes": [
						{"origin": [-1.5, 0, 4.5], "size": [3, 1, 3], "inflate": 0.5, "uv": [57, 8]},
						{"origin": [3, 0, 3], "size": [3, 1, 3], "inflate": 0.5, "pivot": [4.5, 0, 4.5], "rotation": [-22.5, 30, 0], "uv": [55, 0]},
						{"origin": [3, 0, -6], "size": [3, 1, 3], "inflate": 0.5, "pivot": [4.5, 3, -4.5], "rotation": [22.5, 30, 0], "uv": [28, 54]},
						{"origin": [-6, 0, 3], "size": [3, 1, 3], "inflate": 0.5, "pivot": [-4.5, 0, 4.5], "rotation": [22.5, 30, 0], "uv": [54, 19]},
						{"origin": [-6, 0, -6], "size": [3, 1, 3], "inflate": 0.5, "pivot": [-4.5, 0, -4.5], "rotation": [22.5, 30, 0], "uv": [54, 15]},
						{"origin": [-1.5, 0, -7.5], "size": [3, 1, 3], "inflate": 0.5, "uv": [51, 35]},
						{"origin": [4.5, 0, -1.5], "size": [3, 1, 3], "inflate": 0.5, "uv": [51, 29]},
						{"origin": [-7.5, 0, -1.5], "size": [3, 1, 3], "inflate": 0.5, "uv": [48, 11]}
					]
				}
			]
		},
		{
			"description": {
				"identifier": "geometry.serpdugtrio_aura",
				"texture_width": 128,
				"texture_height": 128,
				"visible_bounds_width": 3,
				"visible_bounds_height": 2.5,
				"visible_bounds_offset": [0, 0.75, 0]
			},
			"bones": [
				{
					"name": "dugtrio",
					"pivot": [0, 0, 0]
				},
				{
					"name": "body",
					"parent": "dugtrio",
					"pivot": [0, 0, 4],
					"cubes": [
						{"origin": [-3, 0, 1], "size": [6, 13, 6], "inflate": 0.25, "uv": [0, 0]},
						{"origin": [-2.5, 12.5, 1.5], "size": [5, 1, 5], "inflate": 0.25, "uv": [36, 35]},
						{"origin": [2.5, 0.5, 1.5], "size": [1, 12, 5], "inflate": 0.25, "uv": [0, 36]},
						{"origin": [-3.5, 0.5, 1.5], "size": [1, 12, 5], "inflate": 0.25, "uv": [24, 29]},
						{"origin": [-2.5, 0.5, 0.5], "size": [5, 12, 1], "inflate": 0.25, "uv": [42, 15]},
						{"origin": [-1.5, 8.5, -0.3], "size": [3, 2, 1], "inflate": 0.25, "uv": [43, 0]},
						{"origin": [-2.5, 0.5, 6.5], "size": [5, 12, 1], "inflate": 0.25, "uv": [36, 41]}
					]
				},
				{
					"name": "body2",
					"parent": "dugtrio",
					"pivot": [-4, 0, -2],
					"cubes": [
						{"origin": [-7, 0, -5], "size": [6, 10, 6], "inflate": 0.25, "uv": [18, 13]},
						{"origin": [-6.5, 9.5, -4.5], "size": [5, 1, 5], "inflate": 0.25, "uv": [36, 29]},
						{"origin": [-1.5, 0.5, -4.5], "size": [1, 9, 5], "inflate": 0.25, "uv": [12, 36]},
						{"origin": [-7.5, 0.5, -4.5], "size": [1, 9, 5], "inflate": 0.25, "uv": [36, 1]},
						{"origin": [-6.5, 0.5, -5.5], "size": [5, 9, 1], "inflate": 0.25, "uv": [48, 51]},
						{"origin": [-5.5, 5.5, -6.3], "size": [3, 2, 1], "inflate": 0.25, "uv": [33, 0]},
						{"origin": [-6.5, 0.5, 0.5], "size": [5, 9, 1], "inflate": 0.25, "uv": [48, 41]}
					]
				},
				{
					"name": "body3",
					"parent": "dugtrio",
					"pivot": [3, 0, -2],
					"cubes": [
						{"origin": [0, 0, -5], "size": [6, 7, 6], "inflate": 0.25, "uv": [0, 23]},
						{"origin": [0.5, 6.5, -4.5], "size": [5, 1, 5], "inflate": 0.25, "uv": [18, 0]},
						{"origin": [5.5, 0.5, -4.5], "size": [1, 6, 5], "inflate": 0.25, "uv": [48, 0]},
						{"origin": [-0.5, 0.5, -4.5], "size": [1, 6, 5], "inflate": 0.25, "uv": [19, 46]},
						{"origin": [0.5, 0.5, -5.5], "size": [5, 6, 1], "inflate": 0.25, "uv": [0, 53]},
						{"origin": [1.5, 2.5, -6.3], "size": [3, 2, 1], "inflate": 0.25, "uv": [31, 29]},
						{"origin": [0.5, 0.5, 0.5], "size": [5, 6, 1], "inflate": 0.25, "uv": [24, 6]}
					]
				},
				{
					"name": "rocks1",
					"parent": "dugtrio",
					"pivot": [0, 1, 0],
					"cubes": [
						{"origin": [-1.5, 1, 4.5], "size": [3, 1, 3], "inflate": 0.25, "uv": [0, 60]},
						{"origin": [3, 1, 3], "size": [3, 1, 3], "inflate": 0.25, "pivot": [4.5, 1, 4.5], "rotation": [-22.5, 30, 0], "uv": [59, 48]},
						{"origin": [3.15, 1.15, -5.85], "size": [2.7, 1, 2.7], "inflate": 0.25, "pivot": [4.5, 4, -4.5], "rotation": [22.5, 30, 0], "uv": [7, 36]},
						{"origin": [-6, 1, 3], "size": [3, 1, 3], "inflate": 0.25, "pivot": [-4.5, 1, 4.5], "rotation": [22.5, 30, 0], "uv": [39, 59]},
						{"origin": [-6, 1, -6], "size": [3, 1, 3], "inflate": 0.25, "pivot": [-4.5, 1, -4.5], "rotation": [22.5, 30, 0], "uv": [57, 58]},
						{"origin": [-1.5, 1, -7.5], "size": [3, 1, 3], "inflate": 0.25, "uv": [30, 58]},
						{"origin": [4.5, 0, -1.5], "size": [3, 1, 3], "inflate": 0.25, "uv": [18, 58]},
						{"origin": [-7.5, 1, -1.5], "size": [3, 1, 3], "inflate": 0.25, "uv": [9, 57]},
						{"origin": [1.5, 1, 3], "size": [4.5, 1, 3], "inflate": 0.25, "pivot": [4.5, 2.5, 4.5], "rotation": [52.5, -45, -22.5], "uv": [0, 19]},
						{"origin": [-6, 1.5, 1.5], "size": [4.5, 1, 4.5], "inflate": 0.25, "uv": [50, 24]}
					]
				},
				{
					"name": "rocks2",
					"parent": "dugtrio",
					"pivot": [0, 0, 0],
					"rotation": [0, 22.5, 0],
					"cubes": [
						{"origin": [-1.5, 0, 4.5], "size": [3, 1, 3], "inflate": 0.25, "uv": [57, 8]},
						{"origin": [3, 0, 3], "size": [3, 1, 3], "inflate": 0.25, "pivot": [4.5, 0, 4.5], "rotation": [-22.5, 30, 0], "uv": [55, 0]},
						{"origin": [3, 0, -6], "size": [3, 1, 3], "inflate": 0.25, "pivot": [4.5, 3, -4.5], "rotation": [22.5, 30, 0], "uv": [28, 54]},
						{"origin": [-6, 0, 3], "size": [3, 1, 3], "inflate": 0.25, "pivot": [-4.5, 0, 4.5], "rotation": [22.5, 30, 0], "uv": [54, 19]},
						{"origin": [-6, 0, -6], "size": [3, 1, 3], "inflate": 0.25, "pivot": [-4.5, 0, -4.5], "rotation": [22.5, 30, 0], "uv": [54, 15]},
						{"origin": [-1.5, 0, -7.5], "size": [3, 1, 3], "inflate": 0.25, "uv": [51, 35]},
						{"origin": [4.5, 0, -1.5], "size": [3, 1, 3], "inflate": 0.25, "uv": [51, 29]},
						{"origin": [-7.5, 0, -1.5], "size": [3, 1, 3], "inflate": 0.25, "uv": [48, 11]}
					]
				},
				{
					"name": "pokedex",
					"pivot": [0, 30, -5],
					"locators": {
						"pokedex": [0, 28, -5]
					}
				}
			]
		}
	]
}