{
	"format_version": "1.8.0",
	"animations": {
		"animation.wurmple.quiet": {
			"loop": true,
			"animation_length": 1,
			"bones": {
				"head": {
					"position": {
						"0.0": [0, 0, 0],
						"0.5": [0, -0.5, -1],
						"1.0": [0, 0, 0]
					}
				},
				"body1": {
					"rotation": {
						"0.0": [0, 0, 0],
						"0.5": [10, 0, 0],
						"1.0": [0, 0, 0]
					}
				}
			}
		},
		"animation.wurmple.walk": {
			"loop": true,
			"animation_length": 0.6,
			"bones": {
				"body_root": {
					"position": {
						"0.0": [0, 1, 0],
						"0.3": [0, 0, 0],
						"0.6": [0, 1, 0]
					}
				},
				"head": {
					"position": {
						"0.0": [0, 0, 0],
						"0.2": [0, 0, -1],
						"0.6": [0, 0, 0]
					}
				},
				"body1": {
					"rotation": {
						"0.0": [0, 0, 0],
						"0.2": [10, 0, 0],
						"0.6": [0, 0, 0]
					}
				},
				"body2": {
					"rotation": {
						"0.0": [-10, 10, 0],
						"0.3": [0, -10, 0],
						"0.6": [-10, 10, 0]
					},
					"position": {
						"0.0": [0, 1, 0],
						"0.3": [0, 0, 0],
						"0.6": [0, 1, 0]
					}
				}
			}
		},
		"animation.wurmple.sitting": {
			"loop": true,
			"bones": {
				"wurmple": {
					"position": [0, 0, -3]
				},
				"head": {
					"position": [0, -2, 2]
				},
				"body1": {
					"rotation": [-15, 0, 0],
					"scale": [1, 0.8, 1]
				},
				"body2": {
					"rotation": [0, -20, 0],
					"position": [0, 0, 1]
				}
			}
		},
		"animation.wurmple.jump": {
			"loop": true,
			"bones": {
				"wurmple": {
					"position": [0, 3, 0]
				},
				"body2": {
					"rotation": [-30, 0, 0],
					"position": [0, 0, -0.5]
				}
			}
		},
		"animation.wurmple.attack": {
			"loop": true,
			"bones": {
				"head": {
					"position": [0, -2, -4]
				},
				"body1": {
					"rotation": [30, 0, 0]
				}
			}
		},
		"animation.wurmple.swimming": {
			"loop": true,
			"animation_length": 0.6,
			"bones": {
				"wurmple": {
					"position": {
						"0.0": [0, -1, 0],
						"0.3": [0, 0, 0],
						"0.6": [0, -1, 0]
					}
				},
				"body2": {
					"rotation": {
						"0.0": [-35, -25, 15],
						"0.3": [-35, 25, -15],
						"0.6": [-35, -25, 15]
					},
					"position": [0, 0, -0.5]
				}
			}
		},
        "animation.wurmple.health_bar":{
            "loop":true,
            "bones":{
                "health_hover":{
    "rotation":["q.camera_rotation(0)","q.camera_rotation(1)-q.body_y_rotation",0],
	"position": [0,22,0],
    "scale":"query.is_in_ui?0:1.5"
                },
				"bar_green": {
					"scale": ["query.health/query.max_health*1", 1, 1]
				},
				"bar_black": {
					"scale": ["(1)+(query.health/query.max_health*-1)", 1, 1]
				}
			}
        }
	}
}