{
	"format_version": "1.8.0",
	"animations": {
		"animation.beautifly.quiet": {
			"loop": true,
			"animation_length": 1.2,
			"bones": {
				"head": {
					"position": {
						"0.0": [0, -1, -4],
						"0.6": [0, -2, -5],
						"1.2": [0, -1, -4]
					}
				},
				"body": {
					"rotation": {
						"0.0": [30, 0, 0],
						"0.6": [40, 0, 0],
						"1.2": [30, 0, 0]
					}
				},
				"wings": {
					"scale": [1, 0.8, 1]
				},
				"arms": {
					"rotation": {
						"0.0": [30, 0, 0],
						"0.6": [50, 0.5, 0],
						"1.2": [30, 0, 0]
					},
					"position": {
						"0.0": [0, -2, -3],
						"0.6": [0, -3, -3],
						"1.2": [0, -2, -3]
					}
				}
			}
		},
		"animation.beautifly.walk": {
			"loop": true,
			"animation_length": 0.6,
			"bones": {
				"beautifly": {
					"position": {
						"0.0": [0, 0, 0],
						"0.4": [0, 1, 0],
						"0.6": [0, 0, 0]
					}
				},
				"head": {
					"position": [0, -2, -4]
				},
				"body": {
					"rotation": [55, 0, 0],
					"position": [0, 2, 3]
				},
				"right_wing": {
					"rotation": {
						"0.0": [0, 20, 0],
						"0.2": [0, -20, 0],
						"0.3": [0, 20, 0],
						"0.5": [0, -20, 0],
						"0.6": [0, 20, 0]
					},
					"position": [0, -1, 0]
				},
				"left_wing": {
					"rotation": {
						"0.0": [0, -20, 0],
						"0.2": [0, 20, 0],
						"0.3": [0, -20, 0],
						"0.5": [0, 20, 0],
						"0.6": [0, -20, 0]
					},
					"position": [0, -1, 0]
				},
				"arms": {
					"rotation": {
						"0.0": [65, 0, 0],
						"0.4": [80, 0, 0],
						"0.6": [65, 0, 0]
					},
					"position": [0, -1, 0]
				},
				"legs": {
					"rotation": {
						"0.0": [85, 0, 0],
						"0.3": [100, 0, 0],
						"0.6": [85, 0, 0]
					},
					"position": [0, 0, 2]
				}
			}
		},
		"animation.beautifly.sitting": {
			"loop": true,
			"bones": {
				"wings": {
					"position": [0, 2, 0],
					"scale": [0.6, 0.7, 1]
				},
				"arms": {
					"rotation": [45, 0, 0]
				}
			}
		},
		"animation.beautifly.attack": {
			"loop": true,
			"bones": {
				"beautifly": {
					"position": [0, 4, 0]
				},
				"head": {
					"position": [0, 0, 1]
				},
				"body": {
					"rotation": [-10, 0, 0]
				},
				"right_wing": {
					"rotation": [0, -60, 0],
					"position": [-2, 0, 0]
				},
				"left_wing": {
					"rotation": [0, 60, 0],
					"position": [2, 0, 0]
				},
				"arms": {
					"rotation": [35, 0, 0],
					"position": [0, 1, 0]
				},
				"legs": {
					"rotation": [-35, 0, 0]
				}
			}
		},
		"animation.beautifly.direction": {
			"loop": true,
			"bones": {
				"beautifly": {
					"rotation": [ "query.vertical_speed * -3.0", 0, "-math.max(-20,math.min(20,query.yaw_speed))"]
				}
			}
		},
        "animation.beautifly.health_bar":{
            "loop":true,
            "bones":{
                "health_hover":{
    "rotation":["q.camera_rotation(0)","q.camera_rotation(1)-q.body_y_rotation",0],
	"position": [0,28,0],
    "scale":"query.is_in_ui?0:1.5"
                },
				"bar_green": {
					"scale": ["query.health/query.max_health*1", 1, 1]
				},
				"bar_black": {
					"scale": ["(1)+(query.health/query.max_health*-1)", 1, 1]
				}
			}
        }
	}
}