{
	"format_version": "1.8.0",
	"animations": {
		"animation.dustox.quiet": {
			"loop": true,
			"animation_length": 0.6,
			"bones": {
				"dustox": {
					"rotation": {
						"0.0": [-75, 0, 0],
						"0.1": [-75, 0, -5],
						"0.3": [-75, 0, 0],
						"0.4": [-75, 0, 5],
						"0.6": [-75, 0, 0]
					},
					"position": {
						"0.0": [0, 8, -3],
						"0.15": [-2, 10, -3],
						"0.3": [0, 8, -3],
						"0.45": [2, 10, -3],
						"0.6": [0, 8, -3]
					}
				},
				"right_wing": {
					"rotation": {
						"0.0": [0, 0, 45],
						"0.15": [0, 0, 0],
						"0.3": [0, 0, 45],
						"0.45": [0, 0, 0],
						"0.6": [0, 0, 45]
					}
				},
				"left_wing": {
					"rotation": {
						"0.0": [0, 0, -45],
						"0.15": [0, 0, 0],
						"0.3": [0, 0, -45],
						"0.45": [0, 0, 0],
						"0.6": [0, 0, -45]
					}
				}
			}
		},
		"animation.dustox.walk": {
			"loop": true,
			"animation_length": 0.6,
			"bones": {
				"dustox": {
					"rotation": [-40, 0, 0],
					"position": {
						"0.0": [0, 3, -2],
						"0.15": [0, 4, -2],
						"0.3": [0, 3, -2],
						"0.45": [0, 4, -2],
						"0.6": [0, 3, -2]
					}
				},
				"right_wing": {
					"rotation": {
						"0.0": [0, 0, 45],
						"0.1": [0, 0, 0],
						"0.3": [0, 0, 45],
						"0.4": [0, 0, 0],
						"0.6": [0, 0, 45]
					}
				},
				"left_wing": {
					"rotation": {
						"0.0": [0, 0, -45],
						"0.1": [0, 0, 0],
						"0.3": [0, 0, -45],
						"0.4": [0, 0, 0],
						"0.6": [0, 0, -45]
					}
				},
				"right_legs": {
					"rotation": {
						"0.0": [0, 0, -45],
						"0.3": [0, 0, -25],
						"0.6": [0, 0, -45]
					}
				},
				"left_legs": {
					"rotation": {
						"0.0": [0, 0, 45],
						"0.3": [0, 0, 25],
						"0.6": [0, 0, 45]
					}
				}
			}
		},
		"animation.dustox.sitting": {
			"loop": true,
			"animation_length": 1.2,
			"bones": {
				"right_wing": {
					"rotation": {
						"0.0": [0, 0, 45],
						"0.6": [0, 0, 35],
						"1.2": [0, 0, 45]
					}
				},
				"left_wing": {
					"rotation": {
						"0.0": [0, 0, -45],
						"0.6": [0, 0, -35],
						"1.2": [0, 0, -45]
					}
				}
			}
		},
		"animation.dustox.attack": {
			"loop": true,
			"bones": {
				"dustox": {
					"rotation": [-90, 0, 0],
					"position": [0, 10, -3]
				},
				"right_wing": {
					"rotation": [0, -10, -45],
					"position": [-2, 0, 0]
				},
				"left_wing": {
					"rotation": [0, 10, 45],
					"position": [2, 0, 0]
				},
				"right_legs": {
					"rotation": [0, 0, 30]
				},
				"left_legs": {
					"rotation": [0, 0, -30]
				}
			}
		},
		"animation.dustox.direction": {
			"loop": true,
			"bones": {
				"dustox": {
					"rotation": [ "query.vertical_speed * -3.0", 0, "-math.max(-20,math.min(20,query.yaw_speed))"]
				}
			}
		},
        "animation.dustox.health_bar":{
            "loop":true,
            "bones":{
                "health_hover":{
    "rotation":["q.camera_rotation(0)","q.camera_rotation(1)-q.body_y_rotation",0],
	"position": [0,25,0],
    "scale":"query.is_in_ui?0:1.5"
                },
				"bar_green": {
					"scale": ["query.health/query.max_health*1", 1, 1]
				},
				"bar_black": {
					"scale": ["(1)+(query.health/query.max_health*-1)", 1, 1]
				}
			}
        }
	}
}