{
	"format_version": "1.8.0",
	"animations": {
		"animation.silcoon.quiet": {
			"loop": true,
			"animation_length": 0.8,
			"bones": {
				"silcoon": {
					"rotation": {
						"0.0": [0, 0, -5],
						"0.4": [0, 0, 5],
						"0.8": [0, 0, -5]
					},
					"position": {
						"0.0": [0, 1, 0],
						"0.2": [0, 0, 0],
						"0.4": [0, 1, 0],
						"0.6": [0, 0, 0],
						"0.8": [0, 1, 0]
					}
				}
			}
		},
		"animation.silcoon.sitting": {
			"loop": true,
			"bones": {
				"silcoon": {
					"scale": [1, 0.8, 1]
				}
			}
		},
		"animation.silcoon.jump": {
			"loop": true,
			"bones": {
				"silcoon": {
					"scale": [1, 1.2, 1]
				}
			}
		},
		"animation.silcoon.attack": {
			"loop": true,
			"bones": {
				"silcoon": {
					"rotation": [20, 5, -10],
					"position": [0, 2, 0]
				}
			}
		},
		"animation.silcoon.swimming": {
			"loop": true,
			"bones": {
				"silcoon": {
					"rotation": [0, 0, -180],
					"position": [0, 9, 0]
				}
			}
		},
        "animation.silcoon.health_bar":{
            "loop":true,
            "bones":{
                "health_hover":{
    "rotation":["q.camera_rotation(0)","q.camera_rotation(1)-q.body_y_rotation",0],
	"position": [0,21,0],
    "scale":"query.is_in_ui?0:1.5"
                },
				"bar_green": {
					"scale": ["query.health/query.max_health*1", 1, 1]
				},
				"bar_black": {
					"scale": ["(1)+(query.health/query.max_health*-1)", 1, 1]
				}
			}
        }
	}
}