{
	"format_version": "1.12.0",
	"minecraft:geometry": [
		{
			"description": {
				"identifier": "geometry.serptauros",
				"texture_width": 64,
				"texture_height": 64,
				"visible_bounds_width": 4,
				"visible_bounds_height": 2.5,
				"visible_bounds_offset": [0, 0.75, 0]
			},
			"bones": [
				{
					"name": "tauros",
					"pivot": [0, 0, 0]
				},
				{
					"name": "body_root",
					"parent": "tauros",
					"pivot": [0, 7, 5]
				},
				{
					"name": "head",
					"parent": "body_root",
					"pivot": [0, 10, -10],
					"rotation": [15, 0, 0],
					"cubes": [
						{"origin": [-2.5, 7.5, -14.5], "size": [5, 5, 5], "uv": [28, 12]},
						{"origin": [-3, 8, -14], "size": [1, 4, 4], "uv": [11, 47]},
						{"origin": [2, 8, -14], "size": [1, 4, 4], "uv": [11, 47], "mirror": true},
						{"origin": [-1.5, 7, -16.5], "size": [3, 1, 2], "uv": [48, 28]},
						{"origin": [-1.5, 7, -14.5], "size": [3, 1, 2], "pivot": [0, 7, -14.5], "rotation": [15, 0, 0], "uv": [24, 5]},
						{"origin": [-5, 10, -13], "size": [2, 2, 2], "pivot": [-3, 10, -12], "rotation": [0, 0, 20], "uv": [0, 0]},
						{"origin": [3, 10, -13], "size": [2, 2, 2], "pivot": [3, 10, -12], "rotation": [0, 0, -20], "uv": [0, 0], "mirror": true},
						{"origin": [-7.58248, 9.57598, -12.5], "size": [3, 1, 1], "pivot": [-3.93969, 10.34202, -13.5], "rotation": [0, 0, 70], "uv": [0, 31]},
						{"origin": [4.58248, 9.57598, -12.5], "size": [3, 1, 1], "pivot": [3.93969, 10.34202, -13.5], "rotation": [0, 0, -70], "uv": [0, 31], "mirror": true},
						{"origin": [-2, 12, -14], "size": [4, 1, 4], "uv": [12, 33]},
						{"origin": [-2, 8, -15], "size": [4, 4, 1], "uv": [22, 51]},
						{"origin": [-2, 8, -10], "size": [4, 4, 1], "uv": [22, 51]},
						{"origin": [-0.5, 12.29289, -14.70711], "size": [1, 1, 0], "pivot": [0, 12.29289, -14.70711], "rotation": [-45, 0, 0], "uv": [0, 17]},
						{"origin": [-2, 7.5, -17.5], "size": [4, 3, 3], "uv": [36, 45]},
						{"origin": [-1.5, 8, -18], "size": [3, 2, 1], "uv": [0, 5]}
					]
				},
				{
					"name": "open_eyes",
					"parent": "head",
					"pivot": [0, 10, -10],
					"cubes": [
						{"origin": [-3, 10.5, -16], "size": [0, 2, 2], "pivot": [-3, 11, -14], "rotation": [0, -45, 0], "uv": [0, 31]},
						{"origin": [3, 10.5, -16], "size": [0, 2, 2], "pivot": [3, 11, -14], "rotation": [0, 45, 0], "uv": [0, 31], "mirror": true}
					]
				},
				{
					"name": "closed_eyes",
					"parent": "head",
					"pivot": [0, 10, -10],
					"cubes": [
						{"origin": [-3, 10.5, -16], "size": [0, 2, 2], "pivot": [-3, 11, -14], "rotation": [0, -45, 0], "uv": [0, 33]},
						{"origin": [3, 10.5, -16], "size": [0, 2, 2], "pivot": [3, 11, -14], "rotation": [0, 45, 0], "uv": [0, 33], "mirror": true}
					]
				},
				{
					"name": "angry_eyes",
					"parent": "head",
					"pivot": [0, 10, -10],
					"cubes": [
						{"origin": [-3, 10.5, -16], "size": [0, 2, 2], "pivot": [-3, 11, -14], "rotation": [0, -45, 0], "uv": [0, 35]},
						{"origin": [3, 10.5, -16], "size": [0, 2, 2], "pivot": [3, 11, -14], "rotation": [0, 45, 0], "uv": [0, 35], "mirror": true}
					]
				},
				{
					"name": "body",
					"parent": "body_root",
					"pivot": [0, 7, 5],
					"cubes": [
						{"origin": [-3.5, 5.5, -3], "size": [7, 7, 9], "uv": [0, 0]},
						{"origin": [-4.5, 5, -7], "size": [9, 9, 4], "uv": [0, 17]},
						{"origin": [-4.5, 14, -11], "size": [9, 0, 4], "pivot": [0, 14, -7], "rotation": [30, 0, 0], "uv": [24, 0]},
						{"origin": [-7, 3, -10], "size": [7, 11, 0], "pivot": [0, 9, -10], "rotation": [0, 33, 0], "uv": [40, 33]},
						{"origin": [0, 3, -10], "size": [7, 11, 0], "pivot": [0, 9, -10], "rotation": [0, -33, 0], "uv": [40, 33], "mirror": true},
						{"origin": [-4, 6, -3.5], "size": [1, 6, 9], "uv": [0, 31]},
						{"origin": [3, 6, -3.5], "size": [1, 6, 9], "uv": [0, 31], "mirror": true},
						{"origin": [-3, 12, -2.5], "size": [6, 1, 8], "uv": [19, 23]},
						{"origin": [-3, 12.5, -3], "size": [6, 1, 3], "pivot": [0, 13.5, -3], "rotation": [-10, 0, 0], "uv": [40, 23]},
						{"origin": [-3, 6, 5.5], "size": [6, 6, 1], "uv": [21, 43]}
					]
				},
				{
					"name": "tail",
					"parent": "body",
					"pivot": [0, 12.5, 6],
					"cubes": [
						{"origin": [-0.5, 12, 6], "size": [1, 1, 8], "pivot": [0, 12.5, 6], "rotation": [45, 0, 0], "uv": [21, 33]},
						{"origin": [-0.5, 12, 6], "size": [1, 1, 8], "pivot": [0, 12.5, 6], "rotation": [15, -35, 0], "uv": [21, 33]},
						{"origin": [-0.5, 12, 6], "size": [1, 1, 8], "pivot": [0, 12.5, 6], "rotation": [15, 35, 0], "uv": [21, 33], "mirror": true},
						{"origin": [-1.5, 12.5, 14], "size": [3, 0, 5], "pivot": [0, 12.5, 6], "rotation": [15, -35, 0], "uv": [-5, 56]},
						{"origin": [-1.5, 12.5, 14], "size": [3, 0, 5], "pivot": [0, 12.5, 6], "rotation": [15, 35, 0], "uv": [-5, 56], "mirror": true},
						{"origin": [0, 11, 14], "size": [0, 3, 5], "pivot": [0, 12.5, 6], "rotation": [15, -35, 0], "uv": [0, 47]},
						{"origin": [0, 11, 14], "size": [0, 3, 5], "pivot": [0, 12.5, 6], "rotation": [15, 35, 0], "uv": [0, 47], "mirror": true},
						{"origin": [0, 11, 14], "size": [0, 3, 5], "pivot": [0, 12.5, 6], "rotation": [45, 0, 0], "uv": [0, 47]},
						{"origin": [-1.5, 12.5, 14], "size": [3, 0, 5], "pivot": [0, 12.5, 6], "rotation": [45, 0, 0], "uv": [-5, 56]}
					]
				},
				{
					"name": "saddle",
					"parent": "body",
					"pivot": [0, 13.5, -2.5],
					"cubes": [
						{"origin": [-3.5, 13.5, -2.5], "size": [7, 0, 5], "pivot": [0, 13.5, -2.5], "rotation": [-5, 0, 0], "uv": [33, 5]},
						{"origin": [-2, 3.5, -10], "size": [4, 4, 0], "uv": [32, 33]}
					]
				},
				{
					"name": "front_legs",
					"parent": "body_root",
					"pivot": [0, 7, -5]
				},
				{
					"name": "right_front_leg",
					"parent": "front_legs",
					"pivot": [-3, 7, -5],
					"cubes": [
						{"origin": [-4, 0, -6], "size": [2, 7, 2], "uv": [49, 50]}
					]
				},
				{
					"name": "left_front_leg",
					"parent": "front_legs",
					"pivot": [3, 7, -5],
					"cubes": [
						{"origin": [2, 0, -6], "size": [2, 7, 2], "uv": [49, 50], "mirror": true}
					]
				},
				{
					"name": "back_legs",
					"parent": "tauros",
					"pivot": [0, 7, 5]
				},
				{
					"name": "right_back_leg",
					"parent": "back_legs",
					"pivot": [-3, 7, 5],
					"cubes": [
						{"origin": [-4, 0, 4], "size": [2, 7, 2], "uv": [49, 11]}
					]
				},
				{
					"name": "left_back_leg",
					"parent": "back_legs",
					"pivot": [3, 7, 5],
					"cubes": [
						{"origin": [2, 0, 4], "size": [2, 7, 2], "uv": [49, 11], "mirror": true}
					]
				}
			]
		},
		{
			"description": {
				"identifier": "geometry.serptauros_aura",
				"texture_width": 64,
				"texture_height": 64,
				"visible_bounds_width": 4,
				"visible_bounds_height": 2.5,
				"visible_bounds_offset": [0, 0.75, 0]
			},
			"bones": [
				{
					"name": "tauros",
					"pivot": [0, 0, 0]
				},
				{
					"name": "body_root",
					"parent": "tauros",
					"pivot": [0, 7, 5]
				},
				{
					"name": "head",
					"parent": "body_root",
					"pivot": [0, 10, -10],
					"rotation": [15, 0, 0],
					"cubes": [
						{"origin": [-2.5, 7.5, -14.5], "size": [5, 5, 5], "inflate": 0.25, "uv": [28, 12]},
						{"origin": [-3, 8, -14], "size": [1, 4, 4], "inflate": 0.25, "uv": [11, 47]},
						{"origin": [2, 8, -14], "size": [1, 4, 4], "inflate": 0.25, "uv": [11, 47], "mirror": true},
						{"origin": [-1.5, 7, -16.5], "size": [3, 1, 2], "inflate": 0.25, "uv": [48, 28]},
						{"origin": [-1.5, 7, -14.5], "size": [3, 1, 2], "inflate": 0.25, "pivot": [0, 7, -14.5], "rotation": [15, 0, 0], "uv": [24, 5]},
						{"origin": [-5, 10, -13], "size": [2, 2, 2], "inflate": 0.25, "pivot": [-3, 10, -12], "rotation": [0, 0, 20], "uv": [0, 0]},
						{"origin": [3, 10, -13], "size": [2, 2, 2], "inflate": 0.25, "pivot": [3, 10, -12], "rotation": [0, 0, -20], "uv": [0, 0], "mirror": true},
						{"origin": [-7.58248, 9.57598, -12.5], "size": [3, 1, 1], "inflate": 0.25, "pivot": [-3.93969, 10.34202, -13.5], "rotation": [0, 0, 70], "uv": [0, 31]},
						{"origin": [4.58248, 9.57598, -12.5], "size": [3, 1, 1], "inflate": 0.25, "pivot": [3.93969, 10.34202, -13.5], "rotation": [0, 0, -70], "uv": [0, 31], "mirror": true},
						{"origin": [-2, 12, -14], "size": [4, 1, 4], "inflate": 0.25, "uv": [12, 33]},
						{"origin": [-2, 8, -15], "size": [4, 4, 1], "inflate": 0.25, "uv": [22, 51]},
						{"origin": [-2, 8, -10], "size": [4, 4, 1], "inflate": 0.25, "uv": [22, 51]},
						{"origin": [-0.5, 12.29289, -14.70711], "size": [1, 1, 0], "inflate": 0.25, "pivot": [0, 12.29289, -14.70711], "rotation": [-45, 0, 0], "uv": [0, 17]},
						{"origin": [-2, 7.5, -17.5], "size": [4, 3, 3], "inflate": 0.25, "uv": [36, 45]},
						{"origin": [-1.5, 8, -18], "size": [3, 2, 1], "inflate": 0.25, "uv": [0, 5]}
					]
				},
				{
					"name": "open_eyes",
					"parent": "head",
					"pivot": [0, 10, -10],
					"cubes": [
						{"origin": [-3, 10.5, -16], "size": [0, 2, 2], "inflate": 0.25, "pivot": [-3, 11, -14], "rotation": [0, -45, 0], "uv": [0, 31]},
						{"origin": [3, 10.5, -16], "size": [0, 2, 2], "inflate": 0.25, "pivot": [3, 11, -14], "rotation": [0, 45, 0], "uv": [0, 31], "mirror": true}
					]
				},
				{
					"name": "closed_eyes",
					"parent": "head",
					"pivot": [0, 10, -10],
					"cubes": [
						{"origin": [-3, 10.5, -16], "size": [0, 2, 2], "inflate": 0.25, "pivot": [-3, 11, -14], "rotation": [0, -45, 0], "uv": [0, 33]},
						{"origin": [3, 10.5, -16], "size": [0, 2, 2], "inflate": 0.25, "pivot": [3, 11, -14], "rotation": [0, 45, 0], "uv": [0, 33], "mirror": true}
					]
				},
				{
					"name": "angry_eyes",
					"parent": "head",
					"pivot": [0, 10, -10],
					"cubes": [
						{"origin": [-3, 10.5, -16], "size": [0, 2, 2], "inflate": 0.25, "pivot": [-3, 11, -14], "rotation": [0, -45, 0], "uv": [0, 35]},
						{"origin": [3, 10.5, -16], "size": [0, 2, 2], "inflate": 0.25, "pivot": [3, 11, -14], "rotation": [0, 45, 0], "uv": [0, 35], "mirror": true}
					]
				},
				{
					"name": "body",
					"parent": "body_root",
					"pivot": [0, 7, 5],
					"cubes": [
						{"origin": [-3.5, 5.5, -3], "size": [7, 7, 9], "inflate": 0.25, "uv": [0, 0]},
						{"origin": [-4.5, 5, -7], "size": [9, 9, 4], "inflate": 0.25, "uv": [0, 17]},
						{"origin": [-4.5, 14, -11], "size": [9, 0, 4], "inflate": 0.25, "pivot": [0, 14, -7], "rotation": [30, 0, 0], "uv": [24, 0]},
						{"origin": [-7, 3, -10], "size": [7, 11, 0], "inflate": 0.25, "pivot": [0, 9, -10], "rotation": [0, 33, 0], "uv": [40, 33]},
						{"origin": [0, 3, -10], "size": [7, 11, 0], "inflate": 0.25, "pivot": [0, 9, -10], "rotation": [0, -33, 0], "uv": [40, 33], "mirror": true},
						{"origin": [-4, 6, -3.5], "size": [1, 6, 9], "inflate": 0.25, "uv": [0, 31]},
						{"origin": [3, 6, -3.5], "size": [1, 6, 9], "inflate": 0.25, "uv": [0, 31], "mirror": true},
						{"origin": [-3, 12, -2.5], "size": [6, 1, 8], "inflate": 0.25, "uv": [19, 23]},
						{"origin": [-3, 12.5, -3], "size": [6, 1, 3], "inflate": 0.25, "pivot": [0, 13.5, -3], "rotation": [-10, 0, 0], "uv": [40, 23]},
						{"origin": [-3, 6, 5.5], "size": [6, 6, 1], "inflate": 0.25, "uv": [21, 43]}
					]
				},
				{
					"name": "tail",
					"parent": "body",
					"pivot": [0, 12.5, 6],
					"cubes": [
						{"origin": [-0.5, 12, 6], "size": [1, 1, 8], "inflate": 0.25, "pivot": [0, 12.5, 6], "rotation": [45, 0, 0], "uv": [21, 33]},
						{"origin": [-0.5, 12, 6], "size": [1, 1, 8], "inflate": 0.25, "pivot": [0, 12.5, 6], "rotation": [15, -35, 0], "uv": [21, 33]},
						{"origin": [-0.5, 12, 6], "size": [1, 1, 8], "inflate": 0.25, "pivot": [0, 12.5, 6], "rotation": [15, 35, 0], "uv": [21, 33], "mirror": true},
						{"origin": [-1.5, 12.5, 14], "size": [3, 0, 5], "inflate": 0.25, "pivot": [0, 12.5, 6], "rotation": [15, -35, 0], "uv": [-5, 56]},
						{"origin": [-1.5, 12.5, 14], "size": [3, 0, 5], "inflate": 0.25, "pivot": [0, 12.5, 6], "rotation": [15, 35, 0], "uv": [-5, 56], "mirror": true},
						{"origin": [0, 11, 14], "size": [0, 3, 5], "inflate": 0.25, "pivot": [0, 12.5, 6], "rotation": [15, -35, 0], "uv": [0, 47]},
						{"origin": [0, 11, 14], "size": [0, 3, 5], "inflate": 0.25, "pivot": [0, 12.5, 6], "rotation": [15, 35, 0], "uv": [0, 47], "mirror": true},
						{"origin": [0, 11, 14], "size": [0, 3, 5], "inflate": 0.25, "pivot": [0, 12.5, 6], "rotation": [45, 0, 0], "uv": [0, 47]},
						{"origin": [-1.5, 12.5, 14], "size": [3, 0, 5], "inflate": 0.25, "pivot": [0, 12.5, 6], "rotation": [45, 0, 0], "uv": [-5, 56]}
					]
				},
				{
					"name": "saddle",
					"parent": "body",
					"pivot": [0, 13.5, -2.5],
					"cubes": [
						{"origin": [-3.5, 13.5, -2.5], "size": [7, 0, 5], "inflate": 0.25, "pivot": [0, 13.5, -2.5], "rotation": [-5, 0, 0], "uv": [33, 5]},
						{"origin": [-2, 3.5, -10], "size": [4, 4, 0], "inflate": 0.25, "uv": [32, 33]}
					]
				},
				{
					"name": "front_legs",
					"parent": "body_root",
					"pivot": [0, 7, -5]
				},
				{
					"name": "right_front_leg",
					"parent": "front_legs",
					"pivot": [-3, 7, -5],
					"cubes": [
						{"origin": [-4, 0, -6], "size": [2, 7, 2], "inflate": 0.25, "uv": [49, 50]}
					]
				},
				{
					"name": "left_front_leg",
					"parent": "front_legs",
					"pivot": [3, 7, -5],
					"cubes": [
						{"origin": [2, 0, -6], "size": [2, 7, 2], "inflate": 0.25, "uv": [49, 50], "mirror": true}
					]
				},
				{
					"name": "back_legs",
					"parent": "tauros",
					"pivot": [0, 7, 5]
				},
				{
					"name": "right_back_leg",
					"parent": "back_legs",
					"pivot": [-3, 7, 5],
					"cubes": [
						{"origin": [-4, 0, 4], "size": [2, 7, 2], "inflate": 0.25, "uv": [49, 11]}
					]
				},
				{
					"name": "left_back_leg",
					"parent": "back_legs",
					"pivot": [3, 7, 5],
					"cubes": [
						{"origin": [2, 0, 4], "size": [2, 7, 2], "inflate": 0.25, "uv": [49, 11], "mirror": true}
					]
				}
			]
		}
	]
}