{
	"format_version": "1.12.0",
	"minecraft:geometry": [
		{
			"description": {
				"identifier": "geometry.serpseel",
				"texture_width": 64,
				"texture_height": 64,
				"visible_bounds_width": 3,
				"visible_bounds_height": 2.5,
				"visible_bounds_offset": [0, 0.75, 0]
			},
			"bones": [
				{
					"name": "seel",
					"pivot": [0, 0, 0]
				},
				{
					"name": "body_root",
					"parent": "seel",
					"pivot": [0, 4, 0]
				},
				{
					"name": "head",
					"parent": "body_root",
					"pivot": [0, 4, -10],
					"cubes": [
						{"origin": [-3, 1, -15], "size": [6, 6, 6], "uv": [0, 17]},
						{"origin": [-3.5, 1, -16], "size": [7, 3, 3], "inflate": 0.1, "uv": [30, 14]},
						{"origin": [-3.8, 1.7, -16.1], "size": [2, 3, 0], "pivot": [0, 2, -16], "rotation": [20, 0, 0], "uv": [0, 17]},
						{"origin": [1.8, 1.7, -16.1], "size": [2, 3, 0], "pivot": [0, 2, -16], "rotation": [20, 0, 0], "uv": [0, 17], "mirror": true},
						{"origin": [-1.5, 2.2, -18], "size": [3, 0, 2], "pivot": [0, 2, -16], "rotation": [50, 0, 0], "uv": [19, 17]},
						{"origin": [-2.5, 6.5, -14.5], "size": [5, 1, 5], "uv": [33, 7]},
						{"origin": [0, 7.5, -14.5], "size": [0, 3, 2], "uv": [0, 0]},
						{"origin": [-1, 7.5, -13.5], "size": [2, 3, 0], "uv": [0, 2]},
						{"origin": [-3.5, 1.5, -14.5], "size": [1, 5, 5], "uv": [34, 47]},
						{"origin": [2.5, 1.5, -14.5], "size": [1, 5, 5], "uv": [34, 47]},
						{"origin": [-2.5, 1.5, -15.5], "size": [5, 5, 1], "uv": [47, 47]},
						{"origin": [-2.5, 1.5, -9.5], "size": [5, 5, 1], "uv": [47, 47]},
						{"origin": [-3, 3.5, -15.6], "size": [6, 3, 0], "uv": [48, 0]}
					]
				},
				{
					"name": "body1",
					"parent": "body_root",
					"pivot": [0, 4, 0],
					"cubes": [
						{"origin": [-4, 0, -8], "size": [8, 8, 8], "uv": [0, 0]},
						{"origin": [-3.5, 7.5, -7.5], "size": [7, 1, 7], "uv": [18, 23]},
						{"origin": [-3.5, -0.5, -7.5], "size": [7, 1, 7], "uv": [18, 23]},
						{"origin": [-4.5, 0.5, -7.5], "size": [1, 7, 7], "uv": [23, 32]},
						{"origin": [3.5, 0.5, -7.5], "size": [1, 7, 7], "uv": [23, 32]},
						{"origin": [-3.5, 0.5, -8.5], "size": [7, 7, 1], "uv": [17, 47]}
					]
				},
				{
					"name": "fins",
					"parent": "body_root",
					"pivot": [0, 2, -5]
				},
				{
					"name": "right_fin",
					"parent": "fins",
					"pivot": [-4, 2, -5],
					"cubes": [
						{"origin": [-12, 2, -8], "size": [8, 0, 6], "uv": [25, 0]}
					]
				},
				{
					"name": "left_fin",
					"parent": "fins",
					"pivot": [4, 2, -5],
					"cubes": [
						{"origin": [4, 2, -8], "size": [8, 0, 6], "uv": [25, 0], "mirror": true}
					]
				},
				{
					"name": "body2",
					"parent": "seel",
					"pivot": [0, 4, 0],
					"cubes": [
						{"origin": [-4, 0, 0], "size": [8, 8, 3], "uv": [0, 32]},
						{"origin": [-2, 6, 5], "size": [4, 4.47, 2], "pivot": [0, 6, 7], "rotation": [63.4, 0, 0], "uv": [51, 14]},
						{"origin": [-2, 12.51668, 8.7345], "size": [4, 4.47, 2], "pivot": [0, 12.51668, -3.2655], "rotation": [-63.4, 0, 0], "uv": [51, 14]},
						{"origin": [1.74045, 2, 4.57975], "size": [4.47, 4, 2], "pivot": [2.21045, 4, 6.57975], "rotation": [0, 63.4, 0], "uv": [48, 25]},
						{"origin": [-6.21045, 2, 4.57975], "size": [4.47, 4, 2], "pivot": [-2.21045, 4, 6.57975], "rotation": [0, -63.4, 0], "uv": [48, 25], "mirror": true},
						{"origin": [-2, 2, 3], "size": [4, 4, 4], "uv": [40, 38]},
						{"origin": [1.5, 1.5, 7], "size": [0, 5, 7], "pivot": [1.5, 4, 7], "rotation": [0, 35, 0], "uv": [40, 25]},
						{"origin": [-1.5, 1.5, 7], "size": [0, 5, 7], "pivot": [-1.5, 4, 7], "rotation": [0, -35, 0], "uv": [40, 25], "mirror": true},
						{"origin": [-3.5, 7.5, 0.5], "size": [7, 1, 2], "uv": [40, 21]},
						{"origin": [-3.5, -0.5, 0.5], "size": [7, 1, 2], "uv": [40, 21]},
						{"origin": [-4.5, 0.5, 0.5], "size": [1, 7, 2], "uv": [0, 53]},
						{"origin": [3.5, 0.5, 0.5], "size": [1, 7, 2], "uv": [0, 53]},
						{"origin": [-3.5, 0.5, -0.5], "size": [7, 7, 1], "uv": [0, 44]}
					]
				}
			]
		},
		{
			"description": {
				"identifier": "geometry.serpseel_aura",
				"texture_width": 64,
				"texture_height": 64,
				"visible_bounds_width": 3,
				"visible_bounds_height": 2.5,
				"visible_bounds_offset": [0, 0.75, 0]
			},
			"bones": [
				{
					"name": "seel",
					"pivot": [0, 0, 0]
				},
				{
					"name": "body_root",
					"parent": "seel",
					"pivot": [0, 4, 0]
				},
				{
					"name": "head",
					"parent": "body_root",
					"pivot": [0, 4, -10],
					"cubes": [
						{"origin": [-3, 1, -15], "size": [6, 6, 6], "inflate": 0.25, "uv": [0, 17]},
						{"origin": [-3.5, 1, -16], "size": [7, 3, 3], "inflate": 0.25, "uv": [30, 14]},
						{"origin": [-3.8, 1.7, -16.1], "size": [2, 3, 0], "inflate": 0.25, "pivot": [0, 2, -16], "rotation": [20, 0, 0], "uv": [0, 17]},
						{"origin": [1.8, 1.7, -16.1], "size": [2, 3, 0], "inflate": 0.25, "pivot": [0, 2, -16], "rotation": [20, 0, 0], "uv": [0, 17], "mirror": true},
						{"origin": [-1.5, 2.2, -18], "size": [3, 0, 2], "inflate": 0.25, "pivot": [0, 2, -16], "rotation": [50, 0, 0], "uv": [19, 17]},
						{"origin": [-2.5, 6.5, -14.5], "size": [5, 1, 5], "inflate": 0.25, "uv": [33, 7]},
						{"origin": [0, 7.5, -14.5], "size": [0, 3, 2], "inflate": 0.25, "uv": [0, 0]},
						{"origin": [-1, 7.5, -13.5], "size": [2, 3, 0], "inflate": 0.25, "uv": [0, 2]},
						{"origin": [-3.5, 1.5, -14.5], "size": [1, 5, 5], "inflate": 0.25, "uv": [34, 47]},
						{"origin": [2.5, 1.5, -14.5], "size": [1, 5, 5], "inflate": 0.25, "uv": [34, 47]},
						{"origin": [-2.5, 1.5, -15.5], "size": [5, 5, 1], "inflate": 0.25, "uv": [47, 47]},
						{"origin": [-2.5, 1.5, -9.5], "size": [5, 5, 1], "inflate": 0.25, "uv": [47, 47]},
						{"origin": [-3, 3.5, -15.6], "size": [6, 3, 0], "inflate": 0.25, "uv": [48, 0]}
					]
				},
				{
					"name": "body1",
					"parent": "body_root",
					"pivot": [0, 4, 0],
					"cubes": [
						{"origin": [-4, 0, -8], "size": [8, 8, 8], "inflate": 0.25, "uv": [0, 0]},
						{"origin": [-3.5, 7.5, -7.5], "size": [7, 1, 7], "inflate": 0.25, "uv": [18, 23]},
						{"origin": [-3.5, -0.5, -7.5], "size": [7, 1, 7], "inflate": 0.25, "uv": [18, 23]},
						{"origin": [-4.5, 0.5, -7.5], "size": [1, 7, 7], "inflate": 0.25, "uv": [23, 32]},
						{"origin": [3.5, 0.5, -7.5], "size": [1, 7, 7], "inflate": 0.25, "uv": [23, 32]},
						{"origin": [-3.5, 0.5, -8.5], "size": [7, 7, 1], "inflate": 0.25, "uv": [17, 47]}
					]
				},
				{
					"name": "fins",
					"parent": "body_root",
					"pivot": [0, 2, -5]
				},
				{
					"name": "right_fin",
					"parent": "fins",
					"pivot": [-4, 2, -5],
					"cubes": [
						{"origin": [-12, 2, -8], "size": [8, 0, 6], "inflate": 0.25, "uv": [25, 0]}
					]
				},
				{
					"name": "left_fin",
					"parent": "fins",
					"pivot": [4, 2, -5],
					"cubes": [
						{"origin": [4, 2, -8], "size": [8, 0, 6], "inflate": 0.25, "uv": [25, 0], "mirror": true}
					]
				},
				{
					"name": "body2",
					"parent": "seel",
					"pivot": [0, 4, 0],
					"cubes": [
						{"origin": [-4, 0, 0], "size": [8, 8, 3], "inflate": 0.25, "uv": [0, 32]},
						{"origin": [-2, 6, 5], "size": [4, 4.47, 2], "inflate": 0.25, "pivot": [0, 6, 7], "rotation": [63.4, 0, 0], "uv": [51, 14]},
						{"origin": [-2, 12.51668, 8.7345], "size": [4, 4.47, 2], "inflate": 0.25, "pivot": [0, 12.51668, -3.2655], "rotation": [-63.4, 0, 0], "uv": [51, 14]},
						{"origin": [1.74045, 2, 4.57975], "size": [4.47, 4, 2], "inflate": 0.25, "pivot": [2.21045, 4, 6.57975], "rotation": [0, 63.4, 0], "uv": [48, 25]},
						{"origin": [-6.21045, 2, 4.57975], "size": [4.47, 4, 2], "inflate": 0.25, "pivot": [-2.21045, 4, 6.57975], "rotation": [0, -63.4, 0], "uv": [48, 25], "mirror": true},
						{"origin": [-2, 2, 3], "size": [4, 4, 4], "inflate": 0.25, "uv": [40, 38]},
						{"origin": [1.5, 1.5, 7], "size": [0, 5, 7], "inflate": 0.25, "pivot": [1.5, 4, 7], "rotation": [0, 35, 0], "uv": [40, 25]},
						{"origin": [-1.5, 1.5, 7], "size": [0, 5, 7], "inflate": 0.25, "pivot": [-1.5, 4, 7], "rotation": [0, -35, 0], "uv": [40, 25], "mirror": true},
						{"origin": [-3.5, 7.5, 0.5], "size": [7, 1, 2], "inflate": 0.25, "uv": [40, 21]},
						{"origin": [-3.5, -0.5, 0.5], "size": [7, 1, 2], "inflate": 0.25, "uv": [40, 21]},
						{"origin": [-4.5, 0.5, 0.5], "size": [1, 7, 2], "inflate": 0.25, "uv": [0, 53]},
						{"origin": [3.5, 0.5, 0.5], "size": [1, 7, 2], "inflate": 0.25, "uv": [0, 53]},
						{"origin": [-3.5, 0.5, -0.5], "size": [7, 7, 1], "inflate": 0.25, "uv": [0, 44]}
					]
				}
			]
		}
	]
}