{
	"format_version": "1.8.0",
	"animations": {
		"animation.arbok.quiet": {
			"loop": true,
			"animation_length": 0.8,
			"bones": {
				"head": {
					"position": {
						"0.0": [0, 1, 0],
						"0.4": [0, -1, 0],
						"0.8": [0, 1, 0]
					}
				},
				"body_root": {
					"position": {
						"0.0": [0, 1, 0],
						"0.4": [0, -1, 0],
						"0.8": [0, 1, 0]
					}
				},
				"body1": {
					"rotation": [-21.99054, 12.19908, -2.37887]
				},
				"body2": {
					"rotation": [21.99054, 12.19908, -12.62113],
					"scale": {
						"0.0": [1, 1, 1],
						"0.4": [1, 0.8, 1],
						"0.8": [1, 1, 1]
					}
				},
				"body3": {
					"rotation": [90, 0, 15]
				},
				"body4": {
					"rotation": [0, 0, 75]
				},
				"body5": {
					"rotation": {
						"0.0": [0, 0, 80],
						"0.3": [0, 0, 90],
						"0.8": [0, 0, 80]
					}
				},
				"body6": {
					"rotation": {
						"0.0": [50, 0, 0],
						"0.5": [65, -10, 5],
						"0.8": [50, 0, 0]
					}
				},
				"arbok": {
					"position": {
						"0.0": [1, -7, -8],
						"0.4": [1, -8, -8],
						"0.8": [1, -7, -8]
					}
				}
			}
		},
		"animation.arbok.walk": {
			"loop": true,
			"animation_length": 0.8,
			"bones": {
				"arbok": {
					"position": {
						"0.0": [0, -6, -22],
						"0.4": [0, -6, -20],
						"0.8": [0, -6, -22]
					}
				},
				"head": {
					"position": {
						"0.0": [0, 0, 0],
						"0.4": [0, -1, -1],
						"0.8": [0, 0, 0]
					}
				},
				"body1": {
					"rotation": [-15, 0, 0]
				},
				"body2": {
					"rotation": [40, 0, 0]
				},
				"body3": {
					"rotation": {
						"0.0": [65, 15, -5],
						"0.4": [60, -20, 10],
						"0.8": [65, 15, -5]
					}
				},
				"body4": {
					"rotation": {
						"0.0": [0, 0, -25],
						"0.4": [0, 0, 25],
						"0.8": [0, 0, -25]
					}
				},
				"body5": {
					"rotation": {
						"0.0": [0, 0, -22.5],
						"0.4": [0, 0, 27.5],
						"0.8": [0, 0, -22.5]
					}
				},
				"body6": {
					"rotation": {
						"0.0": [0, 0, -35],
						"0.4": [0, 0, 25],
						"0.8": [0, 0, -35]
					}
				}
			}
		},
		"animation.arbok.sitting": {
			"loop": true,
			"bones": {
				"arbok": {
					"position": [5, -17, -12]
				},
				"body1": {
					"rotation": [15, 0, 0]
				},
				"body2": {
					"rotation": [59.87031, -53.15209, 24.7565]
				},
				"body3": {
					"rotation": [0, 0, 60]
				},
				"body4": {
					"rotation": [0, 0, 75]
				},
				"body5": {
					"rotation": [0, 0, 60]
				},
				"body6": {
					"rotation": [0, 0, 50]
				}
			}
		},
		"animation.arbok.jump": {
			"loop": true,
			"bones": {
				"arbok": {
					"position": [0, 12, -16]
				},
				"body1": {
					"rotation": [35, 0, 0]
				},
				"body2": {
					"rotation": [5, 0, 0]
				},
				"body3": {
					"rotation": [5, 0, 0]
				},
				"body4": {
					"rotation": [5, 0, 0]
				},
				"body5": {
					"rotation": [5, 0, 0]
				},
				"body6": {
					"rotation": [5, 0, 0]
				}
			}
		},
		"animation.arbok.attack": {
			"loop": true,
			"bones": {
				"arbok": {
					"position": [6, -14, -27]
				},
				"body1": {
					"rotation": [45, 0, 0]
				},
				"body3": {
					"rotation": [25, -35, 50]
				},
				"body4": {
					"rotation": [0, 0, 60]
				},
				"body5": {
					"rotation": [0, 0, 60]
				},
				"body6": {
					"rotation": [0, 0, 60]
				}
			}
		},
		"animation.arbok.swimming": {
			"loop": true,
			"animation_length": 1.6,
			"bones": {
				"arbok": {
					"position": {
						"0.0": [0, -26, -10],
						"0.4": [0, -2, 0],
						"0.8": [0, 0, 0],
						"1.2": [0, -2, 0],
						"1.6": [0, 0, 0]
					}
				},
				"body_root": {
					"scale": [1, 0.7, 0.7]
				},
				"body1": {
					"rotation": {
						"0.0": [55, 0, 0],
						"0.2": [55, 5, -5],
						"0.8": [55, 0, 0],
						"1.0": [55, 5, 5],
						"1.6": [55, 0, 0]
					}
				},
				"body2": {
					"rotation": {
						"0.0": [0, 0, 0],
						"0.3": [0, 0, -5],
						"0.8": [0, 0, 0],
						"0.9": [0, 0, 5],
						"1.6": [0, 0, 0]
					}
				},
				"body3": {
					"rotation": {
						"0.0": [0, 0, 0],
						"0.4": [0, 0, -5],
						"0.8": [0, 0, 0],
						"1.0": [0, 0, 5],
						"1.6": [0, 0, 0]
					}
				},
				"body4": {
					"rotation": {
						"0.0": [0, 0, 0],
						"0.5": [0, 0, -5],
						"0.8": [0, 0, 0],
						"1.1": [0, 0, 5],
						"1.6": [0, 0, 0]
					}
				},
				"body5": {
					"rotation": {
						"0.0": [0, 0, 0],
						"0.6": [0, 0, -5],
						"0.8": [0, 0, 0],
						"1.2": [0, 0, 5],
						"1.6": [0, 0, 0]
					}
				},
				"body6": {
					"rotation": {
						"0.0": [0, 0, 0],
						"0.7": [0, 0, -5],
						"0.8": [0, 0, 0],
						"1.3": [0, 0, 5],
						"1.6": [0, 0, 0]
					}
				},
				"head": {
					"position": [0, -2, 0]
				}
			}
		},
        "animation.arbok.health_bar":{
            "loop":true,
            "bones":{
                "health_hover":{
    "rotation":["q.camera_rotation(0)","q.camera_rotation(1)-q.body_y_rotation",0],
	"position": [0,52,0],
    "scale":"query.is_in_ui?0:1.7"
                },
				"bar_green": {
					"scale": ["query.health/query.max_health*1", 1, 1]
				},
				"bar_black": {
					"scale": ["(1)+(query.health/query.max_health*-1)", 1, 1]
				}
			}
        }
	}
}