{
	"format_version": "1.8.0",
	"animations": {
		"animation.ekans.quiet": {
			"loop": true,
			"animation_length": 0.8,
			"bones": {
				"head": {
					"position": {
						"0.0": [0, 1, 0],
						"0.4": [0, -1, 0],
						"0.8": [0, 1, 0]
					}
				},
				"body_root": {
					"position": {
						"0.0": [0, 1, 0],
						"0.4": [0, -1, 0],
						"0.8": [0, 1, 0]
					},
					"scale": {
						"0.0": [1, 1, 1],
						"0.4": [1, 0.9, 1],
						"0.8": [1, 1, 1]
					}
				},
				"body1": {
					"rotation": [-25, 0, -30]
				},
				"body2": {
					"rotation": [25, 0, 15]
				},
				"body3": {
					"rotation": [90, 0, 15]
				},
				"body4": {
					"rotation": [0, 0, 75]
				},
				"body5": {
					"rotation": {
						"0.0": [0, 0, 80],
						"0.3": [0, 0, 90],
						"0.8": [0, 0, 80]
					}
				},
				"body6": {
					"rotation": {
						"0.0": [50, 0, 0],
						"0.5": [65, -10, 5],
						"0.8": [50, 0, 0]
					}
				}
			}
		},
		"animation.ekans.walk": {
			"loop": true,
			"animation_length": 0.8,
			"bones": {
				"ekans": {
					"position": {
						"0.0": [0, 0, 0],
						"0.4": [0, 0, -2],
						"0.8": [0, 0, 0]
					}
				},
				"head": {
					"position": {
						"0.0": [0, 0, 0],
						"0.4": [0, -1, -1],
						"0.8": [0, 0, 0]
					}
				},
				"body1": {
					"rotation": [-40, 0, 0]
				},
				"body2": {
					"rotation": [65, 0, 0]
				},
				"body3": {
					"rotation": {
						"0.0": [65, 15, -5],
						"0.4": [60, -20, 10],
						"0.8": [65, 15, -5]
					}
				},
				"body4": {
					"rotation": {
						"0.0": [0, 0, -25],
						"0.4": [0, 0, 25],
						"0.8": [0, 0, -25]
					}
				},
				"body5": {
					"rotation": {
						"0.0": [0, 0, -22.5],
						"0.4": [0, 0, 27.5],
						"0.8": [0, 0, -22.5]
					}
				},
				"body6": {
					"rotation": {
						"0.0": [0, 0, -35],
						"0.4": [0, 0, 25],
						"0.8": [0, 0, -35]
					}
				}
			}
		},
		"animation.ekans.sitting": {
			"loop": true,
			"bones": {
				"ekans": {
					"position": [7, -6, 0]
				},
				"body1": {
					"rotation": [35, 0, 0]
				},
				"body2": {
					"rotation": [45, -35, 30]
				},
				"body3": {
					"rotation": [0, 0, 50]
				},
				"body4": {
					"rotation": [0, 0, 65]
				},
				"body5": {
					"rotation": [0, 0, 60]
				},
				"body6": {
					"rotation": [0, 0, 50]
				}
			}
		},
		"animation.ekans.jump": {
			"loop": true,
			"bones": {
				"ekans": {
					"position": [0, 18, -8]
				},
				"body1": {
					"rotation": [15, 0, 0]
				},
				"body2": {
					"rotation": [5, 0, 0]
				},
				"body3": {
					"rotation": [5, 0, 0]
				},
				"body4": {
					"rotation": [5, 0, 0]
				},
				"body5": {
					"rotation": [5, 0, 0]
				},
				"body6": {
					"rotation": [5, 0, 0]
				}
			}
		},
		"animation.ekans.attack": {
			"loop": true,
			"bones": {
				"ekans": {
					"position": [6, -2, -5]
				},
				"body1": {
					"rotation": [45, 0, 0]
				},
				"body3": {
					"rotation": [25, -35, 50]
				},
				"body4": {
					"rotation": [0, 0, 60]
				},
				"body5": {
					"rotation": [0, 0, 60]
				},
				"body6": {
					"rotation": [0, 0, 60]
				}
			}
		},
		"animation.ekans.swimming": {
			"loop": true,
			"animation_length": 1.6,
			"bones": {
				"ekans": {
					"position": {
						"0.0": [0, 0, 0],
						"0.4": [0, -2, 0],
						"0.8": [0, 0, 0],
						"1.2": [0, -2, 0],
						"1.6": [0, 0, 0]
					}
				},
				"body_root": {
					"scale": [1, 0.7, 0.7]
				},
				"body1": {
					"rotation": {
						"0.0": [40, 0, 0],
						"0.2": [40, 5, -5],
						"0.8": [40, 0, 0],
						"1.0": [40, 5, 5],
						"1.6": [40, 0, 0]
					}
				},
				"body2": {
					"rotation": {
						"0.0": [0, 0, 0],
						"0.3": [0, 0, -5],
						"0.8": [0, 0, 0],
						"0.9": [0, 0, 5],
						"1.6": [0, 0, 0]
					}
				},
				"body3": {
					"rotation": {
						"0.0": [0, 0, 0],
						"0.4": [0, 0, -5],
						"0.8": [0, 0, 0],
						"1.0": [0, 0, 5],
						"1.6": [0, 0, 0]
					}
				},
				"body4": {
					"rotation": {
						"0.0": [0, 0, 0],
						"0.5": [0, 0, -5],
						"0.8": [0, 0, 0],
						"1.1": [0, 0, 5],
						"1.6": [0, 0, 0]
					}
				},
				"body5": {
					"rotation": {
						"0.0": [0, 0, 0],
						"0.6": [0, 0, -5],
						"0.8": [0, 0, 0],
						"1.2": [0, 0, 5],
						"1.6": [0, 0, 0]
					}
				},
				"body6": {
					"rotation": {
						"0.0": [0, 0, 0],
						"0.7": [0, 0, -5],
						"0.8": [0, 0, 0],
						"1.3": [0, 0, 5],
						"1.6": [0, 0, 0]
					}
				}
			}
		},
        "animation.ekans.health_bar":{
            "loop":true,
            "bones":{
                "health_hover":{
    "rotation":["q.camera_rotation(0)","q.camera_rotation(1)-q.body_y_rotation",0],
	"position": [0,30,0],
    "scale":"query.is_in_ui?0:1.5"
                },
				"bar_green": {
					"scale": ["query.health/query.max_health*1", 1, 1]
				},
				"bar_black": {
					"scale": ["(1)+(query.health/query.max_health*-1)", 1, 1]
				}
			}
        }
	}
}