{
  "format_version":"1.10.0",
  "minecraft:client_entity":{
    "description":{
      "identifier":"pokemon:p18",
      "materials":{"default":"entity_emissive_alpha","aura":"charged_creeper"},
      "textures":{
    "hp":"textures/ui/hp",
    "max_aura":"textures/entity/aura/max",
    "totem_aura":"textures/entity/aura/totem",
    "default":"textures/entity/normal/pidgey/pidgeot",
    "default_s":"textures/entity/shiny/pidgey/pidgeot",
    "mega1":"textures/entity/normal/pidgey/pidgeot_mega",
    "mega_s1":"textures/entity/shiny/pidgey/pidgeot_mega",
    "max":"textures/entity/normal/pidgey/pidgeot",
    "max_s":"textures/entity/shiny/pidgey/pidgeot"
      },
      "geometry":{
    "hp":"geometry.health_bar",
    "aura":"geometry.serppidgeot_aura",
    "default":"geometry.serppidgeot",
    "mega1":"geometry.serppidgeot_mega",
    "max":"geometry.serppidgeot"
      },
      "animations":{
    "health_bar":"animation.pidgeot.health_bar",
    "health_bar_mega":"animation.pidgeot.health_bar_mega",
    "eyes_controller":"controller.animation.eyes",
    "open":"animation.serpmob.open",
    "close":"animation.serpmob.close",
    "angry":"animation.serpmob.angry",
    "fainted":"animation.serpmob.fainted",
    "quiet":"animation.pidgeot.quiet",
    "walk":"animation.pidgeot.walk",
    "sit":"animation.pidgeot.sitting",
    "attack":"animation.pidgeot.attack",
    "jump":"animation.pidgeot.jump",
    "swimming":"animation.pidgeot.swimming",
    "look_at_target":"animation.common.look_at_target",
    "direction":"animation.pidgeot.direction",
    "main_controller":"controller.animation.pokemon_fly",
    "effects_controller":"controller.animation.effects"
      },
      "particle_effects":{
    "shiny":"serp:shiny"
      },
      "scripts":{
        "scale":"1.5",
        "animate":["effects_controller","main_controller",{"health_bar_mega":"query.variant==2"}]
      },
      "render_controllers":[{"controller.render.pidgeot":"query.property('serp:v')>=0&&query.property('serp:v')<=2"},{"controller.render.pidgeots":"query.property('serp:v')>=3&&query.property('serp:v')<=5"},{"controller.render.max":"query.variant==4"},{"controller.render.totem":"query.variant==6"},"controller.render.hp"]
    }
  }
}