{
	"format_version": "1.17.0",
	"minecraft:npc_dialogue":{
		"scenes":[
			{
		"scene_tag":"p1",
		"npc_name":{"rawtext":[{"text":"dex.1t1_10t2_14"}]},
         "text":{"rawtext":[{"translate":"serp.height"},{"text":"0.7 "},{"translate":"serp.weight"},{"text":"6.9 "},{"text":"\n"},{"translate":"serp.biome"},{"translate":"serp.forest"},{"text":"\n"},{"text":"\n"},{"translate":"bulbasaur.info"}]},
        "on_open_commands":[
    "/playsound mob.bulbasaur.idle @p"
                ]
            },
			{
		"scene_tag":"p2",
		"npc_name":{"rawtext":[{"text":"dex.2t1_10t2_14"}]},
         "text":{"rawtext":[{"translate":"serp.height"},{"text":"1.0 "},{"translate":"serp.weight"},{"text":"13.0 "},{"text":"\n"},{"translate":"serp.biome"},{"translate":"serp.forest"},{"text":"\n"},{"text":"\n"},{"translate":"ivysaur.info"}]},
        "on_open_commands":[
    "/playsound mob.ivysaur.idle @p"
                ]
            },
			{
		"scene_tag":"p3",
		"npc_name":{"rawtext":[{"text":"dex.3t1_10t2_14"}]},
         "text":{"rawtext":[{"translate":"serp.height"},{"text":"2.0 "},{"translate":"serp.weight"},{"text":"100.0 "},{"text":"\n"},{"translate":"serp.biome"},{"translate":"serp.birch"},{"text":"\n"},{"text":"\n"},{"translate":"venusaur.info"}]},
        "on_open_commands":[
    "/playsound mob.venusaur.idle @p"
                ]
            },
			{
		"scene_tag":"p4",
		"npc_name":{"rawtext":[{"text":"dex.4t1_00t2_07"}]},
         "text":{"rawtext":[{"translate":"serp.height"},{"text":"0.6 "},{"translate":"serp.weight"},{"text":"8.5 "},{"text":"\n"},{"translate":"serp.biome"},{"translate":"serp.mesa"},{"text":"\n"},{"text":"\n"},{"translate":"charmander.info"}]},
        "on_open_commands":[
    "/playsound mob.charmander.idle @p"
                ]
            },
			{
		"scene_tag":"p5",
		"npc_name":{"rawtext":[{"text":"dex.5t1_00t2_07"}]},
         "text":{"rawtext":[{"translate":"serp.height"},{"text":"1.1 "},{"translate":"serp.weight"},{"text":"19.0 "},{"text":"\n"},{"translate":"serp.biome"},{"translate":"serp.mesa"},{"text":"\n"},{"text":"\n"},{"translate":"charmeleon.info"}]},
        "on_open_commands":[
    "/playsound mob.charmeleon.idle @p"
                ]
            },
			{
		"scene_tag":"p6",
		"npc_name":{"rawtext":[{"text":"dex.6t1_07t2_08"}]},
         "text":{"rawtext":[{"translate":"serp.height"},{"text":"1.7 "},{"translate":"serp.weight"},{"text":"90.5 "},{"text":"\n"},{"translate":"serp.biome"},{"translate":"serp.mesa"},{"text":"\n"},{"text":"\n"},{"translate":"charizard.info"}]},
        "on_open_commands":[
    "/playsound mob.charizard.idle @p"
                ]
            },
			{
		"scene_tag":"p7",
		"npc_name":{"rawtext":[{"text":"dex.7t1_00t2_18"}]},
         "text":{"rawtext":[{"translate":"serp.height"},{"text":"0.5 "},{"translate":"serp.weight"},{"text":"9.0 "},{"text":"\n"},{"translate":"serp.biome"},{"translate":"serp.beach"},{"text":"\n"},{"text":"\n"},{"translate":"squirtle.info"}]},
        "on_open_commands":[
    "/playsound mob.squirtle.idle @p"
                ]
            },
			{
		"scene_tag":"p8",
		"npc_name":{"rawtext":[{"text":"dex.8t1_00t2_18"}]},
         "text":{"rawtext":[{"translate":"serp.height"},{"text":"1.0 "},{"translate":"serp.weight"},{"text":"22.5 "},{"text":"\n"},{"translate":"serp.biome"},{"translate":"serp.beach"},{"text":"\n"},{"text":"\n"},{"translate":"wartortle.info"}]},
        "on_open_commands":[
    "/playsound mob.wartortle.idle @p"
                ]
            },
			{
		"scene_tag":"p9",
		"npc_name":{"rawtext":[{"text":"dex.9t1_00t2_18"}]},
         "text":{"rawtext":[{"translate":"serp.height"},{"text":"1.6 "},{"translate":"serp.weight"},{"text":"85.5 "},{"text":"\n"},{"translate":"serp.biome"},{"translate":"serp.beach"},{"text":"\n"},{"text":"\n"},{"translate":"blastoise.info"}]},
        "on_open_commands":[
    "/playsound mob.blastoise.idle @p"
                ]
            },
			{
		"scene_tag":"p10",
		"npc_name":{"rawtext":[{"text":"dex.10t1_00t2_01"}]},
         "text":{"rawtext":[{"translate":"serp.height"},{"text":"0.3 "},{"translate":"serp.weight"},{"text":"2.9 "},{"text":"\n"},{"translate":"serp.biome"},{"translate":"serp.forest"},{"text":"\n"},{"text":"\n"},{"translate":"caterpie.info"}]},
        "on_open_commands":[
    "/playsound mob.caterpie.idle @p"
                ]
            },
			{
		"scene_tag":"p11",
		"npc_name":{"rawtext":[{"text":"dex.11t1_00t2_01"}]},
         "text":{"rawtext":[{"translate":"serp.height"},{"text":"0.7 "},{"translate":"serp.weight"},{"text":"9.9 "},{"text":"\n"},{"translate":"serp.biome"},{"translate":"serp.forest"},{"text":"\n"},{"text":"\n"},{"translate":"metapod.info"}]},
        "on_open_commands":[
    "/playsound mob.metapod.idle @p"
                ]
            },
			{
		"scene_tag":"p12",
		"npc_name":{"rawtext":[{"text":"dex.12t1_01t2_08"}]},
         "text":{"rawtext":[{"translate":"serp.height"},{"text":"1.1 "},{"translate":"serp.weight"},{"text":"32.0 "},{"text":"\n"},{"translate":"serp.biome"},{"translate":"serp.forest"},{"text":"\n"},{"text":"\n"},{"translate":"butterfree.info"}]},
        "on_open_commands":[
    "/playsound mob.butterfree.idle @p"
                ]
            },
			{
		"scene_tag":"p13",
		"npc_name":{"rawtext":[{"text":"dex.13t1_01t2_14"}]},
         "text":{"rawtext":[{"translate":"serp.height"},{"text":"0.3 "},{"translate":"serp.weight"},{"text":"3.2 "},{"text":"\n"},{"translate":"serp.biome"},{"translate":"serp.forest"},{"text":"\n"},{"text":"\n"},{"translate":"weedle.info"}]},
        "on_open_commands":[
    "/playsound mob.weedle.idle @p"
                ]
            },
			{
		"scene_tag":"p14",
		"npc_name":{"rawtext":[{"text":"dex.14t1_01t2_14"}]},
         "text":{"rawtext":[{"translate":"serp.height"},{"text":"0.6 "},{"translate":"serp.weight"},{"text":"10.0 "},{"text":"\n"},{"translate":"serp.biome"},{"translate":"serp.forest"},{"text":"\n"},{"text":"\n"},{"translate":"kakuna.info"}]},
        "on_open_commands":[
    "/playsound mob.kakuna.idle @p"
                ]
            },
			{
		"scene_tag":"p15",
		"npc_name":{"rawtext":[{"text":"dex.15t1_01t2_14"}]},
         "text":{"rawtext":[{"translate":"serp.height"},{"text":"0.9 "},{"translate":"serp.weight"},{"text":"6.4 "},{"text":"\n"},{"translate":"serp.biome"},{"translate":"serp.forest"},{"text":"\n"},{"text":"\n"},{"translate":"beedrill.info"}]},
        "on_open_commands":[
    "/playsound mob.beedrill.idle @p"
                ]
            },
			{
		"scene_tag":"p16",
		"npc_name":{"rawtext":[{"text":"dex.16t1_13t2_08"}]},
         "text":{"rawtext":[{"translate":"serp.height"},{"text":"0.3 "},{"translate":"serp.weight"},{"text":"1.8 "},{"text":"\n"},{"translate":"serp.biome"},{"translate":"serp.any"},{"text":"\n"},{"text":"\n"},{"translate":"pidgey.info"}]},
        "on_open_commands":[
    "/playsound mob.pidgey.idle @p"
                ]
            },
			{
		"scene_tag":"p17",
		"npc_name":{"rawtext":[{"text":"dex.17t1_13t2_08"}]},
         "text":{"rawtext":[{"translate":"serp.height"},{"text":"1.1 "},{"translate":"serp.weight"},{"text":"30.0 "},{"text":"\n"},{"translate":"serp.biome"},{"translate":"serp.any"},{"text":"\n"},{"text":"\n"},{"translate":"pidgeotto.info"}]},
        "on_open_commands":[
    "/playsound mob.pidgeotto.idle @p"
                ]
            },
			{
		"scene_tag":"p18",
		"npc_name":{"rawtext":[{"text":"dex.18t1_13t2_08"}]},
         "text":{"rawtext":[{"translate":"serp.height"},{"text":"1.1 "},{"translate":"serp.weight"},{"text":"39.5 "},{"text":"\n"},{"translate":"serp.biome"},{"translate":"serp.any"},{"text":"\n"},{"text":"\n"},{"translate":"pidgeot.info"}]},
        "on_open_commands":[
    "/playsound mob.pidgeot.idle @p"
                ]
            },
			{
		"scene_tag":"p19",
		"npc_name":{"rawtext":[{"text":"dex.19t1_00t2_13"}]},
         "text":{"rawtext":[{"translate":"serp.height"},{"text":"0.3 "},{"translate":"serp.weight"},{"text":"3.5 "},{"text":"\n"},{"translate":"serp.biome"},{"translate":"serp.any"},{"text":"\n"},{"text":"\n"},{"translate":"rattata.info"}]},
        "on_open_commands":[
    "/playsound mob.rattata.idle @p"
                ]
            },
			{
		"scene_tag":"p20",
		"npc_name":{"rawtext":[{"text":"dex.20t1_00t2_13"}]},
         "text":{"rawtext":[{"translate":"serp.height"},{"text":"0.7 "},{"translate":"serp.weight"},{"text":"18.5 "},{"text":"\n"},{"translate":"serp.biome"},{"translate":"serp.any"},{"text":"\n"},{"text":"\n"},{"translate":"raticate.info"}]},
        "on_open_commands":[
    "/playsound mob.raticate.idle @p"
                ]
            },
			{
		"scene_tag":"p21",
		"npc_name":{"rawtext":[{"text":"dex.21t1_13t2_08"}]},
         "text":{"rawtext":[{"translate":"serp.height"},{"text":"0.3 "},{"translate":"serp.weight"},{"text":"2.0 "},{"text":"\n"},{"translate":"serp.biome"},{"translate":"serp.any"},{"text":"\n"},{"text":"\n"},{"translate":"spearow.info"}]},
        "on_open_commands":[
    "/playsound mob.spearow.idle @p"
                ]
            },
			{
		"scene_tag":"p22",
		"npc_name":{"rawtext":[{"text":"dex.22t1_13t2_08"}]},
         "text":{"rawtext":[{"translate":"serp.height"},{"text":"1.2 "},{"translate":"serp.weight"},{"text":"38.0 "},{"text":"\n"},{"translate":"serp.biome"},{"translate":"serp.any"},{"text":"\n"},{"text":"\n"},{"translate":"fearow.info"}]},
        "on_open_commands":[
    "/playsound mob.fearow.idle @p"
                ]
            },
			{
		"scene_tag":"p23",
		"npc_name":{"rawtext":[{"text":"dex.23t1_00t2_14"}]},
         "text":{"rawtext":[{"translate":"serp.height"},{"text":"2.0 "},{"translate":"serp.weight"},{"text":"6.9 "},{"text":"\n"},{"translate":"serp.biome"},{"translate":"serp.swamp"},{"text":"\n"},{"text":"\n"},{"translate":"ekans.info"}]},
        "on_open_commands":[
    "/playsound mob.ekans.idle @p"
                ]
            },
			{
		"scene_tag":"p24",
		"npc_name":{"rawtext":[{"text":"dex.24t1_00t2_14"}]},
         "text":{"rawtext":[{"translate":"serp.height"},{"text":"3.5 "},{"translate":"serp.weight"},{"text":"65.0 "},{"text":"\n"},{"translate":"serp.biome"},{"translate":"serp.swamp"},{"text":"\n"},{"text":"\n"},{"translate":"arbok.info"}]},
        "on_open_commands":[
    "/playsound mob.arbok.idle @p"
                ]
            },
			{
		"scene_tag":"p25",
		"npc_name":{"rawtext":[{"text":"dex.25t1_00t2_04"}]},
         "text":{"rawtext":[{"translate":"serp.height"},{"text":"0.4 "},{"translate":"serp.weight"},{"text":"6.0 "},{"text":"\n"},{"translate":"serp.biome"},{"translate":"serp.forest"},{"text":"\n"},{"text":"\n"},{"translate":"pikachu.info"}]},
        "on_open_commands":[
    "/playsound mob.pikachu.idle @p"
                ]
            },
			{
		"scene_tag":"p26",
		"npc_name":{"rawtext":[{"text":"dex.26t1_00t2_04"}]},
         "text":{"rawtext":[{"translate":"serp.height"},{"text":"0.8 "},{"translate":"serp.weight"},{"text":"30.0 "},{"text":"\n"},{"translate":"serp.getting"},{"translate":"serp.evolve"},{"text":"\n"},{"text":"\n"},{"translate":"raichu.info"}]},
        "on_open_commands":[
    "/playsound mob.raichu.idle @p"
                ]
            },
			{
		"scene_tag":"p27",
		"npc_name":{"rawtext":[{"text":"dex.27t1_00t2_11"}]},
         "text":{"rawtext":[{"translate":"serp.height"},{"text":"0.6 "},{"translate":"serp.weight"},{"text":"12.0 "},{"text":"\n"},{"translate":"serp.biome"},{"translate":"serp.desert"},{"text":"\n"},{"text":"\n"},{"translate":"sandshrew.info"}]},
        "on_open_commands":[
    "/playsound mob.sandshrew.idle @p"
                ]
            },
			{
		"scene_tag":"p28",
		"npc_name":{"rawtext":[{"text":"dex.28t1_00t2_11"}]},
         "text":{"rawtext":[{"translate":"serp.height"},{"text":"1.0 "},{"translate":"serp.weight"},{"text":"29.5 "},{"text":"\n"},{"translate":"serp.biome"},{"translate":"serp.desert"},{"text":"\n"},{"text":"\n"},{"translate":"sandslash.info"}]},
        "on_open_commands":[
    "/playsound mob.sandslash.idle @p"
                ]
            },
			{
		"scene_tag":"p29",
		"npc_name":{"rawtext":[{"text":"dex.29t1_00t2_14"}]},
         "text":{"rawtext":[{"translate":"serp.height"},{"text":"0.4 "},{"translate":"serp.weight"},{"text":"7.0 "},{"text":"\n"},{"translate":"serp.biome"},{"translate":"serp.forest"},{"text":"\n"},{"text":"\n"},{"translate":"nidoranh.info"}]},
        "on_open_commands":[
    "/playsound mob.nidoranh.idle @p"
                ]
            },
			{
		"scene_tag":"p30",
		"npc_name":{"rawtext":[{"text":"dex.30t1_00t2_14"}]},
         "text":{"rawtext":[{"translate":"serp.height"},{"text":"0.8 "},{"translate":"serp.weight"},{"text":"20.0 "},{"text":"\n"},{"translate":"serp.biome"},{"translate":"serp.forest"},{"text":"\n"},{"text":"\n"},{"translate":"nidorina.info"}]},
        "on_open_commands":[
    "/playsound mob.nidorina.idle @p"
                ]
            },
			{
		"scene_tag":"p31",
		"npc_name":{"rawtext":[{"text":"dex.31t1_14t2_11"}]},
         "text":{"rawtext":[{"translate":"serp.height"},{"text":"1.3 "},{"translate":"serp.weight"},{"text":"60.0 "},{"text":"\n"},{"translate":"serp.getting"},{"translate":"serp.evolve"},{"text":"\n"},{"text":"\n"},{"translate":"nidoqueen.info"}]},
        "on_open_commands":[
    "/playsound mob.nidoqueen.idle @p"
                ]
            },
			{
		"scene_tag":"p32",
		"npc_name":{"rawtext":[{"text":"dex.32t1_00t2_14"}]},
         "text":{"rawtext":[{"translate":"serp.height"},{"text":"0.5 "},{"translate":"serp.weight"},{"text":"9.0 "},{"text":"\n"},{"translate":"serp.biome"},{"translate":"serp.forest"},{"text":"\n"},{"text":"\n"},{"translate":"nidoranm.info"}]},
        "on_open_commands":[
    "/playsound mob.nidoranm.idle @p"
                ]
            },
			{
		"scene_tag":"p33",
		"npc_name":{"rawtext":[{"text":"dex.33t1_00t2_14"}]},
         "text":{"rawtext":[{"translate":"serp.height"},{"text":"0.9 "},{"translate":"serp.weight"},{"text":"19.5 "},{"text":"\n"},{"translate":"serp.biome"},{"translate":"serp.forest"},{"text":"\n"},{"text":"\n"},{"translate":"nidorino.info"}]},
        "on_open_commands":[
    "/playsound mob.nidorino.idle @p"
                ]
            },
			{
		"scene_tag":"p34",
		"npc_name":{"rawtext":[{"text":"dex.34t1_14t2_11"}]},
         "text":{"rawtext":[{"translate":"serp.height"},{"text":"1.4 "},{"translate":"serp.weight"},{"text":"62.0 "},{"text":"\n"},{"translate":"serp.getting"},{"translate":"serp.evolve"},{"text":"\n"},{"text":"\n"},{"translate":"nidoking.info"}]},
        "on_open_commands":[
    "/playsound mob.nidoking.idle @p"
                ]
            },
			{
		"scene_tag":"p35",
		"npc_name":{"rawtext":[{"text":"dex.35t1_00t2_05"}]},
         "text":{"rawtext":[{"translate":"serp.height"},{"text":"0.6 "},{"translate":"serp.weight"},{"text":"7.5 "},{"text":"\n"},{"translate":"serp.biome"},{"translate":"serp.night"},{"text":"\n"},{"text":"\n"},{"translate":"clefairy.info"}]},
        "on_open_commands":[
    "/playsound mob.clefairy.idle @p"
                ]
            },
			{
		"scene_tag":"p36",
		"npc_name":{"rawtext":[{"text":"dex.36t1_00t2_05"}]},
         "text":{"rawtext":[{"translate":"serp.height"},{"text":"1.3 "},{"translate":"serp.weight"},{"text":"40.0 "},{"text":"\n"},{"translate":"serp.getting"},{"translate":"serp.evolve"},{"text":"\n"},{"text":"\n"},{"translate":"clefable.info"}]},
        "on_open_commands":[
    "/playsound mob.clefable.idle @p"
                ]
            },
			{
		"scene_tag":"p37",
		"npc_name":{"rawtext":[{"text":"dex.37t1_00t2_07"}]},
         "text":{"rawtext":[{"translate":"serp.height"},{"text":"0.6 "},{"translate":"serp.weight"},{"text":"9.9 "},{"text":"\n"},{"translate":"serp.biome"},{"translate":"serp.dark_f"},{"text":"\n"},{"text":"\n"},{"translate":"vulpix.info"}]},
        "on_open_commands":[
    "/playsound mob.vulpix.idle @p"
                ]
            },
			{
		"scene_tag":"p38",
		"npc_name":{"rawtext":[{"text":"dex.38t1_00t2_07"}]},
         "text":{"rawtext":[{"translate":"serp.height"},{"text":"1.1 "},{"translate":"serp.weight"},{"text":"19.9 "},{"text":"\n"},{"translate":"serp.getting"},{"translate":"serp.evolve"},{"text":"\n"},{"text":"\n"},{"translate":"ninetales.info"}]},
        "on_open_commands":[
    "/playsound mob.ninetales.idle @p"
                ]
            },
			{
		"scene_tag":"p39",
		"npc_name":{"rawtext":[{"text":"dex.39t1_13t2_05"}]},
         "text":{"rawtext":[{"translate":"serp.height"},{"text":"0.5 "},{"translate":"serp.weight"},{"text":"5.5 "},{"text":"\n"},{"translate":"serp.biome"},{"translate":"serp.mountain"},{"text":"\n"},{"text":"\n"},{"translate":"jigglypuff.info"}]},
        "on_open_commands":[
    "/playsound mob.jigglypuff.idle @p"
                ]
            },
			{
		"scene_tag":"p40",
		"npc_name":{"rawtext":[{"text":"dex.40t1_13t2_05"}]},
         "text":{"rawtext":[{"translate":"serp.height"},{"text":"1.0 "},{"translate":"serp.weight"},{"text":"12.0 "},{"text":"\n"},{"translate":"serp.getting"},{"translate":"serp.evolve"},{"text":"\n"},{"text":"\n"},{"translate":"wigglytuff.info"}]},
        "on_open_commands":[
    "/playsound mob.wigglytuff.idle @p"
                ]
            },
			{
		"scene_tag":"p41",
		"npc_name":{"rawtext":[{"text":"dex.41t1_14t2_08"}]},
         "text":{"rawtext":[{"translate":"serp.height"},{"text":"0.8 "},{"translate":"serp.weight"},{"text":"7.5 "},{"text":"\n"},{"translate":"serp.biome"},{"translate":"serp.cave"},{"translate":"serp.night"},{"text":"\n"},{"text":"\n"},{"translate":"zubat.info"}]},
        "on_open_commands":[
    "/playsound mob.zubat.idle @p"
                ]
            },
			{
		"scene_tag":"p42",
		"npc_name":{"rawtext":[{"text":"dex.42t1_14t2_08"}]},
         "text":{"rawtext":[{"translate":"serp.height"},{"text":"1.6 "},{"translate":"serp.weight"},{"text":"55.0 "},{"text":"\n"},{"translate":"serp.biome"},{"translate":"serp.cave"},{"translate":"serp.night"},{"text":"\n"},{"text":"\n"},{"translate":"golbat.info"}]},
        "on_open_commands":[
    "/playsound mob.golbat.idle @p"
                ]
            },
			{
		"scene_tag":"p43",
		"npc_name":{"rawtext":[{"text":"dex.43t1_10t2_14"}]},
         "text":{"rawtext":[{"translate":"serp.height"},{"text":"0.5 "},{"translate":"serp.weight"},{"text":"5.4 "},{"text":"\n"},{"translate":"serp.biome"},{"translate":"serp.birch"},{"text":"\n"},{"text":"\n"},{"translate":"oddish.info"}]},
        "on_open_commands":[
    "/playsound mob.oddish.idle @p"
                ]
            },
			{
		"scene_tag":"p44",
		"npc_name":{"rawtext":[{"text":"dex.44t1_10t2_14"}]},
         "text":{"rawtext":[{"translate":"serp.height"},{"text":"0.7 "},{"translate":"serp.weight"},{"text":"8.6 "},{"text":"\n"},{"translate":"serp.biome"},{"translate":"serp.birch"},{"text":"\n"},{"text":"\n"},{"translate":"gloom.info"}]},
        "on_open_commands":[
    "/playsound mob.gloom.idle @p"
                ]
            },
			{
		"scene_tag":"p45",
		"npc_name":{"rawtext":[{"text":"dex.45t1_10t2_14"}]},
         "text":{"rawtext":[{"translate":"serp.height"},{"text":"1.2 "},{"translate":"serp.weight"},{"text":"18.6 "},{"text":"\n"},{"translate":"serp.getting"},{"translate":"serp.evolve"},{"text":"\n"},{"text":"\n"},{"translate":"vileplume.info"}]},
        "on_open_commands":[
    "/playsound mob.vileplume.idle @p"
                ]
            },
			{
		"scene_tag":"p46",
		"npc_name":{"rawtext":[{"text":"dex.46t1_01t2_10"}]},
         "text":{"rawtext":[{"translate":"serp.height"},{"text":"0.3 "},{"translate":"serp.weight"},{"text":"5.4 "},{"text":"\n"},{"translate":"serp.biome"},{"translate":"serp.plains"},{"text":"\n"},{"text":"\n"},{"translate":"paras.info"}]},
        "on_open_commands":[
    "/playsound mob.paras.idle @p"
                ]
            },
			{
		"scene_tag":"p47",
		"npc_name":{"rawtext":[{"text":"dex.47t1_01t2_10"}]},
         "text":{"rawtext":[{"translate":"serp.height"},{"text":"1.0 "},{"translate":"serp.weight"},{"text":"29.5 "},{"text":"\n"},{"translate":"serp.biome"},{"translate":"serp.plains"},{"text":"\n"},{"text":"\n"},{"translate":"parasect.info"}]},
        "on_open_commands":[
    "/playsound mob.parasect.idle @p"
                ]
            },
			{
		"scene_tag":"p48",
		"npc_name":{"rawtext":[{"text":"dex.48t1_01t2_14"}]},
         "text":{"rawtext":[{"translate":"serp.height"},{"text":"1.0 "},{"translate":"serp.weight"},{"text":"30.0 "},{"text":"\n"},{"translate":"serp.biome"},{"translate":"serp.dark_f"},{"text":"\n"},{"text":"\n"},{"translate":"venonat.info"}]},
        "on_open_commands":[
    "/playsound mob.venonat.idle @p"
                ]
            },
			{
		"scene_tag":"p49",
		"npc_name":{"rawtext":[{"text":"dex.49t1_01t2_14"}]},
         "text":{"rawtext":[{"translate":"serp.height"},{"text":"1.5 "},{"translate":"serp.weight"},{"text":"12.5 "},{"text":"\n"},{"translate":"serp.biome"},{"translate":"serp.dark_f"},{"text":"\n"},{"text":"\n"},{"translate":"venomoth.info"}]},
        "on_open_commands":[
    "/playsound mob.venomoth.idle @p"
                ]
            },
			{
		"scene_tag":"p50",
		"npc_name":{"rawtext":[{"text":"dex.50t1_00t2_11"}]},
         "text":{"rawtext":[{"translate":"serp.height"},{"text":"0.2 "},{"translate":"serp.weight"},{"text":"0.8 "},{"text":"\n"},{"translate":"serp.biome"},{"translate":"serp.cave"},{"translate":"serp.mountain"},{"text":"\n"},{"text":"\n"},{"translate":"diglett.info"}]},
        "on_open_commands":[
    "/playsound mob.diglett.idle @p"
                ]
            },
			{
		"scene_tag":"p51",
		"npc_name":{"rawtext":[{"text":"dex.51t1_00t2_11"}]},
         "text":{"rawtext":[{"translate":"serp.height"},{"text":"0.7 "},{"translate":"serp.weight"},{"text":"33.3 "},{"text":"\n"},{"translate":"serp.biome"},{"translate":"serp.cave"},{"translate":"serp.mountain"},{"text":"\n"},{"text":"\n"},{"translate":"dugtrio.info"}]},
        "on_open_commands":[
    "/playsound mob.dugtrio.idle @p"
                ]
            },
			{
		"scene_tag":"p52",
		"npc_name":{"rawtext":[{"text":"dex.52t1_00t2_13"}]},
         "text":{"rawtext":[{"translate":"serp.height"},{"text":"0.4 "},{"translate":"serp.weight"},{"text":"4.2 "},{"text":"\n"},{"translate":"serp.biome"},{"translate":"serp.plains"},{"text":"\n"},{"text":"\n"},{"translate":"meowth.info"}]},
        "on_open_commands":[
    "/playsound mob.meowth.idle @p"
                ]
            },
			{
		"scene_tag":"p53",
		"npc_name":{"rawtext":[{"text":"dex.53t1_00t2_13"}]},
         "text":{"rawtext":[{"translate":"serp.height"},{"text":"1.0 "},{"translate":"serp.weight"},{"text":"32.0 "},{"text":"\n"},{"translate":"serp.biome"},{"translate":"serp.plains"},{"text":"\n"},{"text":"\n"},{"translate":"persian.info"}]},
        "on_open_commands":[
    "/playsound mob.persian.idle @p"
                ]
            },
			{
		"scene_tag":"p54",
		"npc_name":{"rawtext":[{"text":"dex.54t1_00t2_18"}]},
         "text":{"rawtext":[{"translate":"serp.height"},{"text":"0.8 "},{"translate":"serp.weight"},{"text":"19.6 "},{"text":"\n"},{"translate":"serp.biome"},{"translate":"serp.river"},{"text":"\n"},{"text":"\n"},{"translate":"psyduck.info"}]},
        "on_open_commands":[
    "/playsound mob.psyduck.idle @p"
                ]
            },
			{
		"scene_tag":"p55",
		"npc_name":{"rawtext":[{"text":"dex.55t1_00t2_18"}]},
         "text":{"rawtext":[{"translate":"serp.height"},{"text":"1.7 "},{"translate":"serp.weight"},{"text":"76.6 "},{"text":"\n"},{"translate":"serp.biome"},{"translate":"serp.river"},{"text":"\n"},{"text":"\n"},{"translate":"golduck.info"}]},
        "on_open_commands":[
    "/playsound mob.golduck.idle @p"
                ]
            },
			{
		"scene_tag":"p56",
		"npc_name":{"rawtext":[{"text":"dex.56t1_00t2_06"}]},
         "text":{"rawtext":[{"translate":"serp.height"},{"text":"0.5 "},{"translate":"serp.weight"},{"text":"28.0 "},{"text":"\n"},{"translate":"serp.biome"},{"translate":"serp.savanna"},{"translate":"serp.mesa"},{"text":"\n"},{"text":"\n"},{"translate":"mankey.info"}]},
        "on_open_commands":[
    "/playsound mob.mankey.idle @p"
                ]
            },
			{
		"scene_tag":"p57",
		"npc_name":{"rawtext":[{"text":"dex.57t1_00t2_06"}]},
         "text":{"rawtext":[{"translate":"serp.height"},{"text":"1.0 "},{"translate":"serp.weight"},{"text":"32.0 "},{"text":"\n"},{"translate":"serp.biome"},{"translate":"serp.savanna"},{"translate":"serp.mesa"},{"text":"\n"},{"text":"\n"},{"translate":"primeape.info"}]},
        "on_open_commands":[
    "/playsound mob.primeape.idle @p"
                ]
            },
			{
		"scene_tag":"p58",
		"npc_name":{"rawtext":[{"text":"dex.58t1_00t2_07"}]},
         "text":{"rawtext":[{"translate":"serp.height"},{"text":"0.7 "},{"translate":"serp.weight"},{"text":"19.0 "},{"text":"\n"},{"translate":"serp.biome"},{"translate":"serp.plains"},{"text":"\n"},{"text":"\n"},{"translate":"growlithe.info"}]},
        "on_open_commands":[
    "/playsound mob.growlithe.idle @p"
                ]
            },
			{
		"scene_tag":"p59",
		"npc_name":{"rawtext":[{"text":"dex.59t1_00t2_07"}]},
         "text":{"rawtext":[{"translate":"serp.height"},{"text":"1.9 "},{"translate":"serp.weight"},{"text":"155.0 "},{"text":"\n"},{"translate":"serp.getting"},{"translate":"serp.evolve"},{"text":"\n"},{"text":"\n"},{"translate":"arcanine.info"}]},
        "on_open_commands":[
    "/playsound mob.arcanine.idle @p"
                ]
            },
			{
		"scene_tag":"p60",
		"npc_name":{"rawtext":[{"text":"dex.60t1_00t2_18"}]},
         "text":{"rawtext":[{"translate":"serp.height"},{"text":"0.6 "},{"translate":"serp.weight"},{"text":"12.4 "},{"text":"\n"},{"translate":"serp.biome"},{"translate":"serp.river"},{"text":"\n"},{"text":"\n"},{"translate":"poliwag.info"}]},
        "on_open_commands":[
    "/playsound mob.poliwag.idle @p"
                ]
            },
			{
		"scene_tag":"p61",
		"npc_name":{"rawtext":[{"text":"dex.61t1_00t2_18"}]},
         "text":{"rawtext":[{"translate":"serp.height"},{"text":"1.0 "},{"translate":"serp.weight"},{"text":"20.0 "},{"text":"\n"},{"translate":"serp.biome"},{"translate":"serp.river"},{"text":"\n"},{"text":"\n"},{"translate":"poliwhirl.info"}]},
        "on_open_commands":[
    "/playsound mob.poliwhirl.idle @p"
                ]
            },
			{
		"scene_tag":"p62",
		"npc_name":{"rawtext":[{"text":"dex.62t1_18t2_06"}]},
         "text":{"rawtext":[{"translate":"serp.height"},{"text":"1.3 "},{"translate":"serp.weight"},{"text":"54.0 "},{"text":"\n"},{"translate":"serp.getting"},{"translate":"serp.evolve"},{"text":"\n"},{"text":"\n"},{"translate":"poliwrath.info"}]},
        "on_open_commands":[
    "/playsound mob.poliwrath.idle @p"
                ]
            },
			{
		"scene_tag":"p69",
		"npc_name":{"rawtext":[{"text":"dex.69t1_10t2_14"}]},
         "text":{"rawtext":[{"translate":"serp.height"},{"text":"0.7 "},{"translate":"serp.weight"},{"text":"4.0 "},{"text":"\n"},{"translate":"serp.biome"},{"translate":"serp.forest"},{"text":"\n"},{"text":"\n"},{"translate":"bellsprout.info"}]},
        "on_open_commands":[
    "/playsound mob.bellsprout.idle @p"
                ]
            },
			{
		"scene_tag":"p70",
		"npc_name":{"rawtext":[{"text":"dex.70t1_10t2_14"}]},
         "text":{"rawtext":[{"translate":"serp.height"},{"text":"1.0 "},{"translate":"serp.weight"},{"text":"6.4 "},{"text":"\n"},{"translate":"serp.biome"},{"translate":"serp.forest"},{"text":"\n"},{"text":"\n"},{"translate":"weepinbell.info"}]},
        "on_open_commands":[
    "/playsound mob.weepinbell.idle @p"
                ]
            },
			{
		"scene_tag":"p71",
		"npc_name":{"rawtext":[{"text":"dex.71t1_10t2_14"}]},
         "text":{"rawtext":[{"translate":"serp.height"},{"text":"1.7 "},{"translate":"serp.weight"},{"text":"15.5 "},{"text":"\n"},{"translate":"serp.getting"},{"translate":"serp.evolve"},{"text":"\n"},{"text":"\n"},{"translate":"victreebel.info"}]},
        "on_open_commands":[
    "/playsound mob.victreebel.idle @p"
                ]
            },
			{
		"scene_tag":"p72",
		"npc_name":{"rawtext":[{"text":"dex.72t1_18t2_14"}]},
         "text":{"rawtext":[{"translate":"serp.height"},{"text":"0.9 "},{"translate":"serp.weight"},{"text":"45.5 "},{"text":"\n"},{"translate":"serp.biome"},{"translate":"serp.ocean"},{"text":"\n"},{"text":"\n"},{"translate":"tentacool.info"}]},
        "on_open_commands":[
    "/playsound mob.tentacool.idle @p"
                ]
            },
			{
		"scene_tag":"p73",
		"npc_name":{"rawtext":[{"text":"dex.73t1_18t2_14"}]},
         "text":{"rawtext":[{"translate":"serp.height"},{"text":"1.6 "},{"translate":"serp.weight"},{"text":"55 "},{"text":"\n"},{"translate":"serp.biome"},{"translate":"serp.ocean"},{"text":"\n"},{"text":"\n"},{"translate":"tentacruel.info"}]},
        "on_open_commands":[
    "/playsound mob.tentacruel.idle @p"
                ]
            },
			{
		"scene_tag":"p74",
		"npc_name":{"rawtext":[{"text":"dex.74t1_16t2_11"}]},
         "text":{"rawtext":[{"translate":"serp.height"},{"text":"0.4 "},{"translate":"serp.weight"},{"text":"20.0 "},{"text":"\n"},{"translate":"serp.biome"},{"translate":"serp.birch"},{"text":"\n"},{"text":"\n"},{"translate":"geodude.info"}]},
        "on_open_commands":[
    "/playsound mob.geodude.idle @p"
                ]
            },
			{
		"scene_tag":"p75",
		"npc_name":{"rawtext":[{"text":"dex.75t1_16t2_11"}]},
         "text":{"rawtext":[{"translate":"serp.height"},{"text":"1.0 "},{"translate":"serp.weight"},{"text":"105.0 "},{"text":"\n"},{"translate":"serp.biome"},{"translate":"serp.cave"},{"text":"\n"},{"text":"\n"},{"translate":"graveler.info"}]},
        "on_open_commands":[
    "/playsound mob.graveler.idle @p"
                ]
            },
			{
		"scene_tag":"p76",
		"npc_name":{"rawtext":[{"text":"dex.76t1_16t2_11"}]},
         "text":{"rawtext":[{"translate":"serp.height"},{"text":"1.4 "},{"translate":"serp.weight"},{"text":"300.0 "},{"text":"\n"},{"translate":"serp.getting"},{"translate":"serp.evolve"},{"text":"\n"},{"text":"\n"},{"translate":"golem.info"}]},
        "on_open_commands":[
    "/playsound mob.golem.idle @p"
                ]
            },
			{
		"scene_tag":"p77",
		"npc_name":{"rawtext":[{"text":"dex.77t1_00t2_07"}]},
         "text":{"rawtext":[{"translate":"serp.height"},{"text":"1.0 "},{"translate":"serp.weight"},{"text":"30.0 "},{"text":"\n"},{"translate":"serp.biome"},{"translate":"serp.mesa"},{"text":"\n"},{"text":"\n"},{"translate":"ponyta.info"}]},
        "on_open_commands":[
    "/playsound mob.ponyta.idle @p"
                ]
            },
			{
		"scene_tag":"p78",
		"npc_name":{"rawtext":[{"text":"dex.78t1_00t2_07"}]},
         "text":{"rawtext":[{"translate":"serp.height"},{"text":"1.7 "},{"translate":"serp.weight"},{"text":"95.0 "},{"text":"\n"},{"translate":"serp.biome"},{"translate":"serp.mesa"},{"text":"\n"},{"text":"\n"},{"translate":"rapidash.info"}]},
        "on_open_commands":[
    "/playsound mob.rapidash.idle @p"
                ]
            },
			{
		"scene_tag":"p79",
		"npc_name":{"rawtext":[{"text":"dex.79t1_18t2_15"}]},
         "text":{"rawtext":[{"translate":"serp.height"},{"text":"1.2 "},{"translate":"serp.weight"},{"text":"36.0 "},{"text":"\n"},{"translate":"serp.biome"},{"translate":"serp.beach"},{"text":"\n"},{"text":"\n"},{"translate":"slowpoke.info"}]},
        "on_open_commands":[
    "/playsound mob.slowpoke.idle @p"
                ]
            },
			{
		"scene_tag":"p80",
		"npc_name":{"rawtext":[{"text":"dex.80t1_18t2_15"}]},
         "text":{"rawtext":[{"translate":"serp.height"},{"text":"1.6 "},{"translate":"serp.weight"},{"text":"78.5 "},{"text":"\n"},{"translate":"serp.biome"},{"translate":"serp.beach"},{"text":"\n"},{"text":"\n"},{"translate":"slowbro.info"}]},
        "on_open_commands":[
    "/playsound mob.slowbro.idle @p"
                ]
            },
			{
		"scene_tag":"p81",
		"npc_name":{"rawtext":[{"text":"dex.81t1_04t2_17"}]},
         "text":{"rawtext":[{"translate":"serp.height"},{"text":"6.0 "},{"translate":"serp.weight"},{"text":"0.3 "},{"text":"\n"},{"translate":"serp.biome"},{"translate":"feature.village"},{"text":"\n"},{"text":"\n"},{"translate":"magnemite.info"}]},
        "on_open_commands":[
    "/playsound mob.magnemite.idle @p"
                ]
            },
			{
		"scene_tag":"p82",
		"npc_name":{"rawtext":[{"text":"dex.82t1_04t2_17"}]},
         "text":{"rawtext":[{"translate":"serp.height"},{"text":"60.0 "},{"translate":"serp.weight"},{"text":"1.0 "},{"text":"\n"},{"translate":"serp.getting"},{"translate":"serp.evolve"},{"text":"\n"},{"text":"\n"},{"translate":"magneton.info"}]},
        "on_open_commands":[
    "/playsound mob.magneton.idle @p"
                ]
            },
			{
		"scene_tag":"p86",
		"npc_name":{"rawtext":[{"text":"dex.86t1_00t2_18"}]},
         "text":{"rawtext":[{"translate":"serp.height"},{"text":"1.1 "},{"translate":"serp.weight"},{"text":"90.0 "},{"text":"\n"},{"translate":"serp.biome"},{"translate":"serp.frozen"},{"text":"\n"},{"text":"\n"},{"translate":"seel.info"}]},
        "on_open_commands":[
    "/playsound mob.seel.idle @p"
                ]
            },
			{
		"scene_tag":"p87",
		"npc_name":{"rawtext":[{"text":"dex.87t1_18t2_12"}]},
         "text":{"rawtext":[{"translate":"serp.height"},{"text":"1.7 "},{"translate":"serp.weight"},{"text":"120.0 "},{"text":"\n"},{"translate":"serp.biome"},{"translate":"serp.frozen"},{"text":"\n"},{"text":"\n"},{"translate":"dewgong.info"}]},
        "on_open_commands":[
    "/playsound mob.dewgong.idle @p"
                ]
            },
			{
		"scene_tag":"p90",
		"npc_name":{"rawtext":[{"text":"dex.90t1_00t2_18"}]},
         "text":{"rawtext":[{"translate":"serp.height"},{"text":"0.3 "},{"translate":"serp.weight"},{"text":"4.0 "},{"text":"\n"},{"translate":"serp.biome"},{"translate":"serp.beach"},{"text":"\n"},{"text":"\n"},{"translate":"shellder.info"}]},
        "on_open_commands":[
    "/playsound mob.shellder.idle @p"
                ]
            },
			{
		"scene_tag":"p91",
		"npc_name":{"rawtext":[{"text":"dex.91t1_18t2_12"}]},
         "text":{"rawtext":[{"translate":"serp.height"},{"text":"1.5 "},{"translate":"serp.weight"},{"text":"132.5 "},{"text":"\n"},{"translate":"serp.getting"},{"translate":"serp.evolve"},{"text":"\n"},{"text":"\n"},{"translate":"cloyster.info"}]},
        "on_open_commands":[
    "/playsound mob.cloyster.idle @p"
                ]
            },
			{
		"scene_tag":"p92",
		"npc_name":{"rawtext":[{"text":"dex.92t1_09t2_14"}]},
         "text":{"rawtext":[{"translate":"serp.height"},{"text":"1.3 "},{"translate":"serp.weight"},{"text":"0.1 "},{"text":"\n"},{"translate":"serp.biome"},{"translate":"serp.cave"},{"translate":"serp.night"},{"text":"\n"},{"text":"\n"},{"translate":"gastly.info"}]},
        "on_open_commands":[
    "/playsound mob.gastly.idle @p"
                ]
            },
			{
		"scene_tag":"p93",
		"npc_name":{"rawtext":[{"text":"dex.93t1_09t2_14"}]},
         "text":{"rawtext":[{"translate":"serp.height"},{"text":"1.6 "},{"translate":"serp.weight"},{"text":"0.1 "},{"text":"\n"},{"translate":"serp.biome"},{"translate":"serp.cave"},{"translate":"serp.night"},{"text":"\n"},{"text":"\n"},{"translate":"haunter.info"}]},
        "on_open_commands":[
    "/playsound mob.haunter.idle @p"
                ]
            },
			{
		"scene_tag":"p94",
		"npc_name":{"rawtext":[{"text":"dex.94t1_09t2_14"}]},
         "text":{"rawtext":[{"translate":"serp.height"},{"text":"1.5 "},{"translate":"serp.weight"},{"text":"40.5 "},{"text":"\n"},{"translate":"serp.getting"},{"translate":"serp.evolve"},{"text":"\n"},{"text":"\n"},{"translate":"gengar.info"}]},
        "on_open_commands":[
    "/playsound mob.gengar.idle @p"
                ]
            },
			{
		"scene_tag":"p96",
		"npc_name":{"rawtext":[{"text":"dex.96t1_00t2_15"}]},
         "text":{"rawtext":[{"translate":"serp.height"},{"text":"1.0 "},{"translate":"serp.weight"},{"text":"32.4 "},{"text":"\n"},{"translate":"serp.biome"},{"translate":"serp.dark_f"},{"text":"\n"},{"text":"\n"},{"translate":"drowzee.info"}]},
        "on_open_commands":[
    "/playsound mob.drowzee.idle @p"
                ]
            },
			{
		"scene_tag":"p97",
		"npc_name":{"rawtext":[{"text":"dex.97t1_00t2_15"}]},
         "text":{"rawtext":[{"translate":"serp.height"},{"text":"1.6 "},{"translate":"serp.weight"},{"text":"75.6 "},{"text":"\n"},{"translate":"serp.biome"},{"translate":"serp.dark_f"},{"text":"\n"},{"text":"\n"},{"translate":"hypno.info"}]},
        "on_open_commands":[
    "/playsound mob.hypno.idle @p"
                ]
            },
			{
		"scene_tag":"p102",
		"npc_name":{"rawtext":[{"text":"dex.102t1_10t2_15"}]},
         "text":{"rawtext":[{"translate":"serp.height"},{"text":"0.4 "},{"translate":"serp.weight"},{"text":"2.5 "},{"text":"\n"},{"translate":"serp.biome"},{"translate":"serp.jungle"},{"text":"\n"},{"text":"\n"},{"translate":"exeggcute.info"}]},
        "on_open_commands":[
    "/playsound mob.exeggcute.idle @p"
                ]
            },
			{
		"scene_tag":"p103",
		"npc_name":{"rawtext":[{"text":"dex.103t1_10t2_15"}]},
         "text":{"rawtext":[{"translate":"serp.height"},{"text":"2.0 "},{"translate":"serp.weight"},{"text":"120.0 "},{"text":"\n"},{"translate":"serp.getting"},{"translate":"serp.evolve"},{"text":"\n"},{"text":"\n"},{"translate":"exeggutor.info"}]},
        "on_open_commands":[
    "/playsound mob.exeggutor.idle @p"
                ]
            },
			{
		"scene_tag":"p104",
		"npc_name":{"rawtext":[{"text":"dex.104t1_00t2_16"}]},
         "text":{"rawtext":[{"translate":"serp.height"},{"text":"0.4 "},{"translate":"serp.weight"},{"text":"6.5 "},{"text":"\n"},{"translate":"serp.biome"},{"translate":"serp.savanna"},{"text":"\n"},{"text":"\n"},{"translate":"cubone.info"}]},
        "on_open_commands":[
    "/playsound mob.cubone.idle @p"
                ]
            },
			{
		"scene_tag":"p105",
		"npc_name":{"rawtext":[{"text":"dex.105t1_00t2_16"}]},
         "text":{"rawtext":[{"translate":"serp.height"},{"text":"1.0 "},{"translate":"serp.weight"},{"text":"45.0 "},{"text":"\n"},{"translate":"serp.biome"},{"translate":"serp.savanna"},{"text":"\n"},{"text":"\n"},{"translate":"marowak.info"}]},
        "on_open_commands":[
    "/playsound mob.marowak.idle @p"
                ]
            },
			{
		"scene_tag":"p111",
		"npc_name":{"rawtext":[{"text":"dex.111t1_11t2_16"}]},
         "text":{"rawtext":[{"translate":"serp.height"},{"text":"1.0 "},{"translate":"serp.weight"},{"text":"115.0 "},{"text":"\n"},{"translate":"serp.biome"},{"translate":"serp.savanna"},{"translate":"serp.mesa"},{"text":"\n"},{"text":"\n"},{"translate":"rhyhorn.info"}]},
        "on_open_commands":[
    "/playsound mob.rhyhorn.idle @p"
                ]
            },
			{
		"scene_tag":"p112",
		"npc_name":{"rawtext":[{"text":"dex.112t1_11t2_16"}]},
         "text":{"rawtext":[{"translate":"serp.height"},{"text":"1.9 "},{"translate":"serp.weight"},{"text":"120.0 "},{"text":"\n"},{"translate":"serp.biome"},{"translate":"serp.savanna"},{"translate":"serp.mesa"},{"text":"\n"},{"text":"\n"},{"translate":"rhydon.info"}]},
        "on_open_commands":[
    "/playsound mob.rhydon.idle @p"
                ]
            },
			{
		"scene_tag":"p113",
		"npc_name":{"rawtext":[{"text":"dex.113t1_00t2_13"}]},
         "text":{"rawtext":[{"translate":"serp.height"},{"text":"1.1 "},{"translate":"serp.weight"},{"text":"34.6 "},{"text":"\n"},{"translate":"serp.biome"},{"translate":"serp.savanna"},{"text":"\n"},{"text":"\n"},{"translate":"chansey.info"}]},
        "on_open_commands":[
    "/playsound mob.chansey.idle @p"
                ]
            },
			{
		"scene_tag":"p118",
		"npc_name":{"rawtext":[{"text":"dex.118t1_00t2_18"}]},
         "text":{"rawtext":[{"translate":"serp.height"},{"text":"0.6 "},{"translate":"serp.weight"},{"text":"15.0 "},{"text":"\n"},{"translate":"serp.biome"},{"translate":"serp.ocean"},{"translate":"serp.river"},{"text":"\n"},{"text":"\n"},{"translate":"goldeen.info"}]},
        "on_open_commands":[
    "/playsound mob.goldeen.idle @p"
                ]
            },
			{
		"scene_tag":"p119",
		"npc_name":{"rawtext":[{"text":"dex.119t1_00t2_18"}]},
         "text":{"rawtext":[{"translate":"serp.height"},{"text":"0.6 "},{"translate":"serp.weight"},{"text":"15.0 "},{"text":"\n"},{"translate":"serp.biome"},{"translate":"serp.ocean"},{"translate":"serp.river"},{"text":"\n"},{"text":"\n"},{"translate":"seaking.info"}]},
        "on_open_commands":[
    "/playsound mob.seaking.idle @p"
                ]
            },
			{
		"scene_tag":"p123",
		"npc_name":{"rawtext":[{"text":"dex.123t1_01t2_08"}]},
         "text":{"rawtext":[{"translate":"serp.height"},{"text":"1.5 "},{"translate":"serp.weight"},{"text":"56.0 "},{"text":"\n"},{"translate":"serp.biome"},{"translate":"serp.sunflower"},{"text":"\n"},{"text":"\n"},{"translate":"scyther.info"}]},
        "on_open_commands":[
    "/playsound mob.scyther.idle @p"
                ]
            },
			{
		"scene_tag":"p129",
		"npc_name":{"rawtext":[{"text":"dex.129t1_00t2_18"}]},
         "text":{"rawtext":[{"translate":"serp.height"},{"text":"0.9 "},{"translate":"serp.weight"},{"text":"10.0 "},{"text":"\n"},{"translate":"serp.biome"},{"translate":"serp.ocean"},{"translate":"serp.river"},{"text":"\n"},{"text":"\n"},{"translate":"magikarp.info"}]},
        "on_open_commands":[
    "/playsound mob.magikarp.idle @p"
                ]
            },
			{
		"scene_tag":"p130",
		"npc_name":{"rawtext":[{"text":"dex.130t1_18t2_08"}]},
         "text":{"rawtext":[{"translate":"serp.height"},{"text":"6.5 "},{"translate":"serp.weight"},{"text":"235.0 "},{"text":"\n"},{"translate":"serp.biome"},{"translate":"serp.ocean"},{"text":"\n"},{"text":"\n"},{"translate":"gyarados.info"}]},
        "on_open_commands":[
    "/playsound mob.gyarados.idle @p"
                ]
            },
			{
		"scene_tag":"p131",
		"npc_name":{"rawtext":[{"text":"dex.131t1_18t2_12"}]},
         "text":{"rawtext":[{"translate":"serp.height"},{"text":"2.5"},{"translate":"serp.weight"},{"text":"220"},{"text":"\n"},{"translate":"serp.biome"},{"translate":"serp.frozen"},{"text":"\n"},{"text":"\n"},{"translate":"lapras.info"}]},
        "on_open_commands":[
    "/playsound mob.lapras.idle @p"
                ]
            },
			{
		"scene_tag":"p133",
		"npc_name":{"rawtext":[{"text":"dex.133t1_00t2_13"}]},
         "text":{"rawtext":[{"translate":"serp.height"},{"text":"0.3 "},{"translate":"serp.weight"},{"text":"6.5 "},{"text":"\n"},{"translate":"serp.biome"},{"translate":"serp.plains"},{"text":"\n"},{"text":"\n"},{"translate":"eevee.info"}]},
        "on_open_commands":[
    "/playsound mob.eevee.idle @p"
                ]
            },
			{
		"scene_tag":"p134",
		"npc_name":{"rawtext":[{"text":"dex.134t1_00t2_18"}]},
         "text":{"rawtext":[{"translate":"serp.height"},{"text":"1.0 "},{"translate":"serp.weight"},{"text":"29.0 "},{"text":"\n"},{"translate":"serp.getting"},{"translate":"serp.evolve"},{"text":"\n"},{"text":"\n"},{"translate":"vaporeon.info"}]},
        "on_open_commands":[
    "/playsound mob.vaporeon.idle @p"
                ]
            },
			{
		"scene_tag":"p135",
		"npc_name":{"rawtext":[{"text":"dex.135t1_00t2_04"}]},
         "text":{"rawtext":[{"translate":"serp.height"},{"text":"0.8 "},{"translate":"serp.weight"},{"text":"24.5 "},{"text":"\n"},{"translate":"serp.getting"},{"translate":"serp.evolve"},{"text":"\n"},{"text":"\n"},{"translate":"jolteon.info"}]},
        "on_open_commands":[
    "/playsound mob.jolteon.idle @p"
                ]
            },
			{
		"scene_tag":"p136",
		"npc_name":{"rawtext":[{"text":"dex.136t1_00t2_07"}]},
         "text":{"rawtext":[{"translate":"serp.height"},{"text":"0.9 "},{"translate":"serp.weight"},{"text":"25.0 "},{"text":"\n"},{"translate":"serp.getting"},{"translate":"serp.evolve"},{"text":"\n"},{"text":"\n"},{"translate":"flareon.info"}]},
        "on_open_commands":[
    "/playsound mob.flareon.idle @p"
                ]
            },
			{
		"scene_tag":"p138",
		"npc_name":{"rawtext":[{"text":"dex.138t1_16t2_18"}]},
         "text":{"rawtext":[{"translate":"serp.height"},{"text":"0.4 "},{"translate":"serp.weight"},{"text":"7.5 "},{"text":"\n"},{"translate":"serp.getting"},{"translate":"serp.revive_f"},{"text":"\n"},{"text":"\n"},{"translate":"omanyte.info"}]},
        "on_open_commands":[
    "/playsound mob.omanyte.idle @p"
                ]
            },
			{
		"scene_tag":"p139",
		"npc_name":{"rawtext":[{"text":"dex.139t1_16t2_18"}]},
         "text":{"rawtext":[{"translate":"serp.height"},{"text":"1.0 "},{"translate":"serp.weight"},{"text":"35.0 "},{"text":"\n"},{"translate":"serp.getting"},{"translate":"serp.evolve"},{"text":"\n"},{"text":"\n"},{"translate":"omastar.info"}]},
        "on_open_commands":[
    "/playsound mob.omastar.idle @p"
                ]
            },
			{
		"scene_tag":"p140",
		"npc_name":{"rawtext":[{"text":"dex.140t1_16t2_18"}]},
         "text":{"rawtext":[{"translate":"serp.height"},{"text":"0.5 "},{"translate":"serp.weight"},{"text":"11.5 "},{"text":"\n"},{"translate":"serp.getting"},{"translate":"serp.revive_f"},{"text":"\n"},{"text":"\n"},{"translate":"kabuto.info"}]},
        "on_open_commands":[
    "/playsound mob.kabuto.idle @p"
                ]
            },
			{
		"scene_tag":"p141",
		"npc_name":{"rawtext":[{"text":"dex.141t1_16t2_18"}]},
         "text":{"rawtext":[{"translate":"serp.height"},{"text":"1.3 "},{"translate":"serp.weight"},{"text":"40.5 "},{"text":"\n"},{"translate":"serp.getting"},{"translate":"serp.evolve"},{"text":"\n"},{"text":"\n"},{"translate":"kabutops.info"}]},
        "on_open_commands":[
    "/playsound mob.kabutops.idle @p"
                ]
            },
			{
		"scene_tag":"p142",
		"npc_name":{"rawtext":[{"text":"dex.142t1_16t2_08"}]},
         "text":{"rawtext":[{"translate":"serp.height"},{"text":"1.8 "},{"translate":"serp.weight"},{"text":"59.0 "},{"text":"\n"},{"translate":"serp.getting"},{"translate":"serp.revive_f"},{"text":"\n"},{"text":"\n"},{"translate":"aerodactyl.info"}]},
        "on_open_commands":[
    "/playsound mob.aerodactyl.idle @p"
                ]
            },
			{
		"scene_tag":"p143",
		"npc_name":{"rawtext":[{"text":"dex.143t1_00t2_13"}]},
         "text":{"rawtext":[{"translate":"serp.height"},{"text":"2.1 "},{"translate":"serp.weight"},{"text":"460.0 "},{"text":"\n"},{"translate":"serp.biome"},{"translate":"serp.plains"},{"text":"\n"},{"text":"\n"},{"translate":"snorlax.info"}]},
        "on_open_commands":[
    "/playsound mob.snorlax.idle @p"
                ]
            },
			{
		"scene_tag":"p144",
		"npc_name":{"rawtext":[{"text":"dex.144t1_12t2_08"}]},
         "text":{"rawtext":[{"translate":"serp.height"},{"text":"1.7 "},{"translate":"serp.weight"},{"text":"55.4 "},{"text":"\n"},{"translate":"serp.getting"},{"translate":"serp.mission"},{"text":"\n"},{"text":"\n"},{"translate":"articuno.info"}]},
        "on_open_commands":[
    "/playsound mob.articuno.idle @p"
                ]
            },
			{
		"scene_tag":"p145",
		"npc_name":{"rawtext":[{"text":"dex.145t1_04t2_08"}]},
         "text":{"rawtext":[{"translate":"serp.height"},{"text":"1.6 "},{"translate":"serp.weight"},{"text":"52.6 "},{"text":"\n"},{"translate":"serp.getting"},{"translate":"serp.mission"},{"text":"\n"},{"text":"\n"},{"translate":"zapdos.info"}]},
        "on_open_commands":[
    "/playsound mob.zapdos.idle @p"
                ]
            },
			{
		"scene_tag":"p146",
		"npc_name":{"rawtext":[{"text":"dex.146t1_07t2_08"}]},
         "text":{"rawtext":[{"translate":"serp.height"},{"text":"2.0 "},{"translate":"serp.weight"},{"text":"60.0 "},{"text":"\n"},{"translate":"serp.getting"},{"translate":"serp.mission"},{"text":"\n"},{"text":"\n"},{"translate":"moltres.info"}]},
        "on_open_commands":[
    "/playsound mob.moltres.idle @p"
                ]
            },
			{
		"scene_tag":"pxdxd",
		"npc_name":{"rawtext":[{"text":"entity.serp:xdxd.name"}]},
         "text":{"rawtext":[{"translate":"serp.height"},{"text":"0 "},{"translate":"serp.weight"},{"text":"0 "},{"text":"\n"},{"translate":"serp.biome"},{"translate":"serp.birch"},{"translate":"serp.birch"},{"text":"\n"},{"text":"\n"},{"translate":"xdxd.info"}]},
        "on_open_commands":[
    "/playsound mob.xdxd.idle @p"
                ]
            }

		]
	}
}
