{
	"format_version":"1.19.30",
  "minecraft:block":{
    "description":{
      "identifier":"serp:poke_ore_block",
	    "register_to_creative_menu":true,
	    "is_experimental":false
    },
	  "components":{
	    "minecraft:material_instances":{
		    "*":{
	        "texture":"poke_ore",
	        "render_method":"alpha_test",
          "ambient_occlusion":false,
          "face_dimming":true
		    }
	    },
	    "minecraft:geometry":"geometry.serp_rock",
	    "minecraft:placement_filter":{"conditions":[{"allowed_faces":["up"]}]},
      "minecraft:queued_ticking":{"interval_range":[250,500],"on_tick":{"condition":1,"event":"serp:despawn"}},
      "minecraft:block_light_filter":5,
      "minecraft:destructible_by_mining":{"seconds_to_destroy":4},
      "minecraft:on_player_destroyed":{"event":"serp:break"},
      "minecraft:loot":"loot_tables/poke_ore.json"
	  },
    "events":{
"serp:break":{"randomize":[{"weight":80},{"weight":20,"run_command":{"command":["summon serp:geodude ~~0.5~"]}}]},
"serp:despawn":{"run_command":{"command":["setblock ~~~ air"]}}
    }
  }
}