{
  "format_version": "1.16.0",
  "minecraft:entity": {
    "description": {
      "identifier": "serp:despawn",
      "is_spawnable": false,
      "is_summonable": false,
      "is_experimental": false,
      "scripts": {"animate": ["1"]},
      "animations": {"1": "controller.animation.despawn"}
			},
    "component_groups": {
      "despawn": {
    "minecraft:instant_despawn":{}
      }
    },
    "components":{
      "minecraft:despawn":{"despawn_from_distance":{}}
    },
    "events": {
      "despawn": {
    "add": {
    "component_groups": ["despawn"]}}
    }
  }
}