{
  "format_version":"1.16.0",
  "minecraft:entity":{
    "description":{
      "identifier":"serp:dialogue",
      "is_spawnable":false,
      "is_summonable":true,
      "is_experimental":false
			},
    "component_groups":{
  "despawn":{"minecraft:instant_despawn":{}}
    },
    "components":{
      "minecraft:scheduler":{
        "scheduled_events":[
{"filters":{"test":"distance_to_nearest_player","operator":">","value":2},"event":"despawn"}
        ]
      },
    "minecraft:npc":{
        "npc_data":{}},
      "minecraft:collision_box":{"width":0.1,"height":0.1},
      "minecraft:damage_sensor":{
"triggers":{"cause":"all","deals_damage":false}
      },
      "minecraft:pushable":{"is_pushable":false,"is_pushable_by_piston":false},
      "minecraft:fire_immune":true,
      "minecraft:psychics":{}
    },
    "events":{
"despawn":{"add":{"component_groups":["despawn"]}}
    }
  }
}