{
	"format_version": "1.12.0",
	"minecraft:geometry": [
		{
			"description": {
				"identifier": "geometry.serpgengar",
				"texture_width": 64,
				"texture_height": 64,
				"visible_bounds_width": 3,
				"visible_bounds_height": 2.5,
				"visible_bounds_offset": [0, 0.75, 0]
			},
			"bones": [
				{
					"name": "gengar",
					"pivot": [0, 0, 0]
				},
				{
					"name": "pokedex",
					"pivot": [0, 28, 0],
					"locators": {
						"pokedex": [0, 28, 0]
					}
				},
				{
					"name": "body_root",
					"parent": "gengar",
					"pivot": [0, 2, 0]
				}, 
				{
					"name": "body",
					"parent": "body_root",
					"pivot": [0, 4, 0],
					"cubes": [
						{"origin": [-5, 2, -5], "size": [10, 11, 9], "uv": [0, 0]}, 
						{"origin": [-3, 2, 4], "size": [6, 0, 4], "pivot": [0, 2, 4], "rotation": [-30, 0, 0], "uv": [35, 17]}, 
						{"origin": [0, 1.5, 3.5], "size": [0, 12, 4], "uv": [21, 38]}, 
						{"origin": [-3, 3, 4.5], "size": [0, 8, 3], "pivot": [-3, 4, 4], "rotation": [0, -35, 0], "uv": [0, 43]}, 
						{"origin": [3, 3, 4.5], "size": [0, 8, 3], "pivot": [3, 4, 4], "rotation": [0, 35, 0], "uv": [0, 43], "mirror": true}, 
						{"origin": [-6, 14, -2.5], "size": [4, 6.8, 0], "pivot": [-2, 13, -2.5], "rotation": [-30, 0, -40], "uv": [0, 0]}, 
						{"origin": [2, 14, -2.5], "size": [4, 6.8, 0], "pivot": [2, 13, -2.5], "rotation": [-30, 0, 40], "uv": [0, 0], "mirror": true}, 
						{"origin": [-4.5, 12.5, -4.5], "size": [9, 1, 8], "uv": [0, 21]}, 
						{"origin": [-4.5, 1.5, -4.5], "size": [9, 1, 8], "uv": [0, 21]}, 
						{"origin": [-3.5, 13.5, -1.5], "size": [7, 4, 0], "pivot": [0, 13.5, -1.5], "rotation": [-45, 0, 0], "uv": [30, 42]}, 
						{"origin": [4.5, 2.5, -4.5], "size": [1, 10, 8], "uv": [27, 23]}, 
						{"origin": [-5.5, 2.5, -4.5], "size": [1, 10, 8], "uv": [27, 23]}, 
						{"origin": [-4.5, 2.5, -5.5], "size": [9, 10, 1], "uv": [0, 31]}, 
						{"origin": [-4.5, 2.5, 3.5], "size": [9, 10, 1], "uv": [0, 31]}, 
						{"origin": [-4.5, 4.5, -5.6], "size": [9, 8, 0], "uv": [30, 0]}
					]
				}, 
				{
					"name": "arms",
					"parent": "body_root",
					"pivot": [0, 8, 0]
				}, 
				{
					"name": "right_arm",
					"parent": "arms",
					"pivot": [-5, 9, -0.5],
					"rotation": [0, 0, -40],
					"cubes": [
						{"origin": [-9, 7, -2], "size": [4, 3, 3], "uv": [39, 9]}, 
						{"origin": [-10, 7, -2], "size": [1, 3, 3], "uv": [42, 44]}
					]
				}, 
				{
					"name": "left_arm",
					"parent": "arms",
					"pivot": [5, 9, -0.5],
					"rotation": [0, 0, 40],
					"cubes": [
						{"origin": [5, 7, -2], "size": [4, 3, 3], "uv": [39, 9], "mirror": true}, 
						{"origin": [9, 7, -2], "size": [1, 3, 3], "uv": [42, 44], "mirror": true}
					]
				}, 
				{
					"name": "legs",
					"parent": "gengar",
					"pivot": [0, 2, 0]
				}, 
				{
					"name": "right_leg",
					"parent": "legs",
					"pivot": [-4, 2, 0],
					"cubes": [
						{"origin": [-5, 0, -2], "size": [4, 3, 4], "uv": [38, 22]}, 
						{"origin": [-5, 0.1, -4], "size": [4, 0, 2], "uv": [4, 43]}, 
						{"origin": [-4.5, 0.5, -2.5], "size": [3, 2, 1], "uv": [46, 30]}, 
						{"origin": [-5.5, 0.5, -1.5], "size": [1, 2, 3], "uv": [7, 46]}
					]
				}, 
				{
					"name": "left_leg",
					"parent": "legs",
					"pivot": [4, 2, 0],
					"cubes": [
						{"origin": [1, 0, -2], "size": [4, 3, 4], "uv": [38, 22], "mirror": true}, 
						{"origin": [1, 0.1, -4], "size": [4, 0, 2], "uv": [4, 43], "mirror": true}, 
						{"origin": [1.5, 0.5, -2.5], "size": [3, 2, 1], "uv": [46, 30], "mirror": true}, 
						{"origin": [4.5, 0.5, -1.5], "size": [1, 2, 3], "uv": [7, 46], "mirror": true}
					]
				}
			]
		},
		{
			"description": {
				"identifier": "geometry.serpgengar_mega",
				"texture_width": 80,
				"texture_height": 80,
				"visible_bounds_width": 3,
				"visible_bounds_height": 2.5,
				"visible_bounds_offset": [0, 0.75, 0]
			},
			"bones": [
				{
					"name": "gengar",
					"pivot": [0, 0, 0]
				},
				{
					"name": "body_root",
					"parent": "gengar",
					"pivot": [0, 0, 2]
				},
				{
					"name": "body",
					"parent": "body_root",
					"pivot": [0, 4, 2],
					"cubes": [
						{"origin": [-4.5, 1, -3], "size": [9, 11, 9], "uv": [0, 0]},
						{"origin": [-5, 5, 6], "size": [10, 0, 4], "pivot": [0, 5, 6], "rotation": [-25, 0, 0], "uv": [36, 32]},
						{"origin": [-5, 12, 6], "size": [10, 0, 4], "pivot": [0, 12, 6], "rotation": [25, 0, 0], "uv": [36, 32]},
						{"origin": [-6, 11, 5.5], "size": [12, 0, 5], "uv": [28, 0]},
						{"origin": [-6, 9, 5.5], "size": [12, 0, 5], "uv": [28, 0]},
						{"origin": [-6, 7, 5.5], "size": [12, 0, 5], "uv": [28, 0]},
						{"origin": [-7.5, 11, 0.5], "size": [5, 12, 0], "pivot": [-2, 13, -0.5], "rotation": [-40, 0, -40], "uv": [21, 50]},
						{"origin": [2.5, 11, 0.5], "size": [5, 12, 0], "pivot": [2, 13, -0.5], "rotation": [-40, 0, 40], "uv": [21, 50], "mirror": true},
						{"origin": [-4, 11.5, -2.5], "size": [8, 1, 8], "uv": [0, 30]},
						{"origin": [-4, 0, -2.5], "size": [8, 1, 8], "uv": [27, 22]},
						{"origin": [-4.5, 1.5, 6], "size": [9, 0, 8], "pivot": [0, 1, 6], "rotation": [25, 0, 0], "uv": [0, 21]},
						{"origin": [-2.5, 12.5, 0.5], "size": [5, 6, 0], "pivot": [0, 12.5, 0.5], "rotation": [-45, 0, 0], "uv": [32, 53]},
						{"origin": [-5, 2.5, -2.5], "size": [1, 9, 8], "uv": [25, 32]},
						{"origin": [4, 2.5, -2.5], "size": [1, 9, 8], "uv": [25, 32]},
						{"origin": [-4.00559, -0.01299, -2.5], "size": [1, 2.69, 8], "inflate": -0.01, "pivot": [-4.00559, -0.01299, 1.99], "rotation": [0, 0, -21.7], "uv": [36, 42]},
						{"origin": [3.00559, -0.01299, -2.5], "size": [1, 2.69, 8], "inflate": -0.01, "pivot": [4.00559, -0.01299, 1.99], "rotation": [0, 0, 21.7], "uv": [36, 42], "mirror": true},
						{"origin": [-4.5, 2.5, -3.5], "size": [9, 9, 1], "uv": [0, 40]},
						{"origin": [-4.5, 2.5, 5.5], "size": [9, 9, 1], "uv": [0, 40]},
						{"origin": [-4.5, 4, -3.6], "size": [9, 8, 0], "uv": [47, 37]}
					]
				},
				{
					"name": "arms",
					"parent": "body_root",
					"pivot": [0, 8, 0],
					"rotation": [-45, 0, 0]
				},
				{
					"name": "right_arm",
					"parent": "arms",
					"pivot": [-5, 8, 1],
					"rotation": [0, 0, -15],
					"cubes": [
						{"origin": [-6, 0, 0], "size": [2, 8, 2], "uv": [52, 19]},
						{"origin": [-7.5, -3, -1.5], "size": [5, 7, 5], "uv": [37, 6]},
						{"origin": [-7, -3.5, -1], "size": [4, 1, 4], "uv": [0, 51]}
					]
				},
				{
					"name": "left_arm",
					"parent": "arms",
					"pivot": [5, 8, 1],
					"rotation": [0, 0, 15],
					"cubes": [
						{"origin": [4, 0, 0], "size": [2, 8, 2], "uv": [52, 19], "mirror": true},
						{"origin": [2.5, -3, -1.5], "size": [5, 7, 5], "uv": [37, 6], "mirror": true},
						{"origin": [3, -3.5, -1], "size": [4, 1, 4], "uv": [0, 51], "mirror": true}
					]
				}
			]
		},
		{
			"description": {
				"identifier": "geometry.serpgengar_aura",
				"texture_width": 64,
				"texture_height": 64,
				"visible_bounds_width": 3,
				"visible_bounds_height": 2.5,
				"visible_bounds_offset": [0, 0.75, 0]
			},
			"bones": [
				{
					"name": "gengar",
					"pivot": [0, 0, 0]
				},
				{
					"name": "body_root",
					"parent": "gengar",
					"pivot": [0, 2, 0]
				},
				{
					"name": "body",
					"parent": "body_root",
					"pivot": [0, 4, 0],
					"cubes": [
						{"origin": [-5, 2, -5], "size": [10, 11, 9], "inflate": 0.25, "uv": [0, 0]},
						{"origin": [-3, 2, 4], "size": [6, 0, 4], "inflate": 0.25, "pivot": [0, 2, 4], "rotation": [-30, 0, 0], "uv": [35, 17]},
						{"origin": [0, 1.5, 3.5], "size": [0, 12, 4], "inflate": 0.25, "uv": [21, 38]},
						{"origin": [-3, 3, 4.5], "size": [0, 8, 3], "inflate": 0.25, "pivot": [-3, 4, 4], "rotation": [0, -35, 0], "uv": [0, 43]},
						{"origin": [3, 3, 4.5], "size": [0, 8, 3], "inflate": 0.25, "pivot": [3, 4, 4], "rotation": [0, 35, 0], "uv": [0, 43], "mirror": true},
						{"origin": [-6, 14, -2.5], "size": [4, 6.8, 0], "inflate": 0.25, "pivot": [-2, 13, -2.5], "rotation": [-30, 0, -40], "uv": [0, 0]},
						{"origin": [2, 14, -2.5], "size": [4, 6.8, 0], "inflate": 0.25, "pivot": [2, 13, -2.5], "rotation": [-30, 0, 40], "uv": [0, 0], "mirror": true},
						{"origin": [-4.5, 12.5, -4.5], "size": [9, 1, 8], "inflate": 0.25, "uv": [0, 21]},
						{"origin": [-4.5, 1.5, -4.5], "size": [9, 1, 8], "inflate": 0.25, "uv": [0, 21]},
						{"origin": [-3.5, 13.5, -1.5], "size": [7, 4, 0], "inflate": 0.25, "pivot": [0, 13.5, -1.5], "rotation": [-45, 0, 0], "uv": [30, 42]},
						{"origin": [4.5, 2.5, -4.5], "size": [1, 10, 8], "inflate": 0.25, "uv": [27, 23]},
						{"origin": [-5.5, 2.5, -4.5], "size": [1, 10, 8], "inflate": 0.25, "uv": [27, 23]},
						{"origin": [-4.5, 2.5, -5.5], "size": [9, 10, 1], "inflate": 0.25, "uv": [0, 31]},
						{"origin": [-4.5, 2.5, 3.5], "size": [9, 10, 1], "inflate": 0.25, "uv": [0, 31]},
						{"origin": [-4.5, 4.5, -5.6], "size": [9, 8, 0], "inflate": 0.25, "uv": [30, 0]}
					]
				},
				{
					"name": "arms",
					"parent": "body_root",
					"pivot": [0, 8, 0]
				},
				{
					"name": "right_arm",
					"parent": "arms",
					"pivot": [-5, 9, -0.5],
					"rotation": [0, 0, -40],
					"cubes": [
						{"origin": [-9, 7, -2], "size": [4, 3, 3], "inflate": 0.25, "uv": [39, 9]},
						{"origin": [-10, 7, -2], "size": [1, 3, 3], "inflate": 0.25, "uv": [42, 44]}
					]
				},
				{
					"name": "left_arm",
					"parent": "arms",
					"pivot": [5, 9, -0.5],
					"rotation": [0, 0, 40],
					"cubes": [
						{"origin": [5, 7, -2], "size": [4, 3, 3], "inflate": 0.25, "uv": [39, 9], "mirror": true},
						{"origin": [9, 7, -2], "size": [1, 3, 3], "inflate": 0.25, "uv": [42, 44], "mirror": true}
					]
				},
				{
					"name": "legs",
					"parent": "gengar",
					"pivot": [0, 2, 0]
				},
				{
					"name": "right_leg",
					"parent": "legs",
					"pivot": [-4, 2, 0],
					"cubes": [
						{"origin": [-5, 0, -2], "size": [4, 3, 4], "inflate": 0.25, "uv": [38, 22]},
						{"origin": [-5, 0.1, -4], "size": [4, 0, 2], "inflate": 0.25, "uv": [4, 43]},
						{"origin": [-4.5, 0.5, -2.5], "size": [3, 2, 1], "inflate": 0.25, "uv": [46, 30]},
						{"origin": [-5.5, 0.5, -1.5], "size": [1, 2, 3], "inflate": 0.25, "uv": [7, 46]}
					]
				},
				{
					"name": "left_leg",
					"parent": "legs",
					"pivot": [4, 2, 0],
					"cubes": [
						{"origin": [1, 0, -2], "size": [4, 3, 4], "inflate": 0.25, "uv": [38, 22], "mirror": true},
						{"origin": [1, 0.1, -4], "size": [4, 0, 2], "inflate": 0.25, "uv": [4, 43], "mirror": true},
						{"origin": [1.5, 0.5, -2.5], "size": [3, 2, 1], "inflate": 0.25, "uv": [46, 30], "mirror": true},
						{"origin": [4.5, 0.5, -1.5], "size": [1, 2, 3], "inflate": 0.25, "uv": [7, 46], "mirror": true}
					]
				},
				{
					"name": "pokedex",
					"pivot": [0, 28, 0],
					"locators": {
						"pokedex": [0, 28, 0]
					}
				}
			]
		}
	]
}