{
	"format_version": "1.12.0",
	"minecraft:geometry": [
		{
			"description": {
				"identifier": "geometry.serpgastly",
				"texture_width": 48,
				"texture_height": 48,
				"visible_bounds_width": 3,
				"visible_bounds_height": 2.5,
				"visible_bounds_offset": [0, 0.75, 0]
			},
			"bones": [
				{
					"name": "gaslty",
					"pivot": [0, 0, 0]
				},
				{
					"name": "pokedex",
					"pivot": [0, 27, 0],
					"locators": {
						"pokedex": [0, 27, 0]
					}
				},
				{
					"name": "head",
					"parent": "gaslty",
					"pivot": [0, 5, 0],
					"cubes": [
						{"origin": [-4, 1, -4], "size": [8, 8, 8], "uv": [0, 0]},
						{"origin": [-3.5, 8.5, -3.5], "size": [7, 1, 7], "uv": [0, 17]},
						{"origin": [-3.5, 0.5, -3.5], "size": [7, 1, 7], "uv": [0, 17]},
						{"origin": [-3.5, 1.5, -4.5], "size": [7, 7, 1], "uv": [0, 26]},
						{"origin": [-3.5, 1.5, 3.5], "size": [7, 7, 1], "uv": [0, 26]},
						{"origin": [-5.5, 4, -5.5], "size": [5, 5, 0], "pivot": [-0.5, 6, -5.5], "rotation": [0, 17.5, 0], "uv": [26, 0]},
						{"origin": [0.5, 4, -5.5], "size": [5, 5, 0], "pivot": [0.5, 6, -5.5], "rotation": [0, -17.5, 0], "uv": [26, 0], "mirror": true},
						{"origin": [-4.5, 1.5, -3.5], "size": [1, 7, 7], "uv": [22, 19]},
						{"origin": [3.5, 1.5, -3.5], "size": [1, 7, 7], "uv": [22, 19]}
					]
				},
				{
					"name": "smoke",
					"parent": "gaslty",
					"pivot": [0, 5, 0],
					"rotation": [110, 0, 0],
					"locators": {
						"smoke": [0, 5, 0]
					}
				}
			]
		},
		{
			"description": {
				"identifier": "geometry.serpgastly_aura",
				"texture_width": 48,
				"texture_height": 48,
				"visible_bounds_width": 3,
				"visible_bounds_height": 2.5,
				"visible_bounds_offset": [0, 0.75, 0]
			},
			"bones": [
				{
					"name": "gaslty",
					"pivot": [0, 0, 0]
				},
				{
					"name": "head",
					"parent": "gaslty",
					"pivot": [0, 5, 0],
					"cubes": [
						{"origin": [-4, 1, -4], "size": [8, 8, 8], "inflate": 0.25, "uv": [0, 0]},
						{"origin": [-3.5, 8.5, -3.5], "size": [7, 1, 7], "inflate": 0.25, "uv": [0, 17]},
						{"origin": [-3.5, 0.5, -3.5], "size": [7, 1, 7], "inflate": 0.25, "uv": [0, 17]},
						{"origin": [-3.5, 1.5, -4.5], "size": [7, 7, 1], "inflate": 0.25, "uv": [0, 26]},
						{"origin": [-3.5, 1.5, 3.5], "size": [7, 7, 1], "inflate": 0.25, "uv": [0, 26]},
						{"origin": [-5.5, 4, -5.5], "size": [5, 5, 0], "inflate": 0.25, "pivot": [-0.5, 6, -5.5], "rotation": [0, 17.5, 0], "uv": [26, 0]},
						{"origin": [0.5, 4, -5.5], "size": [5, 5, 0], "inflate": 0.25, "pivot": [0.5, 6, -5.5], "rotation": [0, -17.5, 0], "uv": [26, 0], "mirror": true},
						{"origin": [-4.5, 1.5, -3.5], "size": [1, 7, 7], "inflate": 0.25, "uv": [22, 19]},
						{"origin": [3.5, 1.5, -3.5], "size": [1, 7, 7], "inflate": 0.25, "uv": [22, 19]}
					]
				},
				{
					"name": "smoke",
					"parent": "gaslty",
					"pivot": [0, 5, 0],
					"rotation": [110, 0, 0],
					"locators": {
						"smoke": [0, 5, 0]
					}
				},
				{
					"name": "pokedex",
					"pivot": [0, 27, 0],
					"locators": {
						"pokedex": [0, 27, 0]
					}
				}
			]
		}
	]
}