{
  "format_version":"1.10.0",
  "minecraft:client_entity":{
    "description":{
      "identifier":"pokemon:p77",
      "materials":{"default":"entity_emissive_alpha","aura":"charged_creeper"},
      "textures":{
    "hp":"textures/ui/hp",
    "evo_aura":"textures/entity/aura/evolve",
    "max_aura":"textures/entity/aura/max",
    "default":"textures/entity/normal/ponyta/ponyta",
    "default_s":"textures/entity/shiny/ponyta/ponyta",
    "evolve":"textures/entity/evolving",
    "max":"textures/entity/normal/ponyta/ponyta",
    "max_s":"textures/entity/shiny/ponyta/ponyta"
      },
      "geometry":{
    "hp":"geometry.health_bar",
    "aura":"geometry.serpponyta_aura",
    "default":"geometry.serpponyta",
    "max":"geometry.serpponyta"
      },
      "animations":{
    "health_bar":"animation.ponyta.health_bar",
    "eyes_controller":"controller.animation.eyes",
    "open":"animation.serpmob.open",
    "close":"animation.serpmob.close",
    "angry":"animation.serpmob.angry",
    "fainted":"animation.serpmob.fainted",
    "quiet":"animation.ponyta.quiet",
    "walk":"animation.ponyta.walk",
    "sit":"animation.ponyta.sitting",
    "attack":"animation.ponyta.attack",
    "jump":"animation.ponyta.jump",
    "swimming":"animation.ponyta.swimming",
    "look_at_target":"animation.common.look_at_target",
    "main_controller":"controller.animation.pokemon_ground",
    "effects_controller":"controller.animation.firehorse_effects",
    "firehorse_controller":"controller.animation.ponyta_fire"
      },
      "particle_effects":{
    "shiny":"serp:shiny",
    "t_f":"serp:tiny_flame",
    "m_f":"serp:medium_flame",
    "b_f":"serp:big_flame",
    "t_f_s":"serp:tiny_flame_blue",
    "m_f_s":"serp:medium_flame_blue",
    "b_f_s":"serp:big_flame_blue",
    "evolve":"serp:evolve"
      },
      "scripts":{
        "scale":"1",
        "animate":["effects_controller","main_controller"]
      },
      "render_controllers":[{"controller.render.pokemon_ev":"query.property('serp:v')>=0&&query.property('serp:v')<=2"},{"controller.render.pokemons_ev":"query.property('serp:v')>=3&&query.property('serp:v')<=5"},{"controller.render.evolve":"query.variant==1"},{"controller.render.max":"query.variant==4"},"controller.render.hp"]
    }
  }
}