{
  "format_version":"1.10.0",
  "minecraft:client_entity":{
    "description":{
      "identifier":"pokemon:p78",
      "materials":{"default":"entity_emissive_alpha","aura":"charged_creeper"},
      "textures":{
    "hp":"textures/ui/hp",
    "max_aura":"textures/entity/aura/max",
    "totem_aura":"textures/entity/aura/totem",
    "default":"textures/entity/normal/ponyta/rapidash",
    "default_s":"textures/entity/shiny/ponyta/rapidash",
    "max":"textures/entity/normal/ponyta/rapidash",
    "max_s":"textures/entity/shiny/ponyta/rapidash"
      },
      "geometry":{
    "hp":"geometry.health_bar",
    "aura":"geometry.serprapidash_aura",
    "default":"geometry.serprapidash",
    "max":"geometry.serprapidash"
      },
      "animations":{
    "health_bar":"animation.rapidash.health_bar",
    "eyes_controller":"controller.animation.eyes",
    "open":"animation.serpmob.open",
    "close":"animation.serpmob.close",
    "angry":"animation.serpmob.angry",
    "fainted":"animation.serpmob.fainted",
    "quiet":"animation.rapidash.quiet",
    "walk":"animation.rapidash.walk",
    "sit":"animation.rapidash.sitting",
    "attack":"animation.rapidash.attack",
    "jump":"animation.rapidash.jump",
    "swimming":"animation.rapidash.swimming",
    "look_at_target":"animation.common.look_at_target",
    "main_controller":"controller.animation.pokemon_ground",
    "effects_controller":"controller.animation.firehorse_effects",
    "firehorse_controller":"controller.animation.rapidash_fire"
      },
      "particle_effects":{
    "shiny":"serp:shiny",
    "t_f":"serp:tiny_flame",
    "m_f":"serp:medium_flame",
    "v_b_f":"serp:very_big_flame",
    "t_f_s":"serp:tiny_flame_gray",
    "m_f_s":"serp:medium_flame_gray",
    "v_b_f_s":"serp:very_big_flame_gray"
      },
      "scripts":{
        "scale":"1",
        "animate":["effects_controller","main_controller"]
      },
      "render_controllers":[{"controller.render.pokemon_a":"query.property('serp:v')>=0&&query.property('serp:v')<=2"},{"controller.render.pokemons_a":"query.property('serp:v')>=3&&query.property('serp:v')<=5"},{"controller.render.max":"query.variant==4"},{"controller.render.totem":"query.variant==6"},"controller.render.hp"]
    }
  }
}