{
	"format_version": "1.17.0",
	"minecraft:npc_dialogue":{
		"scenes":[
			{
		"scene_tag":"p252",
		"npc_name":{"rawtext":[{"text":"dex.252t1_00t2_10"}]},
         "text":{"rawtext":[{"translate":"serp.height"},{"text":"0.5 "},{"translate":"serp.weight"},{"text":"5.0 "},{"text":"\n"},{"translate":"serp.biome"},{"translate":"serp.jungle"},{"text":"\n"},{"text":"\n"},{"translate":"treecko.info"}]},
        "on_open_commands":[
    "/playsound mob.treecko.idle @p"
                ]
            },
			{
		"scene_tag":"p253",
		"npc_name":{"rawtext":[{"text":"dex.253t1_00t2_10"}]},
         "text":{"rawtext":[{"translate":"serp.height"},{"text":"0.9 "},{"translate":"serp.weight"},{"text":"21.6 "},{"text":"\n"},{"translate":"serp.biome"},{"translate":"serp.jungle"},{"text":"\n"},{"text":"\n"},{"translate":"grovyle.info"}]},
        "on_open_commands":[
    "/playsound mob.grovyle.idle @p"
                ]
            },
			{
		"scene_tag":"p254",
		"npc_name":{"rawtext":[{"text":"dex.254t1_00t2_10"}]},
         "text":{"rawtext":[{"translate":"serp.height"},{"text":"1.7 "},{"translate":"serp.weight"},{"text":"52.2 "},{"text":"\n"},{"translate":"serp.biome"},{"translate":"serp.jungle"},{"text":"\n"},{"text":"\n"},{"translate":"sceptile.info"}]},
        "on_open_commands":[
    "/playsound mob.sceptile.idle @p"
                ]
            },
			{
		"scene_tag":"p255",
		"npc_name":{"rawtext":[{"text":"dex.255t1_00t2_07"}]},
         "text":{"rawtext":[{"translate":"serp.height"},{"text":"0.4 "},{"translate":"serp.weight"},{"text":"2.5 "},{"text":"\n"},{"translate":"serp.biome"},{"translate":"serp.mesa"},{"text":"\n"},{"text":"\n"},{"translate":"torchic.info"}]},
        "on_open_commands":[
    "/playsound mob.torchic.idle @p"
                ]
            },
			{
		"scene_tag":"p256",
		"npc_name":{"rawtext":[{"text":"dex.256t1_00t2_07"}]},
         "text":{"rawtext":[{"translate":"serp.height"},{"text":"0.9 "},{"translate":"serp.weight"},{"text":"19.5 "},{"text":"\n"},{"translate":"serp.biome"},{"translate":"serp.mesa"},{"text":"\n"},{"text":"\n"},{"translate":"combusken.info"}]},
        "on_open_commands":[
    "/playsound mob.combusken.idle @p"
                ]
            },
			{
		"scene_tag":"p257",
		"npc_name":{"rawtext":[{"text":"dex.257t1_07t2_06"}]},
         "text":{"rawtext":[{"translate":"serp.height"},{"text":"1.9 "},{"translate":"serp.weight"},{"text":"52.0 "},{"text":"\n"},{"translate":"serp.biome"},{"translate":"serp.mesa"},{"text":"\n"},{"text":"\n"},{"translate":"blaziken.info"}]},
        "on_open_commands":[
    "/playsound mob.blaziken.idle @p"
                ]
            },
			{
		"scene_tag":"p258",
		"npc_name":{"rawtext":[{"text":"dex.258t1_00t2_18"}]},
         "text":{"rawtext":[{"translate":"serp.height"},{"text":"0.4 "},{"translate":"serp.weight"},{"text":"7.6 "},{"text":"\n"},{"translate":"serp.biome"},{"translate":"serp.swamp"},{"text":"\n"},{"text":"\n"},{"translate":"mudkip.info"}]},
        "on_open_commands":[
    "/playsound mob.mudkip.idle @p"
                ]
            },
			{
		"scene_tag":"p259",
		"npc_name":{"rawtext":[{"text":"dex.259t1_18t2_11"}]},
         "text":{"rawtext":[{"translate":"serp.height"},{"text":"0.7 "},{"translate":"serp.weight"},{"text":"28.0 "},{"text":"\n"},{"translate":"serp.biome"},{"translate":"serp.swamp"},{"text":"\n"},{"text":"\n"},{"translate":"marshtomp.info"}]},
        "on_open_commands":[
    "/playsound mob.marshtomp.idle @p"
                ]
            },
			{
		"scene_tag":"p260",
		"npc_name":{"rawtext":[{"text":"dex.260t1_18t2_11"}]},
         "text":{"rawtext":[{"translate":"serp.height"},{"text":"1.5 "},{"translate":"serp.weight"},{"text":"81.9 "},{"text":"\n"},{"translate":"serp.biome"},{"translate":"serp.swamp"},{"text":"\n"},{"text":"\n"},{"translate":"swampert.info"}]},
        "on_open_commands":[
    "/playsound mob.swampert.idle @p"
                ]
            },
			{
		"scene_tag":"p261",
		"npc_name":{"rawtext":[{"text":"dex.261t1_00t2_02"}]},
         "text":{"rawtext":[{"translate":"serp.height"},{"text":"0.5 "},{"translate":"serp.weight"},{"text":"13.6 "},{"text":"\n"},{"translate":"serp.biome"},{"translate":"serp.any"},{"text":"\n"},{"text":"\n"},{"translate":"poochyena.info"}]},
        "on_open_commands":[
    "/playsound mob.poochyena.idle @p"
                ]
            },
			{
		"scene_tag":"p262",
		"npc_name":{"rawtext":[{"text":"dex.262t1_00t2_02"}]},
         "text":{"rawtext":[{"translate":"serp.height"},{"text":"1.0 "},{"translate":"serp.weight"},{"text":"37.0 "},{"text":"\n"},{"translate":"serp.biome"},{"translate":"serp.any"},{"text":"\n"},{"text":"\n"},{"translate":"mightyena.info"}]},
        "on_open_commands":[
    "/playsound mob.mightyena.idle @p"
                ]
            },
			{
		"scene_tag":"p263",
		"npc_name":{"rawtext":[{"text":"dex.263t1_00t2_13"}]},
         "text":{"rawtext":[{"translate":"serp.height"},{"text":"0.4 "},{"translate":"serp.weight"},{"text":"17.5 "},{"text":"\n"},{"translate":"serp.biome"},{"translate":"serp.any"},{"text":"\n"},{"text":"\n"},{"translate":"zigzagoon.info"}]},
        "on_open_commands":[
    "/playsound mob.zigzagoon.idle @p"
                ]
            },
			{
		"scene_tag":"p264",
		"npc_name":{"rawtext":[{"text":"dex.264t1_00t2_13"}]},
         "text":{"rawtext":[{"translate":"serp.height"},{"text":"0.5 "},{"translate":"serp.weight"},{"text":"32.5 "},{"text":"\n"},{"translate":"serp.biome"},{"translate":"serp.any"},{"text":"\n"},{"text":"\n"},{"translate":"linoone.info"}]},
        "on_open_commands":[
    "/playsound mob.linoone.idle @p"
                ]
            },
			{
		"scene_tag":"p265",
		"npc_name":{"rawtext":[{"text":"dex.265t1_00t2_01"}]},
         "text":{"rawtext":[{"translate":"serp.height"},{"text":"0.3 "},{"translate":"serp.weight"},{"text":"3.6 "},{"text":"\n"},{"translate":"serp.biome"},{"translate":"serp.forest"},{"text":"\n"},{"text":"\n"},{"translate":"wurmple.info"}]},
        "on_open_commands":[
    "/playsound mob.wurmple.idle @p"
                ]
            },
			{
		"scene_tag":"p266",
		"npc_name":{"rawtext":[{"text":"dex.266t1_00t2_01"}]},
         "text":{"rawtext":[{"translate":"serp.height"},{"text":"0.6 "},{"translate":"serp.weight"},{"text":"10.0 "},{"text":"\n"},{"translate":"serp.biome"},{"translate":"serp.forest"},{"text":"\n"},{"text":"\n"},{"translate":"silcoon.info"}]},
        "on_open_commands":[
    "/playsound mob.silcoon.idle @p"
                ]
            },
			{
		"scene_tag":"p267",
		"npc_name":{"rawtext":[{"text":"dex.267t1_01t2_08"}]},
         "text":{"rawtext":[{"translate":"serp.height"},{"text":"1.0 "},{"translate":"serp.weight"},{"text":"28.4 "},{"text":"\n"},{"translate":"serp.biome"},{"translate":"serp.forest"},{"text":"\n"},{"text":"\n"},{"translate":"beautifly.info"}]},
        "on_open_commands":[
    "/playsound mob.beautifly.idle @p"
                ]
            },
			{
		"scene_tag":"p268",
		"npc_name":{"rawtext":[{"text":"dex.268t1_00t2_01"}]},
         "text":{"rawtext":[{"translate":"serp.height"},{"text":"0.7 "},{"translate":"serp.weight"},{"text":"11.5 "},{"text":"\n"},{"translate":"serp.biome"},{"translate":"serp.forest"},{"text":"\n"},{"text":"\n"},{"translate":"cascoon.info"}]},
        "on_open_commands":[
    "/playsound mob.cascoon.idle @p"
                ]
            },
			{
		"scene_tag":"p269",
		"npc_name":{"rawtext":[{"text":"dex.269t1_01t2_14"}]},
         "text":{"rawtext":[{"translate":"serp.height"},{"text":"1.2 "},{"translate":"serp.weight"},{"text":"31.6 "},{"text":"\n"},{"translate":"serp.biome"},{"translate":"serp.forest"},{"text":"\n"},{"text":"\n"},{"translate":"dustox.info"}]},
        "on_open_commands":[
    "/playsound mob.dustox.idle @p"
                ]
            },
			{
		"scene_tag":"p270",
		"npc_name":{"rawtext":[{"text":"dex.270t1_18t2_10"}]},
         "text":{"rawtext":[{"translate":"serp.height"},{"text":"0.5 "},{"translate":"serp.weight"},{"text":"2.6 "},{"text":"\n"},{"translate":"serp.biome"},{"translate":"serp.river"},{"translate":"serp.swamp"},{"text":"\n"},{"text":"\n"},{"translate":"lotad.info"}]},
        "on_open_commands":[
    "/playsound mob.lotad.idle @p"
                ]
            },
			{
		"scene_tag":"p271",
		"npc_name":{"rawtext":[{"text":"dex.271t1_18t2_10"}]},
         "text":{"rawtext":[{"translate":"serp.height"},{"text":"1.2 "},{"translate":"serp.weight"},{"text":"32.5 "},{"text":"\n"},{"translate":"serp.biome"},{"translate":"serp.river"},{"translate":"serp.swamp"},{"text":"\n"},{"text":"\n"},{"translate":"lombre.info"}]},
        "on_open_commands":[
    "/playsound mob.lombre.idle @p"
                ]
            },
			{
		"scene_tag":"p272",
		"npc_name":{"rawtext":[{"text":"dex.272t1_18t2_10"}]},
         "text":{"rawtext":[{"translate":"serp.height"},{"text":"1.5 "},{"translate":"serp.weight"},{"text":"55.0 "},{"text":"\n"},{"translate":"serp.getting"},{"translate":"serp.evolve"},{"text":"\n"},{"text":"\n"},{"translate":"ludicolo.info"}]},
        "on_open_commands":[
    "/playsound mob.ludicolo.idle @p"
                ]
            },
			{
		"scene_tag":"p273",
		"npc_name":{"rawtext":[{"text":"dex.273t1_00t2_10"}]},
         "text":{"rawtext":[{"translate":"serp.height"},{"text":"0.5 "},{"translate":"serp.weight"},{"text":"4.0 "},{"text":"\n"},{"translate":"serp.biome"},{"translate":"serp.dark_f"},{"text":"\n"},{"text":"\n"},{"translate":"seedot.info"}]},
        "on_open_commands":[
    "/playsound mob.seedot.idle @p"
                ]
            },
			{
		"scene_tag":"p274",
		"npc_name":{"rawtext":[{"text":"dex.274t1_10t2_02"}]},
         "text":{"rawtext":[{"translate":"serp.height"},{"text":"1.0 "},{"translate":"serp.weight"},{"text":"28.0 "},{"text":"\n"},{"translate":"serp.biome"},{"translate":"serp.dark_f"},{"text":"\n"},{"text":"\n"},{"translate":"nuzleaf.info"}]},
        "on_open_commands":[
    "/playsound mob.nuzleaf.idle @p"
                ]
            },
			{
		"scene_tag":"p275",
		"npc_name":{"rawtext":[{"text":"dex.275t1_10t2_02"}]},
         "text":{"rawtext":[{"translate":"serp.height"},{"text":"1.3 "},{"translate":"serp.weight"},{"text":"59.6 "},{"text":"\n"},{"translate":"serp.getting"},{"translate":"serp.evolve"},{"text":"\n"},{"text":"\n"},{"translate":"shiftry.info"}]},
        "on_open_commands":[
    "/playsound mob.shiftry.idle @p"
                ]
            },
			{
		"scene_tag":"p276",
		"npc_name":{"rawtext":[{"text":"dex.276t1_13t2_08"}]},
         "text":{"rawtext":[{"translate":"serp.height"},{"text":"0.3 "},{"translate":"serp.weight"},{"text":"2.3 "},{"text":"\n"},{"translate":"serp.biome"},{"translate":"serp.any"},{"text":"\n"},{"text":"\n"},{"translate":"taillow.info"}]},
        "on_open_commands":[
    "/playsound mob.taillow.idle @p"
                ]
            },
			{
		"scene_tag":"p277",
		"npc_name":{"rawtext":[{"text":"dex.277t1_13t2_08"}]},
         "text":{"rawtext":[{"translate":"serp.height"},{"text":"0.7 "},{"translate":"serp.weight"},{"text":"19.8 "},{"text":"\n"},{"translate":"serp.biome"},{"translate":"serp.any"},{"text":"\n"},{"text":"\n"},{"translate":"swellow.info"}]},
        "on_open_commands":[
    "/playsound mob.swellow.idle @p"
                ]
            },
			{
		"scene_tag":"p278",
		"npc_name":{"rawtext":[{"text":"dex.278t1_18t2_08"}]},
         "text":{"rawtext":[{"translate":"serp.height"},{"text":"0.6 "},{"translate":"serp.weight"},{"text":"9.5 "},{"text":"\n"},{"translate":"serp.biome"},{"translate":"serp.beach"},{"text":"\n"},{"text":"\n"},{"translate":"wingull.info"}]},
        "on_open_commands":[
    "/playsound mob.wingull.idle @p"
                ]
            },
			{
		"scene_tag":"p279",
		"npc_name":{"rawtext":[{"text":"dex.279t1_18t2_08"}]},
         "text":{"rawtext":[{"translate":"serp.height"},{"text":"1.2 "},{"translate":"serp.weight"},{"text":"28.0 "},{"text":"\n"},{"translate":"serp.biome"},{"translate":"serp.beach"},{"text":"\n"},{"text":"\n"},{"translate":"pelipper.info"}]},
        "on_open_commands":[
    "/playsound mob.pelipper.idle @p"
                ]
            },
			{
		"scene_tag":"p280",
		"npc_name":{"rawtext":[{"text":"dex.280t1_15t2_05"}]},
         "text":{"rawtext":[{"translate":"serp.height"},{"text":"0.4 "},{"translate":"serp.weight"},{"text":"6.6 "},{"text":"\n"},{"translate":"serp.biome"},{"translate":"serp.birch"},{"text":"\n"},{"text":"\n"},{"translate":"ralts.info"}]},
        "on_open_commands":[
    "/playsound mob.ralts.idle @p"
                ]
            },
			{
		"scene_tag":"p281",
		"npc_name":{"rawtext":[{"text":"dex.281t1_15t2_05"}]},
         "text":{"rawtext":[{"translate":"serp.height"},{"text":"0.8 "},{"translate":"serp.weight"},{"text":"20.2 "},{"text":"\n"},{"translate":"serp.biome"},{"translate":"serp.birch"},{"text":"\n"},{"text":"\n"},{"translate":"kirlia.info"}]},
        "on_open_commands":[
    "/playsound mob.kirlia.idle @p"
                ]
            },
			{
		"scene_tag":"p282",
		"npc_name":{"rawtext":[{"text":"dex.282t1_15t2_05"}]},
         "text":{"rawtext":[{"translate":"serp.height"},{"text":"1.6 "},{"translate":"serp.weight"},{"text":"48.4 "},{"text":"\n"},{"translate":"serp.biome"},{"translate":"serp.birch"},{"text":"\n"},{"text":"\n"},{"translate":"gardevoir.info"}]},
        "on_open_commands":[
    "/playsound mob.gardevoir.idle @p"
                ]
            },
			{
		"scene_tag":"p283",
		"npc_name":{"rawtext":[{"text":"dex.283t1_01t2_18"}]},
         "text":{"rawtext":[{"translate":"serp.height"},{"text":"0.5 "},{"translate":"serp.weight"},{"text":"1.7 "},{"text":"\n"},{"translate":"serp.biome"},{"translate":"serp.river"},{"text":"\n"},{"text":"\n"},{"translate":"surskit.info"}]},
        "on_open_commands":[
    "/playsound mob.surskit.idle @p"
                ]
            },
			{
		"scene_tag":"p284",
		"npc_name":{"rawtext":[{"text":"dex.284t1_01t2_08"}]},
         "text":{"rawtext":[{"translate":"serp.height"},{"text":"0.8 "},{"translate":"serp.weight"},{"text":"3.6 "},{"text":"\n"},{"translate":"serp.biome"},{"translate":"serp.river"},{"text":"\n"},{"text":"\n"},{"translate":"masquerain.info"}]},
        "on_open_commands":[
    "/playsound mob.masquerain.idle @p"
                ]
            },
			{
		"scene_tag":"p285",
		"npc_name":{"rawtext":[{"text":"dex.285t1_00t2_10"}]},
         "text":{"rawtext":[{"translate":"serp.height"},{"text":"0.4 "},{"translate":"serp.weight"},{"text":"4.5 "},{"text":"\n"},{"translate":"serp.biome"},{"translate":"serp.forest"},{"text":"\n"},{"text":"\n"},{"translate":"shroomish.info"}]},
        "on_open_commands":[
    "/playsound mob.shroomish.idle @p"
                ]
            },
			{
		"scene_tag":"p286",
		"npc_name":{"rawtext":[{"text":"dex.286t1_10t2_06"}]},
         "text":{"rawtext":[{"translate":"serp.height"},{"text":"1.2 "},{"translate":"serp.weight"},{"text":"39.2 "},{"text":"\n"},{"translate":"serp.biome"},{"translate":"serp.forest"},{"text":"\n"},{"text":"\n"},{"translate":"breloom.info"}]},
        "on_open_commands":[
    "/playsound mob.breloom.idle @p"
                ]
            },
			{
		"scene_tag":"p287",
		"npc_name":{"rawtext":[{"text":"dex.287t1_00t2_13"}]},
         "text":{"rawtext":[{"translate":"serp.height"},{"text":"0.8 "},{"translate":"serp.weight"},{"text":"24.0 "},{"text":"\n"},{"translate":"serp.biome"},{"translate":"serp.forest"},{"text":"\n"},{"text":"\n"},{"translate":"slakoth.info"}]},
        "on_open_commands":[
    "/playsound mob.slakoth.idle @p"
                ]
            },
			{
		"scene_tag":"p288",
		"npc_name":{"rawtext":[{"text":"dex.288t1_00t2_13"}]},
         "text":{"rawtext":[{"translate":"serp.height"},{"text":"1.4 "},{"translate":"serp.weight"},{"text":"46.5 "},{"text":"\n"},{"translate":"serp.biome"},{"translate":"serp.forest"},{"text":"\n"},{"text":"\n"},{"translate":"vigoroth.info"}]},
        "on_open_commands":[
    "/playsound mob.vigoroth.idle @p"
                ]
            },
			{
		"scene_tag":"p289",
		"npc_name":{"rawtext":[{"text":"dex.289t1_00t2_13"}]},
         "text":{"rawtext":[{"translate":"serp.height"},{"text":"2.0 "},{"translate":"serp.weight"},{"text":"130.5 "},{"text":"\n"},{"translate":"serp.biome"},{"translate":"serp.forest"},{"text":"\n"},{"text":"\n"},{"translate":"slaking.info"}]},
        "on_open_commands":[
    "/playsound mob.slaking.idle @p"
                ]
            },
			{
		"scene_tag":"p290",
		"npc_name":{"rawtext":[{"text":"dex.290t1_01t2_11"}]},
         "text":{"rawtext":[{"translate":"serp.height"},{"text":"0.5 "},{"translate":"serp.weight"},{"text":"5.5 "},{"text":"\n"},{"translate":"serp.biome"},{"translate":"serp.forest"},{"text":"\n"},{"text":"\n"},{"translate":"nincada.info"}]},
        "on_open_commands":[
    "/playsound mob.nincada.idle @p"
                ]
            },
			{
		"scene_tag":"p291",
		"npc_name":{"rawtext":[{"text":"dex.291t1_01t2_08"}]},
         "text":{"rawtext":[{"translate":"serp.height"},{"text":"0.8 "},{"translate":"serp.weight"},{"text":"12.0 "},{"text":"\n"},{"translate":"serp.biome"},{"translate":"serp.forest"},{"text":"\n"},{"text":"\n"},{"translate":"ninjask.info"}]},
        "on_open_commands":[
    "/playsound mob.ninjask.idle @p"
                ]
            },
			{
		"scene_tag":"p292",
		"npc_name":{"rawtext":[{"text":"dex.292t1_01t2_09"}]},
         "text":{"rawtext":[{"translate":"serp.height"},{"text":"0.8 "},{"translate":"serp.weight"},{"text":"1.2 "},{"text":"\n"},{"translate":"serp.getting"},{"translate":"serp.evolve"},{"text":"\n"},{"text":"\n"},{"translate":"shedinja.info"}]},
        "on_open_commands":[
    "/playsound mob.shedinja.idle @p"
                ]
            },
			{
		"scene_tag":"p293",
		"npc_name":{"rawtext":[{"text":"dex.293t1_00t2_13"}]},
         "text":{"rawtext":[{"translate":"serp.height"},{"text":"0.6 "},{"translate":"serp.weight"},{"text":"16.3 "},{"text":"\n"},{"translate":"serp.biome"},{"translate":"serp.cave"},{"text":"\n"},{"text":"\n"},{"translate":"whismur.info"}]},
        "on_open_commands":[
    "/playsound mob.whismur.idle @p"
                ]
            },
			{
		"scene_tag":"p294",
		"npc_name":{"rawtext":[{"text":"dex.294t1_00t2_13"}]},
         "text":{"rawtext":[{"translate":"serp.height"},{"text":"1.0 "},{"translate":"serp.weight"},{"text":"40.5 "},{"text":"\n"},{"translate":"serp.biome"},{"translate":"serp.cave"},{"text":"\n"},{"text":"\n"},{"translate":"loudred.info"}]},
        "on_open_commands":[
    "/playsound mob.loudred.idle @p"
                ]
            },
			{
		"scene_tag":"p295",
		"npc_name":{"rawtext":[{"text":"dex.295t1_00t2_13"}]},
         "text":{"rawtext":[{"translate":"serp.height"},{"text":"1.5 "},{"translate":"serp.weight"},{"text":"84.0 "},{"text":"\n"},{"translate":"serp.biome"},{"translate":"serp.cave"},{"text":"\n"},{"text":"\n"},{"translate":"exploud.info"}]},
        "on_open_commands":[
    "/playsound mob.exploud.idle @p"
                ]
            },
			{
		"scene_tag":"p296",
		"npc_name":{"rawtext":[{"text":"dex.296t1_00t2_06"}]},
         "text":{"rawtext":[{"translate":"serp.height"},{"text":"1.2 "},{"translate":"serp.weight"},{"text":"18.6 "},{"text":"\n"},{"translate":"serp.biome"},{"translate":"serp.mountain"},{"text":"\n"},{"text":"\n"},{"translate":"makuhita.info"}]},
        "on_open_commands":[
    "/playsound mob.makuhita.idle @p"
                ]
            },
			{
		"scene_tag":"p297",
		"npc_name":{"rawtext":[{"text":"dex.297t1_00t2_06"}]},
         "text":{"rawtext":[{"translate":"serp.height"},{"text":"2.3 "},{"translate":"serp.weight"},{"text":"253.8 "},{"text":"\n"},{"translate":"serp.biome"},{"translate":"serp.mountain"},{"text":"\n"},{"text":"\n"},{"translate":"hariyama.info"}]},
        "on_open_commands":[
    "/playsound mob.hariyama.idle @p"
                ]
            },
			{
		"scene_tag":"p298",
		"npc_name":{"rawtext":[{"text":"dex.298t1_13t2_05"}]},
         "text":{"rawtext":[{"translate":"serp.height"},{"text":"0.2 "},{"translate":"serp.weight"},{"text":"2.0 "},{"text":"\n"},{"translate":"serp.biome"},{"translate":"serp.river"},{"text":"\n"},{"text":"\n"},{"translate":"azurill.info"}]},
        "on_open_commands":[
    "/playsound mob.azurill.idle @p"
                ]
            },
			{
		"scene_tag":"p299",
		"npc_name":{"rawtext":[{"text":"dex.299t1_00t2_16"}]},
         "text":{"rawtext":[{"translate":"serp.height"},{"text":"1.0 "},{"translate":"serp.weight"},{"text":"97.0 "},{"text":"\n"},{"translate":"serp.biome"},{"translate":"serp.cave"},{"text":"\n"},{"text":"\n"},{"translate":"nosepass.info"}]},
        "on_open_commands":[
    "/playsound mob.nosepass.idle @p"
                ]
            },
			{
		"scene_tag":"p300",
		"npc_name":{"rawtext":[{"text":"dex.300t1_00t2_13"}]},
         "text":{"rawtext":[{"translate":"serp.height"},{"text":"0.6 "},{"translate":"serp.weight"},{"text":"11.0 "},{"text":"\n"},{"translate":"serp.biome"},{"translate":"serp.birch"},{"text":"\n"},{"text":"\n"},{"translate":"skitty.info"}]},
        "on_open_commands":[
    "/playsound mob.skitty.idle @p"
                ]
            },
			{
		"scene_tag":"p301",
		"npc_name":{"rawtext":[{"text":"dex.301t1_00t2_13"}]},
         "text":{"rawtext":[{"translate":"serp.height"},{"text":"1.1 "},{"translate":"serp.weight"},{"text":"32.6 "},{"text":"\n"},{"translate":"serp.getting"},{"translate":"serp.evolve"},{"text":"\n"},{"text":"\n"},{"translate":"delcatty.info"}]},
        "on_open_commands":[
    "/playsound mob.delcatty.idle @p"
                ]
            },
			{
		"scene_tag":"p302",
		"npc_name":{"rawtext":[{"text":"dex.302t1_02t2_09"}]},
         "text":{"rawtext":[{"translate":"serp.height"},{"text":"0.5 "},{"translate":"serp.weight"},{"text":"11.0 "},{"text":"\n"},{"translate":"serp.biome"},{"translate":"serp.cave"},{"text":"\n"},{"text":"\n"},{"translate":"sableye.info"}]},
        "on_open_commands":[
    "/playsound mob.sableye.idle @p"
                ]
            },
			{
		"scene_tag":"p303",
		"npc_name":{"rawtext":[{"text":"dex.303t1_17t2_05"}]},
         "text":{"rawtext":[{"translate":"serp.height"},{"text":"0.6 "},{"translate":"serp.weight"},{"text":"11.5 "},{"text":"\n"},{"translate":"serp.biome"},{"translate":"serp.cave"},{"text":"\n"},{"text":"\n"},{"translate":"mawile.info"}]},
        "on_open_commands":[
    "/playsound mob.mawile.idle @p"
                ]
            },
			{
		"scene_tag":"p304",
		"npc_name":{"rawtext":[{"text":"dex.304t1_17t2_16"}]},
         "text":{"rawtext":[{"translate":"serp.height"},{"text":"0.4 "},{"translate":"serp.weight"},{"text":"60.0 "},{"text":"\n"},{"translate":"serp.biome"},{"translate":"serp.cave"},{"translate":"serp.mountain"},{"text":"\n"},{"text":"\n"},{"translate":"aron.info"}]},
        "on_open_commands":[
    "/playsound mob.aron.idle @p"
                ]
            },
			{
		"scene_tag":"p305",
		"npc_name":{"rawtext":[{"text":"dex.305t1_17t2_16"}]},
         "text":{"rawtext":[{"translate":"serp.height"},{"text":"0.9 "},{"translate":"serp.weight"},{"text":"120.0 "},{"text":"\n"},{"translate":"serp.biome"},{"translate":"serp.cave"},{"translate":"serp.mountain"},{"text":"\n"},{"text":"\n"},{"translate":"lairon.info"}]},
        "on_open_commands":[
    "/playsound mob.lairon.idle @p"
                ]
            },
			{
		"scene_tag":"p306",
		"npc_name":{"rawtext":[{"text":"dex.306t1_17t2_16"}]},
         "text":{"rawtext":[{"translate":"serp.height"},{"text":"2.1 "},{"translate":"serp.weight"},{"text":"360.0 "},{"text":"\n"},{"translate":"serp.biome"},{"translate":"serp.cave"},{"translate":"serp.mountain"},{"text":"\n"},{"text":"\n"},{"translate":"aggron.info"}]},
        "on_open_commands":[
    "/playsound mob.aggron.idle @p"
                ]
            },
			{
		"scene_tag":"p307",
		"npc_name":{"rawtext":[{"text":"dex.307t1_06t2_15"}]},
         "text":{"rawtext":[{"translate":"serp.height"},{"text":"0.6 "},{"translate":"serp.weight"},{"text":"11.2 "},{"text":"\n"},{"translate":"serp.biome"},{"translate":"serp.mountain"},{"text":"\n"},{"text":"\n"},{"translate":"meditite.info"}]},
        "on_open_commands":[
    "/playsound mob.meditite.idle @p"
                ]
            },
			{
		"scene_tag":"p308",
		"npc_name":{"rawtext":[{"text":"dex.308t1_06t2_15"}]},
         "text":{"rawtext":[{"translate":"serp.height"},{"text":"1.3 "},{"translate":"serp.weight"},{"text":"31.5 "},{"text":"\n"},{"translate":"serp.biome"},{"translate":"serp.mountain"},{"text":"\n"},{"text":"\n"},{"translate":"medicham.info"}]},
        "on_open_commands":[
    "/playsound mob.medicham.idle @p"
                ]
            },
			{
		"scene_tag":"p309",
		"npc_name":{"rawtext":[{"text":"dex.309t1_00t2_04"}]},
         "text":{"rawtext":[{"translate":"serp.height"},{"text":"0.6 "},{"translate":"serp.weight"},{"text":"15.2 "},{"text":"\n"},{"translate":"serp.biome"},{"translate":"serp.plains"},{"text":"\n"},{"text":"\n"},{"translate":"electrike.info"}]},
        "on_open_commands":[
    "/playsound mob.electrike.idle @p"
                ]
            },
			{
		"scene_tag":"p310",
		"npc_name":{"rawtext":[{"text":"dex.310t1_00t2_04"}]},
         "text":{"rawtext":[{"translate":"serp.height"},{"text":"1.5 "},{"translate":"serp.weight"},{"text":"40.2 "},{"text":"\n"},{"translate":"serp.biome"},{"translate":"serp.plains"},{"text":"\n"},{"text":"\n"},{"translate":"manectric.info"}]},
        "on_open_commands":[
    "/playsound mob.manectric.idle @p"
                ]
            },
			{
		"scene_tag":"p311",
		"npc_name":{"rawtext":[{"text":"dex.311t1_00t2_04"}]},
         "text":{"rawtext":[{"translate":"serp.height"},{"text":"0.4 "},{"translate":"serp.weight"},{"text":"4.2 "},{"text":"\n"},{"translate":"serp.biome"},{"translate":"serp.plains"},{"text":"\n"},{"text":"\n"},{"translate":"plusle.info"}]},
        "on_open_commands":[
    "/playsound mob.plusle.idle @p"
                ]
            },
			{
		"scene_tag":"p312",
		"npc_name":{"rawtext":[{"text":"dex.312t1_00t2_04"}]},
         "text":{"rawtext":[{"translate":"serp.height"},{"text":"0.4 "},{"translate":"serp.weight"},{"text":"4.2 "},{"text":"\n"},{"translate":"serp.biome"},{"translate":"serp.plains"},{"text":"\n"},{"text":"\n"},{"translate":"minun.info"}]},
        "on_open_commands":[
    "/playsound mob.minun.idle @p"
                ]
            },
			{
		"scene_tag":"p313",
		"npc_name":{"rawtext":[{"text":"dex.313t1_00t2_02"}]},
         "text":{"rawtext":[{"translate":"serp.height"},{"text":"0.7 "},{"translate":"serp.weight"},{"text":"17.7 "},{"text":"\n"},{"translate":"serp.biome"},{"translate":"serp.forest"},{"text":"\n"},{"text":"\n"},{"translate":"volbeat.info"}]},
        "on_open_commands":[
    "/playsound mob.volbeat.idle @p"
                ]
            },
			{
		"scene_tag":"p314",
		"npc_name":{"rawtext":[{"text":"dex.314t1_00t2_02"}]},
         "text":{"rawtext":[{"translate":"serp.height"},{"text":"0.6 "},{"translate":"serp.weight"},{"text":"17.7 "},{"text":"\n"},{"translate":"serp.biome"},{"translate":"serp.forest"},{"text":"\n"},{"text":"\n"},{"translate":"illumise.info"}]},
        "on_open_commands":[
    "/playsound mob.illumise.idle @p"
                ]
            },
			{
		"scene_tag":"p315",
		"npc_name":{"rawtext":[{"text":"dex.315t1_10t2_14"}]},
         "text":{"rawtext":[{"translate":"serp.height"},{"text":"0.3 "},{"translate":"serp.weight"},{"text":"2.0 "},{"text":"\n"},{"translate":"serp.biome"},{"translate":"serp.sunflower"},{"text":"\n"},{"text":"\n"},{"translate":"roselia.info"}]},
        "on_open_commands":[
    "/playsound mob.roselia.idle @p"
                ]
            },
			{
		"scene_tag":"p316",
		"npc_name":{"rawtext":[{"text":"dex.316t1_00t2_14"}]},
         "text":{"rawtext":[{"translate":"serp.height"},{"text":"0.4 "},{"translate":"serp.weight"},{"text":"10.3 "},{"text":"\n"},{"translate":"serp.biome"},{"translate":"serp.plains"},{"text":"\n"},{"text":"\n"},{"translate":"gulpin.info"}]},
        "on_open_commands":[
    "/playsound mob.gulpin.idle @p"
                ]
            },
			{
		"scene_tag":"p317",
		"npc_name":{"rawtext":[{"text":"dex.317t1_00t2_14"}]},
         "text":{"rawtext":[{"translate":"serp.height"},{"text":"1.7 "},{"translate":"serp.weight"},{"text":"80.0 "},{"text":"\n"},{"translate":"serp.biome"},{"translate":"serp.plains"},{"text":"\n"},{"text":"\n"},{"translate":"swalot.info"}]},
        "on_open_commands":[
    "/playsound mob.swalot.idle @p"
                ]
            },
			{
		"scene_tag":"p318",
		"npc_name":{"rawtext":[{"text":"dex.318t1_18t2_02"}]},
         "text":{"rawtext":[{"translate":"serp.height"},{"text":"0.8 "},{"translate":"serp.weight"},{"text":"20.8 "},{"text":"\n"},{"translate":"serp.biome"},{"translate":"serp.ocean"},{"text":"\n"},{"text":"\n"},{"translate":"carvanha.info"}]},
        "on_open_commands":[
    "/playsound mob.carvanha.idle @p"
                ]
            },
			{
		"scene_tag":"p319",
		"npc_name":{"rawtext":[{"text":"dex.319t1_18t2_02"}]},
         "text":{"rawtext":[{"translate":"serp.height"},{"text":"1.8 "},{"translate":"serp.weight"},{"text":"88.8 "},{"text":"\n"},{"translate":"serp.biome"},{"translate":"serp.ocean"},{"text":"\n"},{"text":"\n"},{"translate":"sharpedo.info"}]},
        "on_open_commands":[
    "/playsound mob.sharpedo.idle @p"
                ]
            },
			{
		"scene_tag":"p320",
		"npc_name":{"rawtext":[{"text":"dex.320t1_00t2_18"}]},
         "text":{"rawtext":[{"translate":"serp.height"},{"text":"2.0 "},{"translate":"serp.weight"},{"text":"130.0 "},{"text":"\n"},{"translate":"serp.biome"},{"translate":"serp.ocean"},{"text":"\n"},{"text":"\n"},{"translate":"wailmer.info"}]},
        "on_open_commands":[
    "/playsound mob.wailmer.idle @p"
                ]
            },
			{
		"scene_tag":"p321",
		"npc_name":{"rawtext":[{"text":"dex.321t1_00t2_18"}]},
         "text":{"rawtext":[{"translate":"serp.height"},{"text":"14.5 "},{"translate":"serp.weight"},{"text":"398.0 "},{"text":"\n"},{"translate":"serp.biome"},{"translate":"serp.ocean"},{"text":"\n"},{"text":"\n"},{"translate":"wailord.info"}]},
        "on_open_commands":[
    "/playsound mob.wailord.idle @p"
                ]
            },
			{
		"scene_tag":"p322",
		"npc_name":{"rawtext":[{"text":"dex.322t1_07t2_11"}]},
         "text":{"rawtext":[{"translate":"serp.height"},{"text":"0.7 "},{"translate":"serp.weight"},{"text":"24.0 "},{"text":"\n"},{"translate":"serp.biome"},{"translate":"serp.mesa"},{"text":"\n"},{"text":"\n"},{"translate":"numel.info"}]},
        "on_open_commands":[
    "/playsound mob.numel.idle @p"
                ]
            },
			{
		"scene_tag":"p323",
		"npc_name":{"rawtext":[{"text":"dex.323t1_07t2_11"}]},
         "text":{"rawtext":[{"translate":"serp.height"},{"text":"1.9 "},{"translate":"serp.weight"},{"text":"220.0 "},{"text":"\n"},{"translate":"serp.biome"},{"translate":"serp.mesa"},{"text":"\n"},{"text":"\n"},{"translate":"camerupt.info"}]},
        "on_open_commands":[
    "/playsound mob.camerupt.idle @p"
                ]
            },
			{
		"scene_tag":"p324",
		"npc_name":{"rawtext":[{"text":"dex.324t1_00t2_07"}]},
         "text":{"rawtext":[{"translate":"serp.height"},{"text":"0.5 "},{"translate":"serp.weight"},{"text":"80.4 "},{"text":"\n"},{"translate":"serp.biome"},{"translate":"serp.mesa"},{"text":"\n"},{"text":"\n"},{"translate":"torkoal.info"}]},
        "on_open_commands":[
    "/playsound mob.torkoal.idle @p"
                ]
            },
			{
		"scene_tag":"p325",
		"npc_name":{"rawtext":[{"text":"dex.325t1_00t2_15"}]},
         "text":{"rawtext":[{"translate":"serp.height"},{"text":"0.7 "},{"translate":"serp.weight"},{"text":"30.6 "},{"text":"\n"},{"translate":"serp.biome"},{"translate":"serp.mountain"},{"text":"\n"},{"text":"\n"},{"translate":"spoink.info"}]},
        "on_open_commands":[
    "/playsound mob.spoink.idle @p"
                ]
            },
			{
		"scene_tag":"p326",
		"npc_name":{"rawtext":[{"text":"dex.326t1_00t2_15"}]},
         "text":{"rawtext":[{"translate":"serp.height"},{"text":"0.9 "},{"translate":"serp.weight"},{"text":"71.5 "},{"text":"\n"},{"translate":"serp.biome"},{"translate":"serp.mountain"},{"text":"\n"},{"text":"\n"},{"translate":"grumpig.info"}]},
        "on_open_commands":[
    "/playsound mob.grumpig.idle @p"
                ]
            },
			{
		"scene_tag":"p327",
		"npc_name":{"rawtext":[{"text":"dex.327t1_00t2_13"}]},
         "text":{"rawtext":[{"translate":"serp.height"},{"text":"1.1 "},{"translate":"serp.weight"},{"text":"5.0 "},{"text":"\n"},{"translate":"serp.biome"},{"translate":"serp.mountain"},{"text":"\n"},{"text":"\n"},{"translate":"spinda.info"}]},
        "on_open_commands":[
    "/playsound mob.spinda.idle @p"
                ]
            },
			{
		"scene_tag":"p328",
		"npc_name":{"rawtext":[{"text":"dex.328t1_00t2_11"}]},
         "text":{"rawtext":[{"translate":"serp.height"},{"text":"0.7 "},{"translate":"serp.weight"},{"text":"15.0 "},{"text":"\n"},{"translate":"serp.biome"},{"translate":"serp.desert"},{"text":"\n"},{"text":"\n"},{"translate":"trapinch.info"}]},
        "on_open_commands":[
    "/playsound mob.trapinch.idle @p"
                ]
            },
			{
		"scene_tag":"p329",
		"npc_name":{"rawtext":[{"text":"dex.329t1_11t2_03"}]},
         "text":{"rawtext":[{"translate":"serp.height"},{"text":"1.1 "},{"translate":"serp.weight"},{"text":"15.3 "},{"text":"\n"},{"translate":"serp.biome"},{"translate":"serp.desert"},{"text":"\n"},{"text":"\n"},{"translate":"vibrava.info"}]},
        "on_open_commands":[
    "/playsound mob.vibrava.idle @p"
                ]
            },
			{
		"scene_tag":"p330",
		"npc_name":{"rawtext":[{"text":"dex.330t1_11t2_03"}]},
         "text":{"rawtext":[{"translate":"serp.height"},{"text":"2.0 "},{"translate":"serp.weight"},{"text":"82.0 "},{"text":"\n"},{"translate":"serp.biome"},{"translate":"serp.desert"},{"text":"\n"},{"text":"\n"},{"translate":"flygon.info"}]},
        "on_open_commands":[
    "/playsound mob.flygon.idle @p"
                ]
            },
			{
		"scene_tag":"p331",
		"npc_name":{"rawtext":[{"text":"dex.331t1_00t2_10"}]},
         "text":{"rawtext":[{"translate":"serp.height"},{"text":"0.4 "},{"translate":"serp.weight"},{"text":"51.3 "},{"text":"\n"},{"translate":"serp.desert"},{"translate":"serp.desert"},{"text":"\n"},{"text":"\n"},{"translate":"cacnea.info"}]},
        "on_open_commands":[
    "/playsound mob.cacnea.idle @p"
                ]
            },
			{
		"scene_tag":"p332",
		"npc_name":{"rawtext":[{"text":"dex.332t1_10t2_02"}]},
         "text":{"rawtext":[{"translate":"serp.height"},{"text":"1.3 "},{"translate":"serp.weight"},{"text":"77.4 "},{"text":"\n"},{"translate":"serp.biome"},{"translate":"serp.desert"},{"text":"\n"},{"text":"\n"},{"translate":"cacturne.info"}]},
        "on_open_commands":[
    "/playsound mob.cacturne.idle @p"
                ]
            },
			{
		"scene_tag":"p333",
		"npc_name":{"rawtext":[{"text":"dex.333t1_13t2_08"}]},
         "text":{"rawtext":[{"translate":"serp.height"},{"text":"0.4"},{"translate":"serp.weight"},{"text":"1.2 "},{"text":"\n"},{"translate":"serp.biome"},{"translate":"serp.birch"},{"text":"\n"},{"text":"\n"},{"translate":"swablu.info"}]},
        "on_open_commands":[
    "/playsound mob.swablu.idle @p"
                ]
            },
			{
		"scene_tag":"p334",
		"npc_name":{"rawtext":[{"text":"dex.334t1_03t2_08"}]},
         "text":{"rawtext":[{"translate":"serp.height"},{"text":"1.1 "},{"translate":"serp.weight"},{"text":"20.6 "},{"text":"\n"},{"translate":"serp.biome"},{"translate":"serp.birch"},{"text":"\n"},{"text":"\n"},{"translate":"altaria.info"}]},
        "on_open_commands":[
    "/playsound mob.altaria.idle @p"
                ]
            },
			{
		"scene_tag":"p335",
		"npc_name":{"rawtext":[{"text":"dex.335t1_00t2_13"}]},
         "text":{"rawtext":[{"translate":"serp.height"},{"text":"1.3 "},{"translate":"serp.weight"},{"text":"40.3 "},{"text":"\n"},{"translate":"serp.biome"},{"translate":"serp.dark_f"},{"text":"\n"},{"text":"\n"},{"translate":"zangoose.info"}]},
        "on_open_commands":[
    "/playsound mob.zangoose.idle @p"
                ]
            },
			{
		"scene_tag":"p336",
		"npc_name":{"rawtext":[{"text":"dex.336t1_00t2_14"}]},
         "text":{"rawtext":[{"translate":"serp.height"},{"text":"2.7 "},{"translate":"serp.weight"},{"text":"52.5 "},{"text":"\n"},{"translate":"serp.biome"},{"translate":"serp.dark_f"},{"text":"\n"},{"text":"\n"},{"translate":"seviper.info"}]},
        "on_open_commands":[
    "/playsound mob.seviper.idle @p"
                ]
            },
			{
		"scene_tag":"p337",
		"npc_name":{"rawtext":[{"text":"dex.337t1_16t2_15"}]},
         "text":{"rawtext":[{"translate":"serp.height"},{"text":"1.0 "},{"translate":"serp.weight"},{"text":"168.0 "},{"text":"\n"},{"translate":"serp.biome"},{"translate":"serp.cave"},{"text":"\n"},{"text":"\n"},{"translate":"lunatone.info"}]},
        "on_open_commands":[
    "/playsound mob.lunatone.idle @p"
                ]
            },
			{
		"scene_tag":"p338",
		"npc_name":{"rawtext":[{"text":"dex.338t1_16t2_15"}]},
         "text":{"rawtext":[{"translate":"serp.height"},{"text":"1.2 "},{"translate":"serp.weight"},{"text":"154.0 "},{"text":"\n"},{"translate":"serp.biome"},{"translate":"serp.cave"},{"text":"\n"},{"text":"\n"},{"translate":"solrock.info"}]},
        "on_open_commands":[
    "/playsound mob.solrock.idle @p"
                ]
            },
			{
		"scene_tag":"p339",
		"npc_name":{"rawtext":[{"text":"dex.339t1_18t2_11"}]},
         "text":{"rawtext":[{"translate":"serp.height"},{"text":"0.4 "},{"translate":"serp.weight"},{"text":"1.9 "},{"text":"\n"},{"translate":"serp.biome"},{"translate":"serp.river"},{"translate":"serp.ocean"},{"text":"\n"},{"text":"\n"},{"translate":"barboach.info"}]},
        "on_open_commands":[
    "/playsound mob.barboach.idle @p"
                ]
            },
			{
		"scene_tag":"p340",
		"npc_name":{"rawtext":[{"text":"dex.340t1_18t2_11"}]},
         "text":{"rawtext":[{"translate":"serp.height"},{"text":"0.9 "},{"translate":"serp.weight"},{"text":"23.6 "},{"text":"\n"},{"translate":"serp.biome"},{"translate":"serp.river"},{"translate":"serp.ocean"},{"text":"\n"},{"text":"\n"},{"translate":"whiscash.info"}]},
        "on_open_commands":[
    "/playsound mob.whiscash.idle @p"
                ]
            },
			{
		"scene_tag":"p341",
		"npc_name":{"rawtext":[{"text":"dex.341t1_00t2_18"}]},
         "text":{"rawtext":[{"translate":"serp.height"},{"text":"0.6 "},{"translate":"serp.weight"},{"text":"11.6 "},{"text":"\n"},{"translate":"serp.biome"},{"translate":"serp.river"},{"translate":"serp.ocean"},{"text":"\n"},{"text":"\n"},{"translate":"corphish.info"}]},
        "on_open_commands":[
    "/playsound mob.corphish.idle @p"
                ]
            },
			{
		"scene_tag":"p342",
		"npc_name":{"rawtext":[{"text":"dex.342t1_18t2_02"}]},
         "text":{"rawtext":[{"translate":"serp.height"},{"text":"1.1 "},{"translate":"serp.weight"},{"text":"32.8 "},{"text":"\n"},{"translate":"serp.biome"},{"translate":"serp.river"},{"translate":"serp.ocean"},{"text":"\n"},{"text":"\n"},{"translate":"crawdaunt.info"}]},
        "on_open_commands":[
    "/playsound mob.crawdaunt.idle @p"
                ]
            },
			{
		"scene_tag":"p343",
		"npc_name":{"rawtext":[{"text":"dex.343t1_11t2_15"}]},
         "text":{"rawtext":[{"translate":"serp.height"},{"text":"0.5 "},{"translate":"serp.weight"},{"text":"21.5 "},{"text":"\n"},{"translate":"serp.biome"},{"translate":"serp.desert"},{"text":"\n"},{"text":"\n"},{"translate":"baltoy.info"}]},
        "on_open_commands":[
    "/playsound mob.baltoy.idle @p"
                ]
            },
			{
		"scene_tag":"p344",
		"npc_name":{"rawtext":[{"text":"dex.344t1_11t2_15"}]},
         "text":{"rawtext":[{"translate":"serp.height"},{"text":"1.5 "},{"translate":"serp.weight"},{"text":"108.0 "},{"text":"\n"},{"translate":"serp.biome"},{"translate":"serp.desert"},{"text":"\n"},{"text":"\n"},{"translate":"claydol.info"}]},
        "on_open_commands":[
    "/playsound mob.claydol.idle @p"
                ]
            },
			{
		"scene_tag":"p345",
		"npc_name":{"rawtext":[{"text":"dex.345t1_16t2_10"}]},
         "text":{"rawtext":[{"translate":"serp.height"},{"text":"1.0 "},{"translate":"serp.weight"},{"text":"23.8 "},{"text":"\n"},{"translate":"serp.getting"},{"translate":"serp.revive_f"},{"text":"\n"},{"text":"\n"},{"translate":"lileep.info"}]},
        "on_open_commands":[
    "/playsound mob.lileep.idle @p"
                ]
            },
			{
		"scene_tag":"p346",
		"npc_name":{"rawtext":[{"text":"dex.346t1_16t2_10"}]},
         "text":{"rawtext":[{"translate":"serp.height"},{"text":"1.5 "},{"translate":"serp.weight"},{"text":"60.4 "},{"text":"\n"},{"translate":"serp.getting"},{"translate":"serp.evolve"},{"text":"\n"},{"text":"\n"},{"translate":"cradily.info"}]},
        "on_open_commands":[
    "/playsound mob.cradily.idle @p"
                ]
            },
			{
		"scene_tag":"p347",
		"npc_name":{"rawtext":[{"text":"dex.347t1_16t2_01"}]},
         "text":{"rawtext":[{"translate":"serp.height"},{"text":"0.7 "},{"translate":"serp.weight"},{"text":"12.5 "},{"text":"\n"},{"translate":"serp.getting"},{"translate":"serp.revive_f"},{"translate":"serp.river"},{"text":"\n"},{"text":"\n"},{"translate":"anorith.info"}]},
        "on_open_commands":[
    "/playsound mob.anorith.idle @p"
                ]
            },
			{
		"scene_tag":"p348",
		"npc_name":{"rawtext":[{"text":"dex.348t1_16t2_01"}]},
         "text":{"rawtext":[{"translate":"serp.height"},{"text":"1.5 "},{"translate":"serp.weight"},{"text":"68.2 "},{"text":"\n"},{"translate":"serp.getting"},{"translate":"serp.evolve"},{"text":"\n"},{"text":"\n"},{"translate":"armaldo.info"}]},
        "on_open_commands":[
    "/playsound mob.armaldo.idle @p"
                ]
            },
			{
		"scene_tag":"p349",
		"npc_name":{"rawtext":[{"text":"dex.349t1_00t2_18"}]},
         "text":{"rawtext":[{"translate":"serp.height"},{"text":"0.6"},{"translate":"serp.weight"},{"text":"7.4 "},{"text":"\n"},{"translate":"serp.biome"},{"translate":"serp.river"},{"text":"\n"},{"text":"\n"},{"translate":"feebas.info"}]},
        "on_open_commands":[
    "/playsound mob.feebas.idle @p"
                ]
            },
			{
		"scene_tag":"p350",
		"npc_name":{"rawtext":[{"text":"dex.350t1_00t2_18"}]},
         "text":{"rawtext":[{"translate":"serp.height"},{"text":"6.2 "},{"translate":"serp.weight"},{"text":"162.0 "},{"text":"\n"},{"translate":"serp.biome"},{"translate":"serp.river"},{"text":"\n"},{"text":"\n"},{"translate":"milotic.info"}]},
        "on_open_commands":[
    "/playsound mob.milotic.idle @p"
                ]
            },
			{
		"scene_tag":"p351",
		"npc_name":{"rawtext":[{"text":"dex.351t1_00t2_13"}]},
         "text":{"rawtext":[{"translate":"serp.height"},{"text":"0.3 "},{"translate":"serp.weight"},{"text":"0.8 "},{"text":"\n"},{"translate":"serp.biome"},{"translate":"serp.plains"},{"text":"\n"},{"text":"\n"},{"translate":"castform.info"}]},
        "on_open_commands":[
    "/playsound mob.castform.idle @p"
                ]
            },
			{
		"scene_tag":"p352",
		"npc_name":{"rawtext":[{"text":"dex.352t1_00t2_13"}]},
         "text":{"rawtext":[{"translate":"serp.height"},{"text":"1.0 "},{"translate":"serp.weight"},{"text":"22.0 "},{"text":"\n"},{"translate":"serp.biome"},{"translate":"serp.forest"},{"text":"\n"},{"text":"\n"},{"translate":"kecleon.info"}]},
        "on_open_commands":[
    "/playsound mob.kecleon.idle @p"
                ]
            },
			{
		"scene_tag":"p353",
		"npc_name":{"rawtext":[{"text":"dex.353t1_00t2_09"}]},
         "text":{"rawtext":[{"translate":"serp.height"},{"text":"0.6 "},{"translate":"serp.weight"},{"text":"2.3 "},{"text":"\n"},{"translate":"serp.biome"},{"translate":"serp.dark_f"},{"text":"\n"},{"text":"\n"},{"translate":"shuppet.info"}]},
        "on_open_commands":[
    "/playsound mob.shuppet.idle @p"
                ]
            },
			{
		"scene_tag":"p354",
		"npc_name":{"rawtext":[{"text":"dex.354t1_00t2_09"}]},
         "text":{"rawtext":[{"translate":"serp.height"},{"text":"1.1 "},{"translate":"serp.weight"},{"text":"12.5 "},{"text":"\n"},{"translate":"serp.biome"},{"translate":"serp.dark_f"},{"text":"\n"},{"text":"\n"},{"translate":"banette.info"}]},
        "on_open_commands":[
    "/playsound mob.banette.idle @p"
                ]
            },
			{
		"scene_tag":"p355",
		"npc_name":{"rawtext":[{"text":"dex.355t1_00t2_09"}]},
         "text":{"rawtext":[{"translate":"serp.height"},{"text":"0.8 "},{"translate":"serp.weight"},{"text":"15.0 "},{"text":"\n"},{"translate":"serp.biome"},{"translate":"serp.dark_f"},{"text":"\n"},{"text":"\n"},{"translate":"duskull.info"}]},
        "on_open_commands":[
    "/playsound mob.duskull.idle @p"
                ]
            },
			{
		"scene_tag":"p356",
		"npc_name":{"rawtext":[{"text":"dex.356t1_00t2_09"}]},
         "text":{"rawtext":[{"translate":"serp.height"},{"text":"0.8 "},{"translate":"serp.weight"},{"text":"15.0 "},{"text":"\n"},{"translate":"serp.biome"},{"translate":"serp.dark_f"},{"text":"\n"},{"text":"\n"},{"translate":"dusclops.info"}]},
        "on_open_commands":[
    "/playsound mob.dusclops.idle @p"
                ]
            },
			{
		"scene_tag":"p357",
		"npc_name":{"rawtext":[{"text":"dex.357t1_10t2_08"}]},
         "text":{"rawtext":[{"translate":"serp.height"},{"text":"2.0 "},{"translate":"serp.weight"},{"text":"100.0 "},{"text":"\n"},{"translate":"serp.biome"},{"translate":"serp.forest"},{"text":"\n"},{"text":"\n"},{"translate":"tropius.info"}]},
        "on_open_commands":[
    "/playsound mob.tropius.idle @p"
                ]
            },
			{
		"scene_tag":"p358",
		"npc_name":{"rawtext":[{"text":"dex.358t1_00t2_15"}]},
         "text":{"rawtext":[{"translate":"serp.height"},{"text":"0.6 "},{"translate":"serp.weight"},{"text":"1.0 "},{"text":"\n"},{"translate":"serp.biome"},{"translate":"serp.plains"},{"text":"\n"},{"text":"\n"},{"translate":"chimecho.info"}]},
        "on_open_commands":[
    "/playsound mob.chimecho.idle @p"
                ]
            },
			{
		"scene_tag":"p359",
		"npc_name":{"rawtext":[{"text":"dex.359t1_00t2_02"}]},
         "text":{"rawtext":[{"translate":"serp.height"},{"text":"1.2 "},{"translate":"serp.weight"},{"text":"47.0 "},{"text":"\n"},{"translate":"serp.biome"},{"translate":"serp.mountain"},{"text":"\n"},{"text":"\n"},{"translate":"absol.info"}]},
        "on_open_commands":[
    "/playsound mob.absol.idle @p"
                ]
            },
			{
		"scene_tag":"p360",
		"npc_name":{"rawtext":[{"text":"dex.360t1_00t2_15"}]},
         "text":{"rawtext":[{"translate":"serp.height"},{"text":"0.6 "},{"translate":"serp.weight"},{"text":"14.0 "},{"text":"\n"},{"translate":"serp.biome"},{"translate":"serp.cave"},{"text":"\n"},{"text":"\n"},{"translate":"wynaut.info"}]},
        "on_open_commands":[
    "/playsound mob.wynaut.idle @p"
                ]
            },
			{
		"scene_tag":"p361",
		"npc_name":{"rawtext":[{"text":"dex.361t1_00t2_12"}]},
         "text":{"rawtext":[{"translate":"serp.height"},{"text":"0.7 "},{"translate":"serp.weight"},{"text":"16.8 "},{"text":"\n"},{"translate":"serp.biome"},{"translate":"serp.frozen"},{"text":"\n"},{"text":"\n"},{"translate":"snorunt.info"}]},
        "on_open_commands":[
    "/playsound mob.snorunt.idle @p"
                ]
            },
			{
		"scene_tag":"p362",
		"npc_name":{"rawtext":[{"text":"dex.362t1_00t2_12"}]},
         "text":{"rawtext":[{"translate":"serp.height"},{"text":"2.0 "},{"translate":"serp.weight"},{"text":"60.0 "},{"text":"\n"},{"translate":"serp.biome"},{"translate":"serp.frozen"},{"text":"\n"},{"text":"\n"},{"translate":"glalie.info"}]},
        "on_open_commands":[
    "/playsound mob.glalie.idle @p"
                ]
            },
			{
		"scene_tag":"pxdxd",
		"npc_name":{"rawtext":[{"text":"entity.serp:xdxd.name"}]},
         "text":{"rawtext":[{"translate":"serp.height"},{"text":"0 "},{"translate":"serp.weight"},{"text":"0 "},{"text":"\n"},{"translate":"serp.biome"},{"translate":"serp.birch"},{"translate":"serp.birch"},{"text":"\n"},{"text":"\n"},{"translate":"xdxd.info"}]},
        "on_open_commands":[
    "/playsound mob.xdxd.idle @p"
                ]
            }

		]
	}
}
