{
  "format_version":"1.16.100",
  "minecraft:item":{
    "description":{
      "identifier":"serp:green_helmet",
      "category":"Equipment"
    },
    "components":{
	  "minecraft:display_name":{
        "value":"item.serp:green_helmet.name"
      },
	  "minecraft:creative_category":{
		"parent":"itemGroup.name.helmet"
	  },
      "minecraft:max_stack_size":1,
      "minecraft:enchantable":{
        "value":10,"slot":"armor_head"
      },
      "minecraft:durability":{
        "max_durability":166,
        "damage_chance":{
          "min":60,"max":100
        }
      },
      "minecraft:armor":{
        "protection":2
      },
      "minecraft:wearable":{
        "slot":"slot.armor.head"
      },
      "minecraft:knockback_resistance":{
        "protection":3
      },
 	  "minecraft:icon":{
		"texture":"green_helmet"
	  },
	  "minecraft:render_offsets":"helmets"
    }
  }
}