{
  "format_version":"1.16.100",
  "minecraft:item":{
    "description":{
      "identifier":"serp:green_leggings",
      "category":"Equipment"
    },
    "components":{
	  "minecraft:display_name":{
        "value":"item.serp:green_leggings.name"
      },
	  "minecraft:creative_category":{
		"parent":"itemGroup.name.leggings"
	  },
      "minecraft:max_stack_size":1,
      "minecraft:enchantable" :{
        "value":10,"slot":"armor_legs"
      },
      "minecraft:durability":{
        "max_durability":226,
        "damage_chance":{
          "min":60,"max":100
        }
      },
      "minecraft:armor":{
        "protection":5
      },
      "minecraft:wearable":{
        "slot":"slot.armor.legs"
      },
      "minecraft:knockback_resistance":{
        "protection":3
      },
	  "minecraft:icon":{
		"texture":"green_leggings"
	  },
	  "minecraft:render_offsets":"leggings"
    }
  }
}