{
	"format_version": "1.10.0",
	"particle_effect": {
		"description": {
			"identifier": "serp:evolve",
			"basic_render_parameters": {
				"material": "particles_alpha",
				"texture": "textures/particle/particles"
			}
		},
		"components": {
			"minecraft:emitter_local_space": {
				"position": true,
				"rotation": false
			},
			"minecraft:emitter_rate_steady": {
				"spawn_rate": 60,
				"max_particles": 60
			},
			"minecraft:emitter_lifetime_looping": {
				"active_time": 1
			},
			"minecraft:emitter_shape_disc": {
				"radius": 0.4,
				"direction": ["Math.random(20,-20)", "Math.random(5,25)", "Math.random(20,-20)"]
			},
			"minecraft:particle_lifetime_expression": {
				"max_lifetime": 1
			},
			"minecraft:particle_initial_speed": "Math.random(10,15)",
			"minecraft:particle_motion_dynamic": {
				"linear_drag_coefficient": 5
			},
			"minecraft:particle_appearance_billboard": {
				"size": [0.1, 0.1],
				"facing_camera_mode": "lookat_xyz",
				"uv": {
					"texture_width": 16,
					"texture_height": 16,
					"uv": [5, 11],
					"uv_size": [1, 1]
				}
			},
			"minecraft:particle_appearance_tinting": {
				"color": {
					"interpolant": "variable.particle_age",
					"gradient": {
						"0.0": "#FFFF9600",
						"0.25": "#FFFF00FE",
						"0.45": "#FF020CFF",
						"0.75": "#FF02C5FF",
						"1.0": "#FFFFFFFF"
					}
				}
			}
		}
	}
}