{
	"format_version": "1.10.0",
	"particle_effect": {
		"description": {
			"identifier": "serp:mega_icon",
			"basic_render_parameters": {
				"material": "particles_alpha",
				"texture": "textures/particle/mega"
			}
		},
		"components": {
			"minecraft:emitter_rate_instant": {
				"num_particles": 1
			},
			"minecraft:emitter_lifetime_once": {
				"active_time": 1
			},
			"minecraft:emitter_shape_point": {
				"offset": [0, 3, 0],
				"direction": [0, 10, 0]
			},
			"minecraft:particle_lifetime_expression": {
				"max_lifetime": 1
			},
			"minecraft:particle_initial_spin": {
				"rotation": 1,
				"rotation_rate": 50
			},
			"minecraft:particle_initial_speed": 20,
			"minecraft:particle_motion_dynamic": {
				"linear_drag_coefficient": 5,
				"rotation_acceleration": 150,
				"rotation_drag_coefficient": 5
			},
			"minecraft:particle_appearance_billboard": {
				"size": [1.5, 1.5],
				"facing_camera_mode": "rotate_xyz",
				"uv": {
					"texture_width": 2048,
					"texture_height": 128,
					"flipbook": {
						"base_UV": [0, 0],
						"size_UV": [128, 128],
						"step_UV": [128, 0],
						"frames_per_second": 16,
						"max_frame": 16,
						"stretch_to_lifetime": true
					}
				}
			}
		}
	}
}