{
	"format_version": "1.10.0",
	"particle_effect": {
		"description": {
			"identifier": "serp:shiny",
			"basic_render_parameters": {
				"material": "particles_alpha",
				"texture": "textures/particle/particles"
			}
		},
		"components": {
	"minecraft:emitter_local_space": {
		"position": true,
		"rotation": false,
		"velocity": true
			},
	"minecraft:emitter_rate_instant": {
		"num_particles": 10
			},
	"minecraft:emitter_lifetime_looping": {
		"active_time": 1,
		"sleep_time": "Math.random (0,3)"
			},
	"minecraft:emitter_shape_point": {
		"offset": ["Math.random(-1, 1)", "Math.random(2, 0)", "Math.random(-1, 1)"]
			},
	"minecraft:particle_lifetime_expression": {
		"max_lifetime": "Math.random(0.4, 1.2)"
			},
			"minecraft:particle_expire_if_not_in_blocks": ["minecraft:air"],
	"minecraft:particle_initial_speed": 2.5,
	"minecraft:particle_motion_dynamic": {
		"linear_acceleration": [0, 15, 0],
		"linear_drag_coefficient": 10
			},
	"minecraft:particle_appearance_billboard": {
		"size": [0.1, 0.1],
		"facing_camera_mode": "lookat_xyz",
		"uv": {
			"texture_width": 128,
			"texture_height": 128,
			"flipbook": {
				"base_UV": [8, 88],
				"size_UV": [8, 8],
				"step_UV": [8, 0],
				"frames_per_second": 5,
				"max_frame": 5,
				"stretch_to_lifetime": true
					}
				}
			},
	"minecraft:particle_appearance_tinting": {
		"color": [
"Math.clamp(variable.particle_random_1 * 0.6 + 0.6, 0, 1)",
"Math.clamp(variable.particle_random_1 * 0.8 + 1.0, 0, 1)",
"Math.clamp(variable.particle_random_1 * 0.8 + 1.0, 0, 1)", 1]
	        }
		}
	}
}