{
	"resource_pack_name":"pokedrock1",
	"texture_name":"atlas.items",
  "padding":8,
  "num_mip_levels":4,
  "texture_data":{
		"legendary_gen1":{"textures":"pokeitems/items/poke/legendary_gen1"},
		"articuno_feather":{"textures":"pokeitems/items/poke/articuno_feather"},
		"zapdos_feather":{"textures":"pokeitems/items/poke/zapdos_feather"},
		"moltres_feather":{"textures":"pokeitems/items/poke/moltres_feather"},
		"articuno_offering":{"textures":"pokeitems/items/poke/articuno_offering"},
		"zapdos_offering":{"textures":"pokeitems/items/poke/zapdos_offering"},
		"moltres_offering":{"textures":"pokeitems/items/poke/moltres_offering"},
		"clefairy_plush":{"textures":"pokeitems/items/poke/clefairy_plush"},
		"slowpoke_tail":{"textures":"pokeitems/items/poke/slowpoke_tail"},
		"cooked_slowpoke_tail":{"textures":"pokeitems/items/poke/cooked_slowpoke_tail"},
		"shellder_shell":{"textures":"pokeitems/items/poke/shellder_shell"},
		"cooked_magikarp":{"textures":"pokeitems/items/poke/cooked_magikarp"},
		"fossil_helix":{"textures":"pokeitems/items/poke/fossil_helix"},
		"fossil_dome":{"textures":"pokeitems/items/poke/fossil_dome"},
		"ancient_amber":{"textures":"pokeitems/items/poke/ancient_amber"},
		"fossil_ore":{"textures":"pokeitems/items/poke/fossil_ore"},
		"battle_pass":{"textures":"pokeitems/items/poke/battle_pass"},
		"serpnpc":{
    "textures":[
  "pokeitems/items/poke/oak",
  "pokeitems/items/poke/rocket_egg",
  "pokeitems/items/poke/trainer_egg"
      ]
    }
  }
}