{
	"format_version": "1.8.0",
	"animations": {
		"animation.golbat.quiet": {
			"loop": true,
			"animation_length": 0.8,
			"bones": {
				"golbat": {
					"rotation": {
						"0.0": [0, 0, -5],
						"0.4": [0, 0, 5],
						"0.8": [0, 0, -5]
					},
					"position": {
						"0.0": [-2, 2, 0],
						"0.2": [0, 0, 0],
						"0.4": [2, 2, 0],
						"0.6": [0, 0, 0],
						"0.8": [-2, 2, 0]
					}
				},
				"right_wing": {
					"rotation": {
						"0.0": [25, -25, -17.5],
						"0.2": [25, 0, 7.5],
						"0.4": [25, -25, -17.5],
						"0.6": [25, 0, 7.5],
						"0.8": [25, -25, -17.5]
					}
				},
				"left_wing": {
					"rotation": {
						"0.0": [25, 25, 20],
						"0.2": [25, 0, -5],
						"0.4": [25, 25, 20],
						"0.6": [25, 0, -5],
						"0.8": [25, 25, 20]
					}
				},
				"legs": {
					"rotation": {
						"0.0": [-15, 0, 0],
						"0.2": [0, 0, 0],
						"0.4": [-15, 0, 0],
						"0.6": [0, 0, 0],
						"0.8": [-15, 0, 0]
					}
				}
			}
		},
		"animation.golbat.walk": {
			"loop": true,
			"animation_length": 0.8,
			"bones": {
				"golbat": {
					"rotation": [25, 0, 0],
					"position": {
						"0.0": [0, 2, 2],
						"0.2": [0, 0, 2],
						"0.4": [0, 2, 2],
						"0.6": [0, 0, 2],
						"0.8": [0, 2, 2]
					}
				},
				"right_wing": {
					"rotation": {
						"0.0": [25, -25, -17.5],
						"0.2": [25, 0, 7.5],
						"0.4": [25, -25, -17.5],
						"0.6": [25, 0, 7.5],
						"0.8": [25, -25, -17.5]
					}
				},
				"left_wing": {
					"rotation": {
						"0.0": [25, 25, 20],
						"0.2": [25, 0, -5],
						"0.4": [25, 25, 20],
						"0.6": [25, 0, -5],
						"0.8": [25, 25, 20]
					}
				},
				"legs": {
					"rotation": {
						"0.0": [-15, 0, 0],
						"0.2": [0, 0, 0],
						"0.4": [-15, 0, 0],
						"0.6": [0, 0, 0],
						"0.8": [-15, 0, 0]
					}
				}
			}
		},
		"animation.golbat.sitting": {
			"loop": true,
			"animation_length": 0.8,
			"bones": {
				"body": {
					"rotation": {
						"0.0": [5, 0, 0],
						"0.4": [0, 0, 0],
						"0.8": [5, 0, 0]
					}
				},
				"right_wing": {
					"rotation": {
						"0.0": [90, 0, -55],
						"0.4": [100, 0, -55],
						"0.8": [90, 0, -55]
					},
					"position": [0, 3, -1]
				},
				"left_wing": {
					"rotation": {
						"0.0": [90, 0, 55],
						"0.4": [100, 0, 55],
						"0.8": [90, 0, 55]
					},
					"position": [0, 3, -1]
				}
			}
		},
		"animation.golbat.attack": {
			"loop": true,
			"bones": {
				"body": {
					"scale": [1, 1.2, 1]
				},
				"right_wing": {
					"rotation": [0, -45, 0],
					"position": [0, 0, -8],
					"scale": [1.2, 1, 1]
				},
				"left_wing": {
					"rotation": [0, 45, 0],
					"position": [0, 0, -8],
					"scale": [1.2, 1, 1]
				},
				"legs": {
					"rotation": [-50, 0, 0],
					"position": [0, -1, -3]
				}
			}
		},
		"animation.golbat.direction": {
			"loop": true,
			"bones": {
				"golbat": {
					"rotation": [ "query.vertical_speed * -3.0", 0, "-math.max(-20,math.min(20,query.yaw_speed))"]
				}
			}
		},
        "animation.golbat.health_bar":{
            "loop":true,
            "bones":{
                "health_hover":{
    "rotation":["q.camera_rotation(0)","q.camera_rotation(1)-q.body_y_rotation",0],
	"position": [0,30,0],
    "scale":"query.is_in_ui?0:1.5"
                },
				"bar_green": {
					"scale": ["query.health/query.max_health*1", 1, 1]
				},
				"bar_black": {
					"scale": ["(1)+(query.health/query.max_health*-1)", 1, 1]
				}
			}
        }
    }
}