{
	"resource_pack_name":"pokedrockb",
	"texture_name":"atlas.items",
"padding":8,
"num_mip_levels":4,
"texture_data":{
		"pokeitems":{
"textures":[
"pokeitems/items/poke/joy",
"pokeitems/items/poke/berry_tree",
"pokeitems/items/poke/apricorn",
"pokeitems/items/poke/healing_machine",
"pokeitems/items/poke/slot_machine",
"pokeitems/items/poke/lab",
"pokeitems/items/poke/key_table",
"pokeitems/items/poke/trader",
"pokeitems/items/poke/pc_box",
"pokeitems/items/poke/PC",
"pokeitems/items/poke/evore",
"pokeitems/items/poke/fossil_ore",
"pokeitems/items/poke/item",
"pokeitems/items/poke/pokebike",
"pokeitems/items/poke/jenny",
"pokeitems/items/poke/store",
"pokeitems/items/poke/communicator"
    ]
  },

//machines

"rotomarket":{"textures":"pokeitems/items/poke/rotomarket"},
"healing_machine":{"textures":"pokeitems/items/poke/healing_machine"},
"pc_box":{"textures":"pokeitems/items/poke/pc_box"},
"personal_lab":{"textures":"pokeitems/items/poke/personal_lab"},
"slot_machine":{"textures":"pokeitems/items/poke/slot_machine"},
"trade_machine":{"textures":"pokeitems/items/poke/trade_machine"},
"communicator":{"textures":"pokeitems/items/poke/communicator"},

		"base_npc":{
"textures":[
"pokeitems/items/poke/oak"
    ]
  },

//poke

"badge":{"textures":"pokeitems/items/poke/poke_badge"},
"linking_cord":{"textures":"pokeitems/items/poke/linking_cord"},
"revive":{"textures":"pokeitems/items/poke/revive"},
"max_revive":{"textures":"pokeitems/items/poke/max_revive"},
"repel":{"textures":"pokeitems/items/poke/repel"},
"super_repel":{"textures":"pokeitems/items/poke/super_repel"},
"max_repel":{"textures":"pokeitems/items/poke/max_repel"},
"clothing_ticket":{"textures":"pokeitems/items/poke/clothing_ticket"},
"bike_pass":{"textures":"pokeitems/items/poke/bike_pass"},
"ride_pass":{"textures":"pokeitems/items/poke/ride_pass"},
"pokemon_egg":{"textures":"pokeitems/items/poke/pokemon_egg"},
"bad_egg":{"textures":"pokeitems/items/poke/bad_egg"},
"poke_ride":{"textures":"pokeitems/items/poke/poke_ride"},
"wishing_star":{"textures":"pokeitems/items/poke/wishing_star"},
"mulch":{"textures":"pokeitems/items/poke/mulch"},
"vs_seeker":{"textures":"pokeitems/items/poke/vs_seeker"},
"candy_bowl":{"textures":"pokeitems/items/poke/candy_bowl"},
"rare_candy":{"textures":"pokeitems/items/poke/rare_candy"},
"poke":{"textures":"pokeitems/items/poke/coin"},
"fluffy_tail":{"textures":"pokeitems/items/poke/fluffy_tail"},
"apricorn_seed":{"textures":"pokeitems/items/poke/apricorn_seed"},
"berry_seeds":{"textures":"pokeitems/items/poke/berry_seeds"},
"poke_ore":{"textures":"pokeitems/items/poke/poke_ore"},
"key_ore":{"textures":"pokeitems/items/poke/key_ore"},
"wish_ore":{"textures":"pokeitems/items/poke/wish_ore"},
"poke_toy":{"textures":"pokeitems/items/poke/poke_toy"},
"dynamax_band":{"textures":"pokeitems/items/poke/dynamax_band"},

//potions

"potion":{"textures":"pokeitems/items/poke/potion"},
"super_potion":{"textures":"pokeitems/items/poke/super_potion"},
"hyper_potion":{"textures":"pokeitems/items/poke/hyper_potion"},
"max_potion":{"textures":"pokeitems/items/poke/max_potion"},
"soda_pop":{"textures":"pokeitems/items/poke/soda_pop"},
"lemonade":{"textures":"pokeitems/items/poke/lemonade"},
"fresh_water":{"textures":"pokeitems/items/poke/fresh_water"},
"full_restore":{"textures":"pokeitems/items/poke/full_restore"},
"full_heal":{"textures":"pokeitems/items/poke/full_heal"},

//berries

"oran":{"textures":"pokeitems/items/poke/oran_berry"},
"mago":{"textures":"pokeitems/items/poke/mago_berry"},
"sitrus":{"textures":"pokeitems/items/poke/sitrus_berry"},
"enigma":{"textures":"pokeitems/items/poke/enigma_berry"},
"cheri":{"textures":"pokeitems/items/poke/cheri_berry"},
"chesto":{"textures":"pokeitems/items/poke/chesto_berry"},
"hondew":{"textures":"pokeitems/items/poke/hondew_berry"},
"leppa":{"textures":"pokeitems/items/poke/leppa_berry"},
"lum":{"textures":"pokeitems/items/poke/lum_berry"},
"nanab":{"textures":"pokeitems/items/poke/nanab_berry"},
"pamtre":{"textures":"pokeitems/items/poke/pamtre_berry"},
"pinap":{"textures":"pokeitems/items/poke/pinap_berry"},
"razz":{"textures":"pokeitems/items/poke/razz_berry"},
"rindo":{"textures":"pokeitems/items/poke/rindo_berry"},
"tamato":{"textures":"pokeitems/items/poke/tamato_berry"},

//apricorns

"black_apricorn":{"textures":"pokeitems/items/poke/black_apricorn"},
"red_apricorn":{"textures":"pokeitems/items/poke/red_apricorn"},
"white_apricorn":{"textures":"pokeitems/items/poke/white_apricorn"},
"yellow_apricorn":{"textures":"pokeitems/items/poke/yellow_apricorn"},
"blue_apricorn":{"textures":"pokeitems/items/poke/blue_apricorn"},
"cyan_apricorn":{"textures":"pokeitems/items/poke/cyan_apricorn"},
"green_apricorn":{"textures":"pokeitems/items/poke/green_apricorn"},
"orange_apricorn":{"textures":"pokeitems/items/poke/orange_apricorn"},
"pink_apricorn":{"textures":"pokeitems/items/poke/pink_apricorn"},

//pokeball_parts

"pokeball_up":{"textures":"pokeitems/items/poke/pokeball_up"},
"greatball_up":{"textures":"pokeitems/items/poke/greatball_up"},
"ultraball_up":{"textures":"pokeitems/items/poke/ultraball_up"},
"beastball_up":{"textures":"pokeitems/items/poke/beastball_up"},
"diveball_up":{"textures":"pokeitems/items/poke/diveball_up"},
"dreamball_up":{"textures":"pokeitems/items/poke/dreamball_up"},
"duskball_up":{"textures":"pokeitems/items/poke/duskball_up"},
"fastball_up":{"textures":"pokeitems/items/poke/fastball_up"},
"friendball_up":{"textures":"pokeitems/items/poke/friendball_up"},
"healball_up":{"textures":"pokeitems/items/poke/healball_up"},
"heavyball_up":{"textures":"pokeitems/items/poke/heavyball_up"},
"lureball_up":{"textures":"pokeitems/items/poke/lureball_up"},
"luxuryball_up":{"textures":"pokeitems/items/poke/luxuryball_up"},
"moonball_up":{"textures":"pokeitems/items/poke/moonball_up"},
"nestball_up":{"textures":"pokeitems/items/poke/nestball_up"},
"netball_up":{"textures":"pokeitems/items/poke/netball_up"},
"parkball_up":{"textures":"pokeitems/items/poke/parkball_up"},
"premierball_up":{"textures":"pokeitems/items/poke/premierball_up"},
"safariball_up":{"textures":"pokeitems/items/poke/safariball_up"},
"timerball_up":{"textures":"pokeitems/items/poke/timerball_up"},
"down_part":{"textures":"pokeitems/items/poke/down_part"},

//pokeballs

"pokeball":{"textures":"pokeitems/items/poke/poke_ball"},
"greatball":{"textures":"pokeitems/items/poke/great_ball"},
"ultraball":{"textures":"pokeitems/items/poke/ultra_ball"},
"masterball":{"textures":"pokeitems/items/poke/master_ball"},
"beastball":{"textures":"pokeitems/items/poke/beast_ball"},
"diveball":{"textures":"pokeitems/items/poke/dive_ball"},
"dreamball":{"textures":"pokeitems/items/poke/dream_ball"},
"duskball":{"textures":"pokeitems/items/poke/dusk_ball"},
"fastball":{"textures":"pokeitems/items/poke/fast_ball"},
"friendball":{"textures":"pokeitems/items/poke/friend_ball"},
"healball":{"textures":"pokeitems/items/poke/heal_ball"},
"heavyball":{"textures":"pokeitems/items/poke/heavy_ball"},
"lureball":{"textures":"pokeitems/items/poke/lure_ball"},
"luxuryball":{"textures":"pokeitems/items/poke/luxury_ball"},
"moonball":{"textures":"pokeitems/items/poke/moon_ball"},
"nestball":{"textures":"pokeitems/items/poke/nest_ball"},
"netball":{"textures":"pokeitems/items/poke/net_ball"},
"parkball":{"textures":"pokeitems/items/poke/park_ball"},
"premierball":{"textures":"pokeitems/items/poke/premier_ball"},
"safariball":{"textures":"pokeitems/items/poke/safari_ball"},
"timerball":{"textures":"pokeitems/items/poke/timer_ball"},

//stones

"water_stone":{"textures":"pokeitems/items/poke/water_stone"},
"fire_stone":{"textures":"pokeitems/items/poke/fire_stone"},
"thunder_stone":{"textures":"pokeitems/items/poke/thunder_stone"},
"moon_stone":{"textures":"pokeitems/items/poke/moon_stone"},
"leaf_stone":{"textures":"pokeitems/items/poke/leaf_stone"},

//mt

"mt_bug":{"textures":"pokeitems/items/poke/mt_bug"},
"mt_dark":{"textures":"pokeitems/items/poke/mt_dark"},
"mt_dragon":{"textures":"pokeitems/items/poke/mt_dragon"},
"mt_electric":{"textures":"pokeitems/items/poke/mt_electric"},
"mt_fairy":{"textures":"pokeitems/items/poke/mt_fairy"},
"mt_fighting":{"textures":"pokeitems/items/poke/mt_fighting"},
"mt_fire":{"textures":"pokeitems/items/poke/mt_fire"},
"mt_flying":{"textures":"pokeitems/items/poke/mt_flying"},
"mt_ghost":{"textures":"pokeitems/items/poke/mt_ghost"},
"mt_grass":{"textures":"pokeitems/items/poke/mt_grass"},
"mt_ground":{"textures":"pokeitems/items/poke/mt_ground"},
"mt_ice":{"textures":"pokeitems/items/poke/mt_ice"},
"mt_normal":{"textures":"pokeitems/items/poke/mt_normal"},
"mt_poison":{"textures":"pokeitems/items/poke/mt_poison"},
"mt_psychic":{"textures":"pokeitems/items/poke/mt_psychic"},
"mt_rock":{"textures":"pokeitems/items/poke/mt_rock"},
"mt_steel":{"textures":"pokeitems/items/poke/mt_steel"},
"mt_water":{"textures":"pokeitems/items/poke/mt_water"},

//mega

"key_stone":{"textures":"pokeitems/items/poke/key_stone"},
"key_shard_natural":{"textures":"pokeitems/items/poke/key_shard_natural"},
"key_shard_processed":{"textures":"pokeitems/items/poke/key_shard_processed"},
"mega_ring":{"textures":"pokeitems/items/poke/mega_ring_normal"},
"mega_ring_empty":{"textures":"pokeitems/items/poke/mega_ring_none"},
"mega_ring_x":{"textures":"pokeitems/items/poke/mega_ring_x"},
"mega_ring_y":{"textures":"pokeitems/items/poke/mega_ring_y"},
"x_factor":{"textures":"pokeitems/items/poke/x_factor"},
"y_factor":{"textures":"pokeitems/items/poke/y_factor"},
"ampharosite":{"textures":"pokeitems/items/poke/ampharosite"},
"beedrillite":{"textures":"pokeitems/items/poke/beedrillite"},
"blastoisinite":{"textures":"pokeitems/items/poke/blastoisinite"},
"blazikenite":{"textures":"pokeitems/items/poke/blazikenite"},
"charizardite_x":{"textures":"pokeitems/items/poke/charizardite_x"},
"charizardite_y":{"textures":"pokeitems/items/poke/charizardite_y"},
"gengarite":{"textures":"pokeitems/items/poke/gengarite"},
"gyaradosite":{"textures":"pokeitems/items/poke/gyaradosite"},
"heracronite":{"textures":"pokeitems/items/poke/heracronite"},
"pidgeotite":{"textures":"pokeitems/items/poke/pidgeotite"},
"sceptilite":{"textures":"pokeitems/items/poke/sceptilite"},
"scizorite":{"textures":"pokeitems/items/poke/scizorite"},
"slowbronite":{"textures":"pokeitems/items/poke/slowbronite"},
"swampertite":{"textures":"pokeitems/items/poke/swampertite"},
"venusaurite":{"textures":"pokeitems/items/poke/venusaurite"},

//suits

"ash_helmet":{"textures":"pokeitems/items/poke/ash_helmet"},
"ash_chestplate":{"textures":"pokeitems/items/poke/ash_chestplate"},
"ash_leggings":{"textures":"pokeitems/items/poke/ash_leggings"},
"ash_boots":{"textures":"pokeitems/items/poke/ash_boots"},
"red_helmet":{"textures":"pokeitems/items/poke/red_helmet"},
"red_chestplate":{"textures":"pokeitems/items/poke/red_chestplate"},
"red_leggings":{"textures":"pokeitems/items/poke/red_leggings"},
"red_boots":{"textures":"pokeitems/items/poke/red_boots"},
"green_helmet":{"textures":"pokeitems/items/poke/green_helmet"},
"green_chestplate":{"textures":"pokeitems/items/poke/green_chestplate"},
"green_leggings":{"textures":"pokeitems/items/poke/green_leggings"},
"green_boots":{"textures":"pokeitems/items/poke/green_boots"},
"rocket_helmet":{"textures":"pokeitems/items/poke/rocket_helmet"},
"rocket_chestplate":{"textures":"pokeitems/items/poke/rocket_chestplate"},
"rocketm_leggings":{"textures":"pokeitems/items/poke/rocketm_leggings"},
"rocket_boots":{"textures":"pokeitems/items/poke/rocket_boots"},
"rocketf_leggings":{"textures":"pokeitems/items/poke/rocketf_leggings"}
  }
}