{
    "resource_pack_name":"pokedrockb",
    "texture_name":"atlas.terrain",
  "padding":8,
  "num_mip_levels":4,
  "texture_data":{
        "apricorn_stem":{"textures":["textures/blocks/plants/apricorn_stem"]},
        "apricorn_empty":{"textures":["textures/blocks/plants/apricorn_empty"]},
        "apricorn_black":{"textures":["textures/blocks/plants/apricorn_black"]},
        "apricorn_blue":{"textures":["textures/blocks/plants/apricorn_blue"]},
        "apricorn_cyan":{"textures":["textures/blocks/plants/apricorn_cyan"]},
        "apricorn_green":{"textures":["textures/blocks/plants/apricorn_green"]},
        "apricorn_orange":{"textures":["textures/blocks/plants/apricorn_orange"]},
        "apricorn_pink":{"textures":["textures/blocks/plants/apricorn_pink"]},
        "apricorn_red":{"textures":["textures/blocks/plants/apricorn_red"]},
        "apricorn_yellow":{"textures":["textures/blocks/plants/apricorn_yellow"]},
        "apricorn_white":{"textures":["textures/blocks/plants/apricorn_white"]},
        "berry_sapling":{"textures":["textures/blocks/plants/berry_sapling"]},
        "berry_top":{"textures":["textures/blocks/plants/berry_top"]},
        "berry_leaves_dark":{"textures":["textures/blocks/plants/berry_leaves_dark"]},
        "berry_leaves_light":{"textures":["textures/blocks/plants/berry_leaves_light"]},
        "berry_log_side":{"textures":["textures/blocks/plants/berry_log_side"]},
        "berry_log_top":{"textures":["textures/blocks/plants/berry_log_top"]},
        "poke_ore":{"textures":["textures/blocks/poke_ore"]},
        "key_ore":{"textures":["textures/blocks/key_ore"]},
        "wish_ore":{"textures":["textures/blocks/wish_ore"]},
        "center_front":{"textures":["textures/blocks/center_front"]},
        "gym_front":{"textures":["textures/blocks/gym_front"]},
        "gymstatue":{"textures":["textures/blocks/gymstatue"]},
"sign_bug":{"textures":["textures/blocks/sign_bug"]},
"sign_dark":{"textures":["textures/blocks/sign_dark"]},
"sign_dragon":{"textures":["textures/blocks/sign_dragon"]},
"sign_electric":{"textures":["textures/blocks/sign_electric"]},
"sign_fairy":{"textures":["textures/blocks/sign_fairy"]},
"sign_fighting":{"textures":["textures/blocks/sign_figting"]},
"sign_fire":{"textures":["textures/blocks/sign_fire"]},
"sign_flying":{"textures":["textures/blocks/sign_flying"]},
"sign_ghost":{"textures":["textures/blocks/sign_ghost"]},
"sign_grass":{"textures":["textures/blocks/sign_grass"]},
"sign_ground":{"textures":["textures/blocks/sign_ground"]},
"sign_ice":{"textures":["textures/blocks/sign_ice"]},
"sign_normal":{"textures":["textures/blocks/sign_normal"]},
"sign_poison":{"textures":["textures/blocks/sign_poison"]},
"sign_psychic":{"textures":["textures/blocks/sign_psychic"]},
"sign_rock":{"textures":["textures/blocks/sign_rock"]},
"sign_steel":{"textures":["textures/blocks/sign_steel"]},
"sign_water":{"textures":["textures/blocks/sign_water"]}
  }
}