{
	"format_version": "1.12.0",
	"minecraft:geometry": [
		{
			"description": {
				"identifier": "geometry.serpsquirtle",
				"texture_width": 64,
				"texture_height": 64,
				"visible_bounds_width": 3,
				"visible_bounds_height": 3.5,
				"visible_bounds_offset": [0, 1.25, 0]
			},
			"bones": [
				{
					"name": "squirtle",
					"pivot": [0, 0, -1]
				},
				{
					"name": "body_root",
					"parent": "squirtle",
					"pivot": [0, 3, 1]
				},
				{
					"name": "head",
					"parent": "body_root",
					"pivot": [0, 10.5, -2.5],
					"cubes": [
						{"origin": [-2.5, 11, -5], "size": [5, 5, 5], "uv": [0, 14]},
						{"origin": [-2, 11, -6], "size": [4, 2, 1], "uv": [23, 9]},
						{"origin": [-3.8, 11, -6], "size": [1.8, 2, 1], "pivot": [-2, 11.5, -6], "rotation": [0, 56.5, 0], "uv": [0, 0]},
						{"origin": [2, 11, -6], "size": [1.8, 2, 1], "pivot": [2, 11.5, -6], "rotation": [0, -56.5, 0], "uv": [0, 0], "mirror": true},
						{"origin": [-2, 11.5, -5.5], "size": [4, 4, 1], "uv": [40, 0]},
						{"origin": [-2, 15.5, -4.5], "size": [4, 1, 4], "uv": [32, 31]},
						{"origin": [-2, 10.5, -4.5], "size": [4, 1, 4], "uv": [15, 31]},
						{"origin": [-2, 11.5, -0.5], "size": [4, 4, 1], "uv": [40, 0]},
						{"origin": [-3, 11.5, -4.5], "size": [1, 4, 4], "uv": [37, 37]},
						{"origin": [2, 11.5, -4.5], "size": [1, 4, 4], "uv": [37, 37], "mirror": true}
					]
				},
				{
					"name": "open_eyes",
					"parent": "head",
					"pivot": [0, 11.5, -2.5],
					"cubes": [
						{"origin": [-2.5, 13, -5.6], "size": [5, 2, 0], "uv": [0, 49]}
					]
				},
				{
					"name": "closed_eyes",
					"parent": "head",
					"pivot": [0, 11.5, -2.5],
					"cubes": [
						{"origin": [-2.5, 13, -5.6], "size": [5, 2, 0], "uv": [0, 51]}
					]
				},
				{
					"name": "angry_eyes",
					"parent": "head",
					"pivot": [0, 11.5, -2.5],
					"cubes": [
						{"origin": [-2.5, 13, -5.6], "size": [5, 2, 0], "uv": [0, 53]}
					]
				},
				{
					"name": "body",
					"parent": "body_root",
					"pivot": [0, 3, 0],
					"rotation": [10, 0, 0],
					"cubes": [
						{"origin": [-3, 3, -3], "size": [6, 8, 5], "uv": [0, 0]},
						{"origin": [-4, 2.5, 2], "size": [8, 9, 1], "uv": [21, 14]},
						{"origin": [-3.5, 5, 3], "size": [7, 4, 2], "inflate": -0.02, "uv": [0, 25]},
						{"origin": [-3.5, 8.98, 2.98], "size": [7, 3, 2], "pivot": [0, 8.98, 4.98], "rotation": [45, 0, 0], "uv": [19, 25]},
						{"origin": [-3.5, 5.02, 2.98], "size": [7, 3, 2], "pivot": [0, 5.02, 4.98], "rotation": [45, 0, -180], "uv": [19, 25]},
						{"origin": [-2.5, 3.5, -3.5], "size": [5, 7, 1], "uv": [11, 37]},
						{"origin": [-3.5, 3.5, -2.5], "size": [1, 7, 4], "uv": [0, 32]},
						{"origin": [2.5, 3.5, -2.5], "size": [1, 7, 4], "uv": [0, 32], "mirror": true}
					]
				},
				{
					"name": "tail",
					"parent": "body",
					"pivot": [0, 4, 4],
					"rotation": [-25, 0, 0],
					"cubes": [
						{"origin": [-1, 3, 4], "size": [2, 2, 2], "uv": [0, 44]},
						{"origin": [-2, 3.52094, 8.95442], "size": [4, 4, 4], "pivot": [0, 3.52094, 8.95442], "rotation": [20, 0, 0], "uv": [23, 0]},
						{"origin": [-1.5, 3, 6], "size": [3, 3, 3], "pivot": [0, 3, 6], "rotation": [10, 0, 0], "uv": [24, 37]}
					]
				},
				{
					"name": "arms",
					"parent": "body_root",
					"pivot": [0, 9.5, -2]
				},
				{
					"name": "right_arm",
					"parent": "arms",
					"pivot": [-3, 9.5, -1.5],
					"rotation": [0, 0, 35],
					"cubes": [
						{"origin": [-4, 5.5, -2.5], "size": [2, 4, 2], "uv": [40, 14]},
						{"origin": [-4, 4.5, -2.5], "size": [2, 1, 2], "uv": [18, 0]}
					]
				},
				{
					"name": "left_arm",
					"parent": "arms",
					"pivot": [3, 9.5, -1.5],
					"rotation": [0, 0, -35],
					"cubes": [
						{"origin": [2, 5.5, -2.5], "size": [2, 4, 2], "uv": [40, 14], "mirror": true},
						{"origin": [2, 4.5, -2.5], "size": [2, 1, 2], "uv": [18, 0], "mirror": true}
					]
				},
				{
					"name": "legs",
					"parent": "squirtle",
					"pivot": [0, 4, -1]
				},
				{
					"name": "right_leg",
					"parent": "legs",
					"pivot": [-3, 4, -1],
					"rotation": [0, 10, 0],
					"cubes": [
						{"origin": [-4, 1, -2], "size": [3, 4, 3], "uv": [37, 6]},
						{"origin": [-3.5, 1.5, -2.5], "size": [2, 3, 1], "uv": [24, 44]},
						{"origin": [-3.5, 0, -2], "size": [2, 1, 2], "uv": [40, 21]},
						{"origin": [-3.5, 1, -4], "size": [2, 0, 2], "pivot": [-2.5, 1, -2], "rotation": [45, 0, 0], "uv": [44, 37]}
					]
				},
				{
					"name": "left_leg",
					"parent": "legs",
					"pivot": [3, 4, -1],
					"rotation": [0, -10, 0],
					"cubes": [
						{"origin": [1, 1, -2], "size": [3, 4, 3], "uv": [37, 6], "mirror": true},
						{"origin": [1.5, 1.5, -2.5], "size": [2, 3, 1], "uv": [24, 44], "mirror": true},
						{"origin": [1.5, 0, -2], "size": [2, 1, 2], "uv": [40, 21], "mirror": true},
						{"origin": [1.5, 1, -4], "size": [2, 0, 2], "pivot": [2.5, 1, -2], "rotation": [45, 0, 0], "uv": [44, 37], "mirror": true}
					]
				}
			]
		},
		{
			"description": {
				"identifier": "geometry.serpsquirtle_aura",
				"texture_width": 64,
				"texture_height": 64,
				"visible_bounds_width": 3,
				"visible_bounds_height": 3.5,
				"visible_bounds_offset": [0, 1.25, 0]
			},
			"bones": [
				{
					"name": "squirtle",
					"pivot": [0, 0, -1]
				},
				{
					"name": "body_root",
					"parent": "squirtle",
					"pivot": [0, 3, 1]
				},
				{
					"name": "head",
					"parent": "body_root",
					"pivot": [0, 10.5, -2.5],
					"cubes": [
						{"origin": [-2.5, 11, -5], "size": [5, 5, 5], "inflate": 0.25, "uv": [0, 14]},
						{"origin": [-2, 11, -6], "size": [4, 2, 1], "inflate": 0.25, "uv": [23, 9]},
						{"origin": [-3.8, 11, -6], "size": [1.8, 2, 1], "inflate": 0.25, "pivot": [-2, 11.5, -6], "rotation": [0, 56.5, 0], "uv": [0, 0]},
						{"origin": [2, 11, -6], "size": [1.8, 2, 1], "inflate": 0.25, "pivot": [2, 11.5, -6], "rotation": [0, -56.5, 0], "uv": [0, 0], "mirror": true},
						{"origin": [-2, 11.5, -5.5], "size": [4, 4, 1], "inflate": 0.25, "uv": [40, 0]},
						{"origin": [-2, 15.5, -4.5], "size": [4, 1, 4], "inflate": 0.25, "uv": [32, 31]},
						{"origin": [-2, 10.5, -4.5], "size": [4, 1, 4], "inflate": 0.25, "uv": [15, 31]},
						{"origin": [-2, 11.5, -0.5], "size": [4, 4, 1], "inflate": 0.25, "uv": [40, 0]},
						{"origin": [-3, 11.5, -4.5], "size": [1, 4, 4], "inflate": 0.25, "uv": [37, 37]},
						{"origin": [2, 11.5, -4.5], "size": [1, 4, 4], "inflate": 0.25, "uv": [37, 37], "mirror": true}
					]
				},
				{
					"name": "open_eyes",
					"parent": "head",
					"pivot": [0, 11.5, -2.5],
					"cubes": [
						{"origin": [-2.5, 13, -5.6], "size": [5, 2, 0], "inflate": 0.25, "uv": [0, 49]}
					]
				},
				{
					"name": "closed_eyes",
					"parent": "head",
					"pivot": [0, 11.5, -2.5],
					"cubes": [
						{"origin": [-2.5, 13, -5.6], "size": [5, 2, 0], "inflate": 0.25, "uv": [0, 51]}
					]
				},
				{
					"name": "angry_eyes",
					"parent": "head",
					"pivot": [0, 11.5, -2.5],
					"cubes": [
						{"origin": [-2.5, 13, -5.6], "size": [5, 2, 0], "inflate": 0.25, "uv": [0, 53]}
					]
				},
				{
					"name": "body",
					"parent": "body_root",
					"pivot": [0, 3, 0],
					"rotation": [10, 0, 0],
					"cubes": [
						{"origin": [-3, 3, -3], "size": [6, 8, 5], "inflate": 0.25, "uv": [0, 0]},
						{"origin": [-4, 2.5, 2], "size": [8, 9, 1], "inflate": 0.25, "uv": [21, 14]},
						{"origin": [-3.5, 5, 3], "size": [7, 4, 2], "inflate": 0.25, "uv": [0, 25]},
						{"origin": [-3.5, 8.98, 2.98], "size": [7, 3, 2], "inflate": 0.25, "pivot": [0, 8.98, 4.98], "rotation": [45, 0, 0], "uv": [19, 25]},
						{"origin": [-3.5, 5.02, 2.98], "size": [7, 3, 2], "inflate": 0.25, "pivot": [0, 5.02, 4.98], "rotation": [45, 0, -180], "uv": [19, 25]},
						{"origin": [-2.5, 3.5, -3.5], "size": [5, 7, 1], "inflate": 0.25, "uv": [11, 37]},
						{"origin": [-3.5, 3.5, -2.5], "size": [1, 7, 4], "inflate": 0.25, "uv": [0, 32]},
						{"origin": [2.5, 3.5, -2.5], "size": [1, 7, 4], "inflate": 0.25, "uv": [0, 32], "mirror": true}
					]
				},
				{
					"name": "tail",
					"parent": "body",
					"pivot": [0, 4, 4],
					"rotation": [-25, 0, 0],
					"cubes": [
						{"origin": [-1, 3, 4], "size": [2, 2, 2], "inflate": 0.25, "uv": [0, 44]},
						{"origin": [-2, 3.52094, 8.95442], "size": [4, 4, 4], "inflate": 0.25, "pivot": [0, 3.52094, 8.95442], "rotation": [20, 0, 0], "uv": [23, 0]},
						{"origin": [-1.5, 3, 6], "size": [3, 3, 3], "inflate": 0.25, "pivot": [0, 3, 6], "rotation": [10, 0, 0], "uv": [24, 37]}
					]
				},
				{
					"name": "arms",
					"parent": "body_root",
					"pivot": [0, 9.5, -2]
				},
				{
					"name": "right_arm",
					"parent": "arms",
					"pivot": [-3, 9.5, -1.5],
					"rotation": [0, 0, 35],
					"cubes": [
						{"origin": [-4, 5.5, -2.5], "size": [2, 4, 2], "inflate": 0.25, "uv": [40, 14]},
						{"origin": [-4, 4.5, -2.5], "size": [2, 1, 2], "inflate": 0.25, "uv": [18, 0]}
					]
				},
				{
					"name": "left_arm",
					"parent": "arms",
					"pivot": [3, 9.5, -1.5],
					"rotation": [0, 0, -35],
					"cubes": [
						{"origin": [2, 5.5, -2.5], "size": [2, 4, 2], "inflate": 0.25, "uv": [40, 14], "mirror": true},
						{"origin": [2, 4.5, -2.5], "size": [2, 1, 2], "inflate": 0.25, "uv": [18, 0], "mirror": true}
					]
				},
				{
					"name": "legs",
					"parent": "squirtle",
					"pivot": [0, 4, -1]
				},
				{
					"name": "right_leg",
					"parent": "legs",
					"pivot": [-3, 4, -1],
					"rotation": [0, 10, 0],
					"cubes": [
						{"origin": [-4, 1, -2], "size": [3, 4, 3], "inflate": 0.25, "uv": [37, 6]},
						{"origin": [-3.5, 1.5, -2.5], "size": [2, 3, 1], "inflate": 0.25, "uv": [24, 44]},
						{"origin": [-3.5, 0, -2], "size": [2, 1, 2], "inflate": 0.25, "uv": [40, 21]},
						{"origin": [-3.5, 1, -4], "size": [2, 0, 2], "inflate": 0.25, "pivot": [-2.5, 1, -2], "rotation": [45, 0, 0], "uv": [44, 37]}
					]
				},
				{
					"name": "left_leg",
					"parent": "legs",
					"pivot": [3, 4, -1],
					"rotation": [0, -10, 0],
					"cubes": [
						{"origin": [1, 1, -2], "size": [3, 4, 3], "inflate": 0.25, "uv": [37, 6], "mirror": true},
						{"origin": [1.5, 1.5, -2.5], "size": [2, 3, 1], "inflate": 0.25, "uv": [24, 44], "mirror": true},
						{"origin": [1.5, 0, -2], "size": [2, 1, 2], "inflate": 0.25, "uv": [40, 21], "mirror": true},
						{"origin": [1.5, 1, -4], "size": [2, 0, 2], "inflate": 0.25, "pivot": [2.5, 1, -2], "rotation": [45, 0, 0], "uv": [44, 37], "mirror": true}
					]
				}
			]
		}
	]
}