{
	"format_version": "1.12.0",
	"minecraft:geometry": [
		{
			"description": {
				"identifier": "geometry.serpwartortle",
				"texture_width": 80,
				"texture_height": 80,
				"visible_bounds_width": 4,
				"visible_bounds_height": 3.5,
				"visible_bounds_offset": [0, 1.25, 0]
			},
			"bones": [
				{
					"name": "wartortle",
					"pivot": [0, 2, -1]
				},
				{
					"name": "body_root",
					"parent": "wartortle",
					"pivot": [0, 5, 0]
				},
				{
					"name": "head",
					"parent": "body_root",
					"pivot": [0, 15, 0],
					"cubes": [
						{"origin": [-3, 15.5, -3], "size": [6, 6, 6], "uv": [0, 17]},
						{"origin": [3.5, 20.5, -1], "size": [0, 6, 4], "pivot": [3, 21.5, 0], "rotation": [-25, 20, 10], "uv": [45, 56]},
						{"origin": [-3.5, 20.5, -1], "size": [0, 6, 4], "pivot": [-3, 21.5, 0], "rotation": [-25, -20, -10], "uv": [45, 56], "mirror": true},
						{"origin": [-2.5, 16, -4], "size": [5, 2, 1], "uv": [58, 0]},
						{"origin": [-4.3, 16, -4], "size": [1.8, 2, 1], "pivot": [-2.5, 17, -4], "rotation": [0, 56, 0], "uv": [0, 0]},
						{"origin": [2.5, 16, -4], "size": [1.8, 2, 1], "pivot": [2.5, 17, -4], "rotation": [0, -56, 0], "uv": [0, 0], "mirror": true},
						{"origin": [-2.5, 20, -2.5], "size": [5, 2, 5], "uv": [0, 37]},
						{"origin": [-2.5, 15, -2.5], "size": [5, 2, 5], "uv": [25, 30]},
						{"origin": [-2.5, 16, 1.5], "size": [5, 5, 2], "uv": [30, 53]},
						{"origin": [-1.5, 16, -3.5], "size": [3, 5, 1], "uv": [61, 28]},
						{"origin": [-3.5, 16, -2.5], "size": [2, 5, 5], "uv": [48, 0]},
						{"origin": [1.5, 16, -2.5], "size": [2, 5, 5], "uv": [46, 25]}
					]
				},
				{
					"name": "open_eyes",
					"parent": "head",
					"pivot": [0, 15, 0],
					"cubes": [
						{"origin": [-3, 18, -3], "size": [3, 3, 0], "pivot": [-3, 18, -3], "rotation": [0, 20, 0], "uv": [0, 70]},
						{"origin": [0, 18, -3], "size": [3, 3, 0], "pivot": [3, 18, -3], "rotation": [0, -20, 0], "uv": [0, 70], "mirror": true}
					]
				},
				{
					"name": "closed_eyes",
					"parent": "head",
					"pivot": [0, 15, 0],
					"cubes": [
						{"origin": [-3, 18, -3], "size": [3, 3, 0], "pivot": [-3, 18, -3], "rotation": [0, 20, 0], "uv": [0, 73]},
						{"origin": [0, 18, -3], "size": [3, 3, 0], "pivot": [3, 18, -3], "rotation": [0, -20, 0], "uv": [0, 73], "mirror": true}
					]
				},
				{
					"name": "angry_eyes",
					"parent": "head",
					"pivot": [0, 15, 0],
					"cubes": [
						{"origin": [-3, 18, -3], "size": [3, 3, 0], "pivot": [-3, 18, -3], "rotation": [0, 20, 0], "uv": [0, 76]},
						{"origin": [0, 18, -3], "size": [3, 3, 0], "pivot": [3, 18, -3], "rotation": [0, -20, 0], "uv": [0, 76], "mirror": true}
					]
				},
				{
					"name": "body",
					"parent": "body_root",
					"pivot": [0, 10, 0],
					"cubes": [
						{"origin": [-4, 5, -3], "size": [8, 10, 6], "uv": [0, 0]},
						{"origin": [-5, 4.5, 3], "size": [10, 11, 1], "uv": [25, 17]},
						{"origin": [-3.5, 6.5, 4], "size": [7, 7, 2], "uv": [21, 38]},
						{"origin": [3.66148, 6.5, 4.2661], "size": [2.7, 7, 2], "pivot": [3.36148, 9, 6.2661], "rotation": [0, 62.5, 0], "uv": [60, 42]},
						{"origin": [-6.36148, 6.5, 4.2661], "size": [2.7, 7, 2], "pivot": [-3.36148, 9, 6.2661], "rotation": [0, -62.5, 0], "uv": [0, 60]},
						{"origin": [-3.5, 13.5, 4], "size": [7, 3, 2], "pivot": [0, 13.5, 6], "rotation": [52.5, 0, 0], "uv": [48, 36]},
						{"origin": [-3.5, 4.67372, 1.61994], "size": [7, 3, 2], "pivot": [0, 4.67372, 3.61994], "rotation": [-52.5, 0, 0], "uv": [13, 48]},
						{"origin": [-3.5, 6.5, -4], "size": [7, 7, 1], "uv": [48, 11]},
						{"origin": [-3.5, 13.5, -4], "size": [7, 1.8, 1], "pivot": [0, 13.5, -4], "rotation": [-35, 0, 0], "uv": [48, 20]},
						{"origin": [-3.5, 5.02553, -2.96756], "size": [7, 1.8, 1], "pivot": [0, 5.02553, -2.96756], "rotation": [35, 0, 0], "uv": [29, 14]},
						{"origin": [3.5, 5.5, -2.5], "size": [1, 9, 5], "uv": [0, 45]},
						{"origin": [-3.5, 4.5, -2.5], "size": [7, 1, 5], "uv": [0, 30]},
						{"origin": [-4.5, 5.5, -2.5], "size": [1, 9, 5], "uv": [40, 38]}
					]
				},
				{
					"name": "tail",
					"parent": "body",
					"pivot": [0, 6, 4],
					"cubes": [
						{"origin": [-1, 5.07532, 3.93085], "size": [2, 2, 3], "uv": [23, 61]},
						{"origin": [-1, 5.9422, 6.5963], "size": [2, 3, 3], "inflate": 0.1, "pivot": [0.1, 7.9422, 11.0963], "rotation": [10, 0, 0], "uv": [54, 60]},
						{"origin": [-1, 5.42948, 9.98719], "size": [2, 6, 7], "inflate": 0.2, "pivot": [0.2, 5.9808, 9.18547], "rotation": [30, 0, 0], "uv": [29, 0]}
					]
				},
				{
					"name": "arms",
					"parent": "body_root",
					"pivot": [0, 14, 0]
				},
				{
					"name": "right_arm",
					"parent": "arms",
					"pivot": [-4, 14, 0],
					"cubes": [
						{"origin": [-6, 8, -1.5], "size": [3, 6, 3], "pivot": [-4, 14, -2], "rotation": [0, 0, 20], "uv": [50, 50]},
						{"origin": [-6, 7, -1.5], "size": [3, 1, 3], "pivot": [-4, 14, -2], "rotation": [0, 0, 20], "uv": [56, 23]}
					]
				},
				{
					"name": "left_arm",
					"parent": "arms",
					"pivot": [4, 14, 0],
					"cubes": [
						{"origin": [3, 8, -1.5], "size": [3, 6, 3], "pivot": [4, 14, -2], "rotation": [0, 0, -20], "uv": [50, 50], "mirror": true},
						{"origin": [3, 7, -1.5], "size": [3, 1, 3], "pivot": [4, 14, -2], "rotation": [0, 0, -20], "uv": [56, 23], "mirror": true}
					]
				},
				{
					"name": "legs",
					"parent": "wartortle",
					"pivot": [0, 5, 0]
				},
				{
					"name": "right_leg",
					"parent": "legs",
					"pivot": [-4, 5, 0],
					"cubes": [
						{"origin": [-5, 1, -1.5], "size": [3, 5, 3], "uv": [13, 54]},
						{"origin": [-4.5, 1.5, -2], "size": [2, 4, 1], "uv": [63, 4]},
						{"origin": [-5.5, 1.5, -1], "size": [1, 4, 2], "uv": [34, 61]},
						{"origin": [-2.5, 1.5, -1], "size": [1, 4, 2], "uv": [53, 42]},
						{"origin": [-5, 0, -2.5], "size": [3, 1, 3], "uv": [23, 0]},
						{"origin": [-5, 1, -4.5], "size": [3, 0, 2], "pivot": [-3.5, 1, -2.5], "rotation": [45, 0, 0], "uv": [41, 0]}
					]
				},
				{
					"name": "left_leg",
					"parent": "legs",
					"pivot": [4, 5, 0],
					"cubes": [
						{"origin": [2, 1, -1.5], "size": [3, 5, 3], "uv": [13, 54], "mirror": true},
						{"origin": [2.5, 1.5, -2], "size": [2, 4, 1], "uv": [63, 4], "mirror": true},
						{"origin": [4.5, 1.5, -1], "size": [1, 4, 2], "uv": [34, 61], "mirror": true},
						{"origin": [1.5, 1.5, -1], "size": [1, 4, 2], "uv": [53, 42], "mirror": true},
						{"origin": [2, 0, -2.5], "size": [3, 1, 3], "uv": [23, 0], "mirror": true},
						{"origin": [2, 1, -4.5], "size": [3, 0, 2], "pivot": [3.5, 1, -2.5], "rotation": [45, 0, 0], "uv": [41, 0], "mirror": true}
					]
				}
			]
		},
		{
			"description": {
				"identifier": "geometry.serpwartortle_aura",
				"texture_width": 80,
				"texture_height": 80,
				"visible_bounds_width": 4,
				"visible_bounds_height": 3.5,
				"visible_bounds_offset": [0, 1.25, 0]
			},
			"bones": [
				{
					"name": "wartortle",
					"pivot": [0, 2, -1]
				},
				{
					"name": "body_root",
					"parent": "wartortle",
					"pivot": [0, 5, 0]
				},
				{
					"name": "head",
					"parent": "body_root",
					"pivot": [0, 15, 0],
					"cubes": [
						{"origin": [-3, 15.5, -3], "size": [6, 6, 6], "inflate": 0.25, "uv": [0, 17]},
						{"origin": [3.5, 20.5, -1], "size": [0, 6, 4], "inflate": 0.25, "pivot": [3, 21.5, 0], "rotation": [-25, 20, 10], "uv": [45, 56]},
						{"origin": [-3.5, 20.5, -1], "size": [0, 6, 4], "inflate": 0.25, "pivot": [-3, 21.5, 0], "rotation": [-25, -20, -10], "uv": [45, 56], "mirror": true},
						{"origin": [-2.5, 16, -4], "size": [5, 2, 1], "inflate": 0.25, "uv": [58, 0]},
						{"origin": [-4.3, 16, -4], "size": [1.8, 2, 1], "inflate": 0.25, "pivot": [-2.5, 17, -4], "rotation": [0, 56, 0], "uv": [0, 0]},
						{"origin": [2.5, 16, -4], "size": [1.8, 2, 1], "inflate": 0.25, "pivot": [2.5, 17, -4], "rotation": [0, -56, 0], "uv": [0, 0], "mirror": true},
						{"origin": [-2.5, 20, -2.5], "size": [5, 2, 5], "inflate": 0.25, "uv": [0, 37]},
						{"origin": [-2.5, 15, -2.5], "size": [5, 2, 5], "inflate": 0.25, "uv": [25, 30]},
						{"origin": [-2.5, 16, 1.5], "size": [5, 5, 2], "inflate": 0.25, "uv": [30, 53]},
						{"origin": [-1.5, 16, -3.5], "size": [3, 5, 1], "inflate": 0.25, "uv": [61, 28]},
						{"origin": [-3.5, 16, -2.5], "size": [2, 5, 5], "inflate": 0.25, "uv": [48, 0]},
						{"origin": [1.5, 16, -2.5], "size": [2, 5, 5], "inflate": 0.25, "uv": [46, 25]}
					]
				},
				{
					"name": "open_eyes",
					"parent": "head",
					"pivot": [0, 15, 0],
					"cubes": [
						{"origin": [-3, 18, -3], "size": [3, 3, 0], "inflate": 0.25, "pivot": [-3, 18, -3], "rotation": [0, 20, 0], "uv": [0, 70]},
						{"origin": [0, 18, -3], "size": [3, 3, 0], "inflate": 0.25, "pivot": [3, 18, -3], "rotation": [0, -20, 0], "uv": [0, 70], "mirror": true}
					]
				},
				{
					"name": "closed_eyes",
					"parent": "head",
					"pivot": [0, 15, 0],
					"cubes": [
						{"origin": [-3, 18, -3], "size": [3, 3, 0], "inflate": 0.25, "pivot": [-3, 18, -3], "rotation": [0, 20, 0], "uv": [0, 73]},
						{"origin": [0, 18, -3], "size": [3, 3, 0], "inflate": 0.25, "pivot": [3, 18, -3], "rotation": [0, -20, 0], "uv": [0, 73], "mirror": true}
					]
				},
				{
					"name": "angry_eyes",
					"parent": "head",
					"pivot": [0, 15, 0],
					"cubes": [
						{"origin": [-3, 18, -3], "size": [3, 3, 0], "inflate": 0.25, "pivot": [-3, 18, -3], "rotation": [0, 20, 0], "uv": [0, 76]},
						{"origin": [0, 18, -3], "size": [3, 3, 0], "inflate": 0.25, "pivot": [3, 18, -3], "rotation": [0, -20, 0], "uv": [0, 76], "mirror": true}
					]
				},
				{
					"name": "body",
					"parent": "body_root",
					"pivot": [0, 10, 0],
					"cubes": [
						{"origin": [-4, 5, -3], "size": [8, 10, 6], "inflate": 0.25, "uv": [0, 0]},
						{"origin": [-5, 4.5, 3], "size": [10, 11, 1], "inflate": 0.25, "uv": [25, 17]},
						{"origin": [-3.5, 6.5, 4], "size": [7, 7, 2], "inflate": 0.25, "uv": [21, 38]},
						{"origin": [3.66148, 6.5, 4.2661], "size": [2.7, 7, 2], "inflate": 0.25, "pivot": [3.36148, 9, 6.2661], "rotation": [0, 62.5, 0], "uv": [60, 42]},
						{"origin": [-6.36148, 6.5, 4.2661], "size": [2.7, 7, 2], "inflate": 0.25, "pivot": [-3.36148, 9, 6.2661], "rotation": [0, -62.5, 0], "uv": [0, 60]},
						{"origin": [-3.5, 13.5, 4], "size": [7, 3, 2], "inflate": 0.25, "pivot": [0, 13.5, 6], "rotation": [52.5, 0, 0], "uv": [48, 36]},
						{"origin": [-3.5, 4.67372, 1.61994], "size": [7, 3, 2], "inflate": 0.25, "pivot": [0, 4.67372, 3.61994], "rotation": [-52.5, 0, 0], "uv": [13, 48]},
						{"origin": [-3.5, 6.5, -4], "size": [7, 7, 1], "inflate": 0.25, "uv": [48, 11]},
						{"origin": [-3.5, 13.5, -4], "size": [7, 1.8, 1], "inflate": 0.25, "pivot": [0, 13.5, -4], "rotation": [-35, 0, 0], "uv": [48, 20]},
						{"origin": [-3.5, 5.02553, -2.96756], "size": [7, 1.8, 1], "inflate": 0.25, "pivot": [0, 5.02553, -2.96756], "rotation": [35, 0, 0], "uv": [29, 14]},
						{"origin": [3.5, 5.5, -2.5], "size": [1, 9, 5], "inflate": 0.25, "uv": [0, 45]},
						{"origin": [-3.5, 4.5, -2.5], "size": [7, 1, 5], "inflate": 0.25, "uv": [0, 30]},
						{"origin": [-4.5, 5.5, -2.5], "size": [1, 9, 5], "inflate": 0.25, "uv": [40, 38]}
					]
				},
				{
					"name": "tail",
					"parent": "body",
					"pivot": [0, 6, 4],
					"cubes": [
						{"origin": [-1, 5.07532, 3.93085], "size": [2, 2, 3], "inflate": 0.25, "uv": [23, 61]},
						{"origin": [-1, 5.9422, 6.5963], "size": [2, 3, 3], "inflate": 0.25, "pivot": [0.1, 7.9422, 11.0963], "rotation": [10, 0, 0], "uv": [54, 60]},
						{"origin": [-1, 5.42948, 9.98719], "size": [2, 6, 7], "inflate": 0.25, "pivot": [0.2, 5.9808, 9.18547], "rotation": [30, 0, 0], "uv": [29, 0]}
					]
				},
				{
					"name": "arms",
					"parent": "body_root",
					"pivot": [0, 14, 0]
				},
				{
					"name": "right_arm",
					"parent": "arms",
					"pivot": [-4, 14, 0],
					"cubes": [
						{"origin": [-6, 8, -1.5], "size": [3, 6, 3], "inflate": 0.25, "pivot": [-4, 14, -2], "rotation": [0, 0, 20], "uv": [50, 50]},
						{"origin": [-6, 7, -1.5], "size": [3, 1, 3], "inflate": 0.25, "pivot": [-4, 14, -2], "rotation": [0, 0, 20], "uv": [56, 23]}
					]
				},
				{
					"name": "left_arm",
					"parent": "arms",
					"pivot": [4, 14, 0],
					"cubes": [
						{"origin": [3, 8, -1.5], "size": [3, 6, 3], "inflate": 0.25, "pivot": [4, 14, -2], "rotation": [0, 0, -20], "uv": [50, 50], "mirror": true},
						{"origin": [3, 7, -1.5], "size": [3, 1, 3], "inflate": 0.25, "pivot": [4, 14, -2], "rotation": [0, 0, -20], "uv": [56, 23], "mirror": true}
					]
				},
				{
					"name": "legs",
					"parent": "wartortle",
					"pivot": [0, 5, 0]
				},
				{
					"name": "right_leg",
					"parent": "legs",
					"pivot": [-4, 5, 0],
					"cubes": [
						{"origin": [-5, 1, -1.5], "size": [3, 5, 3], "inflate": 0.25, "uv": [13, 54]},
						{"origin": [-4.5, 1.5, -2], "size": [2, 4, 1], "inflate": 0.25, "uv": [63, 4]},
						{"origin": [-5.5, 1.5, -1], "size": [1, 4, 2], "inflate": 0.25, "uv": [34, 61]},
						{"origin": [-2.5, 1.5, -1], "size": [1, 4, 2], "inflate": 0.25, "uv": [53, 42]},
						{"origin": [-5, 0, -2.5], "size": [3, 1, 3], "inflate": 0.25, "uv": [23, 0]},
						{"origin": [-5, 1, -4.5], "size": [3, 0, 2], "inflate": 0.25, "pivot": [-3.5, 1, -2.5], "rotation": [45, 0, 0], "uv": [41, 0]}
					]
				},
				{
					"name": "left_leg",
					"parent": "legs",
					"pivot": [4, 5, 0],
					"cubes": [
						{"origin": [2, 1, -1.5], "size": [3, 5, 3], "inflate": 0.25, "uv": [13, 54], "mirror": true},
						{"origin": [2.5, 1.5, -2], "size": [2, 4, 1], "inflate": 0.25, "uv": [63, 4], "mirror": true},
						{"origin": [4.5, 1.5, -1], "size": [1, 4, 2], "inflate": 0.25, "uv": [34, 61], "mirror": true},
						{"origin": [1.5, 1.5, -1], "size": [1, 4, 2], "inflate": 0.25, "uv": [53, 42], "mirror": true},
						{"origin": [2, 0, -2.5], "size": [3, 1, 3], "inflate": 0.25, "uv": [23, 0], "mirror": true},
						{"origin": [2, 1, -4.5], "size": [3, 0, 2], "inflate": 0.25, "pivot": [3.5, 1, -2.5], "rotation": [45, 0, 0], "uv": [41, 0], "mirror": true}
					]
				}
			]
		}
	]
}