{
	"format_version": "1.8.0",
	"animations": {
		"animation.spearow.quiet": {
			"loop": true,
			"animation_length": 0.8,
			"bones": {
				"head": {
					"position": {
						"0.0": [0, 0, 0],
						"0.4": [0, -1, -1],
						"0.8": [0, 0, 0]
					}
				},
				"body": {
					"rotation": {
						"0.0": [0, 0, 0],
						"0.4": [5, 0, 0],
						"0.8": [0, 0, 0]
					}
				},
				"right_wing_quiet": {
					"rotation": {
						"0.0": [0, 0, 0],
						"0.4": [-10, 0, 0],
						"0.8": [0, 0, 0]
					}
				},
				"left_wing_quiet": {
					"rotation": {
						"0.0": [0, 0, 0],
						"0.4": [-10, 0, 0],
						"0.8": [0, 0, 0]
					}
				}
			}
		},
		"animation.spearow.walk": {
			"loop": true,
			"animation_length": 0.6,
			"bones": {
				"spearow": {
					"position": {
						"0.0": [0, 1, 0],
						"0.4": [0, 0, 0],
						"0.6": [0, 1, 0]
					}
				},
				"head": {
					"position": [0, -2, -2]
				},
				"flying_wing_right": {
					"rotation": {
						"0.0": [0, 0, -25],
						"0.4": [0, 0, 25],
						"0.6": [0, 0, -25]
					},
					"scale": [1.2, 1, 1.2]
				},
				"legs": {
					"rotation": [50, 0, 0]
				},
				"flying_wing_left": {
					"rotation": {
						"0.0": [0, 0, 25],
						"0.4": [0, 0, -25],
						"0.6": [0, 0, 25]
					},
					"scale": [1.2, 1, 1.2]
				}
			}
		},
		"animation.spearow.sitting": {
			"loop": true,
			"bones": {
				"head": {
					"position": [0, -1, -1]
				},
				"body": {
					"rotation": [15, 0, 0],
					"position": [0, 0, 0]
				}
			}
		},
		"animation.spearow.attack": {
			"loop": true,
			"bones": {
				"flying_wings": {
					"rotation": [-47.5, 0, 0],
					"position": [0, -3, 0]
				},
				"flying_wing_right": {
					"rotation": [0, 0, -50]
				},
				"legs": {
					"rotation": [-60, 0, 0],
					"position": [0, 0, -1]
				},
				"flying_wing_left": {
					"rotation": [0, 0, 50]
				}
			}
		},
		"animation.spearow.direction": {
			"loop": true,
			"bones": {
				"spearow": {
					"rotation": [ "query.vertical_speed * -3.0", 0, "-math.max(-20,math.min(20,query.yaw_speed))"]
				}
			}
		},
        "animation.spearow.health_bar":{
            "loop":true,
            "bones":{
                "health_hover":{
    "rotation":["q.camera_rotation(0)","q.camera_rotation(1)-q.body_y_rotation",0],
	"position": [0,22,0],
    "scale":"query.is_in_ui?0:1.5"
                },
				"bar_green": {
					"scale": ["query.health/query.max_health*1", 1, 1]
				},
				"bar_black": {
					"scale": ["(1)+(query.health/query.max_health*-1)", 1, 1]
				}
			}
        }
	}
}