{
	"format_version": "1.8.0",
	"animations": {
		"animation.fearow.quiet": {
			"loop": true,
			"animation_length": 1.6,
			"bones": {
				"head": {
					"position": {
						"0.0": [0, 0, 0],
						"0.8": [0, 1, 1],
						"1.6": [0, 0, 0]
					}
				},
				"body": {
					"rotation": {
						"0.0": [0, 0, 0],
						"0.8": [-5, 0, 0],
						"1.6": [0, 0, 0]
					}
				},
				"right_wing_quiet": {
					"rotation": {
						"0.0": [0, 0, 0],
						"0.8": [-10, 0, 0],
						"1.6": [0, 0, 0]
					}
				},
				"left_wing_quiet": {
					"rotation": {
						"0.0": [0, 0, 0],
						"0.8": [-10, 0, 0],
						"1.6": [0, 0, 0]
					}
				}
			}
		},
		"animation.fearow.sitting": {
			"loop": true,
			"animation_length": 1.6,
			"bones": {
				"head": {
					"position": {
						"0.0": [0, 0, 0],
						"0.8": [0, 1, 1],
						"1.6": [0, 0, 0]
					}
				},
				"body": {
					"rotation": {
						"0.0": [0, 0, 0],
						"0.8": [-5, 0, 0],
						"1.6": [0, 0, 0]
					}
				},
				"right_wing_quiet": {
					"rotation": {
						"0.0": [0, 0, 0],
						"0.8": [-10, 0, 0],
						"1.6": [0, 0, 0]
					}
				},
				"left_wing_quiet": {
					"rotation": {
						"0.0": [0, 0, 0],
						"0.8": [-10, 0, 0],
						"1.6": [0, 0, 0]
					}
				},
				"fearow": {
					"rotation": [-10, 0, 0],
					"position": [0, -6, 0]
				},
				"legs": {
					"rotation": [10, 0, 0],
					"position": [0, 6, 0]
				}
			}
		},
		"animation.fearow.walk": {
			"loop": true,
			"animation_length": 0.6,
			"bones": {
				"fearow": {
					"position": {
						"0.0": [0, 0, 0],
						"0.28": [0, 2, 0],
						"0.6": [0, 0, 0]
					}
				},
				"legs": {
					"rotation": {
						"0.0": [55, 0, 0],
						"0.28": [30, 0, 0],
						"0.6": [55, 0, 0]
					}
				},
				"flying_wing_right": {
					"rotation": {
						"0.0": [0, 0, 30],
						"0.28": [0, 0, -20],
						"0.6": [0, 0, 30]
					},
					"scale": [1.8, 1, 1.6]
				},
				"flying_wing_left": {
					"rotation": {
						"0.0": [0, 0, -30],
						"0.28": [0, 0, 20],
						"0.6": [0, 0, -30]
					},
					"scale": [1.8, 1, 1.6]
				}
			}
		},
		"animation.fearow.direction": {
			"loop": true,
			"bones": {
				"fearow": {
					"rotation": [0, 0, "-math.max(-20,math.min(20,query.yaw_speed))"]
				},
				"root": {
					"rotation": [ "query.vertical_speed * -4.0", 0.0, 0.0 ] 
				}
			}
		},
        "animation.fearow.health_bar":{
            "loop":true,
            "bones":{
                "health_hover":{
    "rotation":["q.camera_rotation(0)","q.camera_rotation(1)-q.body_y_rotation",0],
	"position": [0,32,0],
    "scale":"query.is_in_ui?0:1.6"
                },
				"bar_green": {
					"scale": ["query.health/query.max_health*1", 1, 1]
				},
				"bar_black": {
					"scale": ["(1)+(query.health/query.max_health*-1)", 1, 1]
				}
			}
        }
	}
}