{
  "format_version":"1.14.0",
  "sound_definitions":{
  "mob.pokemon.252":{"category":"neutral","max_distance":8.0,"sounds":["sounds/serp/poke/252"]},
  "mob.pokemon.253":{"category":"neutral","max_distance":8.0,"sounds":["sounds/serp/poke/253"]},
  "mob.pokemon.254":{"category":"neutral","max_distance":8.0,"sounds":["sounds/serp/poke/254"]},
  "mob.pokemon.255":{"category":"neutral","max_distance":8.0,"sounds":["sounds/serp/poke/255"]},
  "mob.pokemon.256":{"category":"neutral","max_distance":8.0,"sounds":["sounds/serp/poke/256"]},
  "mob.pokemon.257":{"category":"neutral","max_distance":8.0,"sounds":["sounds/serp/poke/257"]},
  "mob.pokemon.258":{"category":"neutral","max_distance":8.0,"sounds":["sounds/serp/poke/258"]},
  "mob.pokemon.259":{"category":"neutral","max_distance":8.0,"sounds":["sounds/serp/poke/259"]},
  "mob.pokemon.260":{"category":"neutral","max_distance":8.0,"sounds":["sounds/serp/poke/260"]},
  "mob.pokemon.261":{"category":"neutral","max_distance":8.0,"sounds":["sounds/serp/poke/261"]},
  "mob.pokemon.262":{"category":"neutral","max_distance":8.0,"sounds":["sounds/serp/poke/262"]},
  "mob.pokemon.263":{"category":"neutral","max_distance":8.0,"sounds":["sounds/serp/poke/263"]},
  "mob.pokemon.264":{"category":"neutral","max_distance":8.0,"sounds":["sounds/serp/poke/264"]},
  "mob.pokemon.265":{"category":"neutral","max_distance":8.0,"sounds":["sounds/serp/poke/265"]},
  "mob.pokemon.266":{"category":"neutral","max_distance":8.0,"sounds":["sounds/serp/poke/266"]},
  "mob.pokemon.267":{"category":"neutral","max_distance":8.0,"sounds":["sounds/serp/poke/267"]},
  "mob.pokemon.268":{"category":"neutral","max_distance":8.0,"sounds":["sounds/serp/poke/268"]},
  "mob.pokemon.269":{"category":"neutral","max_distance":8.0,"sounds":["sounds/serp/poke/269"]},
  "mob.pokemon.270":{"category":"neutral","max_distance":8.0,"sounds":["sounds/serp/poke/270"]},
  "mob.pokemon.271":{"category":"neutral","max_distance":8.0,"sounds":["sounds/serp/poke/271"]},
  "mob.pokemon.272":{"category":"neutral","max_distance":8.0,"sounds":["sounds/serp/poke/272"]},
  "mob.pokemon.273":{"category":"neutral","max_distance":8.0,"sounds":["sounds/serp/poke/273"]},
  "mob.pokemon.274":{"category":"neutral","max_distance":8.0,"sounds":["sounds/serp/poke/274"]},
  "mob.pokemon.275":{"category":"neutral","max_distance":8.0,"sounds":["sounds/serp/poke/275"]},
  "mob.pokemon.276":{"category":"neutral","max_distance":8.0,"sounds":["sounds/serp/poke/276"]},
  "mob.pokemon.277":{"category":"neutral","max_distance":8.0,"sounds":["sounds/serp/poke/277"]},
  "mob.pokemon.278":{"category":"neutral","max_distance":8.0,"sounds":["sounds/serp/poke/278"]},
  "mob.pokemon.279":{"category":"neutral","max_distance":8.0,"sounds":["sounds/serp/poke/279"]},
  "mob.pokemon.280":{"category":"neutral","max_distance":8.0,"sounds":["sounds/serp/poke/280"]},
  "mob.pokemon.281":{"category":"neutral","max_distance":8.0,"sounds":["sounds/serp/poke/281"]},
  "mob.pokemon.282":{"category":"neutral","max_distance":8.0,"sounds":["sounds/serp/poke/282"]},
  "mob.pokemon.283":{"category":"neutral","max_distance":8.0,"sounds":["sounds/serp/poke/283"]},
  "mob.pokemon.284":{"category":"neutral","max_distance":8.0,"sounds":["sounds/serp/poke/284"]},
  "mob.pokemon.285":{"category":"neutral","max_distance":8.0,"sounds":["sounds/serp/poke/285"]},
  "mob.pokemon.286":{"category":"neutral","max_distance":8.0,"sounds":["sounds/serp/poke/286"]},
  "mob.pokemon.287":{"category":"neutral","max_distance":8.0,"sounds":["sounds/serp/poke/287"]},
  "mob.pokemon.288":{"category":"neutral","max_distance":8.0,"sounds":["sounds/serp/poke/288"]},
  "mob.pokemon.289":{"category":"neutral","max_distance":8.0,"sounds":["sounds/serp/poke/289"]},
  "mob.pokemon.290":{"category":"neutral","max_distance":8.0,"sounds":["sounds/serp/poke/290"]},
  "mob.pokemon.291":{"category":"neutral","max_distance":8.0,"sounds":["sounds/serp/poke/291"]},
  "mob.pokemon.292":{"category":"neutral","max_distance":8.0,"sounds":["sounds/serp/poke/292"]},
  "mob.pokemon.293":{"category":"neutral","max_distance":8.0,"sounds":["sounds/serp/poke/293"]},
  "mob.pokemon.294":{"category":"neutral","max_distance":8.0,"sounds":["sounds/serp/poke/294"]},
  "mob.pokemon.295":{"category":"neutral","max_distance":8.0,"sounds":["sounds/serp/poke/295"]},
  "mob.pokemon.296":{"category":"neutral","max_distance":8.0,"sounds":["sounds/serp/poke/296"]},
  "mob.pokemon.297":{"category":"neutral","max_distance":8.0,"sounds":["sounds/serp/poke/297"]},
  "mob.pokemon.298":{"category":"neutral","max_distance":8.0,"sounds":["sounds/serp/poke/298"]},
  "mob.pokemon.299":{"category":"neutral","max_distance":8.0,"sounds":["sounds/serp/poke/299"]},
  "mob.pokemon.300":{"category":"neutral","max_distance":8.0,"sounds":["sounds/serp/poke/300"]},
  "mob.pokemon.301":{"category":"neutral","max_distance":8.0,"sounds":["sounds/serp/poke/301"]},
  "mob.pokemon.302":{"category":"neutral","max_distance":8.0,"sounds":["sounds/serp/poke/302"]},
  "mob.pokemon.303":{"category":"neutral","max_distance":8.0,"sounds":["sounds/serp/poke/303"]},
  "mob.pokemon.304":{"category":"neutral","max_distance":8.0,"sounds":["sounds/serp/poke/304"]},
  "mob.pokemon.305":{"category":"neutral","max_distance":8.0,"sounds":["sounds/serp/poke/305"]},
  "mob.pokemon.306":{"category":"neutral","max_distance":8.0,"sounds":["sounds/serp/poke/306"]},
  "mob.pokemon.307":{"category":"neutral","max_distance":8.0,"sounds":["sounds/serp/poke/307"]},
  "mob.pokemon.308":{"category":"neutral","max_distance":8.0,"sounds":["sounds/serp/poke/308"]},
  "mob.pokemon.309":{"category":"neutral","max_distance":8.0,"sounds":["sounds/serp/poke/309"]},
  "mob.pokemon.310":{"category":"neutral","max_distance":8.0,"sounds":["sounds/serp/poke/310"]},
  "mob.pokemon.311":{"category":"neutral","max_distance":8.0,"sounds":["sounds/serp/poke/311"]},
  "mob.pokemon.312":{"category":"neutral","max_distance":8.0,"sounds":["sounds/serp/poke/312"]},
  "mob.pokemon.313":{"category":"neutral","max_distance":8.0,"sounds":["sounds/serp/poke/313"]},
  "mob.pokemon.314":{"category":"neutral","max_distance":8.0,"sounds":["sounds/serp/poke/314"]},
  "mob.pokemon.315":{"category":"neutral","max_distance":8.0,"sounds":["sounds/serp/poke/315"]},
  "mob.pokemon.316":{"category":"neutral","max_distance":8.0,"sounds":["sounds/serp/poke/316"]},
  "mob.pokemon.317":{"category":"neutral","max_distance":8.0,"sounds":["sounds/serp/poke/317"]},
  "mob.pokemon.318":{"category":"neutral","max_distance":8.0,"sounds":["sounds/serp/poke/318"]},
  "mob.pokemon.319":{"category":"neutral","max_distance":8.0,"sounds":["sounds/serp/poke/319"]},
  "mob.pokemon.320":{"category":"neutral","max_distance":8.0,"sounds":["sounds/serp/poke/320"]},
  "mob.pokemon.321":{"category":"neutral","max_distance":8.0,"sounds":["sounds/serp/poke/321"]},
  "mob.pokemon.322":{"category":"neutral","max_distance":8.0,"sounds":["sounds/serp/poke/322"]},
  "mob.pokemon.323":{"category":"neutral","max_distance":8.0,"sounds":["sounds/serp/poke/323"]},
  "mob.pokemon.324":{"category":"neutral","max_distance":8.0,"sounds":["sounds/serp/poke/324"]},
  "mob.pokemon.325":{"category":"neutral","max_distance":8.0,"sounds":["sounds/serp/poke/325"]},
  "mob.pokemon.326":{"category":"neutral","max_distance":8.0,"sounds":["sounds/serp/poke/326"]},
  "mob.pokemon.327":{"category":"neutral","max_distance":8.0,"sounds":["sounds/serp/poke/327"]},
  "mob.pokemon.328":{"category":"neutral","max_distance":8.0,"sounds":["sounds/serp/poke/328"]},
  "mob.pokemon.329":{"category":"neutral","max_distance":8.0,"sounds":["sounds/serp/poke/329"]},
  "mob.pokemon.330":{"category":"neutral","max_distance":8.0,"sounds":["sounds/serp/poke/330"]},
  "mob.pokemon.331":{"category":"neutral","max_distance":8.0,"sounds":["sounds/serp/poke/331"]},
  "mob.pokemon.332":{"category":"neutral","max_distance":8.0,"sounds":["sounds/serp/poke/332"]},
  "mob.pokemon.333":{"category":"neutral","max_distance":8.0,"sounds":["sounds/serp/poke/333"]},
  "mob.pokemon.334":{"category":"neutral","max_distance":8.0,"sounds":["sounds/serp/poke/334"]},
  "mob.pokemon.335":{"category":"neutral","max_distance":8.0,"sounds":["sounds/serp/poke/335"]},
  "mob.pokemon.336":{"category":"neutral","max_distance":8.0,"sounds":["sounds/serp/poke/336"]},
  "mob.pokemon.337":{"category":"neutral","max_distance":8.0,"sounds":["sounds/serp/poke/337"]},
  "mob.pokemon.338":{"category":"neutral","max_distance":8.0,"sounds":["sounds/serp/poke/338"]},
  "mob.pokemon.339":{"category":"neutral","max_distance":8.0,"sounds":["sounds/serp/poke/339"]},
  "mob.pokemon.340":{"category":"neutral","max_distance":8.0,"sounds":["sounds/serp/poke/340"]},
  "mob.pokemon.341":{"category":"neutral","max_distance":8.0,"sounds":["sounds/serp/poke/341"]},
  "mob.pokemon.342":{"category":"neutral","max_distance":8.0,"sounds":["sounds/serp/poke/342"]},
  "mob.pokemon.343":{"category":"neutral","max_distance":8.0,"sounds":["sounds/serp/poke/343"]},
  "mob.pokemon.344":{"category":"neutral","max_distance":8.0,"sounds":["sounds/serp/poke/344"]},
  "mob.pokemon.345":{"category":"neutral","max_distance":8.0,"sounds":["sounds/serp/poke/345"]},
  "mob.pokemon.346":{"category":"neutral","max_distance":8.0,"sounds":["sounds/serp/poke/346"]},
  "mob.pokemon.347":{"category":"neutral","max_distance":8.0,"sounds":["sounds/serp/poke/347"]},
  "mob.pokemon.348":{"category":"neutral","max_distance":8.0,"sounds":["sounds/serp/poke/348"]},
  "mob.pokemon.349":{"category":"neutral","max_distance":8.0,"sounds":["sounds/serp/poke/349"]},
  "mob.pokemon.350":{"category":"neutral","max_distance":8.0,"sounds":["sounds/serp/poke/350"]},
  "mob.pokemon.351":{"category":"neutral","max_distance":8.0,"sounds":["sounds/serp/poke/351"]},
  "mob.pokemon.352":{"category":"neutral","max_distance":8.0,"sounds":["sounds/serp/poke/352"]},
  "mob.pokemon.353":{"category":"neutral","max_distance":8.0,"sounds":["sounds/serp/poke/353"]},
  "mob.pokemon.354":{"category":"neutral","max_distance":8.0,"sounds":["sounds/serp/poke/354"]},
  "mob.pokemon.355":{"category":"neutral","max_distance":8.0,"sounds":["sounds/serp/poke/355"]},
  "mob.pokemon.356":{"category":"neutral","max_distance":8.0,"sounds":["sounds/serp/poke/356"]},
  "mob.pokemon.357":{"category":"neutral","max_distance":8.0,"sounds":["sounds/serp/poke/357"]},
  "mob.pokemon.358":{"category":"neutral","max_distance":8.0,"sounds":["sounds/serp/poke/358"]},
  "mob.pokemon.359":{"category":"neutral","max_distance":8.0,"sounds":["sounds/serp/poke/359"]},
  "mob.pokemon.360":{"category":"neutral","max_distance":8.0,"sounds":["sounds/serp/poke/360"]},
  "mob.pokemon.361":{"category":"neutral","max_distance":8.0,"sounds":["sounds/serp/poke/361"]},
  "mob.pokemon.362":{"category":"neutral","max_distance":8.0,"sounds":["sounds/serp/poke/362"]},
  "mob.pokemon.363":{"category":"neutral","max_distance":8.0,"sounds":["sounds/serp/poke/363"]},
  "mob.pokemon.364":{"category":"neutral","max_distance":8.0,"sounds":["sounds/serp/poke/364"]},
  "mob.pokemon.365":{"category":"neutral","max_distance":8.0,"sounds":["sounds/serp/poke/365"]},
  "mob.pokemon.366":{"category":"neutral","max_distance":8.0,"sounds":["sounds/serp/poke/366"]},
  "mob.pokemon.367":{"category":"neutral","max_distance":8.0,"sounds":["sounds/serp/poke/367"]},
  "mob.pokemon.368":{"category":"neutral","max_distance":8.0,"sounds":["sounds/serp/poke/368"]},
  "mob.pokemon.369":{"category":"neutral","max_distance":8.0,"sounds":["sounds/serp/poke/369"]},
  "mob.pokemon.370":{"category":"neutral","max_distance":8.0,"sounds":["sounds/serp/poke/370"]},
  "mob.pokemon.371":{"category":"neutral","max_distance":8.0,"sounds":["sounds/serp/poke/371"]},
  "mob.pokemon.372":{"category":"neutral","max_distance":8.0,"sounds":["sounds/serp/poke/372"]},
  "mob.pokemon.373":{"category":"neutral","max_distance":8.0,"sounds":["sounds/serp/poke/373"]},
  "mob.pokemon.374":{"category":"neutral","max_distance":8.0,"sounds":["sounds/serp/poke/374"]},
  "mob.pokemon.375":{"category":"neutral","max_distance":8.0,"sounds":["sounds/serp/poke/375"]},
  "mob.pokemon.376":{"category":"neutral","max_distance":8.0,"sounds":["sounds/serp/poke/376"]},
  "mob.pokemon.377":{"category":"neutral","max_distance":8.0,"sounds":["sounds/serp/poke/377"]},
  "mob.pokemon.378":{"category":"neutral","max_distance":8.0,"sounds":["sounds/serp/poke/378"]},
  "mob.pokemon.379":{"category":"neutral","max_distance":8.0,"sounds":["sounds/serp/poke/379"]},
  "mob.pokemon.380":{"category":"neutral","max_distance":8.0,"sounds":["sounds/serp/poke/380"]},
  "mob.pokemon.381":{"category":"neutral","max_distance":8.0,"sounds":["sounds/serp/poke/381"]},
  "mob.pokemon.382":{"category":"neutral","max_distance":8.0,"sounds":["sounds/serp/poke/382"]},
  "mob.pokemon.383":{"category":"neutral","max_distance":8.0,"sounds":["sounds/serp/poke/383"]},
  "mob.pokemon.384":{"category":"neutral","max_distance":8.0,"sounds":["sounds/serp/poke/384"]},
  "mob.pokemon.385":{"category":"neutral","max_distance":8.0,"sounds":["sounds/serp/poke/385"]},
  "mob.pokemon.386":{"category":"neutral","max_distance":8.0,"sounds":["sounds/serp/poke/386"]}
  }
}