{
	"format_version": "1.12.0",
	"minecraft:geometry": [
		{
			"description": {
				"identifier": "geometry.serpshellder",
				"texture_width": 48,
				"texture_height": 48,
				"visible_bounds_width": 3,
				"visible_bounds_height": 2.5,
				"visible_bounds_offset": [0, 0.75, 0]
			},
			"bones": [
				{
					"name": "shellder",
					"pivot": [0, 0, 0.5],
					"rotation": [-10, 0, 0],
					"cubes": [
						{"origin": [-2, 1.50575, -3.21922], "size": [4, 3, 4], "uv": [19, 20]}
					]
				},
				{
					"name": "tongue",
					"parent": "shellder",
					"pivot": [0, 2, -3.21922],
					"rotation": [25, 0, 0],
					"cubes": [
						{"origin": [-1.5, 2, -7.21922], "size": [3, 0, 4], "uv": [9, 28]}
					]
				},
				{
					"name": "body_root",
					"parent": "shellder",
					"pivot": [0, 2.50575, -1.21922]
				},
				{
					"name": "body",
					"parent": "body_root",
					"pivot": [0, 2.50575, -1.21922],
					"cubes": [
						{"origin": [-2, 2.00575, 1.28078], "size": [4, 2, 2], "uv": [28, 11]},
						{"origin": [-3, 4.00575, 3.28078], "size": [6, 0, 2], "pivot": [0, 4.00575, 3.28078], "rotation": [30, 0, 0], "uv": [28, 6]},
						{"origin": [-3, 2.00575, 3.28078], "size": [6, 0, 2], "pivot": [0, 2.00575, 3.28078], "rotation": [-30, 0, 0], "uv": [28, 6]},
						{"origin": [-2.5, 1.50575, -1.21922], "size": [5, 2, 3], "uv": [28, 0]}
					]
				},
				{
					"name": "up_tape",
					"parent": "body_root",
					"pivot": [0, 4.50575, 2.78078],
					"rotation": [-10, 0, 0],
					"cubes": [
						{"origin": [-2, 3.50575, -4.21922], "size": [4, 1, 7], "uv": [0, 9]},
						{"origin": [2, 3.50575, -4.21922], "size": [2, 1, 7], "pivot": [2, 4.50575, 1.78078], "rotation": [0, 0, 40], "uv": [0, 18]},
						{"origin": [2, 4.50575, -1.21922], "size": [1, 2, 1], "pivot": [2, 4.50575, 1.78078], "rotation": [0, 0, 40], "uv": [0, 9]},
						{"origin": [-3, 4.50575, -1.21922], "size": [1, 2, 1], "pivot": [-2, 4.50575, 1.78078], "rotation": [0, 0, -40], "uv": [0, 0]},
						{"origin": [-4, 3.50575, -4.21922], "size": [2, 1, 7], "pivot": [-2, 4.50575, 1.78078], "rotation": [0, 0, -40], "uv": [16, 11]}
					]
				},
				{
					"name": "low_tape",
					"parent": "body_root",
					"pivot": [0, 1.50575, 2.78078],
					"rotation": [10, 0, 0],
					"cubes": [
						{"origin": [-2.5, 1.50575, -4.21922], "size": [5, 1, 7], "uv": [0, 0]},
						{"origin": [2.5, 1.50575, -3.21922], "size": [1, 1, 6], "pivot": [2.5, 1.50575, -0.21922], "rotation": [0, 0, -40], "uv": [0, 27]},
						{"origin": [-3.5, 1.50575, -3.21922], "size": [1, 1, 6], "pivot": [-2.5, 1.50575, -0.21922], "rotation": [0, 0, 40], "uv": [19, 3]},
						{"origin": [-2.5, 0.50575, -0.21922], "size": [1, 2, 1], "pivot": [-2, 1.50575, 0.78078], "rotation": [0, 0, 50], "uv": [0, 18]},
						{"origin": [1.5, 0.50575, -0.21922], "size": [1, 2, 1], "pivot": [2, 1.50575, 0.78078], "rotation": [0, 0, -50], "uv": [16, 11]},
						{"origin": [-2.12326, 1.51575, -4.62805], "size": [1, 1, 1], "pivot": [-2, 2.50575, -3.21922], "rotation": [0, 40, 0], "uv": [0, 13]},
						{"origin": [1.12326, 1.51575, -4.62802], "size": [1, 1, 1], "pivot": [2, 2.50575, -3.21922], "rotation": [0, -40, 0], "uv": [0, 4]}
					]
				},
				{
					"name": "pokedex",
					"pivot": [0, 25, 0],
					"locators": {
						"pokedex": [0, 25, 0]
					}
				}
			]
		},
		{
			"description": {
				"identifier": "geometry.serpshellder_aura",
				"texture_width": 48,
				"texture_height": 48,
				"visible_bounds_width": 3,
				"visible_bounds_height": 2.5,
				"visible_bounds_offset": [0, 0.75, 0]
			},
			"bones": [
				{
					"name": "shellder",
					"pivot": [0, 0, 0.5],
					"rotation": [-10, 0, 0],
					"cubes": [
						{"origin": [-2, 1.50575, -3.21922], "size": [4, 3, 4], "inflate": 0.25, "uv": [19, 20]}
					]
				},
				{
					"name": "tongue",
					"parent": "shellder",
					"pivot": [0, 2, -3.21922],
					"rotation": [25, 0, 0],
					"cubes": [
						{"origin": [-1.5, 2, -7.21922], "size": [3, 0, 4], "inflate": 0.25, "uv": [9, 28]}
					]
				},
				{
					"name": "body_root",
					"parent": "shellder",
					"pivot": [0, 2.50575, -1.21922]
				},
				{
					"name": "body",
					"parent": "body_root",
					"pivot": [0, 2.50575, -1.21922],
					"cubes": [
						{"origin": [-2, 2.00575, 1.28078], "size": [4, 2, 2], "inflate": 0.25, "uv": [28, 11]},
						{"origin": [-3, 4.00575, 3.28078], "size": [6, 0, 2], "inflate": 0.25, "pivot": [0, 4.00575, 3.28078], "rotation": [30, 0, 0], "uv": [28, 6]},
						{"origin": [-3, 2.00575, 3.28078], "size": [6, 0, 2], "inflate": 0.25, "pivot": [0, 2.00575, 3.28078], "rotation": [-30, 0, 0], "uv": [28, 6]},
						{"origin": [-2.5, 1.50575, -1.21922], "size": [5, 2, 3], "inflate": 0.25, "uv": [28, 0]}
					]
				},
				{
					"name": "up_tape",
					"parent": "body_root",
					"pivot": [0, 4.50575, 2.78078],
					"rotation": [-10, 0, 0],
					"cubes": [
						{"origin": [-2, 3.50575, -4.21922], "size": [4, 1, 7], "inflate": 0.25, "uv": [0, 9]},
						{"origin": [2, 3.50575, -4.21922], "size": [2, 1, 7], "inflate": 0.25, "pivot": [2, 4.50575, 1.78078], "rotation": [0, 0, 40], "uv": [0, 18]},
						{"origin": [2, 4.50575, -1.21922], "size": [1, 2, 1], "inflate": 0.25, "pivot": [2, 4.50575, 1.78078], "rotation": [0, 0, 40], "uv": [0, 9]},
						{"origin": [-3, 4.50575, -1.21922], "size": [1, 2, 1], "inflate": 0.25, "pivot": [-2, 4.50575, 1.78078], "rotation": [0, 0, -40], "uv": [0, 0]},
						{"origin": [-4, 3.50575, -4.21922], "size": [2, 1, 7], "inflate": 0.25, "pivot": [-2, 4.50575, 1.78078], "rotation": [0, 0, -40], "uv": [16, 11]}
					]
				},
				{
					"name": "low_tape",
					"parent": "body_root",
					"pivot": [0, 1.50575, 2.78078],
					"rotation": [10, 0, 0],
					"cubes": [
						{"origin": [-2.5, 1.50575, -4.21922], "size": [5, 1, 7], "inflate": 0.25, "uv": [0, 0]},
						{"origin": [2.5, 1.50575, -3.21922], "size": [1, 1, 6], "inflate": 0.25, "pivot": [2.5, 1.50575, -0.21922], "rotation": [0, 0, -40], "uv": [0, 27]},
						{"origin": [-3.5, 1.50575, -3.21922], "size": [1, 1, 6], "inflate": 0.25, "pivot": [-2.5, 1.50575, -0.21922], "rotation": [0, 0, 40], "uv": [19, 3]},
						{"origin": [-2.5, 0.50575, -0.21922], "size": [1, 2, 1], "inflate": 0.25, "pivot": [-2, 1.50575, 0.78078], "rotation": [0, 0, 50], "uv": [0, 18]},
						{"origin": [1.5, 0.50575, -0.21922], "size": [1, 2, 1], "inflate": 0.25, "pivot": [2, 1.50575, 0.78078], "rotation": [0, 0, -50], "uv": [16, 11]},
						{"origin": [-2.12326, 1.51575, -4.62805], "size": [1, 1, 1], "inflate": 0.25, "pivot": [-2, 2.50575, -3.21922], "rotation": [0, 40, 0], "uv": [0, 13]},
						{"origin": [1.12326, 1.51575, -4.62802], "size": [1, 1, 1], "inflate": 0.25, "pivot": [2, 2.50575, -3.21922], "rotation": [0, -40, 0], "uv": [0, 4]}
					]
				},
				{
					"name": "pokedex",
					"pivot": [0, 25, 0],
					"locators": {
						"pokedex": [0, 25, 0]
					}
				}
			]
		}
	]
}