{
	"format_version": "1.10.0",
	"particle_effect": {
		"description": {
			"identifier": "serp:angry",
			"basic_render_parameters": {
				"material": "particles_alpha",
				"texture": "textures/particle/pokedrock_particles"
			}
		},
		"components": {
			"minecraft:emitter_local_space": {
				"position": true,
				"rotation": true
			},
			"minecraft:emitter_rate_instant": {
				"num_particles": 5
			},
			"minecraft:emitter_lifetime_once": {
				"active_time": 1
			},
			"minecraft:emitter_shape_sphere": {
				"offset": [0, "Math.random(0.25,1)", 0],
				"radius": 0.5,
				"direction": ["Math.random(3,-3)", 5, "Math.random(3,-3)"]
			},
			"minecraft:particle_lifetime_expression": {
				"max_lifetime": "Math.random(0.5,1)"
			},
			"minecraft:particle_initial_speed": 15,
			"minecraft:particle_motion_dynamic": {
				"linear_drag_coefficient": 7
			},
			"minecraft:particle_appearance_billboard": {
				"size": ["0.5*(v.particle_lifetime-v.particle_age)", "0.5*(v.particle_lifetime-v.particle_age)"],
				"facing_camera_mode": "lookat_xyz",
				"uv": {
					"texture_width": 8,
					"texture_height": 8,
					"uv": [2, 0],
					"uv_size": [1, 1]
				}
			}
		}
	}
}