{
	"format_version": "1.10.0",
	"particle_effect": {
		"description": {
			"identifier": "serp:back_player",
			"basic_render_parameters": {
				"material": "particles_alpha",
				"texture": "textures/particle/particles"
			}
		},
		"components": {
			"minecraft:emitter_rate_instant": {
				"num_particles": 20
			},
			"minecraft:emitter_lifetime_expression": {
				"activation_expression": 2,
				"expiration_expression": 2
			},
			"minecraft:emitter_shape_point": {},
			"minecraft:particle_lifetime_expression": {
				"max_lifetime": "Math.random(0.25, 0.5)"
			},
			"minecraft:particle_initial_spin": {
				"rotation": "math.random(0,360)"
			},
			"minecraft:particle_initial_speed": "Math.random(2,3)",
			"minecraft:particle_motion_dynamic": {
				"linear_drag_coefficient": 6
			},
			"minecraft:particle_appearance_billboard": {
				"size": [0.15, 0.15],
				"facing_camera_mode": "lookat_xyz",
				"uv": {
					"texture_width": 128,
					"texture_height": 128,
					"flipbook": {
						"base_UV": [0, 72],
						"size_UV": [8, 8],
						"step_UV": [8, 0],
						"frames_per_second": 8,
						"max_frame": 8,
						"stretch_to_lifetime": true
					}
				}
			},
			"minecraft:particle_appearance_tinting": {
				"color": {
					"interpolant": "variable.particle_random_2",
					"gradient": {
						"0.0": "#FFFF8080",
						"0.5": "#FFFF3939",
						"1.0": "#FFBF0000"
					}
				}
			}
		}
	}
}