{
	"format_version": "1.10.0",
	"particle_effect": {
		"description": {
			"identifier": "serp:defeated",
			"basic_render_parameters": {
				"material": "particles_alpha",
				"texture": "textures/particle/defeated"
			}
		},
		"components": {
			"minecraft:emitter_rate_steady": {
				"spawn_rate": 20,
				"max_particles": 50
			},
			"minecraft:emitter_lifetime_looping": {
				"active_time": 1
			},
			"minecraft:emitter_shape_point": {
				"offset": ["Math.random(-0.5, 0.5)", "Math.random(-0.5, 0.5)", "Math.random(-0.5, 0.5)"],
				"direction": ["Math.random(10,-10)", 5, "Math.random(10,-10)"]
			},
			"minecraft:particle_lifetime_expression": {
				"max_lifetime": "Math.random(1,2)"
			},
			"minecraft:particle_expire_if_not_in_blocks": ["minecraft:air"],
			"minecraft:particle_initial_spin": {
				"rotation": "Math.random(0,180)",
				"rotation_rate": 720
			},
			"minecraft:particle_initial_speed": 2,
			"minecraft:particle_motion_dynamic": {
				"linear_acceleration": ["Math.random(10,-10)", 2, "Math.random(10,-10)"],
				"linear_drag_coefficient": 2,
				"rotation_acceleration": 5
			},
			"minecraft:particle_appearance_billboard": {
				"size": ["(0 + variable.particle_random_1*0.2) - (0.05 * variable.particle_age)", "(0 + variable.particle_random_1*0.2) - (0.05 * variable.particle_age)"],
				"facing_camera_mode": "lookat_xyz",
				"uv": {
					"texture_width": 1,
					"texture_height": 1,
					"uv": [0, 0],
					"uv_size": [1, 1]
				}
			},
			"minecraft:particle_appearance_tinting": {
				"color": [1, 1, 1, 1]
			}
		}
	}
}