{
	"format_version": "1.10.0",
	"particle_effect": {
		"description": {
			"identifier": "serp:exp_boost",
			"basic_render_parameters": {
				"material": "particles_alpha",
				"texture": "textures/entity/experience_orb"
			}
		},
		"components": {
			"minecraft:emitter_rate_instant": {
				"num_particles": 40
			},
			"minecraft:emitter_lifetime_once": {
				"active_time": 1
			},
			"minecraft:emitter_shape_point": {
				"direction": [0, 5, 0]
			},
			"minecraft:particle_lifetime_expression": {
				"max_lifetime": "Math.random(0.75,1.5)"
			},
			"minecraft:particle_initial_speed": "Math.random(6,12)",
			"minecraft:particle_motion_dynamic": {
				"linear_acceleration": ["Math.random(-20,20)", "Math.random(-10,-20)", "Math.random(-20,20)"]
			},
			"minecraft:particle_appearance_billboard": {
				"size": [0.2, 0.2],
				"facing_camera_mode": "lookat_xyz",
				"uv": {
					"texture_width": 4,
					"texture_height": 4,
					"flipbook": {
						"base_UV": [0, 0],
						"size_UV": [1, 1],
						"step_UV": [1, 0],
						"frames_per_second": 4,
						"max_frame": 4,
						"stretch_to_lifetime": true
					}
				}
			},
			"minecraft:particle_motion_collision": {
				"collision_drag": 1,
				"coefficient_of_restitution": 0.5,
				"collision_radius": 0.01
			},
			"minecraft:particle_appearance_tinting": {
				"color": {
					"interpolant": "v.particle_random_1/v.particle_age",
					"gradient": {
						"0.0": "#FF29FF00",
						"2.0": "#FFFFC100"
					}
				}
			}
		}
	}
}