{
	"format_version": "1.10.0",
	"particle_effect": {
		"description": {
			"identifier": "serp:free",
			"basic_render_parameters": {
				"material": "particles_alpha",
				"texture": "textures/particle/particles"
			}
		},
		"components": {
			"minecraft:emitter_rate_instant": {
				"num_particles": 50
			},
			"minecraft:emitter_lifetime_once": {
				"active_time": 0.5
			},
			"minecraft:emitter_shape_point": {
				"offset": [0, 1, 0]
			},
			"minecraft:particle_lifetime_expression": {
				"max_lifetime": "Math.random(0.15, 0.35)"
			},
			"minecraft:particle_initial_speed": 25,
			"minecraft:particle_motion_dynamic": {
				"linear_acceleration": ["10-10", "10-10", "10-10"],
				"linear_drag_coefficient": 10
			},
			"minecraft:particle_appearance_billboard": {
				"size": [0.2, 0.2],
				"facing_camera_mode": "lookat_xyz",
				"uv": {
					"texture_width": 128,
					"texture_height": 128,
					"flipbook": {
						"base_UV": [0, 72],
						"size_UV": [8, 8],
						"step_UV": [8, 0],
						"frames_per_second": 8,
						"max_frame": 8,
						"stretch_to_lifetime": true
					}
				}
			},
			"minecraft:particle_appearance_tinting": {
				"color": [
		"Math.clamp(variable.particle_random_1 * 0.6 + 0.6, 0, 1)",
		"Math.clamp(variable.particle_random_1 * 0.8 + 1.0, 0, 1)",
		"Math.clamp(variable.particle_random_1 * 0.8 + 1.0, 0, 1)", 1]
	  }
	}
  }
}