{
	"format_version": "1.10.0",
	"particle_effect": {
		"description": {
			"identifier": "serp:heal",
			"basic_render_parameters": {
				"material": "particles_alpha",
				"texture": "textures/particle/particles"
			}
		},
		"components": {
			"minecraft:emitter_rate_steady": {
				"spawn_rate": 100,
				"max_particles": 100
			},
			"minecraft:emitter_lifetime_looping": {
				"active_time": 0.1,
				"sleep_time": 0.3
			},
			"minecraft:emitter_shape_point": {},
			"minecraft:particle_lifetime_expression": {
				"max_lifetime": 0.3
			},
			"minecraft:particle_initial_speed": 4.5,
			"minecraft:particle_motion_dynamic": {
				"linear_acceleration": ["0,0", 30, "0,0"],
				"linear_drag_coefficient": 15
			},
			"minecraft:particle_appearance_billboard": {
				"size": [0.05, 0.05],
				"facing_camera_mode": "rotate_xyz",
				"uv": {
					"texture_width": 128,
					"texture_height": 128,
					"flipbook": {
						"base_UV": [0, 88],
						"size_UV": [8, 8],
						"step_UV": [8, 0],
						"frames_per_second": 8,
						"max_frame": 8,
						"stretch_to_lifetime": true,
						"loop": true
					}
				}
			},
			"minecraft:particle_appearance_tinting": {
				"color": [0.46667, 1, 0, 1]
			}
		}
	}
}