{
  "format_version": "1.10.0",
  "particle_effect": {
    "description": {
      "identifier": "serp:heal_white",
      "basic_render_parameters": {
        "material": "particles_alpha",
        "texture": "textures/particle/particles"
      }
    },
    "components": {
			"minecraft:emitter_rate_steady": {
				"spawn_rate": 100,
				"max_particles": 150
			},
			"minecraft:emitter_lifetime_looping": {
				"active_time": 0.5
			},
      "minecraft:emitter_shape_sphere": {
        "offset": [ 0, 1.2, 0 ],
        "radius": 2
      },
			"minecraft:particle_lifetime_expression": {
		"max_lifetime": "Math.random(0.3, 0.5)"
			},
			"minecraft:particle_expire_if_not_in_blocks": ["minecraft:air"],
	"minecraft:particle_initial_speed": 0,
	"minecraft:particle_motion_dynamic": {
				"linear_acceleration": [
		"(variable.particle_random_0)",
		"(variable.particle_random_0)",
		"(variable.particle_random_0)"]
			},
			"minecraft:particle_appearance_billboard": {
				"size": [0.05, 0.05],
				"facing_camera_mode": "lookat_xyz",
		"uv": {
			"texture_width": 128,
			"texture_height": 128,
			"flipbook": {
				"base_UV": [0, 72],
				"size_UV": [8, 8],
				"step_UV": [8, 0],
				"frames_per_second": 8,
				"max_frame": 8,
				"stretch_to_lifetime": true
		  }
		}
	  },
			"minecraft:particle_appearance_tinting": {
				"color": [
		"Math.clamp(variable.particle_random_1 * 0.6 + 0.7, 0, 1)",
		"Math.clamp(variable.particle_random_1 * 0.6 + 0.7, 0, 1)",
		"Math.clamp(variable.particle_random_1 * 0.6 + 0.7, 0, 1)", 1]
	  }
	}
  }
}
