{
	"format_version": "1.10.0",
	"particle_effect": {
		"description": {
			"identifier": "serp:heart",
			"basic_render_parameters": {
				"material": "particles_alpha",
				"texture": "textures/particle/pokedrock_particles"
			}
		},
		"components": {
			"minecraft:emitter_rate_instant": {
				"num_particles": 5
			},
			"minecraft:emitter_lifetime_once": {
				"active_time": 1
			},
			"minecraft:emitter_shape_disc": {
				"offset": [0, "math.random(0.5,2)", 0],
				"direction": ["math.random(15,-15)", 15, "math.random(15,-15)"]
			},
			"minecraft:particle_lifetime_expression": {
				"max_lifetime": "Math.random(0.5,1)"
			},
			"minecraft:particle_initial_spin": {
				"rotation": "Math.random(25,-25)"
			},
			"minecraft:particle_initial_speed": 5,
			"minecraft:particle_motion_dynamic": {
				"linear_drag_coefficient": 4
			},
			"minecraft:particle_appearance_billboard": {
				"size": ["0.5*(v.particle_lifetime-v.particle_age)", "0.5*(v.particle_lifetime-v.particle_age)"],
				"facing_camera_mode": "lookat_xyz",
				"uv": {
					"texture_width": 8,
					"texture_height": 8,
					"uv": [0, 0],
					"uv_size": [1, 1]
				}
			}
		}
	}
}