{
	"format_version": "1.10.0",
	"particle_effect": {
		"description": {
			"identifier": "serp:hoopa_ring_emitter",
			"basic_render_parameters": {
				"material": "particles_alpha",
				"texture": "textures/particle/particles"
			}
		},
		"components": {
			"minecraft:emitter_local_space": {
				"position": true,
				"rotation": false
			},
			"minecraft:emitter_rate_steady": {
				"spawn_rate": 20,
				"max_particles": 100
			},
			"minecraft:emitter_lifetime_expression": {
				"activation_expression": 0.1
			},
			"minecraft:emitter_shape_sphere": {
				"offset": [0, 1.5, 0],
				"radius": 1.5,
				"direction": "inwards"
			},
			"minecraft:particle_lifetime_expression": {
				"max_lifetime": "Math.random(1, 2)"
			},
			"minecraft:particle_initial_speed": 1,
			"minecraft:particle_motion_dynamic": {
				"linear_drag_coefficient": 2
			},
			"minecraft:particle_appearance_billboard": {
				"size": [0.1, 0.1],
				"facing_camera_mode": "lookat_xyz",
				"uv": {
					"texture_width": 128,
					"texture_height": 128,
					"flipbook": {
						"base_UV": [0, 88],
						"size_UV": [8, 8],
						"step_UV": [8, 0],
						"frames_per_second": 16,
						"max_frame": 16,
						"stretch_to_lifetime": true
					}
				}
			},
			"minecraft:particle_appearance_tinting": {
				"color": ["Math.clamp(variable.particle_random_1 * 1 + 0, 0, 1)", "Math.clamp(variable.particle_random_1 * 0 + 0, 0, 0)", "Math.clamp(variable.particle_random_1 * 0.2 + 0.8, 0, 1)", 1]
			}
		}
	}
}