{
	"format_version": "1.10.0",
	"particle_effect": {
		"description": {
			"identifier": "serp:question",
			"basic_render_parameters": {
				"material": "particles_alpha",
				"texture": "textures/particle/pokedrock_particles"
			}
		},
		"components": {
			"minecraft:emitter_rate_instant": {
				"num_particles": 5
			},
			"minecraft:emitter_lifetime_once": {
				"active_time": 1
			},
			"minecraft:emitter_shape_sphere": {
				"offset": [0, 1, 0],
				"radius": 1
			},
			"minecraft:particle_lifetime_expression": {
				"max_lifetime": 0.5
			},
			"minecraft:particle_initial_spin": {
				"rotation": "Math.random(25,-25)"
			},
			"minecraft:particle_initial_speed": 5,
			"minecraft:particle_motion_dynamic": {
				"linear_acceleration": [0, 10, 0],
				"linear_drag_coefficient": 1
			},
			"minecraft:particle_appearance_billboard": {
				"size": ["1*(v.particle_lifetime-v.particle_age)", "1*(v.particle_lifetime-v.particle_age)"],
				"facing_camera_mode": "rotate_xyz",
				"uv": {
					"texture_width": 8,
					"texture_height": 8,
					"uv": [4, 0],
					"uv_size": [1, 1]
				}
			}
		}
	}
}