{
	"format_version": "1.10.0",
	"particle_effect": {
		"description": {
			"identifier": "serp:trade",
			"basic_render_parameters": {
				"material": "particles_alpha",
				"texture": "textures/particle/particles"
			}
		},
		"components": {
			"minecraft:emitter_rate_steady": {
				"spawn_rate": 80,
				"max_particles": 200
			},
			"minecraft:emitter_lifetime_looping": {
				"active_time": 1
			},
			"minecraft:emitter_shape_point": {},
			"minecraft:particle_lifetime_expression": {
				"max_lifetime": "Math.random(0.3, 0.8)"
			},
			"minecraft:particle_initial_speed": 2,
			"minecraft:particle_motion_dynamic": {
		"linear_acceleration": [0, 10, 0],
		"linear_drag_coefficient": 12
			},
			"minecraft:particle_appearance_billboard": {
				"size": [0.05, 0.05],
				"facing_camera_mode": "lookat_xyz",
				"uv": {
					"texture_width": 128,
					"texture_height": 128,
					"flipbook": {
						"base_UV": [0, 88],
						"size_UV": [8, 8],
						"step_UV": [8, 0],
						"frames_per_second": 8,
						"max_frame": 8,
						"stretch_to_lifetime": true
					}
				}
			},
			"minecraft:particle_appearance_tinting": {
				"color": ["Math.clamp(variable.particle_random_1 * 0.6 + 0.6, 0, 1)", "Math.clamp(variable.particle_random_1 * 0.6 + 0.6, 0, 1)", "Math.clamp(variable.particle_random_1 * 0.6 + 0.6, 0, 1)", 1]
			}
		}
	}
}