{
	"format_version": "1.10.0",
	"particle_effect": {
		"description": {
			"identifier": "serp:wild_back",
			"basic_render_parameters": {
				"material": "particles_alpha",
				"texture": "textures/particle/particles"
			}
		},
		"components": {
			"minecraft:emitter_rate_instant": {
				"num_particles": 60
			},
			"minecraft:emitter_lifetime_once": {
				"active_time": 1
			},
			"minecraft:emitter_shape_sphere": {
				"offset": [0, 0.75, 0],
				"radius": 2,
				"direction": "inwards"
			},
			"minecraft:particle_lifetime_expression": {
				"max_lifetime": "Math.random(0.35, 0.7)"
			},
			"minecraft:particle_initial_speed": "Math.random(4,5)",
			"minecraft:particle_motion_dynamic": {
				"linear_acceleration": ["Math.random(-15,15)", 0, "Math.random(-15,15)"],
				"linear_drag_coefficient": 4
			},
			"minecraft:particle_appearance_billboard": {
				"size": ["1*(variable.particle_lifetime-(variable.particle_age))", "1*(variable.particle_lifetime-(variable.particle_age))"],
				"facing_camera_mode": "lookat_xyz",
				"uv": {
					"texture_width": 16,
					"texture_height": 16,
					"flipbook": {
						"base_UV": [15, 10],
						"size_UV": [1, 1],
						"step_UV": [-1, 0],
						"frames_per_second": 16,
						"max_frame": 16,
						"stretch_to_lifetime": true
					}
				}
			},
			"minecraft:particle_appearance_tinting": {
				"color": {
					"interpolant": "variable.particle_random_2",
					"gradient": {
						"0.0": "#FFDFDFDF",
						"1.0": "#FF8A8684"
					}
				}
			}
		}
	}
}