{
  "format_version":"1.10.0",
  "minecraft:client_entity":{
    "description":{
      "identifier":"pokemon:p6",
      "materials":{"default":"entity_emissive_alpha","aura":"charged_creeper"},
      "textures":{
    "hp":"textures/ui/hp",
    "max_aura":"textures/entity/aura/max",
    "totem_aura":"textures/entity/aura/totem",
    "default":"textures/entity/normal/charmander/charizard",
    "default_s":"textures/entity/shiny/charmander/charizard",
    "mega1":"textures/entity/normal/charmander/charizard_mega_x",
    "mega_s1":"textures/entity/shiny/charmander/charizard_mega_x",
    "mega2":"textures/entity/normal/charmander/charizard_mega_y",
    "mega_s2":"textures/entity/shiny/charmander/charizard_mega_y",
    "max":"textures/entity/normal/charmander/charizard",
    "max_s":"textures/entity/shiny/charmander/charizard"
      },
      "geometry":{
    "hp":"geometry.health_bar",
    "aura":"geometry.serpcharizard_aura",
    "default":"geometry.serpcharizard",
    "mega1":"geometry.serpcharizard_megax",
    "mega2":"geometry.serpcharizard_megay",
    "max":"geometry.serpcharizard"
      },
      "animations":{
    "health_bar":"animation.charizard.health_bar",
    "health_bar_mega":"animation.charizard.health_bar_mega",
    "health_bar_mega2":"animation.charizard.health_bar_mega2",
    "spawn":"animation.pokemon.spawn",
    "eyes_controller":"controller.animation.eyes",
    "open":"animation.serpmob.open",
    "close":"animation.serpmob.close",
    "angry":"animation.serpmob.angry",
    "fainted":"animation.serpmob.fainted",
    "quiet":"animation.charizard.quiet",
    "walk":"animation.charizard.walk",
    "sit":"animation.charizard.sitting",
    "attack":"animation.charizard.attack",
    "look_at_target":"animation.common.look_at_target",
    "direction":"animation.charizard.direction",
    "main_controller":"controller.animation.pokemon_fly",
    "effects_controller":"controller.animation.char_effects",
    "char_controller":"controller.animation.effects_charizard"
      },
      "particle_effects":{
    "shiny":"serp:shiny",
    "tail_flame":"serp:big_flame",
    "flame_mouth":"serp:charizard_mouth_flame",
    "tail_flame_mega":"serp:big_flame_blue"
      },
      "scripts":{
        "scale":"1.2",
        "animate":["effects_controller","main_controller",{"health_bar_mega":"query.variant==2"},{"health_bar_mega2":"query.variant==3"}]
      },
      "render_controllers":[{"controller.render.charizard":"query.property('serp:v')>=0&&query.property('serp:v')<=2"},{"controller.render.charizards":"query.property('serp:v')>=3&&query.property('serp:v')<=5"},{"controller.render.max":"query.variant==4"},{"controller.render.totem":"query.variant==6"},"controller.render.hp"]
    }
  }
}