{
	"format_version": "1.12.0",
	"minecraft:geometry": [
		{
			"description": {
				"identifier": "geometry.serpdrowzee",
				"texture_width": 80,
				"texture_height": 80,
				"visible_bounds_width": 3,
				"visible_bounds_height": 3.5,
				"visible_bounds_offset": [0, 1.25, 0]
			},
			"bones": [
				{
					"name": "drowzee",
					"pivot": [0, 0, 0]
				},
				{
					"name": "body_root",
					"parent": "drowzee",
					"pivot": [0, 1.5, 0]
				},
				{
					"name": "head",
					"parent": "body_root",
					"pivot": [0, 14.5, 0],
					"cubes": [
						{"origin": [-3.5, 14.5, -3.5], "size": [7, 1, 6], "uv": [31, 0]},
						{"origin": [-3.5, 20.5, -3.5], "size": [7, 1, 6], "uv": [31, 0]},
						{"origin": [-1.5, 17, -7.5], "size": [3, 2, 4.7], "pivot": [0, 19, -7.5], "rotation": [32, 0, 0], "uv": [56, 21]},
						{"origin": [-3.5, 15.5, -4.5], "size": [7, 5, 1], "uv": [52, 43]},
						{"origin": [-3.5, 15.5, 2.5], "size": [7, 5, 1], "uv": [52, 43]},
						{"origin": [-1.5, 15, -7.5], "size": [3, 4, 3], "uv": [52, 50]},
						{"origin": [-4.5, 15.5, -3.5], "size": [1, 5, 6], "uv": [19, 51]},
						{"origin": [3.5, 15.5, -3.5], "size": [1, 5, 6], "uv": [19, 51], "mirror": true},
						{"origin": [-4, 15, -4], "size": [8, 6, 7], "uv": [0, 34]},
						{"origin": [-6, 21, -1], "size": [3, 4, 0], "inflate": 0.02, "pivot": [-3, 21, -1], "rotation": [-35, 50, -60], "uv": [28, 23]},
						{"origin": [3, 21, -1], "size": [3, 4, 0], "inflate": 0.02, "pivot": [3, 21, -1], "rotation": [-35, -50, 60], "uv": [28, 23], "mirror": true}
					]
				},
				{
					"name": "open_eyes",
					"parent": "head",
					"pivot": [0, 18.5, -1],
					"cubes": [
						{"origin": [-4, 18, -4.55], "size": [3, 2, 0], "pivot": [-4, 17.5, -4.5], "rotation": [0, 25, 0], "uv": [0, 60]},
						{"origin": [1, 18, -4.55], "size": [3, 2, 0], "pivot": [4, 17.5, -4.5], "rotation": [0, -25, 0], "uv": [0, 60], "mirror": true}
					]
				},
				{
					"name": "closed_eyes",
					"parent": "head",
					"pivot": [0, 18.5, -1],
					"cubes": [
						{"origin": [-4, 18, -4.55], "size": [3, 2, 0], "pivot": [-4, 17.5, -4.5], "rotation": [0, 25, 0], "uv": [0, 62]},
						{"origin": [1, 18, -4.55], "size": [3, 2, 0], "pivot": [4, 17.5, -4.5], "rotation": [0, -25, 0], "uv": [0, 62], "mirror": true}
					]
				},
				{
					"name": "angry_eyes",
					"parent": "head",
					"pivot": [0, 18.5, -1],
					"cubes": [
						{"origin": [-4, 18, -4.55], "size": [3, 2, 0], "pivot": [-4, 17.5, -4.5], "rotation": [0, 25, 0], "uv": [0, 64]},
						{"origin": [1, 18, -4.55], "size": [3, 2, 0], "pivot": [4, 17.5, -4.5], "rotation": [0, -25, 0], "uv": [0, 64], "mirror": true}
					]
				},
				{
					"name": "body",
					"parent": "body_root",
					"pivot": [0, 1.5, 0],
					"cubes": [
						{"origin": [-5, 2, -5], "size": [10, 12, 10], "uv": [0, 0]},
						{"origin": [-4.5, 13.5, -4.5], "size": [9, 1, 9], "uv": [28, 25]},
						{"origin": [-4.5, 1.5, -4.5], "size": [9, 1, 9], "uv": [0, 23]},
						{"origin": [-5.5, 2.5, -4.5], "size": [1, 11, 9], "uv": [31, 36]},
						{"origin": [4.5, 2.5, -4.5], "size": [1, 11, 9], "uv": [31, 36], "mirror": true},
						{"origin": [-4.5, 2.5, -5.5], "size": [9, 11, 1], "uv": [41, 8]},
						{"origin": [-4.5, 2.5, 4.5], "size": [9, 11, 1], "uv": [41, 8]}
					]
				},
				{
					"name": "arms",
					"parent": "body_root",
					"pivot": [0, 14, -0.5]
				},
				{
					"name": "right_arm",
					"parent": "arms",
					"pivot": [-5, 14, -0.5],
					"rotation": [0, 0, -45],
					"cubes": [
						{"origin": [-11, 11, -2], "size": [6, 3, 3], "uv": [43, 36]},
						{"origin": [-12, 11, -2], "size": [1, 3, 3], "uv": [0, 23]}
					]
				},
				{
					"name": "left_arm",
					"parent": "arms",
					"pivot": [5, 14, -0.5],
					"rotation": [0, 0, 45],
					"cubes": [
						{"origin": [5, 11, -2], "size": [6, 3, 3], "uv": [43, 36], "mirror": true},
						{"origin": [11, 11, -2], "size": [1, 3, 3], "uv": [0, 23], "mirror": true}
					]
				},
				{
					"name": "legs",
					"parent": "drowzee",
					"pivot": [0, 6, 0]
				},
				{
					"name": "right_leg",
					"parent": "legs",
					"pivot": [-5, 6, 0],
					"cubes": [
						{"origin": [-6, 1, -2.5], "size": [4, 6, 5], "uv": [0, 48]},
						{"origin": [-5.5, 0, -3], "size": [3, 1, 4], "uv": [52, 0]},
						{"origin": [-6.5, 1.5, -2], "size": [1, 5, 4], "uv": [34, 57]},
						{"origin": [-5.5, 1.5, -3], "size": [3, 5, 1], "uv": [0, 0]}
					]
				},
				{
					"name": "left_leg",
					"parent": "legs",
					"pivot": [5, 6, 0],
					"cubes": [
						{"origin": [2, 1, -2.5], "size": [4, 6, 5], "uv": [0, 48], "mirror": true},
						{"origin": [2.5, 0, -3], "size": [3, 1, 4], "uv": [52, 0], "mirror": true},
						{"origin": [5.5, 1.5, -2], "size": [1, 5, 4], "uv": [34, 57], "mirror": true},
						{"origin": [2.5, 1.5, -3], "size": [3, 5, 1], "uv": [0, 0], "mirror": true}
					]
				}
			]
		},
		{
			"description": {
				"identifier": "geometry.serpdrowzee_aura",
				"texture_width": 80,
				"texture_height": 80,
				"visible_bounds_width": 3,
				"visible_bounds_height": 3.5,
				"visible_bounds_offset": [0, 1.25, 0]
			},
			"bones": [
				{
					"name": "drowzee",
					"pivot": [0, 0, 0]
				},
				{
					"name": "body_root",
					"parent": "drowzee",
					"pivot": [0, 1.5, 0]
				},
				{
					"name": "head",
					"parent": "body_root",
					"pivot": [0, 14.5, 0],
					"cubes": [
						{"origin": [-3.5, 14.5, -3.5], "size": [7, 1, 6], "inflate": 0.25, "uv": [31, 0]},
						{"origin": [-3.5, 20.5, -3.5], "size": [7, 1, 6], "inflate": 0.25, "uv": [31, 0]},
						{"origin": [-1.5, 17, -7.5], "size": [3, 2, 4.7], "inflate": 0.25, "pivot": [0, 19, -7.5], "rotation": [32, 0, 0], "uv": [56, 21]},
						{"origin": [-3.5, 15.5, -4.5], "size": [7, 5, 1], "inflate": 0.25, "uv": [52, 43]},
						{"origin": [-3.5, 15.5, 2.5], "size": [7, 5, 1], "inflate": 0.25, "uv": [52, 43]},
						{"origin": [-1.5, 15, -7.5], "size": [3, 4, 3], "inflate": 0.25, "uv": [52, 50]},
						{"origin": [-4.5, 15.5, -3.5], "size": [1, 5, 6], "inflate": 0.25, "uv": [19, 51]},
						{"origin": [3.5, 15.5, -3.5], "size": [1, 5, 6], "inflate": 0.25, "uv": [19, 51], "mirror": true},
						{"origin": [-4, 15, -4], "size": [8, 6, 7], "inflate": 0.25, "uv": [0, 34]},
						{"origin": [-6, 21, -1], "size": [3, 4, 0], "inflate": 0.25, "pivot": [-3, 21, -1], "rotation": [-35, 50, -60], "uv": [28, 23]},
						{"origin": [3, 21, -1], "size": [3, 4, 0], "inflate": 0.25, "pivot": [3, 21, -1], "rotation": [-35, -50, 60], "uv": [28, 23], "mirror": true}
					]
				},
				{
					"name": "open_eyes",
					"parent": "head",
					"pivot": [0, 18.5, -1],
					"cubes": [
						{"origin": [-4, 18, -4.55], "size": [3, 2, 0], "inflate": 0.25, "pivot": [-4, 17.5, -4.5], "rotation": [0, 25, 0], "uv": [41, 21]},
						{"origin": [1, 18, -4.55], "size": [3, 2, 0], "inflate": 0.25, "pivot": [4, 17.5, -4.5], "rotation": [0, -25, 0], "uv": [41, 21], "mirror": true}
					]
				},
				{
					"name": "body",
					"parent": "body_root",
					"pivot": [0, 1.5, 0],
					"cubes": [
						{"origin": [-5, 2, -5], "size": [10, 12, 10], "inflate": 0.25, "uv": [0, 0]},
						{"origin": [-4.5, 13.5, -4.5], "size": [9, 1, 9], "inflate": 0.25, "uv": [28, 25]},
						{"origin": [-4.5, 1.5, -4.5], "size": [9, 1, 9], "inflate": 0.25, "uv": [0, 23]},
						{"origin": [-5.5, 2.5, -4.5], "size": [1, 11, 9], "inflate": 0.25, "uv": [31, 36]},
						{"origin": [4.5, 2.5, -4.5], "size": [1, 11, 9], "inflate": 0.25, "uv": [31, 36], "mirror": true},
						{"origin": [-4.5, 2.5, -5.5], "size": [9, 11, 1], "inflate": 0.25, "uv": [41, 8]},
						{"origin": [-4.5, 2.5, 4.5], "size": [9, 11, 1], "inflate": 0.25, "uv": [41, 8]}
					]
				},
				{
					"name": "arms",
					"parent": "body_root",
					"pivot": [0, 14, -0.5]
				},
				{
					"name": "right_arm",
					"parent": "arms",
					"pivot": [-5, 14, -0.5],
					"rotation": [0, 0, -45],
					"cubes": [
						{"origin": [-11, 11, -2], "size": [6, 3, 3], "inflate": 0.25, "uv": [43, 36]},
						{"origin": [-12, 11, -2], "size": [1, 3, 3], "inflate": 0.25, "uv": [0, 23]}
					]
				},
				{
					"name": "left_arm",
					"parent": "arms",
					"pivot": [5, 14, -0.5],
					"rotation": [0, 0, 45],
					"cubes": [
						{"origin": [5, 11, -2], "size": [6, 3, 3], "inflate": 0.25, "uv": [43, 36], "mirror": true},
						{"origin": [11, 11, -2], "size": [1, 3, 3], "inflate": 0.25, "uv": [0, 23], "mirror": true}
					]
				},
				{
					"name": "legs",
					"parent": "drowzee",
					"pivot": [0, 6, 0]
				},
				{
					"name": "right_leg",
					"parent": "legs",
					"pivot": [-5, 6, 0],
					"cubes": [
						{"origin": [-6, 1, -2.5], "size": [4, 6, 5], "inflate": 0.25, "uv": [0, 48]},
						{"origin": [-5.5, 0, -3], "size": [3, 1, 4], "inflate": 0.25, "uv": [52, 0]},
						{"origin": [-6.5, 1.5, -2], "size": [1, 5, 4], "inflate": 0.25, "uv": [34, 57]},
						{"origin": [-5.5, 1.5, -3], "size": [3, 5, 1], "inflate": 0.25, "uv": [0, 0]}
					]
				},
				{
					"name": "left_leg",
					"parent": "legs",
					"pivot": [5, 6, 0],
					"cubes": [
						{"origin": [2, 1, -2.5], "size": [4, 6, 5], "inflate": 0.25, "uv": [0, 48], "mirror": true},
						{"origin": [2.5, 0, -3], "size": [3, 1, 4], "inflate": 0.25, "uv": [52, 0], "mirror": true},
						{"origin": [5.5, 1.5, -2], "size": [1, 5, 4], "inflate": 0.25, "uv": [34, 57], "mirror": true},
						{"origin": [2.5, 1.5, -3], "size": [3, 5, 1], "inflate": 0.25, "uv": [0, 0], "mirror": true}
					]
				}
			]
		}
	]
}