{
	"format_version": "1.12.0",
	"minecraft:geometry": [
		{
			"description": {
				"identifier": "geometry.serphypno",
				"texture_width": 64,
				"texture_height": 64,
				"visible_bounds_width": 3,
				"visible_bounds_height": 3.5,
				"visible_bounds_offset": [0, 1.25, 0]
			},
			"bones": [
				{
					"name": "hypno",
					"pivot": [0, 0, 0]
				},
				{
					"name": "body_root",
					"parent": "hypno",
					"pivot": [0, 7, 3]
				},
				{
					"name": "head",
					"parent": "body_root",
					"pivot": [0, 16, -1],
					"cubes": [
						{"origin": [-3, 16, -4.5], "size": [6, 6, 6], "uv": [19, 19]},
						{"origin": [-4.5, 21.5, -2.5], "size": [3, 5, 0], "inflate": 0.02, "pivot": [-1.5, 22, -2.5], "rotation": [0, 35, -20], "uv": [37, 47]},
						{"origin": [1.5, 21.5, -2.5], "size": [3, 5, 0], "inflate": 0.02, "pivot": [1.5, 22, -2.5], "rotation": [0, -35, 20], "uv": [37, 47], "mirror": true},
						{"origin": [-3.5, 16.5, -4], "size": [1, 5, 5], "uv": [0, 35]},
						{"origin": [2.5, 16.5, -4], "size": [1, 5, 5], "uv": [0, 35], "mirror": true},
						{"origin": [-2.5, 15.5, -4], "size": [5, 1, 5], "uv": [25, 11]},
						{"origin": [-2.5, 21.5, -4], "size": [5, 1, 5], "uv": [25, 11]},
						{"origin": [-2.5, 16.5, -5], "size": [5, 5, 1], "uv": [24, 41]},
						{"origin": [-2.5, 16.5, 1], "size": [5, 5, 1], "uv": [24, 41]},
						{"origin": [-1, 17, -8], "size": [2, 2, 3], "pivot": [0, 19, -5], "rotation": [15, 0, 0], "uv": [0, 46]}
					]
				},
				{
					"name": "open_eyes",
					"parent": "head",
					"pivot": [0, 16, -2],
					"cubes": [
						{"origin": [-3, 18.5, -5.1], "size": [6, 2, 0], "uv": [0, 52]}
					]
				},
				{
					"name": "closed_eyes",
					"parent": "head",
					"pivot": [0, 16, -2],
					"cubes": [
						{"origin": [-3, 18.5, -5.1], "size": [6, 2, 0], "uv": [0, 54]}
					]
				},
				{
					"name": "angry_eyes",
					"parent": "head",
					"pivot": [0, 16, -2],
					"cubes": [
						{"origin": [-3, 18.5, -5.1], "size": [6, 2, 0], "uv": [0, 56]}
					]
				},
				{
					"name": "body",
					"parent": "body_root",
					"pivot": [0, 7, 3],
					"rotation": [20, 0, 0],
					"cubes": [
						{"origin": [-3.5, 7, 1], "size": [7, 8, 5], "uv": [0, 11]},
						{"origin": [-4, 7.5, 1.5], "size": [1, 7, 4], "uv": [13, 35]},
						{"origin": [3, 7.5, 1.5], "size": [1, 7, 4], "uv": [13, 35]},
						{"origin": [-3, 7.5, 0.5], "size": [6, 7, 1], "uv": [25, 32]},
						{"origin": [-3, 7.5, 5.5], "size": [6, 7, 1], "uv": [25, 32]},
						{"origin": [-3, 6.5, 1.5], "size": [6, 1, 4], "uv": [31, 0]},
						{"origin": [-3, 15, 0.5], "size": [6, 2, 6], "uv": [0, 26]},
						{"origin": [-5, 16, -1.5], "size": [10, 0, 10], "pivot": [0, 16, 3.5], "rotation": [-15, 0, 0], "uv": [0, 0]},
						{"origin": [-5, 16, -1.5], "size": [10, 0, 10], "pivot": [0, 16, 3.5], "rotation": [0, 0, -15], "uv": [0, 0]},
						{"origin": [-5, 16, -1.5], "size": [10, 0, 10], "pivot": [0, 16, 3.5], "rotation": [0, 0, 15], "uv": [0, 0]},
						{"origin": [-5, 16, -1.5], "size": [10, 0, 10], "uv": [0, 0]},
						{"origin": [-5, 16, -1.5], "size": [10, 0, 10], "pivot": [0, 16, 3.5], "rotation": [15, 0, 0], "uv": [0, 0]}
					]
				},
				{
					"name": "arms",
					"parent": "body_root",
					"pivot": [0, 14, 1]
				},
				{
					"name": "right_arm",
					"parent": "arms",
					"pivot": [-4, 13.5, 1],
					"cubes": [
						{"origin": [-8.5, 12.5, 0], "size": [5, 2.5, 2.5], "uv": [38, 18]},
						{"origin": [-8.51704, 12.62941, 0], "size": [2.5, 7, 2.5], "pivot": [-8.01704, 12.62941, 1], "rotation": [0, 0, -15], "uv": [0, 0]},
						{"origin": [-8.5, 19.5, -0.5], "size": [3, 2, 3], "pivot": [-8.5, 12.5, 1], "rotation": [0, 0, -15], "uv": [40, 32]},
						{"origin": [-7.3, 19.3, -0.7], "size": [2, 1, 1], "pivot": [-8.5, 12.5, 1], "rotation": [0, 0, -15], "uv": [8, 35]}
					]
				},
				{
					"name": "left_arm",
					"parent": "arms",
					"pivot": [4, 13.5, 1],
					"cubes": [
						{"origin": [3.5, 12.5, 0], "size": [5, 2.5, 2.5], "uv": [38, 18], "mirror": true},
						{"origin": [6.01704, 12.62941, 0], "size": [2.5, 7, 2.5], "pivot": [8.01704, 12.62941, 1], "rotation": [0, 0, 15], "uv": [0, 0], "mirror": true},
						{"origin": [5.5, 19.5, -0.5], "size": [3, 2, 3], "pivot": [8.5, 12.5, 1], "rotation": [0, 0, 15], "uv": [40, 32], "mirror": true},
						{"origin": [5.3, 19.3, -0.7], "size": [2, 1, 1], "pivot": [8.5, 12.5, 1], "rotation": [0, 0, 15], "uv": [8, 35], "mirror": true}
					]
				},
				{
					"name": "pendulum",
					"parent": "left_arm",
					"pivot": [8.5, 19.5, -0.3],
					"cubes": [
						{"origin": [7, 12.5, -0.3], "size": [3, 7.5, 0], "uv": [13, 47]}
					]
				},
				{
					"name": "legs",
					"parent": "hypno",
					"pivot": [0, 7, 3]
				},
				{
					"name": "right_leg",
					"parent": "legs",
					"pivot": [-3, 7, 3],
					"rotation": [0, 25, 0],
					"cubes": [
						{"origin": [-4, 1, -1.5], "size": [3, 4, 3], "uv": [41, 6]},
						{"origin": [-4, 1, -1.5], "size": [3, 1, 3], "pivot": [-2.5, 1, 1.5], "rotation": [19.3, 0, 0], "uv": [44, 23]},
						{"origin": [-4, 0.00846, -2.3314], "size": [3, 1, 1], "uv": [20, 11]},
						{"origin": [-4, 5, -1.5], "size": [3, 5, 3], "pivot": [-3, 5, -1.5], "rotation": [-45, 0, 0], "uv": [37, 38]}
					]
				},
				{
					"name": "left_leg",
					"parent": "legs",
					"pivot": [3, 7, 3],
					"rotation": [0, -25, 0],
					"cubes": [
						{"origin": [1, 1, -1.5], "size": [3, 4, 3], "uv": [41, 6], "mirror": true},
						{"origin": [1, 1, -1.5], "size": [3, 1, 3], "pivot": [2.5, 1, 1.5], "rotation": [19.3, 0, 0], "uv": [44, 23], "mirror": true},
						{"origin": [1, 0.00846, -2.3314], "size": [3, 1, 1], "uv": [20, 11], "mirror": true},
						{"origin": [1, 5, -1.5], "size": [3, 5, 3], "pivot": [3, 5, -1.5], "rotation": [-45, 0, 0], "uv": [37, 38], "mirror": true}
					]
				}
			]
		},
		{
			"description": {
				"identifier": "geometry.serphypno_aura",
				"texture_width": 64,
				"texture_height": 64,
				"visible_bounds_width": 3,
				"visible_bounds_height": 3.5,
				"visible_bounds_offset": [0, 1.25, 0]
			},
			"bones": [
				{
					"name": "hypno",
					"pivot": [0, 0, 0]
				},
				{
					"name": "body_root",
					"parent": "hypno",
					"pivot": [0, 7, 3]
				},
				{
					"name": "head",
					"parent": "body_root",
					"pivot": [0, 16, -1],
					"cubes": [
						{"origin": [-3, 16, -4.5], "size": [6, 6, 6], "inflate": 0.25, "uv": [19, 19]},
						{"origin": [-4.5, 21.5, -2.5], "size": [3, 5, 0], "inflate": 0.25, "pivot": [-1.5, 22, -2.5], "rotation": [0, 35, -20], "uv": [37, 47]},
						{"origin": [1.5, 21.5, -2.5], "size": [3, 5, 0], "inflate": 0.25, "pivot": [1.5, 22, -2.5], "rotation": [0, -35, 20], "uv": [37, 47], "mirror": true},
						{"origin": [-3.5, 16.5, -4], "size": [1, 5, 5], "inflate": 0.25, "uv": [0, 35]},
						{"origin": [2.5, 16.5, -4], "size": [1, 5, 5], "inflate": 0.25, "uv": [0, 35], "mirror": true},
						{"origin": [-2.5, 15.5, -4], "size": [5, 1, 5], "inflate": 0.25, "uv": [25, 11]},
						{"origin": [-2.5, 21.5, -4], "size": [5, 1, 5], "inflate": 0.25, "uv": [25, 11]},
						{"origin": [-2.5, 16.5, -5], "size": [5, 5, 1], "inflate": 0.25, "uv": [24, 41]},
						{"origin": [-2.5, 16.5, 1], "size": [5, 5, 1], "inflate": 0.25, "uv": [24, 41]},
						{"origin": [-1, 17, -8], "size": [2, 2, 3], "inflate": 0.25, "pivot": [0, 19, -5], "rotation": [15, 0, 0], "uv": [0, 46]}
					]
				},
				{
					"name": "open_eyes",
					"parent": "head",
					"pivot": [0, 16, -2],
					"cubes": [
						{"origin": [-3, 18.5, -5.1], "size": [6, 2, 0], "inflate": 0.25, "uv": [0, 52]}
					]
				},
				{
					"name": "closed_eyes",
					"parent": "head",
					"pivot": [0, 16, -2],
					"cubes": [
						{"origin": [-3, 18.5, -5.1], "size": [6, 2, 0], "inflate": 0.25, "uv": [0, 54]}
					]
				},
				{
					"name": "angry_eyes",
					"parent": "head",
					"pivot": [0, 16, -2],
					"cubes": [
						{"origin": [-3, 18.5, -5.1], "size": [6, 2, 0], "inflate": 0.25, "uv": [0, 56]}
					]
				},
				{
					"name": "body",
					"parent": "body_root",
					"pivot": [0, 7, 3],
					"rotation": [20, 0, 0],
					"cubes": [
						{"origin": [-3.5, 7, 1], "size": [7, 8, 5], "inflate": 0.25, "uv": [0, 11]},
						{"origin": [-4, 7.5, 1.5], "size": [1, 7, 4], "inflate": 0.25, "uv": [13, 35]},
						{"origin": [3, 7.5, 1.5], "size": [1, 7, 4], "inflate": 0.25, "uv": [13, 35]},
						{"origin": [-3, 7.5, 0.5], "size": [6, 7, 1], "inflate": 0.25, "uv": [25, 32]},
						{"origin": [-3, 7.5, 5.5], "size": [6, 7, 1], "inflate": 0.25, "uv": [25, 32]},
						{"origin": [-3, 6.5, 1.5], "size": [6, 1, 4], "inflate": 0.25, "uv": [31, 0]},
						{"origin": [-3, 15, 0.5], "size": [6, 2, 6], "inflate": 0.25, "uv": [0, 26]},
						{"origin": [-5, 16, -1.5], "size": [10, 0, 10], "inflate": 0.25, "pivot": [0, 16, 3.5], "rotation": [-15, 0, 0], "uv": [0, 0]},
						{"origin": [-5, 16, -1.5], "size": [10, 0, 10], "inflate": 0.25, "pivot": [0, 16, 3.5], "rotation": [0, 0, -15], "uv": [0, 0]},
						{"origin": [-5, 16, -1.5], "size": [10, 0, 10], "inflate": 0.25, "pivot": [0, 16, 3.5], "rotation": [0, 0, 15], "uv": [0, 0]},
						{"origin": [-5, 16, -1.5], "size": [10, 0, 10], "inflate": 0.25, "uv": [0, 0]},
						{"origin": [-5, 16, -1.5], "size": [10, 0, 10], "inflate": 0.25, "pivot": [0, 16, 3.5], "rotation": [15, 0, 0], "uv": [0, 0]}
					]
				},
				{
					"name": "arms",
					"parent": "body_root",
					"pivot": [0, 14, 1]
				},
				{
					"name": "right_arm",
					"parent": "arms",
					"pivot": [-4, 13.5, 1],
					"cubes": [
						{"origin": [-8.5, 12.5, 0], "size": [5, 2.5, 2.5], "inflate": 0.25, "uv": [38, 18]},
						{"origin": [-8.51704, 12.62941, 0], "size": [2.5, 7, 2.5], "inflate": 0.25, "pivot": [-8.01704, 12.62941, 1], "rotation": [0, 0, -15], "uv": [0, 0]},
						{"origin": [-8.5, 19.5, -0.5], "size": [3, 2, 3], "inflate": 0.25, "pivot": [-8.5, 12.5, 1], "rotation": [0, 0, -15], "uv": [40, 32]},
						{"origin": [-7.3, 19.3, -0.7], "size": [2, 1, 1], "inflate": 0.25, "pivot": [-8.5, 12.5, 1], "rotation": [0, 0, -15], "uv": [8, 35]}
					]
				},
				{
					"name": "left_arm",
					"parent": "arms",
					"pivot": [4, 13.5, 1],
					"cubes": [
						{"origin": [3.5, 12.5, 0], "size": [5, 2.5, 2.5], "inflate": 0.25, "uv": [38, 18], "mirror": true},
						{"origin": [6.01704, 12.62941, 0], "size": [2.5, 7, 2.5], "inflate": 0.25, "pivot": [8.01704, 12.62941, 1], "rotation": [0, 0, 15], "uv": [0, 0], "mirror": true},
						{"origin": [5.5, 19.5, -0.5], "size": [3, 2, 3], "inflate": 0.25, "pivot": [8.5, 12.5, 1], "rotation": [0, 0, 15], "uv": [40, 32], "mirror": true},
						{"origin": [5.3, 19.3, -0.7], "size": [2, 1, 1], "inflate": 0.25, "pivot": [8.5, 12.5, 1], "rotation": [0, 0, 15], "uv": [8, 35], "mirror": true}
					]
				},
				{
					"name": "pendulum",
					"parent": "left_arm",
					"pivot": [8.5, 19.5, -0.3],
					"cubes": [
						{"origin": [7, 12.5, -0.3], "size": [3, 7.5, 0], "inflate": 0.25, "uv": [13, 47]}
					]
				},
				{
					"name": "legs",
					"parent": "hypno",
					"pivot": [0, 7, 3]
				},
				{
					"name": "right_leg",
					"parent": "legs",
					"pivot": [-3, 7, 3],
					"rotation": [0, 25, 0],
					"cubes": [
						{"origin": [-4, 1, -1.5], "size": [3, 4, 3], "inflate": 0.25, "uv": [41, 6]},
						{"origin": [-4, 1, -1.5], "size": [3, 1, 3], "inflate": 0.25, "pivot": [-2.5, 1, 1.5], "rotation": [19.3, 0, 0], "uv": [44, 23]},
						{"origin": [-4, 0.00846, -2.3314], "size": [3, 1, 1], "inflate": 0.25, "uv": [20, 11]},
						{"origin": [-4, 5, -1.5], "size": [3, 5, 3], "inflate": 0.25, "pivot": [-3, 5, -1.5], "rotation": [-45, 0, 0], "uv": [37, 38]}
					]
				},
				{
					"name": "left_leg",
					"parent": "legs",
					"pivot": [3, 7, 3],
					"rotation": [0, -25, 0],
					"cubes": [
						{"origin": [1, 1, -1.5], "size": [3, 4, 3], "inflate": 0.25, "uv": [41, 6], "mirror": true},
						{"origin": [1, 1, -1.5], "size": [3, 1, 3], "inflate": 0.25, "pivot": [2.5, 1, 1.5], "rotation": [19.3, 0, 0], "uv": [44, 23], "mirror": true},
						{"origin": [1, 0.00846, -2.3314], "size": [3, 1, 1], "inflate": 0.25, "uv": [20, 11], "mirror": true},
						{"origin": [1, 5, -1.5], "size": [3, 5, 3], "inflate": 0.25, "pivot": [3, 5, -1.5], "rotation": [-45, 0, 0], "uv": [37, 38], "mirror": true}
					]
				}
			]
		}
	]
}