{
	"format_version": "1.8.0",
	"animations": {
		"animation.linoone.quiet": {
			"loop": true,
			"animation_length": 1.2,
			"bones": {
				"head": {
					"position": {
						"0.0": [0, 0, 0],
						"0.6": [0, 1, 0.5],
						"1.2": [0, 0, 0]
					}
				},
				"body": {
					"rotation": {
						"0.0": [0, 0, 0],
						"0.6": [-2.5, 0, 0],
						"1.2": [0, 0, 0]
					}
				},
				"tail": {
					"rotation": {
						"0.0": [0, 0, 0],
						"0.4": [20, 0, 0],
						"1.2": [0, 0, 0]
					}
				}
			}
		},
		"animation.linoone.walk": {
			"loop": true,
			"animation_length": 0.6,
			"bones": {
				"linoone": {
					"rotation": {
						"0.0": [-10, 0, 0],
						"0.3": [10, 0, 0],
						"0.6": [-10, 0, 0]
					},
					"position": {
						"0.0": [0, 2, 0],
						"0.3": [0, 1, 0],
						"0.6": [0, 2, 0]
					}
				},
				"body": {
					"rotation": [5, 0, 0]
				},
				"tail": {
					"rotation": {
						"0.0": [0, 0, 0],
						"0.4": [25, 0, 0],
						"0.6": [0, 0, 0]
					}
				},
				"front_legs": {
					"rotation": {
						"0.0": [-45, 0, 0],
						"0.4": [35, 0, 0],
						"0.6": [-45, 0, 0]
					}
				},
				"back_legs": {
					"rotation": {
						"0.0": [50, 0, 0],
						"0.2": [10, 0, 0],
						"0.6": [50, 0, 0]
					},
					"position": {
						"0.0": [0, 2, 1],
						"0.2": [0, 0, -1],
						"0.6": [0, 2, 1]
					}
				}
			}
		},
		"animation.linoone.sitting": {
			"loop": true,
			"bones": {
				"linoone": {
					"position": [0, 0, -2]
				},
				"head": {
					"position": [0, 2, 1]
				},
				"body": {
					"rotation": [-15, 0, 0],
					"position": [0, -1, -1]
				},
				"tail": {
					"rotation": [20, 0, 0]
				},
				"front_legs": {
					"position": [0, 0, 1]
				}
			}
		},
		"animation.linoone.jump": {
			"loop": true,
			"bones": {
				"linoone": {
					"position": [0, 2, 0]
				},
				"head": {
					"position": [0, 2, 1]
				},
				"body": {
					"rotation": [-10, 0, 0]
				},
				"tail": {
					"rotation": [20, 0, 0]
				},
				"front_legs": {
					"rotation": [-50, 0, 0],
					"position": [0, 1, 1]
				},
				"back_legs": {
					"rotation": [115, 0, 0],
					"position": [0, 0, 0]
				}
			}
		},
		"animation.linoone.attack": {
			"loop": true,
			"bones": {
				"head": {
					"position": [0, -3, -1]
				},
				"body": {
					"rotation": [20, 0, 0],
					"position": [0, 1, 0]
				},
				"tail": {
					"rotation": [-35, 0, 0]
				},
				"front_legs": {
					"rotation": [-90, 0, 0],
					"position": [0, -3, -1],
					"scale": [1.2, 1, 1]
				}
			}
		},
		"animation.linoone.swimming": {
			"loop": true,
			"animation_length": 0.6,
			"bones": {
				"linoone": {
					"position": {
						"0.0": [0, -2, -3],
						"0.3": [0, -1, -3],
						"0.6": [0, -2, -3]
					}
				},
				"head": {
					"position": [0, 7, 5]
				},
				"body": {
					"rotation": [-35, 0, 0]
				},
				"tail": {
					"rotation": {
						"0.0": [0, 0, 0],
						"0.2": [15, 0, 0],
						"0.6": [0, 0, 0]
					}
				},
				"front_legs": {
					"rotation": {
						"0.0": [-40, 0, 0],
						"0.2": [-15, 0, 0],
						"0.6": [-40, 0, 0]
					},
					"position": [0, 4, 3]
				},
				"back_legs": {
					"rotation": {
						"0.0": [55, 0, 0],
						"0.4": [35, 0, 0],
						"0.6": [55, 0, 0]
					}
				}
			}
		},
        "animation.linoone.health_bar":{
            "loop":true,
            "bones":{
                "health_hover":{
    "rotation":["q.camera_rotation(0)","q.camera_rotation(1)-q.body_y_rotation",0],
	"position": [0,23,0],
    "scale":"query.is_in_ui?0:1.5"
                },
				"bar_green": {
					"scale": ["query.health/query.max_health*1", 1, 1]
				},
				"bar_black": {
					"scale": ["(1)+(query.health/query.max_health*-1)", 1, 1]
				}
			}
        }
	}
}