{
	"format_version": "1.8.0",
	"animations": {
		"animation.zigzagoon.quiet": {
			"loop": true,
			"animation_length": 1.2,
			"bones": {
				"head": {
					"position": {
						"0.0": [0, 0, 0],
						"0.6": [0, -0.5, 0],
						"1.2": [0, 0, 0]
					}
				},
				"body": {
					"rotation": {
						"0.0": [0, 0, 0],
						"0.6": [5, 0, 0],
						"1.2": [0, 0, 0]
					}
				},
				"tail": {
					"rotation": {
						"0.0": [20, -20, 0],
						"0.4": [20, 20, 15],
						"0.8": [-20, 0, 0],
						"1.2": [20, -20, 0]
					}
				}
			}
		},
		"animation.zigzagoon.walk": {
			"loop": true,
			"animation_length": 0.6,
			"bones": {
				"zigzagoon": {
					"rotation": {
						"0.0": [-5, 0, 0],
						"0.2": [5, 0, 0],
						"0.6": [-5, 0, 0]
					},
					"position": {
						"0.0": [0, 0, -2],
						"0.3": [0, 0, 0],
						"0.6": [0, 0, -2]
					}
				},
				"head": {
					"position": {
						"0.0": [0, 0, 0],
						"0.3": [0, -1, 0],
						"0.6": [0, 0, 0]
					}
				},
				"tail": {
					"rotation": {
						"0.0": [25, 25, 10],
						"0.3": [25, -25, -10],
						"0.6": [25, 25, 10]
					},
					"position": [0, 1, 0]
				},
				"front_legs": {
					"rotation": {
						"0.0": [-60, 0, 0],
						"0.2": [30, 0, 0],
						"0.6": [-60, 0, 0]
					}
				},
				"back_legs": {
					"rotation": {
						"0.0": [45, 0, 0],
						"0.4": [-30, 0, 0],
						"0.6": [45, 0, 0]
					},
					"position": {
						"0.0": [0, 2, 1],
						"0.4": [0, 0, 0],
						"0.6": [0, 2, 1]
					}
				}
			}
		},
		"animation.zigzagoon.sitting": {
			"loop": true,
			"bones": {
				"zigzagoon": {
					"position": [-4, -2, 0]
				},
				"head": {
					"position": [0, -0.5, 0]
				},
				"body": {
					"rotation": [0, 35, 0],
					"position": [4, 0, -2]
				},
				"tail": {
					"rotation": [0, 35, 0]
				},
				"front_legs": {
					"position": [0, 2, 0],
					"scale": [0.8, 0.8, 1]
				},
				"back_legs": {
					"position": [0, 2, 0],
					"scale": [0, 0, 1]
				}
			}
		},
		"animation.zigzagoon.jump": {
			"loop": true,
			"bones": {
				"zigzagoon": {
					"position": [0, 3, -4]
				},
				"head": {
					"position": [0, 4, 3]
				},
				"body": {
					"rotation": [-30, 0, 0]
				},
				"tail": {
					"rotation": [-35, 0, 0]
				},
				"front_legs": {
					"rotation": [-60, 0, 0],
					"position": [0, 3, 1]
				},
				"back_legs": {
					"rotation": [45, 0, 0],
					"position": [0, 1, 0]
				}
			}
		},
		"animation.zigzagoon.attack": {
			"loop": true,
			"bones": {
				"head": {
					"position": [0, -2, 0]
				},
				"body": {
					"rotation": [15, 0, 0],
					"position": [0, 1, 0]
				},
				"tail": {
					"rotation": [40, 0, 0],
					"position": [0, 3, 0]
				},
				"front_legs": {
					"rotation": [-20, 0, 0],
					"position": [0, 0, -1]
				},
				"back_legs": {
					"rotation": [20, 0, 0],
					"position": [0, 1, 0]
				}
			}
		},
		"animation.zigzagoon.swimming": {
			"loop": true,
			"animation_length": 0.6,
			"bones": {
				"zigzagoon": {
					"position": {
						"0.0": [0, -2, -4],
						"0.3": [0, -1, -4],
						"0.6": [0, -2, -4]
					}
				},
				"head": {
					"position": [0, 5, 4]
				},
				"body": {
					"rotation": [-35, 0, 0]
				},
				"tail": {
					"rotation": {
						"0.0": [-40, 0, 0],
						"0.2": [-20, 0, 0],
						"0.6": [-40, 0, 0]
					}
				},
				"front_legs": {
					"rotation": {
						"0.0": [-40, 0, 0],
						"0.2": [-10, 0, 0],
						"0.6": [-40, 0, 0]
					},
					"position": [0, 4, 1]
				},
				"back_legs": {
					"rotation": {
						"0.0": [50, 0, 0],
						"0.4": [20, 0, 0],
						"0.6": [50, 0, 0]
					},
					"position": [0, 1, 0]
				}
			}
		},
        "animation.zigzagoon.health_bar":{
            "loop":true,
            "bones":{
                "health_hover":{
    "rotation":["q.camera_rotation(0)","q.camera_rotation(1)-q.body_y_rotation",0],
	"position": [0,21,0],
    "scale":"query.is_in_ui?0:1.5"
                },
				"bar_green": {
					"scale": ["query.health/query.max_health*1", 1, 1]
				},
				"bar_black": {
					"scale": ["(1)+(query.health/query.max_health*-1)", 1, 1]
				}
			}
        }
	}
}