{
	"format_version": "1.10.0",
	"particle_effect": {
		"description": {
			"identifier": "serp:attack_hit",
			"basic_render_parameters": {
				"material": "particles_blend",
				"texture": "textures/particle/particles"
			}
		},
		"components": {
			"minecraft:emitter_rate_instant": {
				"num_particles": 10
			},
			"minecraft:emitter_lifetime_looping": {
				"sleep_time": 0.25
			},
			"minecraft:emitter_shape_point": {
				"offset": [0, 1, 0]
			},
			"minecraft:particle_lifetime_expression": {
				"max_lifetime": "Math.random(0.1, 0.3)"
			},
			"minecraft:particle_initial_speed": "Math.random(7,10)",
			"minecraft:particle_motion_dynamic": {
				"linear_drag_coefficient": 1
			},
			"minecraft:particle_appearance_billboard": {
				"size": [0.3, 0.3],
				"facing_camera_mode": "lookat_xyz",
				"uv": {
					"texture_width": 16,
					"texture_height": 16,
					"flipbook": {
						"base_UV": [0, 9],
						"size_UV": [1, 1],
						"step_UV": [1, 0],
						"frames_per_second": 8,
						"max_frame": 8,
						"stretch_to_lifetime": true
					}
				}
			},
			"minecraft:particle_motion_collision": {
				"collision_drag": 20,
				"coefficient_of_restitution": 0.2,
				"collision_radius": 0.01
			},
			"minecraft:particle_appearance_tinting": {
				"color": {
					"interpolant": "v.particle_age / v.particle_lifetime",
					"gradient": {
						"0.0": "#FFFB0000",
						"0.49": "#FFFFFFFF"
					}
				}
			}
		}
	}
}