{
	"format_version": "1.10.0",
	"particle_effect": {
		"description": {
			"identifier": "serp:attack_thorn",
			"basic_render_parameters": {
				"material": "particles_blend",
				"texture": "textures/particle/particles"
			}
		},
		"components": {
			"minecraft:emitter_rate_instant": {
				"num_particles": 10
			},
			"minecraft:emitter_lifetime_once": {
				"active_time": 1
			},
			"minecraft:emitter_shape_point": {
				"offset": [0, 0.5, 0]
			},
			"minecraft:particle_lifetime_expression": {
				"max_lifetime": "Math.random(0.1, 0.6)"
			},
			"minecraft:particle_initial_spin": {
				"rotation": "Math.random(0,500)"
			},
			"minecraft:particle_initial_speed": "Math.random(5,10)",
			"minecraft:particle_motion_dynamic": {
				"linear_drag_coefficient": 5
			},
			"minecraft:particle_appearance_billboard": {
				"size": ["(0.2 + variable.particle_random_1*0.2) - (0.3 * variable.particle_age)", "(0.2 + variable.particle_random_1*0.2) - (0.3 * variable.particle_age)"],
				"facing_camera_mode": "lookat_xyz",
				"uv": {
					"texture_width": 16,
					"texture_height": 16,
					"uv": [2, 7],
					"uv_size": [1, 1]
				}
			},
			"minecraft:particle_motion_collision": {
				"collision_drag": 20,
				"coefficient_of_restitution": 0.2,
				"collision_radius": 0.01
			},
			"minecraft:particle_appearance_tinting": {
				"color": [0.22353, 0.15294, 0.12157, 1]
			}
		}
	}
}