{
	"format_version": "1.10.0",
	"particle_effect": {
		"description": {
			"identifier": "serp:high_efficiency",
			"basic_render_parameters": {
				"material": "particles_blend",
				"texture": "textures/particle/efficiency"
			}
		},
		"components": {
			"minecraft:emitter_rate_instant": {
				"num_particles": 20
			},
			"minecraft:emitter_lifetime_once": {
				"active_time": 1
			},
			"minecraft:emitter_shape_disc": {
				"offset": [0, "Math.random(0,0.5)", 0],
				"radius": 1.5,
				"direction": [0, 10, 0]
			},
			"minecraft:particle_lifetime_expression": {
				"max_lifetime": 1
			},
			"minecraft:particle_initial_speed": "Math.random(3, 7)",
			"minecraft:particle_motion_dynamic": {
				"linear_drag_coefficient": 2.5
			},
			"minecraft:particle_appearance_billboard": {
				"size": ["(0.2 + variable.particle_random_1*0.2) - (0.2 * variable.particle_age)", "(0.2 + variable.particle_random_1*0.2) - (0.2 * variable.particle_age)"],
				"facing_camera_mode": "lookat_xyz",
				"uv": {
					"texture_width": 1,
					"texture_height": 1,
					"uv": [0, 0],
					"uv_size": [1, 1]
				}
			},
			"minecraft:particle_motion_collision": {
				"collision_drag": 20,
				"coefficient_of_restitution": 0.2,
				"collision_radius": 0.01
			},
			"minecraft:particle_appearance_tinting": {
				"color": {
					"interpolant": "v.particle_age / v.particle_lifetime",
					"gradient": {
						"0.0": "#FFFF7F4A",
						"1.0": "#FFFF0D0D"
					}
				}
			}
		}
	}
}