{
	"format_version": "1.8.0",
	"animations": {
		"animation.clefairy.quiet": {
			"loop": true,
			"animation_length": 0.8,
			"bones": {
				"body": {
					"rotation": {
						"0.0": [0, 0, 0],
						"0.4": [5, 0, 0],
						"0.8": [0, 0, 0]
					}
				},
				"tail": {
					"rotation": {
						"0.0": [0, 0, 0],
						"0.4": [-10, 0, 0],
						"0.8": [0, 0, 0]
					}
				},
				"right_arm": {
					"rotation": {
						"0.0": [0, 0, -25],
						"0.4": [0, 0, -35],
						"0.8": [0, 0, -25]
					},
					"position": [1, 0, 0]
				},
				"left_arm": {
					"rotation": {
						"0.0": [0, 0, 25],
						"0.4": [0, 0, 35],
						"0.8": [0, 0, 25]
					},
					"position": [-1, 0, 0]
				}
			}
		},
		"animation.clefairy.walk": {
			"loop": true,
			"animation_length": 0.8,
			"bones": {
				"clefairy": {
					"rotation": {
						"0.0": [0, 7.5, 0],
						"0.4": [0, -7.5, 0],
						"0.8": [0, 7.5, 0]
					},
					"position": {
						"0.0": [0, 2, 0],
						"0.2": [0, 0, 0],
						"0.4": [0, 2, 0],
						"0.6": [0, 0, 0],
						"0.8": [0, 2, 0]
					}
				},
				"tail": {
					"rotation": {
						"0.0": [0, -15, 0],
						"0.4": [0, 15, 0],
						"0.8": [0, -15, 0]
					}
				},
				"right_arm": {
					"rotation": {
						"0.0": [0, 30, 0],
						"0.4": [0, -27.5, 0],
						"0.8": [0, 32.5, 0]
					}
				},
				"left_arm": {
					"rotation": {
						"0.0": [0, 30, 0],
						"0.4": [0, -30, 0],
						"0.8": [0, 30, 0]
					}
				},
				"right_leg": {
					"rotation": {
						"0.0": [30, 0, 0],
						"0.4": [-30, 0, 0],
						"0.8": [30, 0, 0]
					}
				},
				"left_leg": {
					"rotation": {
						"0.0": [-30, 0, 0],
						"0.4": [30, 0, 0],
						"0.8": [-30, 0, 0]
					}
				}
			}
		},
		"animation.clefairy.sitting": {
			"loop": true,
			"bones": {
				"clefairy": {
					"position": [0, -2, 0]
				},
				"right_leg": {
					"rotation": [-90, 22.5, 0],
					"position": [-1, 0, -3]
				},
				"left_leg": {
					"rotation": [-90, -25, 0],
					"position": [1, 0, -3]
				}
			}
		},
        "animation.clefairy.health_bar":{
            "loop":true,
            "bones":{
                "health_hover":{
    "rotation":["q.camera_rotation(0)","q.camera_rotation(1)-q.body_y_rotation",0],
	"position": [0,26,0],
    "scale":"query.is_in_ui?0:1.5"
                },
				"bar_green": {
					"scale": ["query.health/query.max_health*1", 1, 1]
				},
				"bar_black": {
					"scale": ["(1)+(query.health/query.max_health*-1)", 1, 1]
				}
			}
        }
	}
}