{
	"format_version": "1.8.0",
	"animations": {
		"animation.swampert.quiet": {
			"loop": true,
			"animation_length": 1.2,
			"bones": {
				"head": {
					"position": {
						"0.0": [0, 0, 0],
						"0.6": [0, -1, -1],
						"1.2": [0, 0, 0]
					}
				},
				"body": {
					"rotation": {
						"0.0": [0, 0, 0],
						"0.6": [5, 0, 0],
						"1.2": [0, 0, 0]
					}
				},
				"arms": {
					"position": {
						"0.0": [0, 0, 0],
						"0.6": [0, -1, -1],
						"1.2": [0, 0, 0]
					}
				},
				"right_arm": {
					"rotation": {
						"0.0": [0, 0, 0],
						"0.6": [0, 20, 0],
						"1.2": [0, 0, 0]
					}
				},
				"left_arm": {
					"rotation": {
						"0.0": [0, 0, 0],
						"0.6": [0, -20, 0],
						"1.2": [0, 0, 0]
					}
				}
			}
		},
		"animation.swampert.walk": {
			"loop": true,
			"animation_length": 0.6,
			"bones": {
				"swampert": {
					"rotation": {
						"0.0": [5, 0, 0],
						"0.4": [-10, 0, 0],
						"0.6": [5, 0, 0]
					},
					"position": {
						"0.0": [0, 7, 0],
						"0.3": [0, 2, 0],
						"0.6": [0, 7, 0]
					}
				},
				"head": {
					"position": {
						"0.0": [0, -9, -4],
						"0.3": [0, -3, -2],
						"0.6": [0, -9, -4]
					}
				},
				"body": {
					"rotation": {
						"0.0": [30, 0, 0],
						"0.3": [10, 0, 0],
						"0.6": [30, 0, 0]
					}
				},
				"arms": {
					"rotation": {
						"0.0": [-15, 0, 0],
						"0.2": [60, 0, 0],
						"0.6": [-15, 0, 0]
					},
					"position": {
						"0.0": [0, -6, -1],
						"0.3": [0, -1, 0],
						"0.6": [0, -6, -1]
					},
					"scale": [1, 1, 0.8]
				},
				"legs": {
					"rotation": {
						"0.0": [95, 0, 0],
						"0.2": [-10, 0, 0],
						"0.6": [95, 0, 0]
					}
				}
			}
		},
		"animation.swampert.sitting": {
			"loop": true,
			"bones": {
				"swampert": {
					"position": [0, -3, 0]
				},
				"head": {
					"position": [0, 4, 3]
				},
				"body": {
					"rotation": [-15, 0, 0]
				},
				"arms": {
					"rotation": [5, 0, 0],
					"position": [0, 4, 3]
				},
				"legs": {
					"rotation": [-50, 0, 0]
				}
			}
		},
		"animation.swampert.jump": {
			"loop": true,
			"bones": {
				"swampert": {
					"position": [0, 3, 0]
				},
				"head": {
					"position": [0, 2, 0]
				},
				"body": {
					"rotation": [-5, 0, 0]
				},
				"arms": {
					"rotation": [-55, 0, 0],
					"position": [0, 3, 0]
				},
				"legs": {
					"rotation": [65, 0, 0]
				},
				"right_leg": {
					"rotation": [0, -30, 0]
				},
				"left_leg": {
					"rotation": [0, 30, 0]
				}
			}
		},
		"animation.swampert.attack": {
			"loop": true,
			"bones": {
				"head": {
					"position": [0, 5, 3]
				},
				"body": {
					"rotation": [-20, 0, 0],
					"position": [0, 0, -1]
				},
				"arms": {
					"rotation": [-20, 0, 0],
					"position": [0, 4, 2]
				},
				"right_arm": {
					"rotation": [0, 20, 0]
				},
				"left_arm": {
					"rotation": [0, -20, 0]
				}
			}
		},
		"animation.swampert.swimming": {
			"loop": true,
			"animation_length": 0.8,
			"bones": {
				"swampert": {
					"position": {
						"0.0": [0, -2, 0],
						"0.4": [0, -1, 0],
						"0.8": [0, -2, 0]
					}
				},
				"head": {
					"position": {
						"0.0": [0, 0, 0],
						"0.4": [0, 0, -1],
						"0.8": [0, 0, 0]
					}
				},
				"arms": {
					"rotation": {
						"0.0": [-10, 0, 0],
						"0.3": [10, 0, 0],
						"0.8": [-10, 0, 0]
					}
				},
				"legs": {
					"rotation": {
						"0.0": [-15, 0, 0],
						"0.2": [25, 0, 0],
						"0.8": [-15, 0, 0]
					}
				}
			}
		},
		"animation.swampert.sink": {
			"loop": true,
			"animation_length": 0.6,
			"bones": {
				"swampert": {
					"rotation": {
						"0.0": [-5, 0, 0],
						"0.3": [5, 0, 0],
						"0.6": [-5, 0, 0]
					}
				},
				"head": {
					"position": [0, -2, -2]
				},
				"body": {
					"rotation": [10, 0, 0]
				},
				"arms": {
					"rotation": {
						"0.0": [-10, 0, 0],
						"0.2": [90, 0, 0],
						"0.6": [-10, 0, 0]
					}
				},
				"legs": {
					"rotation": [90, 0, 0]
				},
				"right_leg": {
					"rotation": {
						"0.0": [-30, -35, 0],
						"0.3": [30, -35, 0],
						"0.6": [-30, -35, 0]
					}
				},
				"left_leg": {
					"rotation": {
						"0.0": [30, 35, 0],
						"0.3": [-30, 35, 0],
						"0.6": [30, 35, 0]
					}
				}
			}
		},
		"animation.swampert.direction": {
			"loop": true,
			"bones": {
				"swampert": {
					"rotation": [ "query.target_x_rotation - this", "query.target_y_rotation - this", "-math.max(-20,math.min(20,query.yaw_speed))"]
				},
				"tail": {
					"rotation": [0, 0, "math.max(-35,math.min(35,query.yaw_speed))"]
				}
			}
		},
		"animation.swampert.direction_rider": {
			"loop": true,
			"bones": {
				"swampert": {
					"rotation": ["query.vertical_speed * -5.0", 0, 0]
				},
				"tail": {
					"rotation": [0, 0, "math.max(-35,math.min(35,query.yaw_speed))"]
				}
			}
		},
        "animation.swampert.health_bar":{
            "loop":true,
            "bones":{
                "health_hover":{
    "rotation":["q.camera_rotation(0)","q.camera_rotation(1)-q.body_y_rotation",0],
	"position": [0,32,0],
    "scale":"query.is_in_ui?0:1.25"
                },
				"bar_green": {
					"scale": ["query.health/query.max_health*1", 1, 1]
				},
				"bar_black": {
					"scale": ["(1)+(query.health/query.max_health*-1)", 1, 1]
				}
			}
        },
        "animation.swampert.health_bar_mega":{
            "loop":true,
            "bones":{
                "health_hover":{
    "rotation":["q.camera_rotation(0)","q.camera_rotation(1)-q.body_y_rotation",0],
	"position": [0,33,0],
    "scale":"query.is_in_ui?0:1.2"
                },
				"bar_green": {
					"scale": ["query.health/query.max_health*1", 1, 1]
				},
				"bar_black": {
					"scale": ["(1)+(query.health/query.max_health*-1)", 1, 1]
				}
			}
        }
	}
}