{
	"format_version": "1.8.0",
	"animations": {
		"animation.marshtomp.quiet": {
			"loop": true,
			"animation_length": 0.8,
			"bones": {
				"body_root": {
					"rotation": {
						"0.0": [0, 0, 0],
						"0.4": [5, 0, 0],
						"0.8": [0, 0, 0]
					}
				},
				"arms": {
					"rotation": {
						"0.0": [0, 0, 0],
						"0.3": [-20, 0, 0],
						"0.8": [0, 0, 0]
					}
				},
				"right_arm": {
					"rotation": {
						"0.0": [0, 0, 0],
						"0.4": [0, 0, -20],
						"0.8": [0, 0, 0]
					}
				},
				"left_arm": {
					"rotation": {
						"0.0": [0, 0, 0],
						"0.4": [0, 0, 20],
						"0.8": [0, 0, 0]
					}
				}
			}
		},
		"animation.marshtomp.walk": {
			"loop": true,
			"animation_length": 0.6,
			"bones": {
				"marshtomp": {
					"position": {
						"0.0": [0, 1, 0],
						"0.15": [0, 0, 0],
						"0.3": [0, 1, 0],
						"0.45": [0, 0, 0],
						"0.6": [0, 1, 0]
					}
				},
				"body_root": {
					"rotation": {
						"0.0": [0, -15, 0],
						"0.3": [0, 15, 0],
						"0.6": [0, -15, 0]
					}
				},
				"right_arm": {
					"rotation": {
						"0.0": [0, -60, 0],
						"0.3": [0, 30, 0],
						"0.6": [0, -60, 0]
					}
				},
				"left_arm": {
					"rotation": {
						"0.0": [0, -30, 0],
						"0.3": [0, 60, 0],
						"0.6": [0, -30, 0]
					}
				},
				"right_leg": {
					"rotation": {
						"0.0": [-45, 0, 0],
						"0.3": [45, 0, 0],
						"0.6": [-45, 0, 0]
					},
					"position": {
						"0.0": [-1, 0, -2],
						"0.3": [0.5, 0, 1],
						"0.6": [-1, 0, -2]
					}
				},
				"left_leg": {
					"rotation": {
						"0.0": [45, 0, 0],
						"0.3": [-45, 0, 0],
						"0.6": [45, 0, 0]
					},
					"position": {
						"0.0": [1, 0, 1],
						"0.3": [-0.5, 0, -2],
						"0.6": [1, 0, 1]
					}
				}
			}
		},
		"animation.marshtomp.sitting": {
			"loop": true,
			"bones": {
				"marshtomp": {
					"position": [0, -2.5, 0]
				},
				"right_arm": {
					"rotation": [50, -35, -35],
					"position": [-1, 0, 0]
				},
				"left_arm": {
					"rotation": [50, 35, 35],
					"position": [1, 0, 0]
				},
				"legs": {
					"rotation": [-90, 0, 0],
					"position": [0, -2, 0]
				}
			}
		},
		"animation.marshtomp.jump": {
			"loop": true,
			"bones": {
				"arms": {
					"rotation": [-130, 0, 0]
				},
				"right_arm": {
					"rotation": [0, 0, -20]
				},
				"left_arm": {
					"rotation": [0, 0, 20]
				},
				"legs": {
					"rotation": [15, 0, 0]
				}
			}
		},
		"animation.marshtomp.attack": {
			"loop": true,
			"bones": {
				"body_root": {
					"position": [0, 0, 2]
				},
				"head": {
					"position": [0, -2, -5]
				},
				"body": {
					"rotation": [25, 0, 0]
				},
				"arms": {
					"position": [0, -2, -4]
				},
				"right_arm": {
					"rotation": [0, -80, 0]
				},
				"left_arm": {
					"rotation": [25, -40, 0]
				},
				"right_leg": {
					"rotation": [0, 30, 0]
				},
				"left_leg": {
					"rotation": [0, -35, 0]
				}
			}
		},
		"animation.marshtomp.swimming": {
			"loop": true,
			"animation_length": 0.8,
			"bones": {
				"marshtomp": {
					"position": {
						"0.0": [0, 0, 0],
						"0.4": [0, -1, 0],
						"0.8": [0, 0, 0]
					}
				},
				"head": {
					"position": {
						"0.0": [0, -2, -7],
						"0.4": [0, -3, -8],
						"0.8": [0, -2, -7]
					}
				},
				"body": {
					"rotation": {
						"0.0": [30, 0, 0],
						"0.4": [35, 0, 0],
						"0.8": [30, 0, 0]
					}
				},
				"arms": {
					"rotation": {
						"0.0": [-15, 0, 0],
						"0.5": [0, 0, 0],
						"0.8": [-15, 0, 0]
					},
					"position": {
						"0.0": [0, -2, -6],
						"0.4": [0, -3, -6],
						"0.8": [0, -2, -6]
					}
				},
				"right_arm": {
					"rotation": [0, 0, -35]
				},
				"left_arm": {
					"rotation": [0, 0, 35]
				},
				"legs": {
					"rotation": {
						"0.0": [-10, 0, 0],
						"0.3": [10, 0, 0],
						"0.8": [-10, 0, 0]
					},
					"position": [0, -1, -1]
				}
			}
		},
		"animation.marshtomp.sink": {
			"loop": true,
			"animation_length": 0.6,
			"bones": {
				"body": {
					"rotation": [90, 0, 0],
					"position": [0, 0, 6]
				},
				"head": {
					"position": [0, -14, -8]
				},
				"arms": {
					"rotation": [90, 0, 0],
					"position": [0, -9, -2]
				},
				"right_arm": {
					"rotation": {
						"0.0": [0, 0, 85],
						"0.2": [0, 0, -5],
						"0.6": [0, 0, 85]
					}
				},
				"left_arm": {
					"rotation": {
						"0.0": [0, 0, -85],
						"0.2": [0, 0, 5],
						"0.6": [0, 0, -85]
					}
				},
				"legs": {
					"rotation": [90, 0, 0],
					"position": [0, -3, 3]
				},
				"right_leg": {
					"rotation": {
						"0.0": [-35, 0, 0],
						"0.3": [35, 0, 0],
						"0.6": [-35, 0, 0]
					}
				},
				"left_leg": {
					"rotation": {
						"0.0": [35, 0, 0],
						"0.3": [-35, 0, 0],
						"0.6": [35, 0, 0]
					}
				}
			}
		},
		"animation.marshtomp.direction": {
			"loop": true,
			"bones": {
				"marshtomp": {
					"rotation": [ "query.target_x_rotation - this", "query.target_y_rotation - this", "-math.max(-20,math.min(20,query.yaw_speed))"]
				},
				"tail": {
					"rotation": [0, 0, "math.max(-35,math.min(35,query.yaw_speed))"]
				}
			}
		},
        "animation.marshtomp.health_bar":{
            "loop":true,
            "bones":{
                "health_hover":{
    "rotation":["q.camera_rotation(0)","q.camera_rotation(1)-q.body_y_rotation",0],
	"position": [0,31,0],
    "scale":"query.is_in_ui?0:1.5"
                },
				"bar_green": {
					"scale": ["query.health/query.max_health*1", 1, 1]
				},
				"bar_black": {
					"scale": ["(1)+(query.health/query.max_health*-1)", 1, 1]
				}
			}
        }
	}
}