{
	"format_version": "1.8.0",
	"animations": {
		"animation.mudkip.quiet": {
			"loop": true,
			"animation_length": 0.8,
			"bones": {
				"head": {
					"position": {
						"0.0": [0, 0, 0],
						"0.4": [0, 0.5, 0.5],
						"0.8": [0, 0, 0]
					}
				},
				"body": {
					"rotation": {
						"0.0": [0, 0, 0],
						"0.4": [-5, 0, 0],
						"0.8": [0, 0, 0]
					}
				},
				"tail": {
					"rotation": {
						"0.0": [0, 35, 0],
						"0.3": [0, 45, 0],
						"0.8": [0, 35, 0]
					}
				}
			}
		},
		"animation.mudkip.walk": {
			"loop": true,
			"animation_length": 0.6,
			"bones": {
				"mudkip": {
					"position": {
						"0.0": [0, 0, 0],
						"0.15": [0, 1, 0],
						"0.3": [0, 0, 0],
						"0.45": [0, 1, 0],
						"0.6": [0, 0, 0]
					}
				},
				"body_root": {
					"rotation": {
						"0.0": [-10, 0, 0],
						"0.3": [0, 0, 0],
						"0.6": [-10, 0, 0]
					}
				},
				"tail": {
					"rotation": {
						"0.0": [0, 20, 0],
						"0.3": [0, -20, 0],
						"0.6": [0, 20, 0]
					}
				},
				"front_legs": {
					"rotation": {
						"0.0": [-40, 0, 0],
						"0.4": [25, 0, 0],
						"0.6": [-40, 0, 0]
					}
				},
				"back_legs": {
					"rotation": {
						"0.0": [35, 0, 0],
						"0.2": [-25, 0, 0],
						"0.6": [35, 0, 0]
					}
				}
			}
		},
		"animation.mudkip.sitting": {
			"loop": true,
			"bones": {
				"head": {
					"position": [0, 1, 0]
				},
				"body": {
					"rotation": [-45, 0, 0],
					"position": [0, -2, -3]
				},
				"tail": {
					"rotation": [75, 0, 0],
					"position": [0, 0, 0]
				},
				"front_legs": {
					"position": [0, 2, 0],
					"scale": [1, 1.5, 1]
				},
				"back_legs": {
					"rotation": [-60, 0, 0],
					"position": [0, -1, 0],
					"scale": [1.1, 1.1, 1.2]
				}
			}
		},
		"animation.mudkip.jump": {
			"loop": true,
			"bones": {
				"head": {
					"position": [0, 1, -1]
				},
				"body": {
					"rotation": [-30, 0, 0],
					"position": [0, 0, -1]
				},
				"tail": {
					"rotation": [50, 0, 0],
					"position": [0, 1, 0]
				},
				"front_legs": {
					"rotation": [-45, 0, 0],
					"position": [0, 2, 1]
				},
				"back_legs": {
					"rotation": [40, 0, 0]
				}
			}
		},
		"animation.mudkip.attack": {
			"loop": true,
			"bones": {
				"head": {
					"position": [0, -4, -4]
				},
				"body": {
					"rotation": [10, 0, 0]
				},
				"tail": {
					"rotation": [0, 55, 0]
				},
				"front_legs": {
					"rotation": [-70, 0, 0],
					"position": [0, -2, 0]
				}
			}
		},
		"animation.mudkip.swimming": {
			"loop": true,
			"animation_length": 0.6,
			"bones": {
				"mudkip": {
					"position": {
						"0.0": [0, 0, 0],
						"0.3": [0, -1, 0],
						"0.6": [0, 0, 0]
					}
				},
				"head": {
					"position": {
						"0.0": [0, 0, -1],
						"0.3": [0, -1, -2],
						"0.6": [0, 0, -1]
					}
				},
				"body": {
					"rotation": [-20, 0, 0]
				},
				"tail": {
					"rotation": {
						"0.0": [-45, 15, -20],
						"0.3": [-45, -15, 20],
						"0.6": [-45, 15, -20]
					}
				},
				"front_legs": {
					"rotation": {
						"0.0": [0, 0, 0],
						"0.4": [-20, 0, 0],
						"0.6": [0, 0, 0]
					},
					"position": [0, 1, 1]
				},
				"back_legs": {
					"rotation": {
						"0.0": [0, 0, 0],
						"0.2": [-20, 0, 0],
						"0.6": [0, 0, 0]
					},
					"position": [0, -1, 0]
				}
			}
		},
		"animation.mudkip.sink": {
			"loop": true,
			"animation_length": 0.6,
			"bones": {
				"mudkip": {
					"rotation": {
						"0.0": [0, 0, 0],
						"0.3": [5, 0, 0],
						"0.6": [0, 0, 0]
					}
				},
				"head": {
					"position": [0, -5, -4]
				},
				"tail": {
					"rotation": {
						"0.0": [0, 35, 0],
						"0.3": [0, -25, 0],
						"0.6": [0, 35, 0]
					}
				},
				"front_legs": {
					"rotation": {
						"0.0": [55, 0, 0],
						"0.4": [35, 0, 0],
						"0.6": [55, 0, 0]
					},
					"position": [0, -1, 0]
				},
				"back_legs": {
					"rotation": {
						"0.0": [45, 0, 0],
						"0.2": [65, 0, 0],
						"0.6": [45, 0, 0]
					},
					"position": [0, -1, 0]
				}
			}
		},
		"animation.mudkip.direction": {
			"loop": true,
			"bones": {
				"mudkip": {
					"rotation": [ "query.target_x_rotation - this", "query.target_y_rotation - this", "-math.max(-20,math.min(20,query.yaw_speed))"]
				},
				"tail": {
					"rotation": [0, 0, "math.max(-35,math.min(35,query.yaw_speed))"]
				}
			}
		},
        "animation.mudkip.health_bar":{
            "loop":true,
            "bones":{
                "health_hover":{
    "rotation":["q.camera_rotation(0)","q.camera_rotation(1)-q.body_y_rotation",0],
	"position": [0,27,0],
    "scale":"query.is_in_ui?0:1.5"
                },
				"bar_green": {
					"scale": ["query.health/query.max_health*1", 1, 1]
				},
				"bar_black": {
					"scale": ["(1)+(query.health/query.max_health*-1)", 1, 1]
				}
			}
        }
	}
}