{
	"format_version": "1.12.0",
	"minecraft:geometry": [
		{
			"description": {
				"identifier": "geometry.serplombre",
				"texture_width": 80,
				"texture_height": 80,
				"visible_bounds_width": 4,
				"visible_bounds_height": 4,
				"visible_bounds_offset": [0, 1, 0]
			},
			"bones": [
				{
					"name": "lombre",
					"pivot": [0, 0, 0]
				},
				{
					"name": "body_root",
					"parent": "lombre",
					"pivot": [0, 6, 0]
				},
				{
					"name": "head",
					"parent": "body_root",
					"pivot": [0, 14, 0],
					"cubes": [
						{"origin": [-4, 14, -4], "size": [8, 8, 8], "uv": [0, 17]},
						{"origin": [-5, 17, -1], "size": [1, 3, 2], "uv": [0, 17]},
						{"origin": [4, 17, -1], "size": [1, 3, 2], "uv": [0, 17], "mirror": true},
						{"origin": [-8, 22.1, -8], "size": [16, 0, 16], "uv": [0, 0]},
						{"origin": [-4, 22.1, -8], "size": [8, 2, 0], "uv": [30, 49]},
						{"origin": [-9.66, 22.1, -8], "size": [5.66, 2, 0], "pivot": [-4, 23, -8], "rotation": [0, 45, 0], "uv": [0, 12]},
						{"origin": [-9.66, 22.1, 8], "size": [5.66, 2, 0], "pivot": [-4, 23, 8], "rotation": [0, -45, 0], "uv": [0, 12]},
						{"origin": [4, 22.1, -8], "size": [5.66, 2, 0], "pivot": [4, 23, -8], "rotation": [0, -45, 0], "uv": [0, 12], "mirror": true},
						{"origin": [4, 22.1, 8], "size": [5.66, 2, 0], "pivot": [4, 23, 8], "rotation": [0, 45, 0], "uv": [0, 12], "mirror": true},
						{"origin": [-8, 22.1, -4], "size": [0, 2, 8], "uv": [17, 34]},
						{"origin": [8, 22.1, -4], "size": [0, 2, 8], "uv": [30, 41], "mirror": true},
						{"origin": [-4.5, 14.5, -3.5], "size": [1, 7, 7], "uv": [0, 34]},
						{"origin": [3.5, 14.5, -3.5], "size": [1, 7, 7], "uv": [0, 34], "mirror": true},
						{"origin": [-3.5, 14.5, -4.5], "size": [7, 7, 1], "uv": [0, 49]},
						{"origin": [-3.5, 14.5, 3.5], "size": [7, 7, 1], "uv": [0, 49]},
						{"origin": [-3, 17, -8.5], "size": [6, 1, 4], "pivot": [0, 18, -4.5], "rotation": [15, 0, 0], "uv": [46, 26]},
						{"origin": [-2.5, 15.5, -7.5], "size": [5, 2, 3], "pivot": [0, 15.5, -4.5], "rotation": [-25, 0, 0], "uv": [39, 55]},
						{"origin": [-3.5, 13.5, -3.5], "size": [7, 1, 7], "uv": [33, 17]}
					]
				},
				{
					"name": "open_eyes",
					"parent": "head",
					"pivot": [0, 14, 0],
					"cubes": [
						{"origin": [-5, 18, -4.5], "size": [4, 3, 0], "pivot": [-3.5, 19, -4.5], "rotation": [0, 20, 0], "uv": [0, 58]},
						{"origin": [1, 18, -4.5], "size": [4, 3, 0], "pivot": [3.5, 19, -4.5], "rotation": [0, -20, 0], "uv": [0, 58], "mirror": true}
					]
				},
				{
					"name": "closed_eyes",
					"parent": "head",
					"pivot": [0, 14, 0],
					"cubes": [
						{"origin": [-5, 18, -4.5], "size": [4, 3, 0], "pivot": [-3.5, 19, -4.5], "rotation": [0, 20, 0], "uv": [0, 61]},
						{"origin": [1, 18, -4.5], "size": [4, 3, 0], "pivot": [3.5, 19, -4.5], "rotation": [0, -20, 0], "uv": [0, 61], "mirror": true}
					]
				},
				{
					"name": "angry_eyes",
					"parent": "head",
					"pivot": [0, 14, 0],
					"cubes": [
						{"origin": [-5, 18, -4.5], "size": [4, 3, 0], "pivot": [-3.5, 19, -4.5], "rotation": [0, 20, 0], "uv": [0, 64]},
						{"origin": [1, 18, -4.5], "size": [4, 3, 0], "pivot": [3.5, 19, -4.5], "rotation": [0, -20, 0], "uv": [0, 64], "mirror": true}
					]
				},
				{
					"name": "body",
					"parent": "body_root",
					"pivot": [0, 6, 0],
					"cubes": [
						{"origin": [-3, 6, -3], "size": [6, 7, 6], "uv": [27, 28]},
						{"origin": [2.5, 6.5, -2.5], "size": [1, 6, 5], "uv": [0, 0], "mirror": true},
						{"origin": [-3.5, 6.5, -2.5], "size": [1, 6, 5], "uv": [0, 0]},
						{"origin": [-2.5, 6.5, -3.5], "size": [5, 6, 1], "uv": [49, 8]},
						{"origin": [-2.5, 6.5, 2.5], "size": [5, 6, 1], "uv": [49, 8]},
						{"origin": [-2.5, 12.5, -2.5], "size": [5, 1, 5], "uv": [29, 42]},
						{"origin": [-2.5, 5.5, -2.5], "size": [5, 1, 5], "uv": [29, 42]}
					]
				},
				{
					"name": "arms",
					"parent": "body_root",
					"pivot": [0, 13, 0]
				},
				{
					"name": "right_arm",
					"parent": "arms",
					"pivot": [-3, 13, 0],
					"rotation": [0, 0, 35],
					"cubes": [
						{"origin": [-4, 6, -1], "size": [2, 7, 2], "uv": [30, 52]},
						{"origin": [-4.5, -1, -1.5], "size": [3, 7, 3], "uv": [17, 46]},
						{"origin": [-4, -3, -1.5], "size": [0, 2, 3], "pivot": [-4, -1, 0], "rotation": [0, 0, -15], "uv": [0, 34]},
						{"origin": [-4, -1, -2.5], "size": [1, 1, 1], "pivot": [-4, -1, -1.5], "rotation": [-45, 0, 0], "uv": [0, 0]}
					]
				},
				{
					"name": "left_arm",
					"parent": "arms",
					"pivot": [3, 13, 0],
					"rotation": [0, 0, -35],
					"cubes": [
						{"origin": [2, 6, -1], "size": [2, 7, 2], "uv": [30, 52], "mirror": true},
						{"origin": [1.5, -1, -1.5], "size": [3, 7, 3], "uv": [17, 46], "mirror": true},
						{"origin": [4, -3, -1.5], "size": [0, 2, 3], "pivot": [4, -1, 0], "rotation": [0, 0, 15], "uv": [0, 34], "mirror": true},
						{"origin": [3, -1, -2.5], "size": [1, 1, 1], "pivot": [4, -1, -1.5], "rotation": [-45, 0, 0], "uv": [0, 0], "mirror": true}
					]
				},
				{
					"name": "legs",
					"parent": "lombre",
					"pivot": [0, 7, 0]
				},
				{
					"name": "right_leg",
					"parent": "legs",
					"pivot": [-2.5, 7, 0],
					"rotation": [0, 15, 0],
					"cubes": [
						{"origin": [-4, 0, -1], "size": [3, 4, 3], "pivot": [-3, 0, -1], "rotation": [15, 0, 0], "uv": [49, 0]},
						{"origin": [-3.5, 0.77646, 1.89778], "size": [2, 0, 2], "pivot": [-2.5, 0.77646, 1.89778], "rotation": [-20, 0, 0], "uv": [10, 34]},
						{"origin": [-4, 0.5167, -3.06849], "size": [3, 0, 2], "pivot": [-3, 0.5167, -1.06849], "rotation": [15, 0, 0], "uv": [25, 17]},
						{"origin": [-4, 3.8637, -2.03528], "size": [3, 4, 3], "pivot": [-3, 3.8637, -2.03528], "rotation": [-15, 0, 0], "uv": [47, 47]}
					]
				},
				{
					"name": "left_leg",
					"parent": "legs",
					"pivot": [2.5, 7, 0],
					"rotation": [0, -15, 0],
					"cubes": [
						{"origin": [1, 0, -1], "size": [3, 4, 3], "pivot": [3, 0, -1], "rotation": [15, 0, 0], "uv": [49, 0], "mirror": true},
						{"origin": [1.5, 0.77646, 1.89778], "size": [2, 0, 2], "pivot": [2.5, 0.77646, 1.89778], "rotation": [-20, 0, 0], "uv": [10, 34], "mirror": true},
						{"origin": [1, 0.5167, -3.06849], "size": [3, 0, 2], "pivot": [3, 0.5167, -1.06849], "rotation": [15, 0, 0], "uv": [25, 17], "mirror": true},
						{"origin": [1, 3.8637, -2.03528], "size": [3, 4, 3], "pivot": [3, 3.8637, -2.03528], "rotation": [-15, 0, 0], "uv": [47, 47], "mirror": true}
					]
				}
			]
		},
		{
			"description": {
				"identifier": "geometry.serplombre_aura",
				"texture_width": 80,
				"texture_height": 80,
				"visible_bounds_width": 4,
				"visible_bounds_height": 4,
				"visible_bounds_offset": [0, 1, 0]
			},
			"bones": [
				{
					"name": "lombre",
					"pivot": [0, 0, 0]
				},
				{
					"name": "body_root",
					"parent": "lombre",
					"pivot": [0, 6, 0]
				},
				{
					"name": "head",
					"parent": "body_root",
					"pivot": [0, 14, 0],
					"cubes": [
						{"origin": [-4, 14, -4], "size": [8, 8, 8], "inflate": 0.25, "uv": [0, 17]},
						{"origin": [-5, 17, -1], "size": [1, 3, 2], "inflate": 0.25, "uv": [0, 17]},
						{"origin": [4, 17, -1], "size": [1, 3, 2], "inflate": 0.25, "uv": [0, 17], "mirror": true},
						{"origin": [-8, 22.1, -8], "size": [16, 0, 16], "inflate": 0.25, "uv": [0, 0]},
						{"origin": [-4, 22.1, -8], "size": [8, 2, 0], "inflate": 0.25, "uv": [30, 49]},
						{"origin": [-9.66, 22.1, -8], "size": [5.66, 2, 0], "inflate": 0.25, "pivot": [-4, 23, -8], "rotation": [0, 45, 0], "uv": [0, 12]},
						{"origin": [-9.66, 22.1, 8], "size": [5.66, 2, 0], "inflate": 0.25, "pivot": [-4, 23, 8], "rotation": [0, -45, 0], "uv": [0, 12]},
						{"origin": [4, 22.1, -8], "size": [5.66, 2, 0], "inflate": 0.25, "pivot": [4, 23, -8], "rotation": [0, -45, 0], "uv": [0, 12], "mirror": true},
						{"origin": [4, 22.1, 8], "size": [5.66, 2, 0], "inflate": 0.25, "pivot": [4, 23, 8], "rotation": [0, 45, 0], "uv": [0, 12], "mirror": true},
						{"origin": [-8, 22.1, -4], "size": [0, 2, 8], "inflate": 0.25, "uv": [17, 34]},
						{"origin": [8, 22.1, -4], "size": [0, 2, 8], "inflate": 0.25, "uv": [30, 41], "mirror": true},
						{"origin": [-4.5, 14.5, -3.5], "size": [1, 7, 7], "inflate": 0.25, "uv": [0, 34]},
						{"origin": [3.5, 14.5, -3.5], "size": [1, 7, 7], "inflate": 0.25, "uv": [0, 34], "mirror": true},
						{"origin": [-3.5, 14.5, -4.5], "size": [7, 7, 1], "inflate": 0.25, "uv": [0, 49]},
						{"origin": [-3.5, 14.5, 3.5], "size": [7, 7, 1], "inflate": 0.25, "uv": [0, 49]},
						{"origin": [-3, 17, -8.5], "size": [6, 1, 4], "inflate": 0.25, "pivot": [0, 18, -4.5], "rotation": [15, 0, 0], "uv": [46, 26]},
						{"origin": [-2.5, 15.5, -7.5], "size": [5, 2, 3], "inflate": 0.25, "pivot": [0, 15.5, -4.5], "rotation": [-25, 0, 0], "uv": [39, 55]},
						{"origin": [-3.5, 13.5, -3.5], "size": [7, 1, 7], "inflate": 0.25, "uv": [33, 17]}
					]
				},
				{
					"name": "open_eyes",
					"parent": "head",
					"pivot": [0, 14, 0],
					"cubes": [
						{"origin": [-5, 18, -4.5], "size": [4, 3, 0], "inflate": 0.25, "pivot": [-3.5, 19, -4.5], "rotation": [0, 20, 0], "uv": [0, 58]},
						{"origin": [1, 18, -4.5], "size": [4, 3, 0], "inflate": 0.25, "pivot": [3.5, 19, -4.5], "rotation": [0, -20, 0], "uv": [0, 58], "mirror": true}
					]
				},
				{
					"name": "closed_eyes",
					"parent": "head",
					"pivot": [0, 14, 0],
					"cubes": [
						{"origin": [-5, 18, -4.5], "size": [4, 3, 0], "inflate": 0.25, "pivot": [-3.5, 19, -4.5], "rotation": [0, 20, 0], "uv": [0, 61]},
						{"origin": [1, 18, -4.5], "size": [4, 3, 0], "inflate": 0.25, "pivot": [3.5, 19, -4.5], "rotation": [0, -20, 0], "uv": [0, 61], "mirror": true}
					]
				},
				{
					"name": "angry_eyes",
					"parent": "head",
					"pivot": [0, 14, 0],
					"cubes": [
						{"origin": [-5, 18, -4.5], "size": [4, 3, 0], "inflate": 0.25, "pivot": [-3.5, 19, -4.5], "rotation": [0, 20, 0], "uv": [0, 64]},
						{"origin": [1, 18, -4.5], "size": [4, 3, 0], "inflate": 0.25, "pivot": [3.5, 19, -4.5], "rotation": [0, -20, 0], "uv": [0, 64], "mirror": true}
					]
				},
				{
					"name": "body",
					"parent": "body_root",
					"pivot": [0, 6, 0],
					"cubes": [
						{"origin": [-3, 6, -3], "size": [6, 7, 6], "inflate": 0.25, "uv": [27, 28]},
						{"origin": [2.5, 6.5, -2.5], "size": [1, 6, 5], "inflate": 0.25, "uv": [0, 0], "mirror": true},
						{"origin": [-3.5, 6.5, -2.5], "size": [1, 6, 5], "inflate": 0.25, "uv": [0, 0]},
						{"origin": [-2.5, 6.5, -3.5], "size": [5, 6, 1], "inflate": 0.25, "uv": [49, 8]},
						{"origin": [-2.5, 6.5, 2.5], "size": [5, 6, 1], "inflate": 0.25, "uv": [49, 8]},
						{"origin": [-2.5, 12.5, -2.5], "size": [5, 1, 5], "inflate": 0.25, "uv": [29, 42]},
						{"origin": [-2.5, 5.5, -2.5], "size": [5, 1, 5], "inflate": 0.25, "uv": [29, 42]}
					]
				},
				{
					"name": "arms",
					"parent": "body_root",
					"pivot": [0, 13, 0]
				},
				{
					"name": "right_arm",
					"parent": "arms",
					"pivot": [-3, 13, 0],
					"rotation": [0, 0, 35],
					"cubes": [
						{"origin": [-4, 6, -1], "size": [2, 7, 2], "inflate": 0.25, "uv": [30, 52]},
						{"origin": [-4.5, -1, -1.5], "size": [3, 7, 3], "inflate": 0.25, "uv": [17, 46]},
						{"origin": [-4, -3, -1.5], "size": [0, 2, 3], "inflate": 0.25, "pivot": [-4, -1, 0], "rotation": [0, 0, -15], "uv": [0, 34]},
						{"origin": [-4, -1, -2.5], "size": [1, 1, 1], "inflate": 0.25, "pivot": [-4, -1, -1.5], "rotation": [-45, 0, 0], "uv": [0, 0]}
					]
				},
				{
					"name": "left_arm",
					"parent": "arms",
					"pivot": [3, 13, 0],
					"rotation": [0, 0, -35],
					"cubes": [
						{"origin": [2, 6, -1], "size": [2, 7, 2], "inflate": 0.25, "uv": [30, 52], "mirror": true},
						{"origin": [1.5, -1, -1.5], "size": [3, 7, 3], "inflate": 0.25, "uv": [17, 46], "mirror": true},
						{"origin": [4, -3, -1.5], "size": [0, 2, 3], "inflate": 0.25, "pivot": [4, -1, 0], "rotation": [0, 0, 15], "uv": [0, 34], "mirror": true},
						{"origin": [3, -1, -2.5], "size": [1, 1, 1], "inflate": 0.25, "pivot": [4, -1, -1.5], "rotation": [-45, 0, 0], "uv": [0, 0], "mirror": true}
					]
				},
				{
					"name": "legs",
					"parent": "lombre",
					"pivot": [0, 7, 0]
				},
				{
					"name": "right_leg",
					"parent": "legs",
					"pivot": [-2.5, 7, 0],
					"rotation": [0, 15, 0],
					"cubes": [
						{"origin": [-4, 0, -1], "size": [3, 4, 3], "inflate": 0.25, "pivot": [-3, 0, -1], "rotation": [15, 0, 0], "uv": [49, 0]},
						{"origin": [-3.5, 0.77646, 1.89778], "size": [2, 0, 2], "inflate": 0.25, "pivot": [-2.5, 0.77646, 1.89778], "rotation": [-20, 0, 0], "uv": [10, 34]},
						{"origin": [-4, 0.5167, -3.06849], "size": [3, 0, 2], "inflate": 0.25, "pivot": [-3, 0.5167, -1.06849], "rotation": [15, 0, 0], "uv": [25, 17]},
						{"origin": [-4, 3.8637, -2.03528], "size": [3, 4, 3], "inflate": 0.25, "pivot": [-3, 3.8637, -2.03528], "rotation": [-15, 0, 0], "uv": [47, 47]}
					]
				},
				{
					"name": "left_leg",
					"parent": "legs",
					"pivot": [2.5, 7, 0],
					"rotation": [0, -15, 0],
					"cubes": [
						{"origin": [1, 0, -1], "size": [3, 4, 3], "inflate": 0.25, "pivot": [3, 0, -1], "rotation": [15, 0, 0], "uv": [49, 0], "mirror": true},
						{"origin": [1.5, 0.77646, 1.89778], "size": [2, 0, 2], "inflate": 0.25, "pivot": [2.5, 0.77646, 1.89778], "rotation": [-20, 0, 0], "uv": [10, 34], "mirror": true},
						{"origin": [1, 0.5167, -3.06849], "size": [3, 0, 2], "inflate": 0.25, "pivot": [3, 0.5167, -1.06849], "rotation": [15, 0, 0], "uv": [25, 17], "mirror": true},
						{"origin": [1, 3.8637, -2.03528], "size": [3, 4, 3], "inflate": 0.25, "pivot": [3, 3.8637, -2.03528], "rotation": [-15, 0, 0], "uv": [47, 47], "mirror": true}
					]
				}
			]
		}
	]
}