{
	"format_version": "1.12.0",
	"minecraft:geometry": [
		{
			"description": {
				"identifier": "geometry.serpludicolo",
				"texture_width": 96,
				"texture_height": 96,
				"visible_bounds_width": 3,
				"visible_bounds_height": 4,
				"visible_bounds_offset": [0, 1, 0]
			},
			"bones": [
				{
					"name": "ludicolo",
					"pivot": [0, 0, 0]
				},
				{
					"name": "body_root",
					"parent": "ludicolo",
					"pivot": [0, 3, 0]
				},
				{
					"name": "head",
					"parent": "body_root",
					"pivot": [0, 1, 0]
				},
				{
					"name": "body",
					"parent": "body_root",
					"pivot": [0, 3, 0],
					"cubes": [
						{"origin": [-4, 2, -4], "size": [8, 15, 8], "uv": [0, 40]},
						{"origin": [-2.5, 17, -2.5], "size": [5, 6, 5], "uv": [59, 47]},
						{"origin": [-5, 23, 0], "size": [10, 5, 0], "pivot": [0, 25, 0], "rotation": [0, 45, 0], "uv": [0, 64]},
						{"origin": [-5, 23, 0], "size": [10, 5, 0], "pivot": [0, 25, 0], "rotation": [0, -45, 0], "uv": [0, 64], "mirror": true},
						{"origin": [-10, 17.1, -10], "size": [20, 0, 20], "uv": [0, 0]},
						{"origin": [-5, 17.1, -10], "size": [10, 4, 0], "uv": [61, 15]},
						{"origin": [-5, 17.1, 10], "size": [10, 4, 0], "uv": [61, 15]},
						{"origin": [-12.07, 17.1, -10], "size": [7.07, 4, 0], "pivot": [-5, 21, -10], "rotation": [0, 45, 0], "uv": [33, 52]},
						{"origin": [-12.07, 17.1, 10], "size": [7.07, 4, 0], "pivot": [-5, 21, 10], "rotation": [0, -45, 0], "uv": [33, 52]},
						{"origin": [5, 17.1, -10], "size": [7.07, 4, 0], "pivot": [5, 21, -10], "rotation": [0, -45, 0], "uv": [33, 52], "mirror": true},
						{"origin": [5, 17.1, 10], "size": [7.07, 4, 0], "pivot": [5, 21, 10], "rotation": [0, 45, 0], "uv": [33, 52], "mirror": true},
						{"origin": [-10, 17.1, -5], "size": [0, 4, 10], "uv": [61, 0]},
						{"origin": [10, 17.1, -5], "size": [0, 4, 10], "uv": [61, 0], "mirror": true},
						{"origin": [-6, 7, -6], "size": [12, 6, 12], "uv": [0, 21]},
						{"origin": [-2.5, 12.5, -9], "size": [5, 1, 3], "uv": [0, 13]},
						{"origin": [-6.5, 12.5, -9], "size": [4, 1, 2], "pivot": [-2.5, 12, -9], "rotation": [0, 50, 0], "uv": [57, 68]},
						{"origin": [2.5, 12.5, -9], "size": [4, 1, 2], "pivot": [2.5, 12, -9], "rotation": [0, -50, 0], "uv": [57, 68], "mirror": true},
						{"origin": [-1, 13.5, -7], "size": [2, 2, 1], "pivot": [0, 13, -7], "rotation": [-45, 0, 0], "uv": [13, 0]},
						{"origin": [-9, 13, -2], "size": [3, 0, 4], "pivot": [-6, 13, 0], "rotation": [0, 0, -25], "uv": [36, 46]},
						{"origin": [6, 13, -2], "size": [3, 0, 4], "pivot": [6, 13, 0], "rotation": [0, 0, 25], "uv": [36, 46], "mirror": true},
						{"origin": [-6, 2, -6], "size": [12, 5, 12], "uv": [36, 28]},
						{"origin": [-5, 4, 6], "size": [10, 0, 4], "pivot": [0, 4, 6], "rotation": [-45, 0, 0], "uv": [37, 21]},
						{"origin": [-6, 13, -6], "size": [12, 4.4, 0], "pivot": [0, 13, -6], "rotation": [-21.8, 0, 0], "uv": [59, 59]},
						{"origin": [-6, 13, 6], "size": [12, 4.4, 0], "pivot": [0, 13, 6], "rotation": [-21.8, 180, 0], "uv": [33, 63]},
						{"origin": [-6, 13, -6], "size": [0, 4.4, 12], "pivot": [-6, 13, 0], "rotation": [0, 0, 21.8], "uv": [33, 51]},
						{"origin": [6, 13, -6], "size": [0, 4.4, 12], "pivot": [6, 13, 0], "rotation": [0, 0, -21.8], "uv": [33, 51], "mirror": true},
						{"origin": [-6, 1.62, -6], "size": [0, 5.38, 12], "pivot": [-6, 7, 0], "rotation": [0, 0, -21.8], "uv": [33, 45]},
						{"origin": [6, 1.62, -6], "size": [0, 5.38, 12], "pivot": [6, 7, 0], "rotation": [0, 0, 21.8], "uv": [33, 45], "mirror": true},
						{"origin": [-6, 1.62, -6], "size": [12, 5.38, 0], "pivot": [0, 7, -6], "rotation": [21.8, 0, 0], "uv": [33, 57]},
						{"origin": [-6, 1.62, 6], "size": [12, 5.38, 0], "pivot": [0, 7, 6], "rotation": [-158.2, 0, 180], "uv": [33, 57]}
					]
				},
				{
					"name": "open_eyes",
					"parent": "body",
					"pivot": [0, 3, 0],
					"cubes": [
						{"origin": [-3, 13.5, -6], "size": [6, 3, 0], "pivot": [0, 13, -6], "rotation": [-20, 0, 0], "uv": [0, 70]}
					]
				},
				{
					"name": "closed_eyes",
					"parent": "body",
					"pivot": [0, 3, 0],
					"cubes": [
						{"origin": [-3, 13.5, -6], "size": [6, 3, 0], "pivot": [0, 13, -6], "rotation": [-20, 0, 0], "uv": [0, 73]}
					]
				},
				{
					"name": "angry_eyes",
					"parent": "body",
					"pivot": [0, 3, 0],
					"cubes": [
						{"origin": [-3, 13.5, -6], "size": [6, 3, 0], "pivot": [0, 13, -6], "rotation": [-20, 0, 0], "uv": [0, 76]}
					]
				},
				{
					"name": "mouth",
					"parent": "body",
					"pivot": [0, 9, -7],
					"cubes": [
						{"origin": [-3, 8.5, -9.1], "size": [6, 1, 2], "uv": [0, 9]},
						{"origin": [-4, 9.5, -7.1], "size": [8, 3.2, 0], "pivot": [0, 9.5, -7.1], "rotation": [-20, 0, 0], "uv": [49, 33]}
					]
				},
				{
					"name": "arms",
					"parent": "body_root",
					"pivot": [0, 11, 0],
					"rotation": [-55, 0, 0]
				},
				{
					"name": "right_arm",
					"parent": "arms",
					"pivot": [-6, 11, 0],
					"rotation": [0, 15, 25],
					"cubes": [
						{"origin": [-7, 5, -1], "size": [2, 6, 2], "uv": [0, 21]},
						{"origin": [-7, 5, -4], "size": [2, 2, 3], "uv": [67, 22]},
						{"origin": [-6, 5, -7], "size": [1, 1, 3], "pivot": [-6, 6, -4], "rotation": [0, -60, 0], "uv": [37, 26]},
						{"origin": [-7, 6, -8], "size": [3, 1, 4], "uv": [25, 42]}
					]
				},
				{
					"name": "left_arm",
					"parent": "arms",
					"pivot": [6, 11, 0],
					"rotation": [0, -15, -25],
					"cubes": [
						{"origin": [5, 5, -1], "size": [2, 6, 2], "uv": [0, 21], "mirror": true},
						{"origin": [5, 5, -4], "size": [2, 2, 3], "uv": [67, 22], "mirror": true},
						{"origin": [5, 5, -7], "size": [1, 1, 3], "pivot": [6, 6, -4], "rotation": [0, 60, 0], "uv": [37, 26], "mirror": true},
						{"origin": [4, 6, -8], "size": [3, 1, 4], "uv": [25, 42], "mirror": true}
					]
				},
				{
					"name": "legs",
					"parent": "ludicolo",
					"pivot": [0, 4, 0]
				},
				{
					"name": "right_leg",
					"parent": "legs",
					"pivot": [-3, 4, 0],
					"cubes": [
						{"origin": [-5, 0, -2], "size": [4, 4, 4], "uv": [0, 0]}
					]
				},
				{
					"name": "left_leg",
					"parent": "legs",
					"pivot": [3, 4, 0],
					"cubes": [
						{"origin": [1, 0, -2], "size": [4, 4, 4], "uv": [0, 0], "mirror": true}
					]
				}
			]
		},
		{
			"description": {
				"identifier": "geometry.serpludicolo_aura",
				"texture_width": 96,
				"texture_height": 96,
				"visible_bounds_width": 3,
				"visible_bounds_height": 4,
				"visible_bounds_offset": [0, 1, 0]
			},
			"bones": [
				{
					"name": "ludicolo",
					"pivot": [0, 0, 0]
				},
				{
					"name": "body_root",
					"parent": "ludicolo",
					"pivot": [0, 3, 0]
				},
				{
					"name": "head",
					"parent": "body_root",
					"pivot": [0, 1, 0]
				},
				{
					"name": "body",
					"parent": "body_root",
					"pivot": [0, 3, 0],
					"cubes": [
						{"origin": [-4, 2, -4], "size": [8, 15, 8], "inflate": 0.25, "uv": [0, 40]},
						{"origin": [-2.5, 17, -2.5], "size": [5, 6, 5], "inflate": 0.25, "uv": [59, 47]},
						{"origin": [-5, 23, 0], "size": [10, 5, 0], "inflate": 0.25, "pivot": [0, 25, 0], "rotation": [0, 45, 0], "uv": [0, 64]},
						{"origin": [-5, 23, 0], "size": [10, 5, 0], "inflate": 0.25, "pivot": [0, 25, 0], "rotation": [0, -45, 0], "uv": [0, 64], "mirror": true},
						{"origin": [-10, 17.1, -10], "size": [20, 0, 20], "inflate": 0.25, "uv": [0, 0]},
						{"origin": [-5, 17.1, -10], "size": [10, 4, 0], "inflate": 0.25, "uv": [61, 15]},
						{"origin": [-5, 17.1, 10], "size": [10, 4, 0], "inflate": 0.25, "uv": [61, 15]},
						{"origin": [-12.07, 17.1, -10], "size": [7.07, 4, 0], "inflate": 0.25, "pivot": [-5, 21, -10], "rotation": [0, 45, 0], "uv": [33, 52]},
						{"origin": [-12.07, 17.1, 10], "size": [7.07, 4, 0], "inflate": 0.25, "pivot": [-5, 21, 10], "rotation": [0, -45, 0], "uv": [33, 52]},
						{"origin": [5, 17.1, -10], "size": [7.07, 4, 0], "inflate": 0.25, "pivot": [5, 21, -10], "rotation": [0, -45, 0], "uv": [33, 52], "mirror": true},
						{"origin": [5, 17.1, 10], "size": [7.07, 4, 0], "inflate": 0.25, "pivot": [5, 21, 10], "rotation": [0, 45, 0], "uv": [33, 52], "mirror": true},
						{"origin": [-10, 17.1, -5], "size": [0, 4, 10], "inflate": 0.25, "uv": [61, 0]},
						{"origin": [10, 17.1, -5], "size": [0, 4, 10], "inflate": 0.25, "uv": [61, 0], "mirror": true},
						{"origin": [-6, 7, -6], "size": [12, 6, 12], "inflate": 0.25, "uv": [0, 21]},
						{"origin": [-2.5, 12.5, -9], "size": [5, 1, 3], "inflate": 0.25, "uv": [0, 13]},
						{"origin": [-6.5, 12.5, -9], "size": [4, 1, 2], "inflate": 0.25, "pivot": [-2.5, 12, -9], "rotation": [0, 50, 0], "uv": [57, 68]},
						{"origin": [2.5, 12.5, -9], "size": [4, 1, 2], "inflate": 0.25, "pivot": [2.5, 12, -9], "rotation": [0, -50, 0], "uv": [57, 68], "mirror": true},
						{"origin": [-1, 13.5, -7], "size": [2, 2, 1], "inflate": 0.25, "pivot": [0, 13, -7], "rotation": [-45, 0, 0], "uv": [13, 0]},
						{"origin": [-9, 13, -2], "size": [3, 0, 4], "inflate": 0.25, "pivot": [-6, 13, 0], "rotation": [0, 0, -25], "uv": [36, 46]},
						{"origin": [6, 13, -2], "size": [3, 0, 4], "inflate": 0.25, "pivot": [6, 13, 0], "rotation": [0, 0, 25], "uv": [36, 46], "mirror": true},
						{"origin": [-6, 2, -6], "size": [12, 5, 12], "inflate": 0.25, "uv": [36, 28]},
						{"origin": [-5, 4, 6], "size": [10, 0, 4], "inflate": 0.25, "pivot": [0, 4, 6], "rotation": [-45, 0, 0], "uv": [37, 21]},
						{"origin": [-6, 13, -6], "size": [12, 4.4, 0], "inflate": 0.25, "pivot": [0, 13, -6], "rotation": [-21.8, 0, 0], "uv": [59, 59]},
						{"origin": [-6, 13, 6], "size": [12, 4.4, 0], "inflate": 0.25, "pivot": [0, 13, 6], "rotation": [-21.8, 180, 0], "uv": [33, 63]},
						{"origin": [-6, 13, -6], "size": [0, 4.4, 12], "inflate": 0.25, "pivot": [-6, 13, 0], "rotation": [0, 0, 21.8], "uv": [33, 51]},
						{"origin": [6, 13, -6], "size": [0, 4.4, 12], "inflate": 0.25, "pivot": [6, 13, 0], "rotation": [0, 0, -21.8], "uv": [33, 51], "mirror": true},
						{"origin": [-6, 1.62, -6], "size": [0, 5.38, 12], "inflate": 0.25, "pivot": [-6, 7, 0], "rotation": [0, 0, -21.8], "uv": [33, 45]},
						{"origin": [6, 1.62, -6], "size": [0, 5.38, 12], "inflate": 0.25, "pivot": [6, 7, 0], "rotation": [0, 0, 21.8], "uv": [33, 45], "mirror": true},
						{"origin": [-6, 1.62, -6], "size": [12, 5.38, 0], "inflate": 0.25, "pivot": [0, 7, -6], "rotation": [21.8, 0, 0], "uv": [33, 57]},
						{"origin": [-6, 1.62, 6], "size": [12, 5.38, 0], "inflate": 0.25, "pivot": [0, 7, 6], "rotation": [-158.2, 0, 180], "uv": [33, 57]}
					]
				},
				{
					"name": "open_eyes",
					"parent": "body",
					"pivot": [0, 3, 0],
					"cubes": [
						{"origin": [-3, 13.5, -6], "size": [6, 3, 0], "inflate": 0.25, "pivot": [0, 13, -6], "rotation": [-20, 0, 0], "uv": [0, 70]}
					]
				},
				{
					"name": "closed_eyes",
					"parent": "body",
					"pivot": [0, 3, 0],
					"cubes": [
						{"origin": [-3, 13.5, -6], "size": [6, 3, 0], "inflate": 0.25, "pivot": [0, 13, -6], "rotation": [-20, 0, 0], "uv": [0, 73]}
					]
				},
				{
					"name": "angry_eyes",
					"parent": "body",
					"pivot": [0, 3, 0],
					"cubes": [
						{"origin": [-3, 13.5, -6], "size": [6, 3, 0], "inflate": 0.25, "pivot": [0, 13, -6], "rotation": [-20, 0, 0], "uv": [0, 76]}
					]
				},
				{
					"name": "mouth",
					"parent": "body",
					"pivot": [0, 9, -7],
					"cubes": [
						{"origin": [-3, 8.5, -9.1], "size": [6, 1, 2], "inflate": 0.25, "uv": [0, 9]},
						{"origin": [-4, 9.5, -7.1], "size": [8, 3.2, 0], "inflate": 0.25, "pivot": [0, 9.5, -7.1], "rotation": [-20, 0, 0], "uv": [49, 33]}
					]
				},
				{
					"name": "arms",
					"parent": "body_root",
					"pivot": [0, 11, 0],
					"rotation": [-55, 0, 0]
				},
				{
					"name": "right_arm",
					"parent": "arms",
					"pivot": [-6, 11, 0],
					"rotation": [0, 15, 25],
					"cubes": [
						{"origin": [-7, 5, -1], "size": [2, 6, 2], "inflate": 0.25, "uv": [0, 21]},
						{"origin": [-7, 5, -4], "size": [2, 2, 3], "inflate": 0.25, "uv": [67, 22]},
						{"origin": [-6, 5, -7], "size": [1, 1, 3], "inflate": 0.25, "pivot": [-6, 6, -4], "rotation": [0, -60, 0], "uv": [37, 26]},
						{"origin": [-7, 6, -8], "size": [3, 1, 4], "inflate": 0.25, "uv": [25, 42]}
					]
				},
				{
					"name": "left_arm",
					"parent": "arms",
					"pivot": [6, 11, 0],
					"rotation": [0, -15, -25],
					"cubes": [
						{"origin": [5, 5, -1], "size": [2, 6, 2], "inflate": 0.25, "uv": [0, 21], "mirror": true},
						{"origin": [5, 5, -4], "size": [2, 2, 3], "inflate": 0.25, "uv": [67, 22], "mirror": true},
						{"origin": [5, 5, -7], "size": [1, 1, 3], "inflate": 0.25, "pivot": [6, 6, -4], "rotation": [0, 60, 0], "uv": [37, 26], "mirror": true},
						{"origin": [4, 6, -8], "size": [3, 1, 4], "inflate": 0.25, "uv": [25, 42], "mirror": true}
					]
				},
				{
					"name": "legs",
					"parent": "ludicolo",
					"pivot": [0, 4, 0]
				},
				{
					"name": "right_leg",
					"parent": "legs",
					"pivot": [-3, 4, 0],
					"cubes": [
						{"origin": [-5, 0, -2], "size": [4, 4, 4], "inflate": 0.25, "uv": [0, 0]}
					]
				},
				{
					"name": "left_leg",
					"parent": "legs",
					"pivot": [3, 4, 0],
					"cubes": [
						{"origin": [1, 0, -2], "size": [4, 4, 4], "inflate": 0.25, "uv": [0, 0], "mirror": true}
					]
				}
			]
		}
	]
}