{
	"format_version": "1.12.0",
	"minecraft:geometry": [
		{
			"description": {
				"identifier": "geometry.serplotad",
				"texture_width": 64,
				"texture_height": 64,
				"visible_bounds_width": 3,
				"visible_bounds_height": 2.5,
				"visible_bounds_offset": [0, 0.75, 0]
			},
			"bones": [
				{
					"name": "lotad",
					"pivot": [0, 0, 0]
				},
				{
					"name": "cap",
					"parent": "lotad",
					"pivot": [0, 6.1, 0],
					"cubes": [
						{"origin": [-8, 6.1, -8], "size": [16, 0, 16], "uv": [0, 0]},
						{"origin": [-4, 6.1, -8], "size": [8, 2, 0], "uv": [12, 36]},
						{"origin": [-9.66, 6.1, -8], "size": [5.66, 2, 0], "pivot": [-4, 7, -8], "rotation": [0, 45, 0], "uv": [0, 7]},
						{"origin": [-9.66, 6.1, 8], "size": [5.66, 2, 0], "pivot": [-4, 7, 8], "rotation": [0, -45, 0], "uv": [0, 7]},
						{"origin": [4, 6.1, -8], "size": [5.66, 2, 0], "pivot": [4, 7, -8], "rotation": [0, -45, 0], "uv": [0, 7], "mirror": true},
						{"origin": [4, 6.1, 8], "size": [5.66, 2, 0], "pivot": [4, 7, 8], "rotation": [0, 45, 0], "uv": [0, 7], "mirror": true},
						{"origin": [-8, 6.1, -4], "size": [0, 2, 8], "uv": [32, 40]},
						{"origin": [8, 6.1, -4], "size": [0, 2, 8], "uv": [32, 40], "mirror": true}
					]
				},
				{
					"name": "body",
					"parent": "lotad",
					"pivot": [0, 1, 0],
					"cubes": [
						{"origin": [-3.5, 1, -5], "size": [7, 5, 10], "uv": [0, 17]},
						{"origin": [-3, 0.5, -4.5], "size": [6, 1, 9], "uv": [26, 24]},
						{"origin": [-4, 1.5, -4.5], "size": [1, 4, 9], "uv": [0, 33]},
						{"origin": [3, 1.5, -4.5], "size": [1, 4, 9], "uv": [0, 33], "mirror": true},
						{"origin": [-3, 1.5, -5.5], "size": [6, 4, 1], "uv": [25, 18]},
						{"origin": [-3, 1.5, 4.5], "size": [6, 4, 1], "uv": [25, 18]},
						{"origin": [-2, 2, -7], "size": [4, 1, 2], "uv": [0, 0]},
						{"origin": [-4.49, 2, -7], "size": [2.49, 1, 1], "pivot": [-2, 3, -7], "rotation": [0, 53.2, 0], "uv": [0, 10]},
						{"origin": [2, 2, -7], "size": [2.49, 1, 1], "pivot": [2, 3, -7], "rotation": [0, -53.2, 0], "uv": [0, 10], "mirror": true}
					]
				},
				{
					"name": "head",
					"parent": "body",
					"pivot": [0, 1, 0]
				},
				{
					"name": "open_eyes",
					"parent": "body",
					"pivot": [0, 1, 0],
					"cubes": [
						{"origin": [-3.5, 3.5, -5.6], "size": [7, 2, 0], "uv": [0, 48]}
					]
				},
				{
					"name": "closed_eyes",
					"parent": "body",
					"pivot": [0, 1, 0],
					"cubes": [
						{"origin": [-3.5, 3.5, -5.6], "size": [7, 2, 0], "uv": [0, 50]}
					]
				},
				{
					"name": "angry_eyes",
					"parent": "body",
					"pivot": [0, 1, 0],
					"cubes": [
						{"origin": [-3.5, 3.5, -5.6], "size": [7, 2, 0], "uv": [0, 52]}
					]
				},
				{
					"name": "right_legs",
					"parent": "lotad",
					"pivot": [-4, 1.5, 0],
					"cubes": [
						{"origin": [-4, -0.5, -4.5], "size": [0, 2, 9], "pivot": [-4, 1.5, 0], "rotation": [0, 0, 45], "uv": [21, 36]}
					]
				},
				{
					"name": "left_legs",
					"parent": "lotad",
					"pivot": [4, 1.5, 0],
					"cubes": [
						{"origin": [4, -0.5, -4.5], "size": [0, 2, 9], "pivot": [4, 1.5, 0], "rotation": [0, 0, -45], "uv": [21, 36], "mirror": true}
					]
				}
			]
		},
		{
			"description": {
				"identifier": "geometry.serplotad_aura",
				"texture_width": 64,
				"texture_height": 64,
				"visible_bounds_width": 3,
				"visible_bounds_height": 2.5,
				"visible_bounds_offset": [0, 0.75, 0]
			},
			"bones": [
				{
					"name": "lotad",
					"pivot": [0, 0, 0]
				},
				{
					"name": "cap",
					"parent": "lotad",
					"pivot": [0, 6.1, 0],
					"cubes": [
						{"origin": [-8, 6.1, -8], "size": [16, 0, 16], "inflate": 0.25, "uv": [0, 0]},
						{"origin": [-4, 6.1, -8], "size": [8, 2, 0], "inflate": 0.25, "uv": [12, 36]},
						{"origin": [-9.66, 6.1, -8], "size": [5.66, 2, 0], "inflate": 0.25, "pivot": [-4, 7, -8], "rotation": [0, 45, 0], "uv": [0, 7]},
						{"origin": [-9.66, 6.1, 8], "size": [5.66, 2, 0], "inflate": 0.25, "pivot": [-4, 7, 8], "rotation": [0, -45, 0], "uv": [0, 7]},
						{"origin": [4, 6.1, -8], "size": [5.66, 2, 0], "inflate": 0.25, "pivot": [4, 7, -8], "rotation": [0, -45, 0], "uv": [0, 7], "mirror": true},
						{"origin": [4, 6.1, 8], "size": [5.66, 2, 0], "inflate": 0.25, "pivot": [4, 7, 8], "rotation": [0, 45, 0], "uv": [0, 7], "mirror": true},
						{"origin": [-8, 6.1, -4], "size": [0, 2, 8], "inflate": 0.25, "uv": [32, 40]},
						{"origin": [8, 6.1, -4], "size": [0, 2, 8], "inflate": 0.25, "uv": [32, 40], "mirror": true}
					]
				},
				{
					"name": "body",
					"parent": "lotad",
					"pivot": [0, 1, 0],
					"cubes": [
						{"origin": [-3.5, 1, -5], "size": [7, 5, 10], "inflate": 0.25, "uv": [0, 17]},
						{"origin": [-3, 0.5, -4.5], "size": [6, 1, 9], "inflate": 0.25, "uv": [26, 24]},
						{"origin": [-4, 1.5, -4.5], "size": [1, 4, 9], "inflate": 0.25, "uv": [0, 33]},
						{"origin": [3, 1.5, -4.5], "size": [1, 4, 9], "inflate": 0.25, "uv": [0, 33], "mirror": true},
						{"origin": [-3, 1.5, -5.5], "size": [6, 4, 1], "inflate": 0.25, "uv": [25, 18]},
						{"origin": [-3, 1.5, 4.5], "size": [6, 4, 1], "inflate": 0.25, "uv": [25, 18]},
						{"origin": [-2, 2, -7], "size": [4, 1, 2], "inflate": 0.25, "uv": [0, 0]},
						{"origin": [-4.49, 2, -7], "size": [2.49, 1, 1], "inflate": 0.25, "pivot": [-2, 3, -7], "rotation": [0, 53.2, 0], "uv": [0, 10]},
						{"origin": [2, 2, -7], "size": [2.49, 1, 1], "inflate": 0.25, "pivot": [2, 3, -7], "rotation": [0, -53.2, 0], "uv": [0, 10], "mirror": true}
					]
				},
				{
					"name": "head",
					"parent": "body",
					"pivot": [0, 1, 0]
				},
				{
					"name": "open_eyes",
					"parent": "body",
					"pivot": [0, 1, 0],
					"cubes": [
						{"origin": [-3.5, 3.5, -5.6], "size": [7, 2, 0], "inflate": 0.25, "uv": [0, 48]}
					]
				},
				{
					"name": "closed_eyes",
					"parent": "body",
					"pivot": [0, 1, 0],
					"cubes": [
						{"origin": [-3.5, 3.5, -5.6], "size": [7, 2, 0], "inflate": 0.25, "uv": [0, 50]}
					]
				},
				{
					"name": "angry_eyes",
					"parent": "body",
					"pivot": [0, 1, 0],
					"cubes": [
						{"origin": [-3.5, 3.5, -5.6], "size": [7, 2, 0], "inflate": 0.25, "uv": [0, 52]}
					]
				},
				{
					"name": "right_legs",
					"parent": "lotad",
					"pivot": [-4, 1.5, 0],
					"cubes": [
						{"origin": [-4, -0.5, -4.5], "size": [0, 2, 9], "inflate": 0.25, "pivot": [-4, 1.5, 0], "rotation": [0, 0, 45], "uv": [21, 36]}
					]
				},
				{
					"name": "left_legs",
					"parent": "lotad",
					"pivot": [4, 1.5, 0],
					"cubes": [
						{"origin": [4, -0.5, -4.5], "size": [0, 2, 9], "inflate": 0.25, "pivot": [4, 1.5, 0], "rotation": [0, 0, -45], "uv": [21, 36], "mirror": true}
					]
				}
			]
		}
	]
}