{
  "format_version":"1.16.100",
  "minecraft:item":{
    "description":{
      "identifier":"serp:key_ore",
      "category":"Nature"
    },
    "components":{
      "minecraft:display_name":{
        "value":"item.serp:key_ore.name"
      },
	    "minecraft:creative_category":{
		    "parent":"itemGroup.name.seed"
			},
      "minecraft:max_stack_size":64,
      "minecraft:block_placer":{
        "block":"serp:key_ore_block"
      },
	    "minecraft:icon":{
		    "texture":"key_ore"
	    }
    }
  }
}
