{
  "format_version":"1.10.0",
  "minecraft:client_entity":{
    "description":{
      "identifier":"pokemon:p142",
      "materials":{"default":"entity_emissive_alpha","aura":"charged_creeper"},
      "textures":{
    "hp":"textures/ui/hp",
    "max_aura":"textures/entity/aura/max",
    "totem_aura":"textures/entity/aura/totem",
    "default":"textures/entity/normal/aerodactyl/aerodactyl",
    "default_s":"textures/entity/shiny/aerodactyl/aerodactyl",
    "mega1":"textures/entity/normal/aerodactyl/aerodactyl_mega",
    "mega_s1":"textures/entity/shiny/aerodactyl/aerodactyl_mega",
    "max":"textures/entity/normal/aerodactyl/aerodactyl",
    "max_s":"textures/entity/shiny/aerodactyl/aerodactyl"
      },
      "geometry":{
    "hp":"geometry.health_bar",
    "aura":"geometry.serpaerodactyl_aura",
    "default":"geometry.serpaerodactyl",
    "mega1":"geometry.serpaerodactyl",
    "max":"geometry.serpaerodactyl"
      },
      "animations":{
    "health_bar":"animation.aerodactyl.health_bar",
    "health_bar_mega":"animation.aerodactyl.health_bar_mega",
    "eyes_controller":"controller.animation.eyes",
    "open":"animation.serpmob.open",
    "close":"animation.serpmob.close",
    "angry":"animation.serpmob.angry",
    "fainted":"animation.serpmob.fainted",
    "quiet":"animation.aerodactyl.quiet",
    "walk":"animation.aerodactyl.walk",
    "sit":"animation.aerodactyl.sitting",
    "attack":"animation.aerodactyl.attack",
    "look_at_target":"animation.common.look_at_target",
    "direction":"animation.aerodactyl.direction",
    "main_controller":"controller.animation.pokemon_fly",
    "effects_controller":"controller.animation.effects"
      },
      "particle_effects":{
    "shiny":"serp:shiny"
      },
      "scripts":{
        "scale":"2",
        "animate":["effects_controller","main_controller",{"health_bar_mega":"query.variant==2"}]
      },
      "render_controllers":[{"controller.render.pokemon_a":"query.property('serp:v')>=0&&query.property('serp:v')<=2"},{"controller.render.pokemons_a":"query.property('serp:v')>=3&&query.property('serp:v')<=5"},{"controller.render.max":"query.variant==4"},{"controller.render.totem":"query.variant==6"},"controller.render.hp"]
    }
  }
}