{
	"format_version": "1.10.0",
	"minecraft:attachable": {
		"description": {
"identifier": "serp:green_boots",
			"item": {
				"serp:bone_boots": "query.owner_identifier == 'minecraft:player'"
			},
			"materials": {
				"default": "armor",
				"enchanted": "armor_enchanted"
			},
			"textures": {
				"default": "textures/models/green/boots",
				"enchanted": "textures/misc/enchanted_item_glint"
			},
			"geometry": {
"default": "geometry.serp_green_armor"
			},
			"scripts": {
				"parent_setup": "variable.boot_layer_visible = 0.0;"
			},
			"render_controllers": [
				"controller.render.armor"
			]
		}
	}
}
