{
	"format_version": "1.10.0",
	"animation_controllers": {
	"controller.animation.fly": {
	"\u0073\u0074\u0061\u0074\u0065\u0073": {
		"default": {
			"transitions": [
				{
		"\u0066\u006c\u0079\u0069\u006e\u0067": "!\u0071\u0075\u0065\u0072\u0079.is_on_ground && \u0071\u0075\u0065\u0072\u0079.has_rider == 1 && \u0071\u0075\u0065\u0072\u0079.head_x_rotation(0) < 1"
				},
				{
		"\u0067\u006c\u0069\u0064\u0069\u006e\u0067": "!\u0071\u0075\u0065\u0072\u0079.is_on_ground && \u0071\u0075\u0065\u0072\u0079.has_rider == 1 && \u0071\u0075\u0065\u0072\u0079.head_x_rotation(0) >= 0"
				}
			]
		},
		"\u0067\u006c\u0069\u0064\u0069\u006e\u0067": {
			"on_entry": [
		"/\u0065\u0066\u0066\u0065\u0063\u0074 @s slow_falling 1 1 true"
			],
			"transitions": [
				{
			"default": "1"
				}
			]
		},
		"\u0066\u006c\u0079\u0069\u006e\u0067": {
			"on_entry": [
		"/\u0065\u0066\u0066\u0065\u0063\u0074 @s levitation 1 3 true"
			],
			"transitions": [
				{
			"default": "1"
				}
			  ]
		    }
		  }
		},
"controller.animation.dive": {
			"\u0073\u0074\u0061\u0074\u0065\u0073": {
		"default": {
			"transitions": [
				{
			"\u0064\u0069\u0076\u0065_up": "\u0071\u0075\u0065\u0072\u0079.is_in_water && \u0071\u0075\u0065\u0072\u0079.has_rider == 1 && \u0071\u0075\u0065\u0072\u0079.head_x_rotation(0) < 0"
				},
				{
		"\u0064\u0069\u0076\u0065_down": "\u0071\u0075\u0065\u0072\u0079.is_in_water && \u0071\u0075\u0065\u0072\u0079.has_rider == 1 && \u0071\u0075\u0065\u0072\u0079.head_x_rotation(0) >= 0"
				}
			]
		},
		"\u0064\u0069\u0076\u0065_down": {
			"on_entry": [
		"/\u0065\u0066\u0066\u0065\u0063\u0074 @p water_breathing 2 1 true",
		"/\u0065\u0066\u0066\u0065\u0063\u0074 @p night_vision 1 1 true"
			],
			"transitions": [
				{"default": "1"}
		            ]
		        },
		"\u0064\u0069\u0076\u0065_up": {
			"on_entry": [
		"/\u0065\u0066\u0066\u0065\u0063\u0074 @p night_vision 1 1 true",
		"/\u0065\u0066\u0066\u0065\u0063\u0074 @p water_breathing 1 1 true",
		"/\u0065\u0066\u0066\u0065\u0063\u0074 @s levitation 1 5 true"
			],
			"transitions": [
				{"default": "1"}
		            ]
		        }
		    }
	    },
"controller.animation.dash": {
			"\u0073\u0074\u0061\u0074\u0065\u0073": {
		"default": {
			"transitions": [
				{
			"\u0072\u0069\u0064\u0065": "!query.is_on_ground&&(query.vertical_speed>0)&&(query.has_rider>0)"
				}
			]
		},
		"\u0072\u0069\u0064\u0065": {
			"on_entry": [
		"/function spawn/dash"
			],
			"transitions": [
				{"default": "query.is_on_ground"}
		            ]
		        }
		    }
	    }
    }
}