{
	"format_version": "1.12.0",
	"minecraft:geometry": [
		{
			"description": {
				"identifier": "geometry.serpfearow",
				"texture_width": 128,
				"texture_height": 128,
				"visible_bounds_width": 5,
				"visible_bounds_height": 4,
				"visible_bounds_offset": [0, 1, 0]
			},
			"bones": [
				{
					"name": "root",
					"pivot": [0, 12, 0]
				},
				{
					"name": "fearow",
					"parent": "root",
					"pivot": [0, 12, 4]
				},
				{
					"name": "head",
					"parent": "fearow",
					"pivot": [0, 16, -8],
					"cubes": [
						{"origin": [-1, 13.5359, -17.6077], "size": [2, 2, 14], "pivot": [0, 11.5359, -5.6077], "rotation": [-30, 0, 0], "uv": [89, 3]},
						{"origin": [-1, 19, -22], "size": [2, 2, 8], "uv": [25, 13]},
						{"origin": [-2, 18, -26.5], "size": [4, 4, 6.5], "uv": [92, 77]},
						{"origin": [-2.1, 20, -28.5], "size": [0, 2, 4], "inflate": 0.01, "pivot": [-3.5, 20.5, -26.5], "rotation": [0, -15, 0], "uv": [13, 17]},
						{"origin": [2.1, 20, -28.5], "size": [0, 2, 4], "inflate": 0.01, "pivot": [3.5, 20.5, -26.5], "rotation": [0, 15, 0], "uv": [0, 0]},
						{"origin": [1.5, 18.5, -26.5], "size": [1, 3, 6], "pivot": [2.5, 19, -20.5], "rotation": [0, 5, 0], "uv": [0, 49]},
						{"origin": [-2.5, 18.5, -26.5], "size": [1, 3, 6], "pivot": [-2.5, 19, -20.5], "rotation": [0, -5, 0], "uv": [0, 49], "mirror": true},
						{"origin": [-1.5, 21.5, -26.5], "size": [3, 1, 6], "uv": [54, 93]},
						{"origin": [-1.5, 17.5, -26.5], "size": [3, 1, 6], "uv": [73, 93]},
						{"origin": [-1.5, 18.5, -20.5], "size": [3, 3, 1], "uv": [41, 50]},
						{"origin": [-1.5, 18, -27.5], "size": [3, 4, 1], "uv": [38, 13]},
						{"origin": [-1, 19, -38], "size": [2, 1, 11], "uv": [25, 77]},
						{"origin": [-1, 19, -38], "size": [2, 1, 11], "pivot": [0, 20, -38], "rotation": [5, 0, 0], "uv": [41, 50]},
						{"origin": [-0.5, 18.5, -34], "size": [1, 1, 7], "pivot": [0, 20, -36], "rotation": [-2.5, 0, 0], "uv": [92, 93]},
						{"origin": [0, 22.5, -28], "size": [0, 6, 10], "uv": [0, 0]}
					]
				},
				{
					"name": "body",
					"parent": "fearow",
					"pivot": [0, 12, -1],
					"cubes": [
						{"origin": [-6, 8, -8], "size": [12, 10, 16], "uv": [0, 50]},
						{"origin": [-1, 18.05, 8], "size": [4, 0, 16], "pivot": [2, 18, 8], "rotation": [25, 5, 0], "uv": [74, 59]},
						{"origin": [1, 18, 7], "size": [4, 0, 16], "pivot": [2, 18, 8], "rotation": [25, 20, 0], "uv": [66, 76]},
						{"origin": [-5, 18, 7], "size": [4, 0, 16], "pivot": [-2, 18, 8], "rotation": [25, -20, 0], "uv": [66, 76], "mirror": true},
						{"origin": [-3, 18.1, 8], "size": [4, 0, 16], "pivot": [2, 18, 8], "rotation": [25, -5, 0], "uv": [74, 59]},
						{"origin": [-5.5, 17.5, -7.5], "size": [11, 1, 15], "uv": [50, 17]},
						{"origin": [-6.5, 8.5, -7.5], "size": [1, 9, 15], "uv": [75, 34]},
						{"origin": [5.5, 8.5, -7.5], "size": [1, 9, 15], "uv": [57, 50]},
						{"origin": [-5.5, 7.5, -7.5], "size": [11, 1, 15], "uv": [50, 0]},
						{"origin": [-5.5, 8.5, 7.5], "size": [11, 9, 1], "uv": [88, 20]},
						{"origin": [-5.5, 7.5, -8.5], "size": [11, 10, 1], "uv": [0, 37]},
						{"origin": [-7, 7, -8.51], "size": [14, 12, 0], "uv": [25, 0]}
					]
				},
				{
					"name": "saddle",
					"parent": "body",
					"pivot": [0, 6, 3],
					"cubes": [
						{"origin": [-6, 18.6, -6], "size": [12, 0, 8], "uv": [47, 116]},
						{"origin": [-2, 11, -9], "size": [4, 4, 0], "inflate": 0.05, "uv": [0, 78]}
					]
				},
				{
					"name": "legs",
					"parent": "fearow",
					"pivot": [0, 9, 2],
					"cubes": [
						{"origin": [-6, 4, 0], "size": [4, 6, 4], "uv": [93, 34]},
						{"origin": [-4.8, 0.2, 1.2], "size": [1.6, 5.6, 1.6], "inflate": -0.2, "uv": [57, 50]},
						{"origin": [-4.8, -0.2, -1.8], "size": [1.6, 1.6, 5.6], "inflate": -0.2, "uv": [0, 17]},
						{"origin": [-4.8, -0.2, -1.8], "size": [1.6, 1.6, 3.6], "inflate": -0.2, "pivot": [-4, 4, 2], "rotation": [0, 30, 0], "uv": [41, 56]},
						{"origin": [-4.8, -0.2, -1.8], "size": [1.6, 1.6, 3.6], "inflate": -0.2, "pivot": [-4, 4, 2], "rotation": [0, -30, 0], "uv": [54, 5]},
						{"origin": [3.2, -0.2, -1.8], "size": [1.6, 1.6, 3.6], "inflate": -0.2, "pivot": [4, 4, 2], "rotation": [0, 30, 0], "uv": [54, 5], "mirror": true},
						{"origin": [2, 4, 0], "size": [4, 6, 4], "uv": [37, 92]},
						{"origin": [3.2, 0.2, 1.2], "size": [1.6, 5.6, 1.6], "inflate": -0.2, "uv": [25, 13]},
						{"origin": [3.2, -0.2, -1.8], "size": [1.6, 1.6, 5.6], "inflate": -0.2, "uv": [11, 0]},
						{"origin": [3.2, -0.2, -1.8], "size": [1.6, 1.6, 3.6], "inflate": -0.2, "pivot": [4, 4, 2], "rotation": [0, -30, 0], "uv": [51, 10]}
					]
				},
				{
					"name": "quiet_wings",
					"parent": "fearow",
					"pivot": [0, 0, 0]
				},
				{
					"name": "right_wing_quiet",
					"parent": "quiet_wings",
					"pivot": [-6.5, 17, -6],
					"cubes": [
						{"origin": [-6.5, 7, -9.01], "size": [0, 12, 24], "inflate": 0.01, "uv": [25, 13], "mirror": true}
					]
				},
				{
					"name": "left_wing_quiet",
					"parent": "quiet_wings",
					"pivot": [6.5, 17, -6],
					"cubes": [
						{"origin": [6.5, 7, -9.01], "size": [0, 12, 24], "inflate": 0.01, "uv": [25, 13]}
					]
				},
				{
					"name": "flying_wings",
					"parent": "fearow",
					"pivot": [0, 0, 0]
				},
				{
					"name": "flying_wing_right",
					"parent": "flying_wings",
					"pivot": [-5.5, 18, -4],
					"cubes": [
						{"origin": [-29, 18, -10], "size": [24, 0, 12], "uv": [34, 103]}
					]
				},
				{
					"name": "flying_wing_left",
					"parent": "flying_wings",
					"pivot": [5.5, 18, -4],
					"cubes": [
						{"origin": [5, 18, -10], "size": [24, 0, 12], "uv": [34, 103], "mirror": true}
					]
				},
				{
					"name": "pokedex",
					"pivot": [0, 38, -31],
					"locators": {
						"pokedex": [0, 38, -31]
					}
				}
			]
		},
		{
			"description": {
				"identifier": "geometry.serpfearow_aura",
				"texture_width": 128,
				"texture_height": 128,
				"visible_bounds_width": 5,
				"visible_bounds_height": 4,
				"visible_bounds_offset": [0, 1, 0]
			},
			"bones": [
				{
					"name": "root",
					"pivot": [0, 12, 0]
				},
				{
					"name": "fearow",
					"parent": "root",
					"pivot": [0, 12, 4]
				},
				{
					"name": "head",
					"parent": "fearow",
					"pivot": [0, 16, -8],
					"cubes": [
						{"origin": [-1, 13.5359, -17.6077], "size": [2, 2, 14], "inflate": 0.25, "pivot": [0, 11.5359, -5.6077], "rotation": [-30, 0, 0], "uv": [89, 3]},
						{"origin": [-1, 19, -22], "size": [2, 2, 8], "inflate": 0.25, "uv": [25, 13]},
						{"origin": [-2, 18, -26.5], "size": [4, 4, 6.5], "inflate": 0.25, "uv": [92, 77]},
						{"origin": [-2.1, 20, -28.5], "size": [0, 2, 4], "inflate": 0.25, "pivot": [-3.5, 20.5, -26.5], "rotation": [0, -15, 0], "uv": [13, 17]},
						{"origin": [2.1, 20, -28.5], "size": [0, 2, 4], "inflate": 0.25, "pivot": [3.5, 20.5, -26.5], "rotation": [0, 15, 0], "uv": [0, 0]},
						{"origin": [1.5, 18.5, -26.5], "size": [1, 3, 6], "inflate": 0.25, "pivot": [2.5, 19, -20.5], "rotation": [0, 5, 0], "uv": [0, 49]},
						{"origin": [-2.5, 18.5, -26.5], "size": [1, 3, 6], "inflate": 0.25, "pivot": [-2.5, 19, -20.5], "rotation": [0, -5, 0], "uv": [0, 49], "mirror": true},
						{"origin": [-1.5, 21.5, -26.5], "size": [3, 1, 6], "inflate": 0.25, "uv": [54, 93]},
						{"origin": [-1.5, 17.5, -26.5], "size": [3, 1, 6], "inflate": 0.25, "uv": [73, 93]},
						{"origin": [-1.5, 18.5, -20.5], "size": [3, 3, 1], "inflate": 0.25, "uv": [41, 50]},
						{"origin": [-1.5, 18, -27.5], "size": [3, 4, 1], "inflate": 0.25, "uv": [38, 13]},
						{"origin": [-1, 19, -38], "size": [2, 1, 11], "inflate": 0.25, "uv": [25, 77]},
						{"origin": [-1, 19, -38], "size": [2, 1, 11], "inflate": 0.25, "pivot": [0, 20, -38], "rotation": [5, 0, 0], "uv": [41, 50]},
						{"origin": [-0.5, 18.5, -34], "size": [1, 1, 7], "inflate": 0.25, "pivot": [0, 20, -36], "rotation": [-2.5, 0, 0], "uv": [92, 93]},
						{"origin": [0, 22.5, -28], "size": [0, 6, 10], "inflate": 0.25, "uv": [0, 0]}
					]
				},
				{
					"name": "body",
					"parent": "fearow",
					"pivot": [0, 12, -1],
					"cubes": [
						{"origin": [-6, 8, -8], "size": [12, 10, 16], "inflate": 0.25, "uv": [0, 50]},
						{"origin": [-1, 18.05, 8], "size": [4, 0, 16], "inflate": 0.25, "pivot": [2, 18, 8], "rotation": [25, 5, 0], "uv": [74, 59]},
						{"origin": [1, 18, 7], "size": [4, 0, 16], "inflate": 0.25, "pivot": [2, 18, 8], "rotation": [25, 20, 0], "uv": [66, 76]},
						{"origin": [-5, 18, 7], "size": [4, 0, 16], "inflate": 0.25, "pivot": [-2, 18, 8], "rotation": [25, -20, 0], "uv": [66, 76], "mirror": true},
						{"origin": [-3, 18.1, 8], "size": [4, 0, 16], "inflate": 0.25, "pivot": [2, 18, 8], "rotation": [25, -5, 0], "uv": [74, 59]},
						{"origin": [-5.5, 17.5, -7.5], "size": [11, 1, 15], "inflate": 0.25, "uv": [50, 17]},
						{"origin": [-6.5, 8.5, -7.5], "size": [1, 9, 15], "inflate": 0.25, "uv": [75, 34]},
						{"origin": [5.5, 8.5, -7.5], "size": [1, 9, 15], "inflate": 0.25, "uv": [57, 50]},
						{"origin": [-5.5, 7.5, -7.5], "size": [11, 1, 15], "inflate": 0.25, "uv": [50, 0]},
						{"origin": [-5.5, 8.5, 7.5], "size": [11, 9, 1], "inflate": 0.25, "uv": [88, 20]},
						{"origin": [-5.5, 7.5, -8.5], "size": [11, 10, 1], "inflate": 0.25, "uv": [0, 37]},
						{"origin": [-7, 7, -8.51], "size": [14, 12, 0], "inflate": 0.25, "uv": [25, 0]}
					]
				},
				{
					"name": "saddle",
					"parent": "body",
					"pivot": [0, 6, 3],
					"cubes": [
						{"origin": [-6, 18.6, -6], "size": [12, 0, 8], "inflate": 0.25, "uv": [47, 116]},
						{"origin": [-2, 11, -9], "size": [4, 4, 0], "inflate": 0.25, "uv": [0, 78]}
					]
				},
				{
					"name": "legs",
					"parent": "fearow",
					"pivot": [0, 9, 2],
					"cubes": [
						{"origin": [-6, 4, 0], "size": [4, 6, 4], "inflate": 0.25, "uv": [93, 34]},
						{"origin": [-4.8, 0.2, 1.2], "size": [1.6, 5.6, 1.6], "inflate": 0.25, "uv": [57, 50]},
						{"origin": [-4.8, -0.2, -1.8], "size": [1.6, 1.6, 5.6], "inflate": 0.25, "uv": [0, 17]},
						{"origin": [-4.8, -0.2, -1.8], "size": [1.6, 1.6, 3.6], "inflate": 0.25, "pivot": [-4, 4, 2], "rotation": [0, 30, 0], "uv": [41, 56]},
						{"origin": [-4.8, -0.2, -1.8], "size": [1.6, 1.6, 3.6], "inflate": 0.25, "pivot": [-4, 4, 2], "rotation": [0, -30, 0], "uv": [54, 5]},
						{"origin": [3.2, -0.2, -1.8], "size": [1.6, 1.6, 3.6], "inflate": 0.25, "pivot": [4, 4, 2], "rotation": [0, 30, 0], "uv": [54, 5], "mirror": true},
						{"origin": [2, 4, 0], "size": [4, 6, 4], "inflate": 0.25, "uv": [37, 92]},
						{"origin": [3.2, 0.2, 1.2], "size": [1.6, 5.6, 1.6], "inflate": 0.25, "uv": [25, 13]},
						{"origin": [3.2, -0.2, -1.8], "size": [1.6, 1.6, 5.6], "inflate": 0.25, "uv": [11, 0]},
						{"origin": [3.2, -0.2, -1.8], "size": [1.6, 1.6, 3.6], "inflate": 0.25, "pivot": [4, 4, 2], "rotation": [0, -30, 0], "uv": [51, 10]}
					]
				},
				{
					"name": "quiet_wings",
					"parent": "fearow",
					"pivot": [0, 0, 0]
				},
				{
					"name": "right_wing_quiet",
					"parent": "quiet_wings",
					"pivot": [-6.5, 17, -6],
					"cubes": [
						{"origin": [-6.5, 7, -9.01], "size": [0, 12, 24], "inflate": 0.25, "uv": [25, 13], "mirror": true}
					]
				},
				{
					"name": "left_wing_quiet",
					"parent": "quiet_wings",
					"pivot": [6.5, 17, -6],
					"cubes": [
						{"origin": [6.5, 7, -9.01], "size": [0, 12, 24], "inflate": 0.25, "uv": [25, 13]}
					]
				},
				{
					"name": "flying_wings",
					"parent": "fearow",
					"pivot": [0, 0, 0]
				},
				{
					"name": "flying_wing_right",
					"parent": "flying_wings",
					"pivot": [-5.5, 18, -4],
					"cubes": [
						{"origin": [-29, 18, -10], "size": [24, 0, 12], "inflate": 0.25, "uv": [34, 103]}
					]
				},
				{
					"name": "flying_wing_left",
					"parent": "flying_wings",
					"pivot": [5.5, 18, -4],
					"cubes": [
						{"origin": [5, 18, -10], "size": [24, 0, 12], "inflate": 0.25, "uv": [34, 103], "mirror": true}
					]
				},
				{
					"name": "pokedex",
					"pivot": [0, 38, -31],
					"locators": {
						"pokedex": [0, 38, -31]
					}
				}
			]
		}
	]
}