{
	"format_version": "1.12.0",
	"minecraft:geometry": [
		{
			"description": {
				"identifier": "geometry.serpspearow",
				"texture_width": 48,
				"texture_height": 48,
				"visible_bounds_width": 3,
				"visible_bounds_height": 3,
				"visible_bounds_offset": [0, 0.5, 0]
			},
			"bones": [
				{
					"name": "spearow",
					"pivot": [0, -1, 0]
				},
				{
					"name": "head",
					"parent": "spearow",
					"pivot": [0, 8, -1],
					"cubes": [
						{"origin": [-1.5, 7.5, -3.5], "size": [3, 3, 1], "uv": [30, 36]},
						{"origin": [-2.5, 7.5, -2.5], "size": [1, 3, 3], "uv": [36, 18]},
						{"origin": [1.5, 7.5, -2.5], "size": [1, 3, 3], "uv": [36, 18]},
						{"origin": [-1.5, 7.5, 0.5], "size": [3, 3, 1], "uv": [21, 36]},
						{"origin": [-2, 7, -3], "size": [4, 4, 4], "uv": [26, 9]},
						{"origin": [-2, 5, -3], "size": [4, 2, 0], "pivot": [0, 7, -3], "rotation": [15, 0, 0], "uv": [26, 18]},
						{"origin": [-5, 7, -3], "size": [3, 4, 0], "pivot": [-2, 9, -3], "rotation": [0, 45, 0], "uv": [0, 0]},
						{"origin": [2, 7, -3], "size": [3, 4, 0], "pivot": [2, 9, -3], "rotation": [0, -45, 0], "uv": [0, 0], "mirror": true},
						{"origin": [-3, 11, -3], "size": [6, 0, 3], "pivot": [0, 11, -3], "rotation": [45, 0, 0], "uv": [25, 32]},
						{"origin": [-2.75, 12, -2.5], "size": [2, 0, 3], "pivot": [-1.40342, 10.67736, -1.17107], "rotation": [39.02504, 9.57658, -46.59948], "uv": [19, 9]},
						{"origin": [0.75, 12, -2.5], "size": [2, 0, 3], "pivot": [1.40342, 10.67736, -1.17107], "rotation": [39.02504, -9.57658, 46.59948], "uv": [19, 9], "mirror": true},
						{"origin": [-0.5, 8, -4.5], "size": [2, 1, 2], "pivot": [0, 8, -4], "rotation": [0, -45, 0], "uv": [39, 6]},
						{"origin": [-0.25, 7.75, -4.25], "size": [1, 1, 1], "pivot": [0, 8, -4], "rotation": [0, -45, 0], "uv": [0, 5]}
					]
				},
				{
					"name": "open_eyes",
					"parent": "head",
					"pivot": [0, 8, -1],
					"cubes": [
						{"origin": [-2, 9, -3.52], "size": [4, 2, 0], "uv": [36, 24]}
					]
				},
				{
					"name": "closed_eyes",
					"parent": "head",
					"pivot": [0, 8, -1],
					"cubes": [
						{"origin": [-2, 9, -3.52], "size": [4, 2, 0], "uv": [18, 32]}
					]
				},
				{
					"name": "angry_eyes",
					"parent": "head",
					"pivot": [0, 8, -1],
					"cubes": [
						{"origin": [-2, 9, -3.52], "size": [4, 2, 0], "uv": [31, 5]}
					]
				},
				{
					"name": "body",
					"parent": "spearow",
					"pivot": [0, 0, 4],
					"rotation": [-15, 0, 0],
					"cubes": [
						{"origin": [-3, 1, -3], "size": [6, 5, 6], "uv": [0, 9]},
						{"origin": [-2.5, 1, 3], "size": [5, 5, 3], "uv": [0, 21]},
						{"origin": [-2.5, 1.5, -3.5], "size": [5, 4, 1], "inflate": -0.01, "uv": [31, 0]},
						{"origin": [-3.5, 1.5, -2.5], "size": [1, 4, 5], "uv": [28, 22]},
						{"origin": [2.5, 1.5, -2.5], "size": [1, 4, 5], "uv": [28, 22], "mirror": true},
						{"origin": [-3.5, 1.5, 2.5], "size": [1, 4, 3.5], "pivot": [-3.5, 2, 2.5], "rotation": [0, 16.5, 0], "uv": [12, 33]},
						{"origin": [2.5, 1.5, 2.5], "size": [1, 4, 3.5], "pivot": [3.5, 2, 2.5], "rotation": [0, -16.5, 0], "uv": [12, 33], "mirror": true},
						{"origin": [-5.30937, 9.30298, 6.5582], "size": [2, 0, 5], "pivot": [-5.30937, 3.30298, 13.5582], "rotation": [30, -20, 0], "uv": [0, 30]},
						{"origin": [3.30937, 9.30298, 6.5582], "size": [2, 0, 5], "pivot": [5.30937, 3.30298, 13.5582], "rotation": [30, 20, 0], "uv": [0, 30], "mirror": true},
						{"origin": [-1.5, 9, 8.8], "size": [3, 0, 5], "pivot": [0, 2, 14], "rotation": [30, 0, 0], "uv": [12, 27]}
					]
				},
				{
					"name": "flying_wings",
					"parent": "body",
					"pivot": [0, 5, 2]
				},
				{
					"name": "flying_wing_right",
					"parent": "flying_wings",
					"pivot": [-3.5, 5.5, 0],
					"cubes": [
						{"origin": [-13.5, 5.5, -3], "size": [10, 0, 6], "inflate": 0.01, "uv": [2, 0]}
					]
				},
				{
					"name": "flying_wing_left",
					"parent": "flying_wings",
					"pivot": [3.5, 5.5, 0],
					"cubes": [
						{"origin": [3.5, 5.5, -3], "size": [10, 0, 6], "inflate": 0.01, "uv": [2, 0], "mirror": true}
					]
				},
				{
					"name": "quiet_wings",
					"parent": "body",
					"pivot": [0, 5, -2]
				},
				{
					"name": "right_wing_quiet",
					"parent": "quiet_wings",
					"pivot": [-3.51, 4, -3],
					"cubes": [
						{"origin": [-3.51, 1, -3], "size": [0, 5, 8], "inflate": 0.01, "uv": [17, 13]}
					]
				},
				{
					"name": "left_wing_quiet",
					"parent": "quiet_wings",
					"pivot": [3.51, 4, -3],
					"cubes": [
						{"origin": [3.51, 1, -3], "size": [0, 5, 8], "inflate": 0.01, "uv": [17, 13], "mirror": true}
					]
				},
				{
					"name": "legs",
					"parent": "spearow",
					"pivot": [0, 2, 1.5]
				},
				{
					"name": "right_leg",
					"parent": "legs",
					"pivot": [-2, 3, 1.5],
					"cubes": [
						{"origin": [-2.5, -0.1, 1], "size": [1, 3, 1], "inflate": -0.1, "uv": [0, 9]},
						{"origin": [-2.5, -0.1, 1.8], "size": [1, 1, 1], "inflate": -0.1, "uv": [0, 30]},
						{"origin": [-3.37679, -0.1, 0.12776], "size": [1, 1, 2], "inflate": -0.1, "pivot": [-3.07679, 0, 0.32776], "rotation": [0, 30, 0], "uv": [37, 39]},
						{"origin": [-1.70359, -0.1, 0.42776], "size": [1, 1, 2], "inflate": -0.1, "pivot": [-0.40359, 0, 0.62776], "rotation": [0, -30, 0], "uv": [37, 39]}
					]
				},
				{
					"name": "left_leg",
					"parent": "legs",
					"pivot": [2, 3, 1.5],
					"cubes": [
						{"origin": [1.5, -0.1, 1], "size": [1, 3, 1], "inflate": -0.1, "uv": [0, 9], "mirror": true},
						{"origin": [1.5, -0.1, 1.8], "size": [1, 1, 1], "inflate": -0.1, "uv": [0, 30], "mirror": true},
						{"origin": [2.37679, -0.1, 0.12776], "size": [1, 1, 2], "inflate": -0.1, "pivot": [3.07679, 0, 0.32776], "rotation": [0, -30, 0], "uv": [37, 39], "mirror": true},
						{"origin": [0.70359, -0.1, 0.42776], "size": [1, 1, 2], "inflate": -0.1, "pivot": [0.40359, 0, 0.62776], "rotation": [0, 30, 0], "uv": [37, 39], "mirror": true}
					]
				},
				{
					"name": "pokedex",
					"pivot": [0, 28, 0],
					"locators": {
						"pokedex": [0, 28, 0]
					}
				}
			]
		},
		{
			"description": {
				"identifier": "geometry.serpspearow_aura",
				"texture_width": 48,
				"texture_height": 48,
				"visible_bounds_width": 3,
				"visible_bounds_height": 3,
				"visible_bounds_offset": [0, 0.5, 0]
			},
			"bones": [
				{
					"name": "spearow",
					"pivot": [0, -1, 0]
				},
				{
					"name": "head",
					"parent": "spearow",
					"pivot": [0, 8, -1],
					"cubes": [
						{"origin": [-1.5, 7.5, -3.5], "size": [3, 3, 1], "inflate": 0.25, "uv": [30, 36]},
						{"origin": [-2.5, 7.5, -2.5], "size": [1, 3, 3], "inflate": 0.25, "uv": [36, 18]},
						{"origin": [1.5, 7.5, -2.5], "size": [1, 3, 3], "inflate": 0.25, "uv": [36, 18]},
						{"origin": [-1.5, 7.5, 0.5], "size": [3, 3, 1], "inflate": 0.25, "uv": [21, 36]},
						{"origin": [-2, 7, -3], "size": [4, 4, 4], "inflate": 0.25, "uv": [26, 9]},
						{"origin": [-2, 5, -3], "size": [4, 2, 0], "inflate": 0.25, "pivot": [0, 7, -3], "rotation": [15, 0, 0], "uv": [26, 18]},
						{"origin": [-5, 7, -3], "size": [3, 4, 0], "inflate": 0.25, "pivot": [-2, 9, -3], "rotation": [0, 45, 0], "uv": [0, 0]},
						{"origin": [2, 7, -3], "size": [3, 4, 0], "inflate": 0.25, "pivot": [2, 9, -3], "rotation": [0, -45, 0], "uv": [0, 0], "mirror": true},
						{"origin": [-3, 11, -3], "size": [6, 0, 3], "inflate": 0.25, "pivot": [0, 11, -3], "rotation": [45, 0, 0], "uv": [25, 32]},
						{"origin": [-2.75, 12, -2.5], "size": [2, 0, 3], "inflate": 0.25, "pivot": [-1.40342, 10.67736, -1.17107], "rotation": [39.02504, 9.57658, -46.59948], "uv": [19, 9]},
						{"origin": [0.75, 12, -2.5], "size": [2, 0, 3], "inflate": 0.25, "pivot": [1.40342, 10.67736, -1.17107], "rotation": [39.02504, -9.57658, 46.59948], "uv": [19, 9], "mirror": true},
						{"origin": [-0.5, 8, -4.5], "size": [2, 1, 2], "inflate": 0.25, "pivot": [0, 8, -4], "rotation": [0, -45, 0], "uv": [39, 6]},
						{"origin": [-0.25, 7.75, -4.25], "size": [1, 1, 1], "inflate": 0.25, "pivot": [0, 8, -4], "rotation": [0, -45, 0], "uv": [0, 5]}
					]
				},
				{
					"name": "open_eyes",
					"parent": "head",
					"pivot": [0, 8, -1],
					"cubes": [
						{"origin": [-2, 9, -3.52], "size": [4, 2, 0], "inflate": 0.25, "uv": [36, 24]}
					]
				},
				{
					"name": "closed_eyes",
					"parent": "head",
					"pivot": [0, 8, -1],
					"cubes": [
						{"origin": [-2, 9, -3.52], "size": [4, 2, 0], "inflate": 0.25, "uv": [18, 32]}
					]
				},
				{
					"name": "angry_eyes",
					"parent": "head",
					"pivot": [0, 8, -1],
					"cubes": [
						{"origin": [-2, 9, -3.52], "size": [4, 2, 0], "inflate": 0.25, "uv": [31, 5]}
					]
				},
				{
					"name": "body",
					"parent": "spearow",
					"pivot": [0, 0, 4],
					"rotation": [-15, 0, 0],
					"cubes": [
						{"origin": [-3, 1, -3], "size": [6, 5, 6], "inflate": 0.25, "uv": [0, 9]},
						{"origin": [-2.5, 1, 3], "size": [5, 5, 3], "inflate": 0.25, "uv": [0, 21]},
						{"origin": [-2.5, 1.5, -3.5], "size": [5, 4, 1], "inflate": 0.25, "uv": [31, 0]},
						{"origin": [-3.5, 1.5, -2.5], "size": [1, 4, 5], "inflate": 0.25, "uv": [28, 22]},
						{"origin": [2.5, 1.5, -2.5], "size": [1, 4, 5], "inflate": 0.25, "uv": [28, 22], "mirror": true},
						{"origin": [-3.5, 1.5, 2.5], "size": [1, 4, 3.5], "inflate": 0.25, "pivot": [-3.5, 2, 2.5], "rotation": [0, 16.5, 0], "uv": [12, 33]},
						{"origin": [2.5, 1.5, 2.5], "size": [1, 4, 3.5], "inflate": 0.25, "pivot": [3.5, 2, 2.5], "rotation": [0, -16.5, 0], "uv": [12, 33], "mirror": true},
						{"origin": [-5.30937, 9.30298, 6.5582], "size": [2, 0, 5], "inflate": 0.25, "pivot": [-5.30937, 3.30298, 13.5582], "rotation": [30, -20, 0], "uv": [0, 30]},
						{"origin": [3.30937, 9.30298, 6.5582], "size": [2, 0, 5], "inflate": 0.25, "pivot": [5.30937, 3.30298, 13.5582], "rotation": [30, 20, 0], "uv": [0, 30], "mirror": true},
						{"origin": [-1.5, 9, 8.8], "size": [3, 0, 5], "inflate": 0.25, "pivot": [0, 2, 14], "rotation": [30, 0, 0], "uv": [12, 27]}
					]
				},
				{
					"name": "flying_wings",
					"parent": "body",
					"pivot": [0, 5, 2]
				},
				{
					"name": "flying_wing_right",
					"parent": "flying_wings",
					"pivot": [-3.5, 5.5, 0],
					"cubes": [
						{"origin": [-13.5, 5.5, -3], "size": [10, 0, 6], "inflate": 0.25, "uv": [2, 0]}
					]
				},
				{
					"name": "flying_wing_left",
					"parent": "flying_wings",
					"pivot": [3.5, 5.5, 0],
					"cubes": [
						{"origin": [3.5, 5.5, -3], "size": [10, 0, 6], "inflate": 0.25, "uv": [2, 0], "mirror": true}
					]
				},
				{
					"name": "quiet_wings",
					"parent": "body",
					"pivot": [0, 5, -2]
				},
				{
					"name": "right_wing_quiet",
					"parent": "quiet_wings",
					"pivot": [-3.51, 4, -3],
					"cubes": [
						{"origin": [-3.51, 1, -3], "size": [0, 5, 8], "inflate": 0.25, "uv": [17, 13]}
					]
				},
				{
					"name": "left_wing_quiet",
					"parent": "quiet_wings",
					"pivot": [3.51, 4, -3],
					"cubes": [
						{"origin": [3.51, 1, -3], "size": [0, 5, 8], "inflate": 0.25, "uv": [17, 13], "mirror": true}
					]
				},
				{
					"name": "legs",
					"parent": "spearow",
					"pivot": [0, 2, 1.5]
				},
				{
					"name": "right_leg",
					"parent": "legs",
					"pivot": [-2, 3, 1.5],
					"cubes": [
						{"origin": [-2.5, -0.1, 1], "size": [1, 3, 1], "inflate": 0.25, "uv": [0, 9]},
						{"origin": [-2.5, -0.1, 1.8], "size": [1, 1, 1], "inflate": 0.25, "uv": [0, 30]},
						{"origin": [-3.37679, -0.1, 0.12776], "size": [1, 1, 2], "inflate": 0.25, "pivot": [-3.07679, 0, 0.32776], "rotation": [0, 30, 0], "uv": [37, 39]},
						{"origin": [-1.70359, -0.1, 0.42776], "size": [1, 1, 2], "inflate": 0.25, "pivot": [-0.40359, 0, 0.62776], "rotation": [0, -30, 0], "uv": [37, 39]}
					]
				},
				{
					"name": "left_leg",
					"parent": "legs",
					"pivot": [2, 3, 1.5],
					"cubes": [
						{"origin": [1.5, -0.1, 1], "size": [1, 3, 1], "inflate": 0.25, "uv": [0, 9], "mirror": true},
						{"origin": [1.5, -0.1, 1.8], "size": [1, 1, 1], "inflate": 0.25, "uv": [0, 30], "mirror": true},
						{"origin": [2.37679, -0.1, 0.12776], "size": [1, 1, 2], "inflate": 0.25, "pivot": [3.07679, 0, 0.32776], "rotation": [0, -30, 0], "uv": [37, 39], "mirror": true},
						{"origin": [0.70359, -0.1, 0.42776], "size": [1, 1, 2], "inflate": 0.25, "pivot": [0.40359, 0, 0.62776], "rotation": [0, 30, 0], "uv": [37, 39], "mirror": true}
					]
				},
				{
					"name": "pokedex",
					"pivot": [0, 28, 0],
					"locators": {
						"pokedex": [0, 28, 0]
					}
				}
			]
		}
	]
}