{
	"format_version": "1.12.0",
	"minecraft:geometry": [
		{
			"description": {
				"identifier": "geometry.serprattata",
				"texture_width": 64,
				"texture_height": 64,
				"visible_bounds_width": 3,
				"visible_bounds_height": 3,
				"visible_bounds_offset": [0, 0.5, 0]
			},
			"bones": [
				{
					"name": "rattata",
					"pivot": [0, 0, 0]
				},
				{
					"name": "head",
					"parent": "rattata",
					"pivot": [0, 5, -3],
					"cubes": [
						{"origin": [-2.5, 3, -6.5], "size": [5, 4, 4], "uv": [0, 20]},
						{"origin": [-3.5, 6, -5], "size": [3, 4, 0], "inflate": 0.01, "pivot": [-1, 7, -5], "rotation": [0, 0, -40], "uv": [26, 42]},
						{"origin": [0.5, 6, -5], "size": [3, 4, 0], "inflate": 0.01, "pivot": [1, 7, -5], "rotation": [0, 0, 40], "uv": [26, 42], "mirror": true},
						{"origin": [-2, 6.5, -6], "size": [4, 1, 3], "uv": [28, 22]},
						{"origin": [-2, 3.5, -3], "size": [4, 3, 1], "uv": [0, 36]},
						{"origin": [-2, 3.5, -7], "size": [4, 3, 1], "uv": [34, 27]},
						{"origin": [-2.5, 4.5, -7.02], "size": [5, 2, 0], "uv": [38, 10]},
						{"origin": [2, 3.5, -6], "size": [1, 3, 3], "uv": [34, 35]},
						{"origin": [-3, 3.5, -6], "size": [1, 3, 3], "uv": [25, 35]},
						{"origin": [-5.5, 4.5, -5.5], "size": [5, 1, 1], "inflate": -0.3, "pivot": [-4, 5, -3], "rotation": [0, 27.5, 15], "uv": [28, 32]},
						{"origin": [0.5, 4.5, -5.5], "size": [5, 1, 1], "inflate": -0.3, "pivot": [4, 5, -3], "rotation": [0, -27.5, -15], "uv": [28, 32], "mirror": true},
						{"origin": [-1, 3.5, -8.5], "size": [2, 1.5, 2], "uv": [40, 33]},
						{"origin": [-1, 3, -8], "size": [2, 1, 2], "uv": [41, 40]},
						{"origin": [-1, 3.5, -8.5], "size": [1, 1.5, 2], "pivot": [-1, 5, -8.5], "rotation": [0, -20, 0], "uv": [43, 4]},
						{"origin": [-1, 3, -8], "size": [1, 1, 2], "pivot": [-1, 7.5, -8], "rotation": [0, -20, 0], "uv": [44, 24]},
						{"origin": [0, 3, -8], "size": [1, 1, 2], "pivot": [1, 7.5, -8], "rotation": [0, 20, 0], "uv": [7, 43]},
						{"origin": [0, 3.5, -8.5], "size": [1, 1.5, 2], "pivot": [1, 5, -8.5], "rotation": [0, 20, 0], "uv": [33, 42]},
						{"origin": [-0.5, 3, -8.3], "size": [1, 1, 0], "uv": [0, 20]}
					]
				},
				{
					"name": "body",
					"parent": "rattata",
					"pivot": [0, 4, 6],
					"cubes": [
						{"origin": [-3, 2.5, 0], "size": [6, 4, 7], "uv": [0, 0]},
						{"origin": [-2.5, 3, 6.5], "size": [5, 3, 1], "uv": [20, 0]},
						{"origin": [-2.5, 6, 0.5], "size": [5, 1, 6], "uv": [17, 14]},
						{"origin": [-2, 6, -2], "size": [4, 1, 2], "uv": [15, 32]},
						{"origin": [-2, 2, -1.5], "size": [4, 1, 2], "uv": [25, 10]},
						{"origin": [2, 3, -1.5], "size": [1, 3, 2], "uv": [0, 41]},
						{"origin": [-3, 3, -1.5], "size": [1, 3, 2], "uv": [0, 0]},
						{"origin": [2.5, 3, 0.5], "size": [1, 3, 6], "uv": [27, 0]},
						{"origin": [-3.5, 3, 0.5], "size": [1, 3, 6], "uv": [19, 22]},
						{"origin": [-2.5, 2, 0.5], "size": [5, 1, 6], "uv": [0, 12]},
						{"origin": [-2.5, 2.5, -2], "size": [5, 4, 2], "uv": [0, 29]}
					]
				},
				{
					"name": "tail_root",
					"parent": "body",
					"pivot": [0, 5, 7.5],
					"cubes": [
						{"origin": [-0.5, 4, 7], "size": [1, 1, 3], "uv": [17, 40]},
						{"origin": [-0.5, 4.03103, 10.90158], "size": [1, 3, 1], "pivot": [0, 7.03103, 10.90158], "rotation": [-35, 0, 0], "uv": [17, 12]}
					]
				},
				{
					"name": "tail",
					"parent": "tail_root",
					"pivot": [0, 7, 11],
					"cubes": [
						{"origin": [-1, 7.90348, 6.3534], "size": [2, 3, 2], "pivot": [0, 9.90348, 6.8534], "rotation": [70, 0, 0], "uv": [36, 0]},
						{"origin": [-0.5, 5.93451, 9.75498], "size": [1, 4, 1], "pivot": [0, 8.93451, 9.75498], "rotation": [20, 0, 0], "uv": [0, 12]},
						{"origin": [-0.5, 7.24606, 6.11081], "size": [1, 2, 1], "pivot": [0, 11.04606, 6.61081], "rotation": [70, 0, 0], "uv": [19, 22]}
					]
				},
				{
					"name": "front_legs",
					"parent": "rattata",
					"pivot": [0, 4, 0]
				},
				{
					"name": "right_front_leg",
					"parent": "front_legs",
					"pivot": [-3, 4, -1],
					"cubes": [
						{"origin": [-3.5, 0, -2], "size": [2, 4, 2], "inflate": -0.01, "uv": [40, 17]}
					]
				},
				{
					"name": "left_front_leg",
					"parent": "front_legs",
					"pivot": [3, 4, -1],
					"cubes": [
						{"origin": [1.5, 0, -2], "size": [2, 4, 2], "inflate": -0.01, "uv": [40, 17], "mirror": true}
					]
				},
				{
					"name": "back_legs",
					"parent": "rattata",
					"pivot": [0, 4, 4]
				},
				{
					"name": "right_back_leg",
					"parent": "back_legs",
					"pivot": [-3, 4, 4],
					"cubes": [
						{"origin": [-4, 0, 3], "size": [2, 4, 2], "uv": [40, 17]}
					]
				},
				{
					"name": "left_back_leg",
					"parent": "back_legs",
					"pivot": [3, 4, 4],
					"cubes": [
						{"origin": [2, 0, 3], "size": [2, 4, 2], "uv": [40, 17], "mirror": true}
					]
				},
				{
					"name": "pokedex",
					"pivot": [0, 28, 0],
					"locators": {
						"pokedex": [0, 28, 0]
					}
				}
			]
		},
		{
			"description": {
				"identifier": "geometry.serprattata_aura",
				"texture_width": 64,
				"texture_height": 64,
				"visible_bounds_width": 3,
				"visible_bounds_height": 3,
				"visible_bounds_offset": [0, 0.5, 0]
			},
			"bones": [
				{
					"name": "rattata",
					"pivot": [0, 0, 0]
				},
				{
					"name": "head",
					"parent": "rattata",
					"pivot": [0, 5, -3],
					"cubes": [
						{"origin": [-2.5, 3, -6.5], "size": [5, 4, 4], "inflate": 0.25, "uv": [0, 20]},
						{"origin": [-3.5, 6, -5], "size": [3, 4, 0], "inflate": 0.25, "pivot": [-1, 7, -5], "rotation": [0, 0, -40], "uv": [26, 42]},
						{"origin": [0.5, 6, -5], "size": [3, 4, 0], "inflate": 0.25, "pivot": [1, 7, -5], "rotation": [0, 0, 40], "uv": [26, 42], "mirror": true},
						{"origin": [-2, 6.5, -6], "size": [4, 1, 3], "inflate": 0.25, "uv": [28, 22]},
						{"origin": [-2, 3.5, -3], "size": [4, 3, 1], "inflate": 0.25, "uv": [0, 36]},
						{"origin": [-2, 3.5, -7], "size": [4, 3, 1], "inflate": 0.25, "uv": [34, 27]},
						{"origin": [-2.5, 4.5, -7.02], "size": [5, 2, 0], "inflate": 0.25, "uv": [38, 10]},
						{"origin": [2, 3.5, -6], "size": [1, 3, 3], "inflate": 0.25, "uv": [34, 35]},
						{"origin": [-3, 3.5, -6], "size": [1, 3, 3], "inflate": 0.25, "uv": [25, 35]},
						{"origin": [-5.5, 4.5, -5.5], "size": [5, 1, 1], "inflate": 0.25, "pivot": [-4, 5, -3], "rotation": [0, 27.5, 15], "uv": [28, 32]},
						{"origin": [0.5, 4.5, -5.5], "size": [5, 1, 1], "inflate": 0.25, "pivot": [4, 5, -3], "rotation": [0, -27.5, -15], "uv": [28, 32], "mirror": true},
						{"origin": [-1, 3.5, -8.5], "size": [2, 1.5, 2], "inflate": 0.25, "uv": [40, 33]},
						{"origin": [-1, 3, -8], "size": [2, 1, 2], "inflate": 0.25, "uv": [41, 40]},
						{"origin": [-1, 3.5, -8.5], "size": [1, 1.5, 2], "inflate": 0.25, "pivot": [-1, 5, -8.5], "rotation": [0, -20, 0], "uv": [43, 4]},
						{"origin": [-1, 3, -8], "size": [1, 1, 2], "inflate": 0.25, "pivot": [-1, 7.5, -8], "rotation": [0, -20, 0], "uv": [44, 24]},
						{"origin": [0, 3, -8], "size": [1, 1, 2], "inflate": 0.25, "pivot": [1, 7.5, -8], "rotation": [0, 20, 0], "uv": [7, 43]},
						{"origin": [0, 3.5, -8.5], "size": [1, 1.5, 2], "inflate": 0.25, "pivot": [1, 5, -8.5], "rotation": [0, 20, 0], "uv": [33, 42]},
						{"origin": [-0.5, 3, -8.3], "size": [1, 1, 0], "inflate": 0.25, "uv": [0, 20]}
					]
				},
				{
					"name": "body",
					"parent": "rattata",
					"pivot": [0, 4, 6],
					"cubes": [
						{"origin": [-3, 2.5, 0], "size": [6, 4, 7], "inflate": 0.25, "uv": [0, 0]},
						{"origin": [-2.5, 3, 6.5], "size": [5, 3, 1], "inflate": 0.25, "uv": [20, 0]},
						{"origin": [-2.5, 6, 0.5], "size": [5, 1, 6], "inflate": 0.25, "uv": [17, 14]},
						{"origin": [-2, 6, -2], "size": [4, 1, 2], "inflate": 0.25, "uv": [15, 32]},
						{"origin": [-2, 2, -1.5], "size": [4, 1, 2], "inflate": 0.25, "uv": [25, 10]},
						{"origin": [2, 3, -1.5], "size": [1, 3, 2], "inflate": 0.25, "uv": [0, 41]},
						{"origin": [-3, 3, -1.5], "size": [1, 3, 2], "inflate": 0.25, "uv": [0, 0]},
						{"origin": [2.5, 3, 0.5], "size": [1, 3, 6], "inflate": 0.25, "uv": [27, 0]},
						{"origin": [-3.5, 3, 0.5], "size": [1, 3, 6], "inflate": 0.25, "uv": [19, 22]},
						{"origin": [-2.5, 2, 0.5], "size": [5, 1, 6], "inflate": 0.25, "uv": [0, 12]},
						{"origin": [-2.5, 2.5, -2], "size": [5, 4, 2], "inflate": 0.25, "uv": [0, 29]}
					]
				},
				{
					"name": "tail_root",
					"parent": "body",
					"pivot": [0, 5, 7.5],
					"cubes": [
						{"origin": [-0.5, 4, 7], "size": [1, 1, 3], "inflate": 0.25, "uv": [17, 40]},
						{"origin": [-0.5, 4.03103, 10.90158], "size": [1, 3, 1], "inflate": 0.25, "pivot": [0, 7.03103, 10.90158], "rotation": [-35, 0, 0], "uv": [17, 12]}
					]
				},
				{
					"name": "tail",
					"parent": "tail_root",
					"pivot": [0, 7, 11],
					"cubes": [
						{"origin": [-1, 7.90348, 6.3534], "size": [2, 3, 2], "inflate": 0.25, "pivot": [0, 9.90348, 6.8534], "rotation": [70, 0, 0], "uv": [36, 0]},
						{"origin": [-0.5, 5.93451, 9.75498], "size": [1, 4, 1], "inflate": 0.25, "pivot": [0, 8.93451, 9.75498], "rotation": [20, 0, 0], "uv": [0, 12]},
						{"origin": [-0.5, 7.24606, 6.11081], "size": [1, 2, 1], "inflate": 0.25, "pivot": [0, 11.04606, 6.61081], "rotation": [70, 0, 0], "uv": [19, 22]}
					]
				},
				{
					"name": "front_legs",
					"parent": "rattata",
					"pivot": [0, 4, 0]
				},
				{
					"name": "right_front_leg",
					"parent": "front_legs",
					"pivot": [-3, 4, -1],
					"cubes": [
						{"origin": [-3.5, 0, -2], "size": [2, 4, 2], "inflate": 0.25, "uv": [40, 17]}
					]
				},
				{
					"name": "left_front_leg",
					"parent": "front_legs",
					"pivot": [3, 4, -1],
					"cubes": [
						{"origin": [1.5, 0, -2], "size": [2, 4, 2], "inflate": 0.25, "uv": [40, 17], "mirror": true}
					]
				},
				{
					"name": "back_legs",
					"parent": "rattata",
					"pivot": [0, 4, 4]
				},
				{
					"name": "right_back_leg",
					"parent": "back_legs",
					"pivot": [-3, 4, 4],
					"cubes": [
						{"origin": [-4, 0, 3], "size": [2, 4, 2], "inflate": 0.25, "uv": [40, 17]}
					]
				},
				{
					"name": "left_back_leg",
					"parent": "back_legs",
					"pivot": [3, 4, 4],
					"cubes": [
						{"origin": [2, 0, 3], "size": [2, 4, 2], "inflate": 0.25, "uv": [40, 17], "mirror": true}
					]
				},
				{
					"name": "pokedex",
					"pivot": [0, 28, 0],
					"locators": {
						"pokedex": [0, 28, 0]
					}
				}
			]
		}
	]
}