{
	"format_version": "1.12.0",
	"minecraft:geometry": [
		{
			"description": {
				"identifier": "geometry.serpraticate",
				"texture_width": 96,
				"texture_height": 96,
				"visible_bounds_width": 5,
				"visible_bounds_height": 4,
				"visible_bounds_offset": [0, 1, 0]
			},
			"bones": [
				{
					"name": "raticate",
					"pivot": [0, 0, 0]
				},
				{
					"name": "head",
					"parent": "raticate",
					"pivot": [0, 15, 1],
					"cubes": [
						{"origin": [-5, 13, -5], "size": [10, 8, 10], "uv": [0, 24]},
						{"origin": [-4, 18.3, -5], "size": [3, 2, 0], "inflate": 0.01, "pivot": [-4, 20, -5], "rotation": [0, 20, 0], "uv": [34, 4]},
						{"origin": [1, 18.3, -5], "size": [3, 2, 0], "inflate": 0.01, "pivot": [4, 20, -5], "rotation": [0, -20, 0], "uv": [34, 4], "mirror": true},
						{"origin": [-4, 20.5, -4], "size": [8, 1, 8], "inflate": 0.03, "uv": [31, 24]},
						{"origin": [-4, 21.5, -4], "size": [8, 2, 0], "pivot": [0, 21.5, -4], "rotation": [-35, 0, 0], "uv": [62, 0]},
						{"origin": [-4, 21.5, -2], "size": [8, 2, 0], "pivot": [0, 21.5, -2], "rotation": [-50, 0, 0], "uv": [62, 0]},
						{"origin": [-4, 21.5, 0], "size": [8, 2, 0], "pivot": [0, 21.5, 0], "rotation": [-60, 0, 0], "uv": [62, 0]},
						{"origin": [4.5, 13.5, -4], "size": [1, 7, 8], "uv": [53, 53]},
						{"origin": [-5.5, 13.5, -4], "size": [1, 7, 8], "uv": [42, 45]},
						{"origin": [-4, 13.5, 4.5], "size": [8, 7, 1], "inflate": 0.03, "uv": [60, 34]},
						{"origin": [-10, 16, -5], "size": [7, 1, 1], "inflate": -0.3, "uv": [62, 6]},
						{"origin": [3, 16, -5], "size": [7, 1, 1], "inflate": -0.3, "uv": [62, 6], "mirror": true},
						{"origin": [-10, 15, -5], "size": [7, 1, 1], "inflate": -0.3, "pivot": [-5, 15.5, -4.5], "rotation": [0, 0, -20], "uv": [62, 6]},
						{"origin": [3, 15, -5], "size": [7, 1, 1], "inflate": -0.3, "pivot": [5, 15.5, -4.5], "rotation": [0, 0, 20], "uv": [62, 6], "mirror": true},
						{"origin": [-10, 16.5, -5], "size": [7, 1, 1], "inflate": -0.3, "pivot": [-5, 17, -4.5], "rotation": [0, 0, 10], "uv": [62, 6]},
						{"origin": [3, 16.5, -5], "size": [7, 1, 1], "inflate": -0.3, "pivot": [5, 17, -4.5], "rotation": [0, 0, -10], "uv": [62, 6], "mirror": true},
						{"origin": [-8, 17, 1], "size": [6, 6, 0], "inflate": 0.01, "pivot": [-7, 23, 2], "rotation": [0, 25, 20], "uv": [34, 69]},
						{"origin": [2, 17, 1], "size": [6, 6, 0], "inflate": 0.01, "pivot": [7, 23, 2], "rotation": [0, -25, -20], "uv": [34, 69], "mirror": true},
						{"origin": [-3, 17, -7], "size": [6, 1, 2], "uv": [12, 47]},
						{"origin": [-1, 14, -6.8], "size": [2, 3, 0], "uv": [0, 0]},
						{"origin": [-1, 16.51, -7.11], "size": [2, 2, 3], "pivot": [0.01, 18.51, -7.11], "rotation": [30, 0, 0], "uv": [35, 45]},
						{"origin": [-1.5, 17.5, -7.1], "size": [3, 1, 2], "inflate": 0.01, "uv": [65, 69]},
						{"origin": [3.05272, 13, -7.12728], "size": [2.82, 5, 2], "pivot": [2.87272, 16, -7.12728], "rotation": [0, -45, 0], "uv": [0, 24]},
						{"origin": [-5.87272, 13, -7.12728], "size": [2.82, 5, 2], "pivot": [-2.87272, 16, -7.12728], "rotation": [0, 45, 0], "uv": [0, 24], "mirror": true},
						{"origin": [-3, 13, -7], "size": [6, 1, 2], "uv": [12, 43]},
						{"origin": [-3, 14, -7], "size": [1, 3, 2], "uv": [0, 43]},
						{"origin": [2, 14, -7], "size": [1, 3, 2], "uv": [31, 24]}
					]
				},
				{
					"name": "body",
					"parent": "raticate",
					"pivot": [0, 2, -4],
					"cubes": [
						{"origin": [-4.5, 0.5, -4], "size": [9, 1, 9], "uv": [32, 34]},
						{"origin": [-4.5, 12.5, -4], "size": [9, 1, 9], "uv": [34, 0]},
						{"origin": [-4.5, 1.5, -5.5], "size": [9, 11, 1], "uv": [0, 64]},
						{"origin": [-4.5, 9.5, -5.5], "size": [9, 2, 0], "pivot": [0, 11.5, -5.5], "rotation": [-25, 0, 0], "uv": [56, 24]},
						{"origin": [-4.5, 1.5, 5.5], "size": [9, 11, 1], "uv": [45, 11]},
						{"origin": [5, 1.5, -4], "size": [1, 11, 9], "uv": [21, 45]},
						{"origin": [-6, 1.5, -4], "size": [1, 11, 9], "uv": [0, 43]},
						{"origin": [-5.5, 1, -5], "size": [11, 12, 11], "uv": [0, 0]}
					]
				},
				{
					"name": "tail",
					"parent": "body",
					"pivot": [0, 2, 6],
					"cubes": [
						{"origin": [-1, 1, 4], "size": [2, 2, 4], "uv": [66, 11]},
						{"origin": [-1, 1, 8], "size": [2, 2, 4], "pivot": [0, 1, 8], "rotation": [17.5, 0, 0], "uv": [66, 11]},
						{"origin": [-1, 2.12025, 12.02721], "size": [2, 2, 4], "pivot": [0, 1.92025, 11.82721], "rotation": [47.5, 0, 0], "uv": [66, 11]},
						{"origin": [-1, 5.4, 14.9], "size": [2, 2, 4], "inflate": -0.2, "pivot": [0, 5, 15], "rotation": [82.5, 0, 0], "uv": [66, 11]},
						{"origin": [-0.5, 10.4555, 16], "size": [1, 1, 4], "inflate": 0.2, "pivot": [1.1, 8.9555, 16.00177], "rotation": [90, 0, 0], "uv": [71, 28]}
					]
				},
				{
					"name": "front_legs",
					"parent": "body",
					"pivot": [0, 10, -5.5]
				},
				{
					"name": "right_front_leg",
					"parent": "front_legs",
					"pivot": [-4, 10, -5.5],
					"cubes": [
						{"origin": [-4, 8, -10], "size": [0, 4, 5], "uv": [0, 0]}
					]
				},
				{
					"name": "left_front_leg",
					"parent": "front_legs",
					"pivot": [4, 10, -5.5],
					"cubes": [
						{"origin": [4, 8, -10], "size": [0, 4, 5], "uv": [0, 0], "mirror": true}
					]
				},
				{
					"name": "back_legs",
					"parent": "raticate",
					"pivot": [0, 1, -2]
				},
				{
					"name": "right_back_leg",
					"parent": "back_legs",
					"pivot": [-3.5, 1, -2],
					"cubes": [
						{"origin": [-5, 0.05, -7], "size": [3, 0, 6], "uv": [53, 45]},
						{"origin": [-4.5, 0.07, -3], "size": [2, 1, 2], "inflate": 0.01, "uv": [34, 0]}
					]
				},
				{
					"name": "left_back_leg",
					"parent": "back_legs",
					"pivot": [3.5, 1, -2],
					"cubes": [
						{"origin": [2, 0.05, -7], "size": [3, 0, 6], "uv": [53, 45], "mirror": true},
						{"origin": [2.5, 0.07, -3], "size": [2, 1, 2], "inflate": 0.01, "uv": [34, 0], "mirror": true}
					]
				},
				{
					"name": "pokedex",
					"pivot": [0, 37, -3],
					"locators": {
						"pokedex": [0, 37, -3]
					}
				}
			]
		},
		{
			"description": {
				"identifier": "geometry.serpraticate_aura",
				"texture_width": 96,
				"texture_height": 96,
				"visible_bounds_width": 5,
				"visible_bounds_height": 4,
				"visible_bounds_offset": [0, 1, 0]
			},
			"bones": [
				{
					"name": "raticate",
					"pivot": [0, 0, 0]
				},
				{
					"name": "head",
					"parent": "raticate",
					"pivot": [0, 15, 1],
					"cubes": [
						{"origin": [-5, 13, -5], "size": [10, 8, 10], "inflate": 0.25, "uv": [0, 24]},
						{"origin": [-4, 18.3, -5], "size": [3, 2, 0], "inflate": 0.25, "pivot": [-4, 20, -5], "rotation": [0, 20, 0], "uv": [34, 4]},
						{"origin": [1, 18.3, -5], "size": [3, 2, 0], "inflate": 0.25, "pivot": [4, 20, -5], "rotation": [0, -20, 0], "uv": [34, 4], "mirror": true},
						{"origin": [-4, 20.5, -4], "size": [8, 1, 8], "inflate": 0.25, "uv": [31, 24]},
						{"origin": [-4, 21.5, -4], "size": [8, 2, 0], "inflate": 0.25, "pivot": [0, 21.5, -4], "rotation": [-35, 0, 0], "uv": [62, 0]},
						{"origin": [-4, 21.5, -2], "size": [8, 2, 0], "inflate": 0.25, "pivot": [0, 21.5, -2], "rotation": [-50, 0, 0], "uv": [62, 0]},
						{"origin": [-4, 21.5, 0], "size": [8, 2, 0], "inflate": 0.25, "pivot": [0, 21.5, 0], "rotation": [-60, 0, 0], "uv": [62, 0]},
						{"origin": [4.5, 13.5, -4], "size": [1, 7, 8], "inflate": 0.25, "uv": [53, 53]},
						{"origin": [-5.5, 13.5, -4], "size": [1, 7, 8], "inflate": 0.25, "uv": [42, 45]},
						{"origin": [-4, 13.5, 4.5], "size": [8, 7, 1], "inflate": 0.25, "uv": [60, 34]},
						{"origin": [-10, 16, -5], "size": [7, 1, 1], "inflate": 0.25, "uv": [62, 6]},
						{"origin": [3, 16, -5], "size": [7, 1, 1], "inflate": 0.25, "uv": [62, 6], "mirror": true},
						{"origin": [-10, 15, -5], "size": [7, 1, 1], "inflate": 0.25, "pivot": [-5, 15.5, -4.5], "rotation": [0, 0, -20], "uv": [62, 6]},
						{"origin": [3, 15, -5], "size": [7, 1, 1], "inflate": 0.25, "pivot": [5, 15.5, -4.5], "rotation": [0, 0, 20], "uv": [62, 6], "mirror": true},
						{"origin": [-10, 16.5, -5], "size": [7, 1, 1], "inflate": 0.25, "pivot": [-5, 17, -4.5], "rotation": [0, 0, 10], "uv": [62, 6]},
						{"origin": [3, 16.5, -5], "size": [7, 1, 1], "inflate": 0.25, "pivot": [5, 17, -4.5], "rotation": [0, 0, -10], "uv": [62, 6], "mirror": true},
						{"origin": [-8, 17, 1], "size": [6, 6, 0], "inflate": 0.25, "pivot": [-7, 23, 2], "rotation": [0, 25, 20], "uv": [34, 69]},
						{"origin": [2, 17, 1], "size": [6, 6, 0], "inflate": 0.25, "pivot": [7, 23, 2], "rotation": [0, -25, -20], "uv": [34, 69], "mirror": true},
						{"origin": [-3, 17, -7], "size": [6, 1, 2], "inflate": 0.25, "uv": [12, 47]},
						{"origin": [-1, 14, -6.8], "size": [2, 3, 0], "inflate": 0.25, "uv": [0, 0]},
						{"origin": [-1, 16.51, -7.11], "size": [2, 2, 3], "inflate": 0.25, "pivot": [0.01, 18.51, -7.11], "rotation": [30, 0, 0], "uv": [35, 45]},
						{"origin": [-1.5, 17.5, -7.1], "size": [3, 1, 2], "inflate": 0.25, "uv": [65, 69]},
						{"origin": [3.05272, 13, -7.12728], "size": [2.82, 5, 2], "inflate": 0.25, "pivot": [2.87272, 16, -7.12728], "rotation": [0, -45, 0], "uv": [0, 24]},
						{"origin": [-5.87272, 13, -7.12728], "size": [2.82, 5, 2], "inflate": 0.25, "pivot": [-2.87272, 16, -7.12728], "rotation": [0, 45, 0], "uv": [0, 24], "mirror": true},
						{"origin": [-3, 13, -7], "size": [6, 1, 2], "inflate": 0.25, "uv": [12, 43]},
						{"origin": [-3, 14, -7], "size": [1, 3, 2], "inflate": 0.25, "uv": [0, 43]},
						{"origin": [2, 14, -7], "size": [1, 3, 2], "inflate": 0.25, "uv": [31, 24]}
					]
				},
				{
					"name": "body",
					"parent": "raticate",
					"pivot": [0, 2, -4],
					"cubes": [
						{"origin": [-4.5, 0.5, -4], "size": [9, 1, 9], "inflate": 0.25, "uv": [32, 34]},
						{"origin": [-4.5, 12.5, -4], "size": [9, 1, 9], "inflate": 0.25, "uv": [34, 0]},
						{"origin": [-4.5, 1.5, -5.5], "size": [9, 11, 1], "inflate": 0.25, "uv": [0, 64]},
						{"origin": [-4.5, 9.5, -5.5], "size": [9, 2, 0], "inflate": 0.25, "pivot": [0, 11.5, -5.5], "rotation": [-25, 0, 0], "uv": [56, 24]},
						{"origin": [-4.5, 1.5, 5.5], "size": [9, 11, 1], "inflate": 0.25, "uv": [45, 11]},
						{"origin": [5, 1.5, -4], "size": [1, 11, 9], "inflate": 0.25, "uv": [21, 45]},
						{"origin": [-6, 1.5, -4], "size": [1, 11, 9], "inflate": 0.25, "uv": [0, 43]},
						{"origin": [-5.5, 1, -5], "size": [11, 12, 11], "inflate": 0.25, "uv": [0, 0]}
					]
				},
				{
					"name": "tail",
					"parent": "body",
					"pivot": [0, 2, 6],
					"cubes": [
						{"origin": [-1, 1, 4], "size": [2, 2, 4], "inflate": 0.25, "uv": [66, 11]},
						{"origin": [-1, 1, 8], "size": [2, 2, 4], "inflate": 0.25, "pivot": [0, 1, 8], "rotation": [17.5, 0, 0], "uv": [66, 11]},
						{"origin": [-1, 2.12025, 12.02721], "size": [2, 2, 4], "inflate": 0.25, "pivot": [0, 1.92025, 11.82721], "rotation": [47.5, 0, 0], "uv": [66, 11]},
						{"origin": [-1, 5.4, 14.9], "size": [2, 2, 4], "inflate": 0.25, "pivot": [0, 5, 15], "rotation": [82.5, 0, 0], "uv": [66, 11]},
						{"origin": [-0.5, 10.4555, 16], "size": [1, 1, 4], "inflate": 0.25, "pivot": [1.1, 8.9555, 16.00177], "rotation": [90, 0, 0], "uv": [71, 28]}
					]
				},
				{
					"name": "front_legs",
					"parent": "body",
					"pivot": [0, 10, -5.5]
				},
				{
					"name": "right_front_leg",
					"parent": "front_legs",
					"pivot": [-4, 10, -5.5],
					"cubes": [
						{"origin": [-4, 8, -10], "size": [0, 4, 5], "inflate": 0.25, "uv": [0, 0]}
					]
				},
				{
					"name": "left_front_leg",
					"parent": "front_legs",
					"pivot": [4, 10, -5.5],
					"cubes": [
						{"origin": [4, 8, -10], "size": [0, 4, 5], "inflate": 0.25, "uv": [0, 0], "mirror": true}
					]
				},
				{
					"name": "back_legs",
					"parent": "raticate",
					"pivot": [0, 1, -2]
				},
				{
					"name": "right_back_leg",
					"parent": "back_legs",
					"pivot": [-3.5, 1, -2],
					"cubes": [
						{"origin": [-5, 0.05, -7], "size": [3, 0, 6], "inflate": 0.25, "uv": [53, 45]},
						{"origin": [-4.5, 0.07, -3], "size": [2, 1, 2], "inflate": 0.25, "uv": [34, 0]}
					]
				},
				{
					"name": "left_back_leg",
					"parent": "back_legs",
					"pivot": [3.5, 1, -2],
					"cubes": [
						{"origin": [2, 0.05, -7], "size": [3, 0, 6], "inflate": 0.25, "uv": [53, 45], "mirror": true},
						{"origin": [2.5, 0.07, -3], "size": [2, 1, 2], "inflate": 0.25, "uv": [34, 0], "mirror": true}
					]
				},
				{
					"name": "pokedex",
					"pivot": [0, 37, -3],
					"locators": {
						"pokedex": [0, 37, -3]
					}
				}
			]
		}
	]
}