{
  "format_version":"1.16.0", 
  "minecraft:entity":{
    "description":{
      "identifier":"serp:healing_machine",
      "is_spawnable":false,
      "is_summonable":true,
      "is_experimental":false
    },
    "component_groups":{
    "serp:using":{"minecraft:is_saddled":{},"minecraft:timer":{"time":2.1,"randomInterval":false,"looping":true,"time_down_event":{"event":"serp:reset"}}},
    "serp:despawn":{"minecraft:instant_despawn":{}}
    },
    "components":{
    "minecraft:type_family":{"family":["serp"]},
    "minecraft:is_charged":{},
    "minecraft:interact":{
      "interactions":[
{"on_interact":{"filters":{"all_of":[{ "test":"is_sneaking","subject":"other"},{"test":"is_owner","subject":"other"}]},"event":"serp:despawn"},"add_items":{"table":"loot_tables/entities/healing_machine.json"},"interact_text":"structure_block.save"}
      ]
    },
    "minecraft:knockback_resistance":{"value":100,"max":100},
    "minecraft:is_stackable":{},
    "minecraft:damage_sensor":{"triggers":[{"on_damage":{"filters":{"test":"has_equipment","subject":"other","operator":"!=","domain":"hand","value":"compass"},"event":"serp:rotate"},"deals_damage":false},{"on_damage":{"filters":{"test":"has_damage","value":"fatal"}},"deals_damage":false}]},
    "minecraft:collision_box":{"width":0.7,"height":1},
    "minecraft:health":{"value":1},
    "minecraft:movement":{"value":0},
    "minecraft:physics":{},
    "minecraft:pushable":{
      "is_pushable":false,
      "is_pushable_by_piston":true
      }
    },
    "events":{
		"serp:using":{"add":{"component_groups":["serp:using"]},"run_command":{"command":["tag @s add using"]}},
	  "serp:rotate":{"run_command":{"command":["tp @s ~~0.2~~45~"]}},
    "serp:despawn":{"add":{"component_groups":["serp:despawn"]}},
    "serp:reset":{"remove":{"component_groups":["serp:using"]},"run_command":{"command":["tag @s remove using"]}}
    }
  }
}