{
  "format_version":"1.16.0",
  "minecraft:entity":{
    "description":{
      "identifier":"serp:machines_spawn",
      "is_spawnable":false,
      "is_summonable":false,
      "is_experimental":false,
      "runtime_identifier":"minecraft:snowball"
    },
    "component_groups":{
    "rotomarket":{"minecraft:transformation":{"into":"serp:rotomarket","keep_owner":true}},
    "healing_machine":{"minecraft:transformation":{"into":"serp:healing_machine","keep_owner":true}},
    "pc_box":{"minecraft:transformation":{"into":"serp:pc_box","keep_owner":true}},
    "personal_lab":{"minecraft:transformation":{"into":"serp:mini_lab","keep_owner":true}},
    "slot_machine":{"minecraft:transformation":{"into":"serp:slot_machine","keep_owner":true}},
    "trade_machine":{"minecraft:transformation":{"into":"serp:trade_machine","keep_owner":true}},
    "communicator":{"minecraft:transformation":{"into":"serp:communicator","keep_owner":true}}
    },
    "components":{
    "minecraft:transformation":{"into":"serp:despawn","delay":{"value":5}},
    "minecraft:damage_sensor":{"triggers":{"cause":"all","deals_damage":false}},
    "minecraft:projectile":{"on_hit":{"impact_damage":{"damage":0,"knockback":false,"semi_random_diff_damage":false,"destroy_on_hit":false},"stick_in_ground":{"shake_time":0}},"power":0,"gravity":0,"uncertainty_base":0,"uncertainty_multiplier":0,"anchor":0,"offset":[0,1,0]},
    "minecraft:psychics":{},
    "minecraft:collision_box":{"height":1,"width":1}
    },
    "events":{
"rotomarket":{"add":{"component_groups":["rotomarket"]},"run_command":{"command":["tp @s ~~~ 0 0"]}},
"healing_machine":{"add":{"component_groups":["healing_machine"]},"run_command":{"command":["tp @s ~~~ 0 0"]}},
"pc_box":{"add":{"component_groups":["pc_box"]},"run_command":{"command":["tp @s ~~~ 0 0"]}},
"personal_lab":{"add":{"component_groups":["personal_lab"]},"run_command":{"command":["tp @s ~~~ 0 0"]}},
"slot_machine":{"add":{"component_groups":["slot_machine"]},"run_command":{"command":["tp @s ~~~ 0 0"]}},
"trade_machine":{"add":{"component_groups":["trade_machine"]},"run_command":{"command":["tp @s ~~~ 0 0"]}},
"communicator":{"add":{"component_groups":["communicator"]},"run_command":{"command":["tp @s ~~~ 0 0"]}}
    }
  }
}