{
  "format_version":"1.16.0",
  "minecraft:entity":{
    "description":{
      "identifier":"serp:mini_lab",
      "is_spawnable":false,
      "is_summonable":true,
      "is_experimental":false
		},
    "components":{
    "minecraft:damage_sensor":{"triggers":[{"on_damage":{"filters":{"all_of":[{"test":"has_equipment","subject":"other","operator":"!=","domain":"hand","value":"compass"},{"test":"is_sneaking","subject":"other"}]},"event":"serp:rotate"},"deals_damage":false},{"on_damage":{"filters":{"test":"has_damage","value":"fatal"}},"deals_damage":false}]},
    "minecraft:interact":{
    "interactions":[
{"on_interact":{"filters":{"all_of":[{ "test":"is_sneaking","subject":"other"},{"test":"is_owner","subject":"other"}]},"event":"serp:despawn"},"add_items":{"table":"loot_tables/entities/personal_lab.json"},"interact_text":"structure_block.save"}
      ]
    },
    "minecraft:physics":{},
    "minecraft:health":{"value":1},
    "minecraft:collision_box":{"height":1.3,"width":0.5},
    "minecraft:is_stackable":{},
    "minecraft:pushable":{
      "is_pushable":false,
      "is_pushable_by_piston":false },
    "minecraft:knockback_resistance":{"value":100}
    },
    "component_groups":{
    "serp:normal":{"minecraft:variant":{"value":0},"minecraft:skin_id":{"value":0}},
    "serp:working":{"minecraft:variant":{"value":1},"minecraft:is_shaking":{},"minecraft:spell_effects":{"add_effects":[{ "effect":"jump_boost","duration":29}]},"minecraft:timer":{"time":5,"randomInterval":false,"looping":true,"time_down_event":{"event":"serp:finish"}}},
    "serp:finished":{"minecraft:variant":{"value":2}},
    "serp:failed":{"minecraft:variant":{"value":3},"minecraft:timer":{"time":5,"randomInterval":false,"looping":false,"time_down_event":{"event":"serp:reset"}}},
    "serp:mewtwo":{"minecraft:exploding":{"minecraft:explode":{"fuse_length":0,"fuse_lit":true,"power":2,"causes_fire":false,"fire_affected_by_griefing":false,"destroy_affected_by_griefing":false}},"minecraft:despawn":{}},
    "serp:pokemon_egg":{"minecraft:skin_id":{"value":1}},
    "serp:fossil_helix":{"minecraft:skin_id":{"value":2}},
    "serp:fossil_dome":{"minecraft:skin_id":{"value":3}},
    "serp:ancient_amber":{"minecraft:skin_id":{"value":4}},
    "serp:dna":{"minecraft:skin_id":{"value":5}},
    "serp:fossil_root":{"minecraft:skin_id":{"value":6}},
    "serp:fossil_claw":{"minecraft:skin_id":{"value":7}},
    "serp:fossil_skull":{"minecraft:skin_id":{"value":8}},
    "serp:fossil_armor":{"minecraft:skin_id":{"value":9}},
    "serp:fossil_shell":{"minecraft:skin_id":{"value":10}},
    "serp:fossil_plume":{"minecraft:skin_id":{"value":11}},
    "serp:fossil_jaw":{"minecraft:skin_id":{"value":12}},
    "serp:fossil_sail":{"minecraft:skin_id":{"value":13}},
    "serp:fossil_bird":{"minecraft:skin_id":{"value":14}},
    "serp:fossil_fish":{"minecraft:skin_id":{"value":15}},
    "serp:fossil_drake":{"minecraft:skin_id":{"value":16}},
    "serp:fossil_dino":{"minecraft:skin_id":{"value":17}},
    "serp:despawn":{"minecraft:instant_despawn":{}}
    },
    "events":{
    "minecraft:entity_spawned":{"add":{"component_groups":["serp:normal"]}},
    "minecraft:entity_transformed":{"add":{"component_groups":["serp:normal"]}},
    "serp:despawn":{"add":{"component_groups":["serp:despawn"]}},
	  "serp:rotate":{"run_command":{"command":["tp @s ~~0.2~~45~"]}},
    "serp:pokemon_egg":{"add":{"component_groups":["serp:pokemon_egg"]}},
    "serp:fossil_helix":{"add":{"component_groups":["serp:fossil_helix"]}},
    "serp:fossil_dome":{"add":{"component_groups":["serp:fossil_dome"]}},
    "serp:ancient_amber":{"add":{"component_groups":["serp:ancient_amber"]}},
    "serp:dna":{"add":{"component_groups":["serp:dna"]}},
    "serp:fossil_root":{"add":{"component_groups":["serp:fossil_root"]}},
    "serp:fossil_claw":{"add":{"component_groups":["serp:fossil_claw"]}},
    "serp:fossil_skull":{"add":{"component_groups":["serp:fossil_skull"]}},
    "serp:fossil_armor":{"add":{"component_groups":["serp:fossil_armor"]}},
    "serp:fossil_shell":{"add":{"component_groups":["serp:fossil_shell"]}},
    "serp:fossil_plume":{"add":{"component_groups":["serp:fossil_plume"]}},
    "serp:fossil_jaw":{"add":{"component_groups":["serp:fossil_jaw"]}},
    "serp:fossil_sail":{"add":{"component_groups":["serp:fossil_sail"]}},
    "serp:fossil_bird":{"add":{"component_groups":["serp:fossil_bird"]}},
    "serp:fossil_fish":{"add":{"component_groups":["serp:fossil_fish"]}},
    "serp:fossil_drake":{"add":{"component_groups":["serp:fossil_drake"]}},
    "serp:fossil_dino":{"add":{"component_groups":["serp:fossil_dino"]}},
    "serp:working":{"add":{"component_groups":["serp:working"]},"run_command":{"command":["tag @s add working"]}},
    "serp:finish":{"sequence":[{"remove":{"component_groups":["serp:working"]}},{"randomize":[{"trigger":"serp:finished"},{"trigger":"serp:failed"}]}]},
    "serp:finished":{"add":{"component_groups":["serp:finished"]},"run_command":{"command":["tag @s add finished"]}},
    "serp:failed":{"add":{"component_groups":["serp:failed"]}},
    "serp:reset":{"remove":{"component_groups":["serp:failed","serp:finished","serp:pokemon_egg","serp:fossil_helix","serp:fossil_dome","serp:ancient_amber","serp:dna","serp:fossil_root","serp:fossil_claw","serp:fossil_skull","serp:fossil_armor","serp:fossil_shell","serp:fossil_plume","serp:fossil_jaw","serp:fossil_sail","serp:fossil_bird","serp:fossil_fish","serp:fossil_drake","serp:fossil_dino"]},"add":{"component_groups":["serp:normal"]},"run_command":{"command":["tag @s remove working","tag @s remove finished"]}}
    }
  }
}