{
  "format_version":"1.16.0",
  "minecraft:entity":{
    "description":{
      "identifier":"serp:rotomarket",
      "is_spawnable":false,
      "is_summonable":true,
      "is_experimental":false,
      "scripts":{"animate":["fly"]},
      "animations":{"fly":"controller.animation.slow_falling"}},
    "components":{
      "minecraft:type_family":{
        "family":["serpstuff"]},
      "minecraft:breathable":{
        "total_supply":15,
        "suffocate_time":0},
      "minecraft:collision_box":{
        "width":0.5,"height":0.5},
      "minecraft:damage_sensor":{"triggers":[{"on_damage":{"filters":{"test":"has_damage","value":"fatal"}},"deals_damage":false}]},
        "minecraft:timer":{"time":15,"randomInterval":false,"looping":true,"time_down_event":{"event":"serp:say", "target":"self"}},
"minecraft:interact":{
"interactions":[
  {"on_interact":{"filters":{"all_of":[{ "test":"is_sneaking","subject":"other"},{"test":"is_owner","subject":"other"}]},"event":"serp:despawn"},"add_items":{"table":"loot_tables/entities/rotomarket.json"},"interact_text":"structure_block.save"}
        ]
    },
    "minecraft:health":{"value":1},
    "minecraft:movement":{"value":0.3},
    "minecraft:navigation.fly":{"can_path_over_water":true},
    "minecraft:movement.fly":{},
    "minecraft:can_fly":{"value":true},
    "minecraft:movement.basic":{},
    "minecraft:jump.static":{},
    "minecraft:can_climb":{},
    "minecraft:behavior.float":{"priority":0},
	  "minecraft:behavior.move_towards_restriction":{"priority":7},
    "minecraft:behavior.random_stroll":{"priority":6,"speed_multiplier":0.7},
    "minecraft:behavior.look_at_player":{"priority":2,"target_distance":5.0,"probability":0.5},
	  "minecraft:physics":{},
    "minecraft:pushable":{"is_pushable":true,"is_pushable_by_piston":true}
    },
    "component_groups":{
    "serp:tame":{"minecraft:is_tamed":{},"minecraft:persistent":{},"minecraft:behavior.follow_owner":{"priority":4, "speed_multiplier":1.5,"start_distance":6,"stop_distance":2}},
    "serp:despawn":{"minecraft:instant_despawn":{}}
    },
"events":{
"minecraft:entity_transformed":{"add":{ "component_groups":["serp:tame"]}},
"serp:despawn":{"add":{"component_groups":["serp:despawn"]}}
    }
  }
}