{
  "format_version":"1.16.0",
  "minecraft:entity":{
    "description":{
      "identifier":"serp:slot_machine",
      "is_spawnable":false,
      "is_summonable":true,
      "is_experimental":false
		},
    "component_groups":{
"serp:working":{"minecraft:is_saddled":{},"minecraft:timer":{"looping":false,"randomInterval":false,"time":2.5,"time_down_event":{"event":"serp:reset"}}},
"serp:despawn":{"minecraft:instant_despawn":{}}
    },
    "components":{
      "minecraft:admire_item":{"duration":2.4},
      "minecraft:knockback_resistance":{"value":100},
      "minecraft:interact":{
      "interactions":[
{"on_interact":{"filters":{"all_of":[{"test":"is_sneaking","subject":"other"},{"test":"is_owner","subject":"other"},{"test":"distance_to_nearest_player","operator":"<=","value":5 }]},"event":"serp:despawn"},"add_items":{"table":"loot_tables/entities/slot_machine.json"},"interact_text":"structure_block.save"}
      ]},
      "minecraft:damage_sensor":{"triggers":[{"on_damage":{"filters":{"test":"has_equipment","subject":"other","operator":"!=","domain":"hand","value":"compass"},"event":"serp:rotate"},"deals_damage":false},{"on_damage":{"filters":{"test":"has_damage","value":"fatal"}},"deals_damage":false}]},
      "minecraft:collision_box":{"width":0.6,"height":1.9},
      "minecraft:breathable":{"total_supply":15,"suffocate_time":0},
      "minecraft:health":{"value":1},
      "minecraft:physics":{},
      "minecraft:pushable":{"is_pushable":false,"is_pushable_by_piston":true}
    },
    "events":{
"minecraft:entity_spawned":{"run_command":{"command":["scoreboard players set @s TrainerID 0"]}},
"serp:rotate":{"run_command":{"command":["tp @s ~~0.2~~45~"]}},
"serp:despawn":{"add":{"component_groups":["serp:despawn"]}},
"serp:trading":{"add":{"component_groups":["serp:working"]},"run_command":{"command":["playanimation @s animation.slot.pull"]}},
"serp:reset":{"remove":{"component_groups":["serp:working"]}}
    }
  }
}