{
  "format_version":"1.16.0",
  "minecraft:entity":{
    "description":{
      "identifier":"serp:trade_machine",
      "is_spawnable":false,
      "is_summonable":true,
      "is_experimental":false
	},
    "components":{
    "minecraft:physics":{},
    "minecraft:health":{"value":1},
    "minecraft:scale":{"value":1.5},
    "minecraft:collision_box":{"height":1.3,"width":0.65},
    "minecraft:is_stackable":{},
    "minecraft:interact":{
      "interactions":[
{"on_interact":{"filters":{"all_of":[{"test":"is_sneaking","subject":"other"},{"test":"is_owner","subject":"other"},{"test":"distance_to_nearest_player","operator":"<=","value":5}]},"event":"serp:despawn"},"add_items":{"table":"loot_tables/entities/trade_machine.json"},"interact_text":"structure_block.save"}
    ]},
    "minecraft:damage_sensor":{"triggers":[{"on_damage":{"filters":{"test":"has_equipment","subject":"other","operator":"!=","domain":"hand","value":"compass"},"event":"serp:rotate"},"deals_damage":false},{"on_damage":{"filters":{"test":"has_damage","value":"fatal"}},"deals_damage":false}]},
    "minecraft:pushable":{"is_pushable":false,"is_pushable_by_piston":false},
    "minecraft:knockback_resistance":{"value":100}
    },
    "component_groups":{
    "serp:normal":{"minecraft:skin_id":{"value":0}},
    "serp:trader1":{"minecraft:skin_id":{"value":1}},
    "serp:trader2":{"minecraft:skin_id":{"value":2}},
    "serp:despawn":{"minecraft:instant_despawn":{}}
    },
    "events":{
"minecraft:entity_spawned":{"add":{"component_groups":["serp:normal"]},"run_command":{"command":["scoreboard players add @s level 0","scoreboard players add @s mount 0"]}},
"minecraft:entity_transformed":{"add":{"component_groups":["serp:normal"]},"run_command":{"command":["scoreboard players add @s level 0","scoreboard players add @s mount 0"]}},
"serp:trader1":{"add":{"component_groups":["serp:trader1"]},"remove":{"component_groups":["serp:normal","serp:trader2"]}},
"serp:trader2":{"add":{"component_groups":["serp:trader2"]},"remove":{"component_groups":["serp:normal","serp:trader1"]}},
"serp:reset":{"add":{"component_groups":["serp:normal"]},"remove":{"component_groups":["serp:trader1","serp:trader2"]}},
"serp:rotate":{"run_command":{"command":["tp @s ~~0.2~~45~"]}},
"serp:despawn":{"add":{"component_groups":["serp:despawn"]}}
    }
  }
}