{
	"format_version": "1.8.0",
	"animations": {
		"animation.jirachi.quiet": {
			"loop": true,
			"animation_length": 1.2,
			"bones": {
				"jirachi": {
					"position": {
						"0.0": [0, 2, 0],
						"0.3": [0, 1, 0],
						"0.6": [0, 2, 0],
						"0.9": [0, 1, 0],
						"1.2": [0, 2, 0]
					}
				},
				"head": {
					"position": {
						"0.0": [0.5, -0.5, 0],
						"0.6": [-0.5, -0.5, 0],
						"1.2": [0.5, -0.5, 0]
					}
				},
				"body": {
					"rotation": {
						"0.0": [0, 0, 10],
						"0.6": [0, 0, -10],
						"1.2": [0, 0, 10]
					}
				},
				"ribbon1": {
					"rotation": [-65, 0, 45]
				},
				"ribbon11": {
					"rotation": [-45, 0, 0]
				},
				"ribbon2": {
					"rotation": [-65, 0, -45]
				},
				"ribbon22": {
					"rotation": [-45, 0, 0]
				},
				"arms": {
					"position": {
						"0.0": [0.5, 0, 0],
						"0.6": [-0.5, 0, 0],
						"1.2": [0.5, 0, 0]
					}
				},
				"right_arm": {
					"rotation": {
						"0.0": [0, 0, 0],
						"0.6": [0, 0, 10],
						"1.2": [0, 0, 0]
					}
				},
				"left_arm": {
					"rotation": {
						"0.0": [0, 0, 0],
						"0.6": [0, 0, -10],
						"1.2": [0, 0, 0]
					}
				},
				"legs": {
					"rotation": [-35, 0, 0],
					"position": [0, 0, 0]
				}
			}
		},
		"animation.jirachi.walk": {
			"loop": true,
			"animation_length": 0.8,
			"bones": {
				"jirachi": {
					"position": {
						"0.0": [0, 0, 0],
						"0.4": [0, -1, 0],
						"0.8": [0, 0, 0]
					}
				},
				"head": {
					"position": [0, -1, -1]
				},
				"body": {
					"rotation": [30, 0, 0],
					"position": [0, 0, 1]
				},
				"ribbon1": {
					"rotation": {
						"0.0": [-50, 0, 0],
						"0.5": [-30, 0, 0],
						"0.8": [-50, 0, 0]
					}
				},
				"ribbon11": {
					"rotation": {
						"0.0": [0, 0, 0],
						"0.3": [-25, 0, 0],
						"0.8": [0, 0, 0]
					}
				},
				"ribbon2": {
					"rotation": {
						"0.0": [-50, 0, 0],
						"0.5": [-30, 0, 0],
						"0.8": [-50, 0, 0]
					}
				},
				"ribbon22": {
					"rotation": {
						"0.0": [0, 0, 0],
						"0.3": [-25, 0, 0],
						"0.8": [0, 0, 0]
					}
				},
				"arms": {
					"rotation": {
						"0.0": [60, 0, 0],
						"0.3": [45, 0, 0],
						"0.8": [60, 0, 0]
					},
					"position": [0, -1, 0]
				},
				"legs": {
					"rotation": {
						"0.0": [55, 0, 0],
						"0.4": [65, 0, 0],
						"0.8": [55, 0, 0]
					},
					"position": [0, 0, 1]
				}
			}
		},
		"animation.jirachi.sitting": {
			"loop": true,
			"bones": {
				"jirachi": {
					"position": [0, -1.5, 0]
				},
				"ribbon1": {
					"rotation": [-60, 0, 30]
				},
				"ribbon11": {
					"rotation": [50, 0, 0]
				},
				"ribbon2": {
					"rotation": [-60, 0, -30]
				},
				"ribbon22": {
					"rotation": [50, 0, 0]
				},
				"arms": {
					"rotation": [20, 0, 0]
				},
				"right_arm": {
					"rotation": [0, -45, 0]
				},
				"left_arm": {
					"rotation": [0, 45, 0]
				},
				"legs": {
					"rotation": [-90, 0, 0],
					"position": [0, 0.5, -2]
				}
			}
		},
		"animation.jirachi.attack": {
			"loop": true,
			"bones": {
				"eye": {
					"position": [0, 0, -1]
				},
				"arms": {
					"rotation": [-60, 0, 0]
				},
				"right_arm": {
					"rotation": [0, 0, -30]
				},
				"left_arm": {
					"rotation": [0, 0, 30]
				},
				"legs": {
					"rotation": [-45, 0, 0]
				},
				"right_leg": {
					"rotation": [0, 0, 30]
				},
				"left_leg": {
					"rotation": [0, 0, -30]
				}
			}
		},
		"animation.jirachi.direction": {
			"loop": true,
			"bones": {
				"jirachi": {
					"rotation": [ "query.vertical_speed * -3.0", 0, "-math.max(-20,math.min(20,query.yaw_speed))"]
				}
			}
		},
        "animation.jirachi.health_bar":{
            "loop":true,
            "bones":{
                "health_hover":{
    "rotation":["q.camera_rotation(0)","q.camera_rotation(1)-q.body_y_rotation",0],
	"position": [0,23,0],
    "scale":"query.is_in_ui?0:1.5"
                },
				"bar_green": {
					"scale": ["query.health/query.max_health*1", 1, 1]
				},
				"bar_black": {
					"scale": ["(1)+(query.health/query.max_health*-1)", 1, 1]
				}
			}
        }
	}
}