{
	"format_version": "1.12.0",
	"minecraft:geometry": [
		{
			"description": {
				"identifier": "geometry.serpzigzagoon",
				"texture_width": 64,
				"texture_height": 64,
				"visible_bounds_width": 3,
				"visible_bounds_height": 2.5,
				"visible_bounds_offset": [0, 0.75, 0]
			},
			"bones": [
				{
					"name": "zigzagoon",
					"pivot": [0, 0, 0]
				},
				{
					"name": "body_root",
					"parent": "zigzagoon",
					"pivot": [0, 3, 6]
				},
				{
					"name": "head",
					"parent": "body_root",
					"pivot": [0, 5, -3],
					"cubes": [
						{"origin": [-2.5, 2.5, -8], "size": [5, 5, 5], "uv": [24, 20]},
						{"origin": [-2, 2.5, -3.5], "size": [4, 4.5, 1], "uv": [8, 25]},
						{"origin": [-2, 2.5, -8.5], "size": [4, 4.5, 1], "uv": [8, 25]},
						{"origin": [-1, 4, -10], "size": [2, 1, 2], "uv": [29, 42]},
						{"origin": [-1, 3, -10], "size": [2, 1, 0], "uv": [0, 22]},
						{"origin": [-1, 3, -9.5], "size": [2, 1, 1], "uv": [24, 6]},
						{"origin": [-1, 4, -10], "size": [1, 1, 2.5], "pivot": [-1, 4, -10], "rotation": [0, -36.8, 0], "uv": [21, 19]},
						{"origin": [0, 4, -10], "size": [1, 1, 2.5], "pivot": [1, 4, -10], "rotation": [0, 36.8, 0], "uv": [21, 19], "mirror": true},
						{"origin": [-1, 3, -10], "size": [0, 1, 2.5], "pivot": [-1, 4, -10], "rotation": [0, -36.8, 0], "uv": [24, 0]},
						{"origin": [1, 3, -10], "size": [0, 1, 2.5], "pivot": [1, 4, -10], "rotation": [0, 36.8, 0], "uv": [24, 0], "mirror": true},
						{"origin": [-1, 3, -9.5], "size": [1, 1, 2], "pivot": [-1, 3.5, -9.5], "rotation": [0, -36.8, 0], "uv": [0, 25]},
						{"origin": [0, 3, -9.5], "size": [1, 1, 2], "pivot": [1, 3.5, -9.5], "rotation": [0, 36.8, 0], "uv": [0, 25], "mirror": true},
						{"origin": [-4.5, 7.5, -7], "size": [3, 5, 0], "pivot": [-1.5, 7.5, -7], "rotation": [-50, 20, -50], "uv": [0, 16]},
						{"origin": [1.5, 7.5, -7], "size": [3, 5, 0], "pivot": [1.5, 7.5, -7], "rotation": [-50, -20, 50], "uv": [0, 16], "mirror": true},
						{"origin": [-2.5, 7.5, -8], "size": [5, 0, 5], "pivot": [0, 7.5, -8], "rotation": [20, 0, 0], "uv": [24, 0]},
						{"origin": [-2.5, 2.5, -8], "size": [0, 5, 5], "pivot": [-2.5, 6, -8], "rotation": [0, -20, 0], "uv": [29, 31]},
						{"origin": [2.5, 2.5, -8], "size": [0, 5, 5], "pivot": [2.5, 6, -8], "rotation": [0, 20, 0], "uv": [29, 31], "mirror": true}
					]
				},
				{
					"name": "open_eyes",
					"parent": "head",
					"pivot": [0, 6.5, -8.55],
					"cubes": [
						{"origin": [-3, 4.5, -8.55], "size": [6, 2, 0], "uv": [0, 46]}
					]
				},
				{
					"name": "closed_eyes",
					"parent": "head",
					"pivot": [0, 6.5, -8.55],
					"cubes": [
						{"origin": [-3, 4.5, -8.55], "size": [6, 2, 0], "uv": [0, 48]}
					]
				},
				{
					"name": "angry_eyes",
					"parent": "head",
					"pivot": [0, 6.5, -8.55],
					"cubes": [
						{"origin": [-3, 4.5, -8.55], "size": [6, 2, 0], "uv": [0, 50]}
					]
				},
				{
					"name": "body",
					"parent": "body_root",
					"pivot": [0, 3, 6],
					"cubes": [
						{"origin": [-3.5, 2, -2], "size": [7, 6, 9], "uv": [0, 0]},
						{"origin": [-7.5, 1, -2], "size": [4, 8, 0], "pivot": [-3.5, 5, -2], "rotation": [0, 60, 0], "uv": [40, 31]},
						{"origin": [3.5, 1, -2], "size": [4, 8, 0], "pivot": [3.5, 5, -2], "rotation": [0, -60, 0], "uv": [40, 31], "mirror": true},
						{"origin": [-7.5, 1, 4], "size": [4, 8, 0], "pivot": [-3.5, 5, 4], "rotation": [0, 60, 0], "uv": [40, 31]},
						{"origin": [3.5, 1, 4], "size": [4, 8, 0], "pivot": [3.5, 5, 4], "rotation": [0, -60, 0], "uv": [40, 31], "mirror": true},
						{"origin": [-7.5, 1, 1], "size": [4, 8, 0], "pivot": [-3.5, 5, 1], "rotation": [0, 60, 0], "uv": [40, 16]},
						{"origin": [3.5, 1, 1], "size": [4, 8, 0], "pivot": [3.5, 5, 1], "rotation": [0, -60, 0], "uv": [40, 16], "mirror": true},
						{"origin": [-4.5, 8, -2], "size": [9, 4, 0], "pivot": [0, 8, -2], "rotation": [-60, 0, 0], "uv": [33, 11]},
						{"origin": [-4.5, 8, 4], "size": [9, 4, 0], "pivot": [0, 8, 4], "rotation": [-60, 0, 0], "uv": [33, 11]},
						{"origin": [-4.5, 2, -2], "size": [9, 4, 0], "pivot": [0, 2, -2], "rotation": [-60, 0, -180], "uv": [33, 11]},
						{"origin": [-4.5, 2, 4], "size": [9, 4, 0], "pivot": [0, 2, 4], "rotation": [-60, 0, -180], "uv": [33, 11]},
						{"origin": [-4.5, 2, 1], "size": [9, 4, 0], "pivot": [0, 2, 1], "rotation": [-60, 0, -180], "uv": [33, 6]},
						{"origin": [-4.5, 8, 1], "size": [9, 4, 0], "pivot": [0, 8, 1], "rotation": [-60, 0, 0], "uv": [33, 6]},
						{"origin": [-3, 2.5, -2.5], "size": [6, 5, 1], "uv": [14, 38]},
						{"origin": [-3, 2.5, 6.5], "size": [6, 5, 1], "uv": [14, 38]}
					]
				},
				{
					"name": "tail",
					"parent": "body",
					"pivot": [0, 5, 7.5],
					"cubes": [
						{"origin": [-3, 2, 11.5], "size": [6, 6, 0], "uv": [0, 39]},
						{"origin": [-3, 2, 6.5], "size": [0, 6, 8], "pivot": [-3, 5, 11.5], "rotation": [0, -25, 0], "uv": [0, 24]},
						{"origin": [3, 2, 6.5], "size": [0, 6, 8], "pivot": [3, 5, 11.5], "rotation": [0, 25, 0], "uv": [0, 24], "mirror": true},
						{"origin": [-3, 8, 6.5], "size": [6, 0, 8], "pivot": [0, 8, 11.5], "rotation": [25, 0, 0], "uv": [0, 16]},
						{"origin": [-3, 2, 6.5], "size": [6, 0, 8], "pivot": [0, 2, 11.5], "rotation": [25, 0, -180], "uv": [0, 16]}
					]
				},
				{
					"name": "front_legs",
					"parent": "body_root",
					"pivot": [0, 3, -1],
					"cubes": [
						{"origin": [-3.5, 0, -2], "size": [2, 3, 2], "uv": [38, 40]},
						{"origin": [1.5, 0, -2], "size": [2, 3, 2], "uv": [38, 40], "mirror": true}
					]
				},
				{
					"name": "back_legs",
					"parent": "zigzagoon",
					"pivot": [0, 1.5, 6],
					"cubes": [
						{"origin": [-3.5, 0, 3], "size": [2.5, 1.5, 3], "uv": [40, 0]},
						{"origin": [1, 0, 3], "size": [2.5, 1.5, 3], "uv": [40, 0], "mirror": true}
					]
				}
			]
		},
		{
			"description": {
				"identifier": "geometry.serpzigzagoon_aura",
				"texture_width": 64,
				"texture_height": 64,
				"visible_bounds_width": 3,
				"visible_bounds_height": 2.5,
				"visible_bounds_offset": [0, 0.75, 0]
			},
			"bones": [
				{
					"name": "zigzagoon",
					"pivot": [0, 0, 0]
				},
				{
					"name": "body_root",
					"parent": "zigzagoon",
					"pivot": [0, 3, 6]
				},
				{
					"name": "head",
					"parent": "body_root",
					"pivot": [0, 5, -3],
					"cubes": [
						{"origin": [-2.5, 2.5, -8], "size": [5, 5, 5], "inflate": 0.25, "uv": [24, 20]},
						{"origin": [-2, 2.5, -3.5], "size": [4, 4.5, 1], "inflate": 0.25, "uv": [8, 25]},
						{"origin": [-2, 2.5, -8.5], "size": [4, 4.5, 1], "inflate": 0.25, "uv": [8, 25]},
						{"origin": [-1, 4, -10], "size": [2, 1, 2], "inflate": 0.25, "uv": [29, 42]},
						{"origin": [-1, 3, -10], "size": [2, 1, 0], "inflate": 0.25, "uv": [0, 22]},
						{"origin": [-1, 3, -9.5], "size": [2, 1, 1], "inflate": 0.25, "uv": [24, 6]},
						{"origin": [-1, 4, -10], "size": [1, 1, 2.5], "inflate": 0.25, "pivot": [-1, 4, -10], "rotation": [0, -36.8, 0], "uv": [21, 19]},
						{"origin": [0, 4, -10], "size": [1, 1, 2.5], "inflate": 0.25, "pivot": [1, 4, -10], "rotation": [0, 36.8, 0], "uv": [21, 19], "mirror": true},
						{"origin": [-1, 3, -10], "size": [0, 1, 2.5], "inflate": 0.25, "pivot": [-1, 4, -10], "rotation": [0, -36.8, 0], "uv": [24, 0]},
						{"origin": [1, 3, -10], "size": [0, 1, 2.5], "inflate": 0.25, "pivot": [1, 4, -10], "rotation": [0, 36.8, 0], "uv": [24, 0], "mirror": true},
						{"origin": [-1, 3, -9.5], "size": [1, 1, 2], "inflate": 0.25, "pivot": [-1, 3.5, -9.5], "rotation": [0, -36.8, 0], "uv": [0, 25]},
						{"origin": [0, 3, -9.5], "size": [1, 1, 2], "inflate": 0.25, "pivot": [1, 3.5, -9.5], "rotation": [0, 36.8, 0], "uv": [0, 25], "mirror": true},
						{"origin": [-4.5, 7.5, -7], "size": [3, 5, 0], "inflate": 0.25, "pivot": [-1.5, 7.5, -7], "rotation": [-50, 20, -50], "uv": [0, 16]},
						{"origin": [1.5, 7.5, -7], "size": [3, 5, 0], "inflate": 0.25, "pivot": [1.5, 7.5, -7], "rotation": [-50, -20, 50], "uv": [0, 16], "mirror": true},
						{"origin": [-2.5, 7.5, -8], "size": [5, 0, 5], "inflate": 0.25, "pivot": [0, 7.5, -8], "rotation": [20, 0, 0], "uv": [24, 0]},
						{"origin": [-2.5, 2.5, -8], "size": [0, 5, 5], "inflate": 0.25, "pivot": [-2.5, 6, -8], "rotation": [0, -20, 0], "uv": [29, 31]},
						{"origin": [2.5, 2.5, -8], "size": [0, 5, 5], "inflate": 0.25, "pivot": [2.5, 6, -8], "rotation": [0, 20, 0], "uv": [29, 31], "mirror": true}
					]
				},
				{
					"name": "open_eyes",
					"parent": "head",
					"pivot": [0, 6.5, -8.55],
					"cubes": [
						{"origin": [-3, 4.5, -8.55], "size": [6, 2, 0], "inflate": 0.25, "uv": [0, 46]}
					]
				},
				{
					"name": "closed_eyes",
					"parent": "head",
					"pivot": [0, 6.5, -8.55],
					"cubes": [
						{"origin": [-3, 4.5, -8.55], "size": [6, 2, 0], "inflate": 0.25, "uv": [0, 48]}
					]
				},
				{
					"name": "angry_eyes",
					"parent": "head",
					"pivot": [0, 6.5, -8.55],
					"cubes": [
						{"origin": [-3, 4.5, -8.55], "size": [6, 2, 0], "inflate": 0.25, "uv": [0, 50]}
					]
				},
				{
					"name": "body",
					"parent": "body_root",
					"pivot": [0, 3, 6],
					"cubes": [
						{"origin": [-3.5, 2, -2], "size": [7, 6, 9], "inflate": 0.25, "uv": [0, 0]},
						{"origin": [-7.5, 1, -2], "size": [4, 8, 0], "inflate": 0.25, "pivot": [-3.5, 5, -2], "rotation": [0, 60, 0], "uv": [40, 31]},
						{"origin": [3.5, 1, -2], "size": [4, 8, 0], "inflate": 0.25, "pivot": [3.5, 5, -2], "rotation": [0, -60, 0], "uv": [40, 31], "mirror": true},
						{"origin": [-7.5, 1, 4], "size": [4, 8, 0], "inflate": 0.25, "pivot": [-3.5, 5, 4], "rotation": [0, 60, 0], "uv": [40, 31]},
						{"origin": [3.5, 1, 4], "size": [4, 8, 0], "inflate": 0.25, "pivot": [3.5, 5, 4], "rotation": [0, -60, 0], "uv": [40, 31], "mirror": true},
						{"origin": [-7.5, 1, 1], "size": [4, 8, 0], "inflate": 0.25, "pivot": [-3.5, 5, 1], "rotation": [0, 60, 0], "uv": [40, 16]},
						{"origin": [3.5, 1, 1], "size": [4, 8, 0], "inflate": 0.25, "pivot": [3.5, 5, 1], "rotation": [0, -60, 0], "uv": [40, 16], "mirror": true},
						{"origin": [-4.5, 8, -2], "size": [9, 4, 0], "inflate": 0.25, "pivot": [0, 8, -2], "rotation": [-60, 0, 0], "uv": [33, 11]},
						{"origin": [-4.5, 8, 4], "size": [9, 4, 0], "inflate": 0.25, "pivot": [0, 8, 4], "rotation": [-60, 0, 0], "uv": [33, 11]},
						{"origin": [-4.5, 2, -2], "size": [9, 4, 0], "inflate": 0.25, "pivot": [0, 2, -2], "rotation": [-60, 0, -180], "uv": [33, 11]},
						{"origin": [-4.5, 2, 4], "size": [9, 4, 0], "inflate": 0.25, "pivot": [0, 2, 4], "rotation": [-60, 0, -180], "uv": [33, 11]},
						{"origin": [-4.5, 2, 1], "size": [9, 4, 0], "inflate": 0.25, "pivot": [0, 2, 1], "rotation": [-60, 0, -180], "uv": [33, 6]},
						{"origin": [-4.5, 8, 1], "size": [9, 4, 0], "inflate": 0.25, "pivot": [0, 8, 1], "rotation": [-60, 0, 0], "uv": [33, 6]},
						{"origin": [-3, 2.5, -2.5], "size": [6, 5, 1], "inflate": 0.25, "uv": [14, 38]},
						{"origin": [-3, 2.5, 6.5], "size": [6, 5, 1], "inflate": 0.25, "uv": [14, 38]}
					]
				},
				{
					"name": "tail",
					"parent": "body",
					"pivot": [0, 5, 7.5],
					"cubes": [
						{"origin": [-3, 2, 11.5], "size": [6, 6, 0], "inflate": 0.25, "uv": [0, 39]},
						{"origin": [-3, 2, 6.5], "size": [0, 6, 8], "inflate": 0.25, "pivot": [-3, 5, 11.5], "rotation": [0, -25, 0], "uv": [0, 24]},
						{"origin": [3, 2, 6.5], "size": [0, 6, 8], "inflate": 0.25, "pivot": [3, 5, 11.5], "rotation": [0, 25, 0], "uv": [0, 24], "mirror": true},
						{"origin": [-3, 8, 6.5], "size": [6, 0, 8], "inflate": 0.25, "pivot": [0, 8, 11.5], "rotation": [25, 0, 0], "uv": [0, 16]},
						{"origin": [-3, 2, 6.5], "size": [6, 0, 8], "inflate": 0.25, "pivot": [0, 2, 11.5], "rotation": [25, 0, -180], "uv": [0, 16]}
					]
				},
				{
					"name": "front_legs",
					"parent": "body_root",
					"pivot": [0, 3, -1],
					"cubes": [
						{"origin": [-3.5, 0, -2], "size": [2, 3, 2], "inflate": 0.25, "uv": [38, 40]},
						{"origin": [1.5, 0, -2], "size": [2, 3, 2], "inflate": 0.25, "uv": [38, 40], "mirror": true}
					]
				},
				{
					"name": "back_legs",
					"parent": "zigzagoon",
					"pivot": [0, 1.5, 6],
					"cubes": [
						{"origin": [-3.5, 0, 3], "size": [2.5, 1.5, 3], "inflate": 0.25, "uv": [40, 0]},
						{"origin": [1, 0, 3], "size": [2.5, 1.5, 3], "inflate": 0.25, "uv": [40, 0], "mirror": true}
					]
				}
			]
		}
	]
}