{
	"format_version": "1.12.0",
	"minecraft:geometry": [
		{
			"description": {
				"identifier": "geometry.serplinoone",
				"texture_width": 64,
				"texture_height": 64,
				"visible_bounds_width": 3,
				"visible_bounds_height": 2.5,
				"visible_bounds_offset": [0, 0.75, 0]
			},
			"bones": [
				{
					"name": "linoone",
					"pivot": [0, 0, 0]
				},
				{
					"name": "body_root",
					"parent": "linoone",
					"pivot": [0, 2, 6]
				},
				{
					"name": "head",
					"parent": "body_root",
					"pivot": [0, 5.5, -5],
					"cubes": [
						{"origin": [-3, 3, -10], "size": [6, 4.5, 5], "uv": [22, 20]},
						{"origin": [-1, 3, -13.5], "size": [2, 1, 4], "uv": [33, 9]},
						{"origin": [-3, 7.5, -9], "size": [0, 2, 3], "pivot": [-3, 7.5, -8], "rotation": [0, 0, -15], "uv": [42, 7]},
						{"origin": [3, 7.5, -9], "size": [0, 2, 3], "pivot": [3, 7.5, -8], "rotation": [0, 0, 15], "uv": [42, 7], "mirror": true},
						{"origin": [-2.5, 3.5, -10.5], "size": [5, 4, 1], "uv": [40, 16]},
						{"origin": [-1, 3.5, -14], "size": [2, 1.5, 4], "uv": [24, 38]},
						{"origin": [-1, 3, -14], "size": [2, 2, 4.3], "pivot": [0, 5, -14], "rotation": [35.5, 0, 0], "uv": [34, 34]},
						{"origin": [-2.5, 7.499, -12.8], "size": [5, 0, 2.3], "pivot": [0, 7.5, -10.5], "rotation": [34.5, 0, 0], "uv": [43, 41]},
						{"origin": [-1, 3, -13.5], "size": [2, 1, 3.9], "pivot": [-1, 3.5, -13.5], "rotation": [0, -25, 0], "uv": [12, 37]},
						{"origin": [-1, 3, -13.5], "size": [2, 1, 3.9], "pivot": [1, 3.5, -13.5], "rotation": [0, 25, 0], "uv": [12, 37], "mirror": true},
						{"origin": [-1.50068, 3.5, -14.11803], "size": [2, 1.5, 4.47], "pivot": [-1.5, 3, -13], "rotation": [0, -26.6, 0], "uv": [11, 36]},
						{"origin": [-1, 3.5, -14], "size": [2, 1.5, 4.47], "pivot": [1, 3.5, -14], "rotation": [0, 26.6, 0], "uv": [11, 36], "mirror": true}
					]
				},
				{
					"name": "open_eyes",
					"parent": "head",
					"pivot": [0, 7.5, -11.55],
					"cubes": [
						{"origin": [-3, 5, -13], "size": [0, 2, 3], "pivot": [-3, 6, -10], "rotation": [0, -45, 0], "uv": [0, 44]},
						{"origin": [3, 5, -13], "size": [0, 2, 3], "pivot": [3, 6, -10], "rotation": [0, 45, 0], "uv": [0, 44], "mirror": true}
					]
				},
				{
					"name": "closed_eyes",
					"parent": "head",
					"pivot": [0, 7.5, -11.55],
					"cubes": [
						{"origin": [-3, 5, -13], "size": [0, 2, 3], "pivot": [-3, 6, -10], "rotation": [0, -45, 0], "uv": [0, 46]},
						{"origin": [3, 5, -13], "size": [0, 2, 3], "pivot": [3, 6, -10], "rotation": [0, 45, 0], "uv": [0, 46], "mirror": true}
					]
				},
				{
					"name": "angry_eyes",
					"parent": "head",
					"pivot": [0, 7.5, -11.55],
					"cubes": [
						{"origin": [-3, 5, -13], "size": [0, 2, 3], "pivot": [-3, 6, -10], "rotation": [0, -45, 0], "uv": [0, 48]},
						{"origin": [3, 5, -13], "size": [0, 2, 3], "pivot": [3, 6, -10], "rotation": [0, 45, 0], "uv": [0, 48], "mirror": true}
					]
				},
				{
					"name": "body",
					"parent": "body_root",
					"pivot": [0, 2, 6],
					"rotation": [-5, 0, 0],
					"cubes": [
						{"origin": [-3.5, 1, 1], "size": [7, 6, 6], "uv": [0, 0]},
						{"origin": [-3.5, 1, -5], "size": [7, 2, 6], "pivot": [0, 1, 1], "rotation": [-10, 0, 0], "uv": [21, 7]},
						{"origin": [-3.5, 2, -5], "size": [7, 5, 6], "uv": [0, 13]},
						{"origin": [-7.5, 1.5, -5], "size": [4, 6, 0], "pivot": [-3.5, 4.5, -5], "rotation": [0, 60, 0], "uv": [0, 40]},
						{"origin": [3.5, 1.5, -5], "size": [4, 6, 0], "pivot": [3.5, 4.5, -5], "rotation": [0, -60, 0], "uv": [0, 40], "mirror": true},
						{"origin": [-3, 2.5, -5.5], "size": [6, 4, 1], "inflate": -0.02, "uv": [0, 34]},
						{"origin": [-3, 1.5, 6.5], "size": [6, 5, 1], "uv": [23, 31]}
					]
				},
				{
					"name": "tail",
					"parent": "body",
					"pivot": [0, 6.5, 7.5],
					"rotation": [-30, 0, 0],
					"cubes": [
						{"origin": [-3, 4.5, 7.5], "size": [6, 2, 5], "uv": [0, 26]},
						{"origin": [-3, 4.5, 12.5], "size": [6, 2, 4], "pivot": [1, 4.5, 12.5], "rotation": [20, 0, 0], "uv": [27, 0]}
					]
				},
				{
					"name": "front_legs",
					"parent": "body_root",
					"pivot": [0, 4, -4],
					"cubes": [
						{"origin": [-3.5, 0, -5], "size": [2, 4, 2], "uv": [9, 43]},
						{"origin": [1.5, 0, -5], "size": [2, 4, 2], "uv": [9, 43], "mirror": true},
						{"origin": [-3.5, 1, -7], "size": [2, 0, 2], "pivot": [-2, 1, -5], "rotation": [30, 0, 0], "uv": [21, 0]},
						{"origin": [1.5, 1, -7], "size": [2, 0, 2], "pivot": [2, 1, -5], "rotation": [30, 0, 0], "uv": [21, 0], "mirror": true}
					]
				},
				{
					"name": "back_legs",
					"parent": "linoone",
					"pivot": [0, 1.5, 6],
					"cubes": [
						{"origin": [-3.5, 0, 3], "size": [2.5, 1.5, 3], "uv": [37, 41]},
						{"origin": [1, 0, 3], "size": [2.5, 1.5, 3], "uv": [37, 41], "mirror": true},
						{"origin": [-3.5, 1, 1], "size": [2.5, 0, 2], "pivot": [0, 1, 3], "rotation": [30, 0, 0], "uv": [21, 0]},
						{"origin": [1, 1, 1], "size": [2.5, 0, 2], "pivot": [0, 1, 3], "rotation": [30, 0, 0], "uv": [21, 0], "mirror": true}
					]
				}
			]
		},
		{
			"description": {
				"identifier": "geometry.serplinoone_aura",
				"texture_width": 64,
				"texture_height": 64,
				"visible_bounds_width": 3,
				"visible_bounds_height": 2.5,
				"visible_bounds_offset": [0, 0.75, 0]
			},
			"bones": [
				{
					"name": "linoone",
					"pivot": [0, 0, 0]
				},
				{
					"name": "body_root",
					"parent": "linoone",
					"pivot": [0, 2, 6]
				},
				{
					"name": "head",
					"parent": "body_root",
					"pivot": [0, 5.5, -5],
					"cubes": [
						{"origin": [-3, 3, -10], "size": [6, 4.5, 5], "inflate": 0.25, "uv": [22, 20]},
						{"origin": [-1, 3, -13.5], "size": [2, 1, 4], "inflate": 0.25, "uv": [33, 9]},
						{"origin": [-3, 7.5, -9], "size": [0, 2, 3], "inflate": 0.25, "pivot": [-3, 7.5, -8], "rotation": [0, 0, -15], "uv": [42, 7]},
						{"origin": [3, 7.5, -9], "size": [0, 2, 3], "inflate": 0.25, "pivot": [3, 7.5, -8], "rotation": [0, 0, 15], "uv": [42, 7], "mirror": true},
						{"origin": [-2.5, 3.5, -10.5], "size": [5, 4, 1], "inflate": 0.25, "uv": [40, 16]},
						{"origin": [-1, 3.5, -14], "size": [2, 1.5, 4], "inflate": 0.25, "uv": [24, 38]},
						{"origin": [-1, 3, -14], "size": [2, 2, 4.3], "inflate": 0.25, "pivot": [0, 5, -14], "rotation": [35.5, 0, 0], "uv": [34, 34]},
						{"origin": [-2.5, 7.499, -12.8], "size": [5, 0, 2.3], "inflate": 0.25, "pivot": [0, 7.5, -10.5], "rotation": [34.5, 0, 0], "uv": [43, 41]},
						{"origin": [-1, 3, -13.5], "size": [2, 1, 3.9], "inflate": 0.25, "pivot": [-1, 3.5, -13.5], "rotation": [0, -25, 0], "uv": [12, 37]},
						{"origin": [-1, 3, -13.5], "size": [2, 1, 3.9], "inflate": 0.25, "pivot": [1, 3.5, -13.5], "rotation": [0, 25, 0], "uv": [12, 37], "mirror": true},
						{"origin": [-1.50068, 3.5, -14.11803], "size": [2, 1.5, 4.47], "inflate": 0.25, "pivot": [-1.5, 3, -13], "rotation": [0, -26.6, 0], "uv": [11, 36]},
						{"origin": [-1, 3.5, -14], "size": [2, 1.5, 4.47], "inflate": 0.25, "pivot": [1, 3.5, -14], "rotation": [0, 26.6, 0], "uv": [11, 36], "mirror": true}
					]
				},
				{
					"name": "open_eyes",
					"parent": "head",
					"pivot": [0, 7.5, -11.55],
					"cubes": [
						{"origin": [-3, 5, -13], "size": [0, 2, 3], "inflate": 0.25, "pivot": [-3, 6, -10], "rotation": [0, -45, 0], "uv": [42, 28]},
						{"origin": [3, 5, -13], "size": [0, 2, 3], "inflate": 0.25, "pivot": [3, 6, -10], "rotation": [0, 45, 0], "uv": [42, 28], "mirror": true}
					]
				},
				{
					"name": "body",
					"parent": "body_root",
					"pivot": [0, 2, 6],
					"rotation": [-5, 0, 0],
					"cubes": [
						{"origin": [-3.5, 1, 1], "size": [7, 6, 6], "inflate": 0.25, "uv": [0, 0]},
						{"origin": [-3.5, 1, -5], "size": [7, 2, 6], "inflate": 0.25, "pivot": [0, 1, 1], "rotation": [-10, 0, 0], "uv": [21, 7]},
						{"origin": [-3.5, 2, -5], "size": [7, 5, 6], "inflate": 0.25, "uv": [0, 13]},
						{"origin": [-7.5, 1.5, -5], "size": [4, 6, 0], "inflate": 0.25, "pivot": [-3.5, 4.5, -5], "rotation": [0, 60, 0], "uv": [0, 40]},
						{"origin": [3.5, 1.5, -5], "size": [4, 6, 0], "inflate": 0.25, "pivot": [3.5, 4.5, -5], "rotation": [0, -60, 0], "uv": [0, 40], "mirror": true},
						{"origin": [-3, 2.5, -5.5], "size": [6, 4, 1], "inflate": 0.25, "uv": [0, 34]},
						{"origin": [-3, 1.5, 6.5], "size": [6, 5, 1], "inflate": 0.25, "uv": [23, 31]}
					]
				},
				{
					"name": "tail",
					"parent": "body",
					"pivot": [0, 6.5, 7.5],
					"rotation": [-30, 0, 0],
					"cubes": [
						{"origin": [-3, 4.5, 7.5], "size": [6, 2, 5], "inflate": 0.25, "uv": [0, 26]},
						{"origin": [-3, 4.5, 12.5], "size": [6, 2, 4], "inflate": 0.25, "pivot": [1, 4.5, 12.5], "rotation": [20, 0, 0], "uv": [27, 0]}
					]
				},
				{
					"name": "front_legs",
					"parent": "body_root",
					"pivot": [0, 4, -4],
					"cubes": [
						{"origin": [-3.5, 0, -5], "size": [2, 4, 2], "inflate": 0.25, "uv": [9, 43]},
						{"origin": [1.5, 0, -5], "size": [2, 4, 2], "inflate": 0.25, "uv": [9, 43], "mirror": true},
						{"origin": [-3.5, 1, -7], "size": [2, 0, 2], "inflate": 0.25, "pivot": [-2, 1, -5], "rotation": [30, 0, 0], "uv": [21, 0]},
						{"origin": [1.5, 1, -7], "size": [2, 0, 2], "inflate": 0.25, "pivot": [2, 1, -5], "rotation": [30, 0, 0], "uv": [21, 0], "mirror": true}
					]
				},
				{
					"name": "back_legs",
					"parent": "linoone",
					"pivot": [0, 1.5, 6],
					"cubes": [
						{"origin": [-3.5, 0, 3], "size": [2.5, 1.5, 3], "inflate": 0.25, "uv": [37, 41]},
						{"origin": [1, 0, 3], "size": [2.5, 1.5, 3], "inflate": 0.25, "uv": [37, 41], "mirror": true},
						{"origin": [-3.5, 1, 1], "size": [2.5, 0, 2], "inflate": 0.25, "pivot": [0, 1, 3], "rotation": [30, 0, 0], "uv": [21, 0]},
						{"origin": [1, 1, 1], "size": [2.5, 0, 2], "inflate": 0.25, "pivot": [0, 1, 3], "rotation": [30, 0, 0], "uv": [21, 0], "mirror": true}
					]
				}
			]
		}
	]
}