{
  "format_version":"1.16.100",
  "minecraft:item":{
    "description":{
      "identifier":"serp:key_shard_natural",
      "category":"Nature"
    },
    "components":{
      "minecraft:display_name":{
    "value":"item.serp:key_shard_natural.name"
      },
      "minecraft:icon":{"texture":"key_shard_natural"},
      "minecraft:max_stack_size":64,
      "minecraft:render_offsets":{
        "main_hand":{
"first_person":{"scale":[0.01,0.01,0.01]},
"third_person":{"scale":[0.03,0.03,0.03]}
        }
      }
    }
  }
}