{
  "format_version": "1.16.100",
  "minecraft:item": {
    "description": {
      "identifier": "serp:mega_ring",
      "category": "Nature"
    },
    "components": {
      "minecraft:display_name":{
        "value":"item.serp:mega_ring.name"
         },

      "minecraft:allow_off_hand": true,
      "minecraft:stacked_by_data": true,
      "minecraft:max_stack_size": 1,
      "minecraft:icon": {
        "texture": "mega_ring"
      },
  "minecraft:render_offsets": {
        "main_hand": {
"first_person":{"scale": [0.01,0.01,0.01]},
"third_person":{"scale": [0.03,0.03,0.03]}},
        "off_hand": {
"first_person":{"scale":[0.01,0.01,0.01]},
"third_person":{"scale":[0.03,0.03,0.03]}}
      }
    }
  }
}