{
  "format_version":"1.10.0",
  "minecraft:client_entity":{
    "description":{
      "identifier":"pokemon:p131",
      "materials":{"default":"entity_emissive_alpha","aura":"charged_creeper"},
      "textures":{
    "hp":"textures/ui/hp",
    "max_aura":"textures/entity/aura/max",
    "totem_aura":"textures/entity/aura/totem",
    "default":"textures/entity/normal/lapras/lapras",
    "default_s":"textures/entity/shiny/lapras/lapras",
    "max":"textures/entity/normal/lapras/lapras",
    "max_s":"textures/entity/shiny/lapras/lapras"
      },
      "geometry":{
    "hp":"geometry.health_bar",
    "aura":"geometry.serplapras_aura",
    "default":"geometry.serplapras",
    "max":"geometry.serplapras"
      },
      "animations":{
    "health_bar":"animation.lapras.health_bar",
    "eyes_controller":"controller.animation.eyes",
    "open":"animation.serpmob.open",
    "close":"animation.serpmob.close",
    "angry":"animation.serpmob.angry",
    "fainted":"animation.serpmob.fainted",
    "quiet":"animation.lapras.quiet",
    "walk":"animation.lapras.walk",
    "sit":"animation.lapras.sitting",
    "attack":"animation.lapras.attack",
    "jump":"animation.lapras.jump",
    "swimming":"animation.lapras.swimming",
    "sink":"animation.lapras.sink",
    "look_at_target":"animation.common.look_at_target",
    "direction":"animation.lapras.direction",
    "direction_rider":"animation.lapras.direction_rider",
    "main_controller":"controller.animation.pokemon_swim",
    "effects_controller":"controller.animation.effects"
      },
      "particle_effects":{
    "shiny":"serp:shiny"
      },
      "scripts":{
        "scale":"1.5",
        "animate":["effects_controller","main_controller",{"direction_rider":"query.has_rider"}]
      },
      "render_controllers":[{"controller.render.pokemon_a":"query.property('serp:v')>=0&&query.property('serp:v')<=2"},{"controller.render.pokemons_a":"query.property('serp:v')>=3&&query.property('serp:v')<=5"},{"controller.render.max":"query.variant==4"},{"controller.render.totem":"query.variant==6"},"controller.render.hp"]
    }
  }
}