{
  "format_version":"1.8.0",
    "minecraft:spawn_rules":{
      "description":{
        "identifier":"serp:pokemon1",
        "population_control":"animal"
      },
      "conditions":[
      {
      "minecraft:spawns_on_surface":{},
      "minecraft:density_limit":{"surface":1},
      "minecraft:spawns_on_block_filter":["minecraft:grass"],
      "minecraft:herd":{"min_size":1,"max_size":2},
      "minecraft:permute_type":[
{"weight":10,"entity_type":"pokemon:p3"},
{"weight":30,"entity_type":"pokemon:p2"},
{"weight":60,"entity_type":"pokemon:p1"}
      ],
      "minecraft:delay_filter":{"min":3,"max":6,"identifier":"serp:despawn","spawn_chance":20},
      "minecraft:biome_filter":{"test":"has_biome_tag","value":"forest"}
      },
      {
      "minecraft:spawns_on_surface":{},
      "minecraft:density_limit":{"surface":1},
      "minecraft:spawns_on_block_filter":["minecraft:sand"],
      "minecraft:herd":{"min_size":1,"max_size":2},
      "minecraft:permute_type":[
  {"weight":10,"entity_type":"pokemon:p6"},
  {"weight":30,"entity_type":"pokemon:p5"},
  {"weight":60,"entity_type":"pokemon:p4"}
      ],
      "minecraft:delay_filter":{"min":3,"max":6,"identifier":"serp:despawn","spawn_chance":20},
      "minecraft:biome_filter":{"test":"has_biome_tag","value":"mesa"}
      },
      {
      "minecraft:spawns_on_surface":{},
      "minecraft:density_limit":{"surface":1},
      "minecraft:spawns_on_block_filter":["minecraft:grass","minecraft:sand"],
      "minecraft:herd":{"min_size":1,"max_size":2},
      "minecraft:permute_type":[
{"weight":10,"entity_type":"pokemon:p9"},
{"weight":30,"entity_type":"pokemon:p8"},
{"weight":60,"entity_type":"pokemon:p7"}
      ],
      "minecraft:delay_filter":{"min":3,"max":6,"identifier":"serp:despawn","spawn_chance":20},
      "minecraft:biome_filter":{"test":"has_biome_tag","value":"beach"}
      },
      {
      "minecraft:spawns_on_surface":{},
      "minecraft:density_limit":{"surface":5},
      "minecraft:spawns_on_block_filter":["minecraft:grass"],
      "minecraft:herd":{"min_size":3,"max_size":4},
      "minecraft:permute_type":[
{"weight":10,"entity_type":"pokemon:p12"},
{"weight":30,"entity_type":"pokemon:p11"},
{"weight":60,"entity_type":"pokemon:p10"}
      ],
      "minecraft:delay_filter":{"min":3,"max":6,"identifier":"serp:despawn","spawn_chance":80},
"minecraft:biome_filter":{"test":"has_biome_tag","value":"forest"}
      },
      {
      "minecraft:spawns_on_surface":{},
      "minecraft:density_limit":{"surface":5},
      "minecraft:spawns_on_block_filter":["minecraft:grass"],
      "minecraft:herd":{"min_size":3,"max_size":4},
      "minecraft:permute_type":[
{"weight":30,"entity_type":"pokemon:p14"},
{"weight":70,"entity_type":"pokemon:p13"}
      ],
      "minecraft:delay_filter":{"min":3,"max":6,"identifier":"serp:despawn","spawn_chance":80},
      "minecraft:biome_filter":{"test":"has_biome_tag","value":"forest"}
      },
      {
      "minecraft:spawns_on_surface":{},
      "minecraft:density_limit":{"surface":3},
      "minecraft:spawns_on_block_filter":["minecraft:grass"],
      "minecraft:herd":{"min_size":3,"max_size":4},
      "minecraft:permute_type":[
{"entity_type":"pokemon:p15"}
      ],
      "minecraft:delay_filter":{"min":3,"max":6,"identifier":"serp:despawn","spawn_chance":80},
"minecraft:biome_filter":{"test":"has_biome_tag","value":"flower_forest"}
      },
      {
      "minecraft:spawns_on_surface":{},
      "minecraft:density_limit":{"surface":5},
      "minecraft:spawns_on_block_filter":["minecraft:grass","minecraft:sand","minecraft:snow_layer"],
      "minecraft:herd":{"min_size":3,"max_size":4},
      "minecraft:permute_type":[
{"weight":10,"entity_type":"pokemon:p18"},
{"weight":30,"entity_type":"pokemon:p17"},
{"weight":60,"entity_type":"pokemon:p16"}
      ],
      "minecraft:delay_filter":{"min":3,"max":6,"identifier":"serp:despawn","spawn_chance":80},
"minecraft:biome_filter":{"test":"has_biome_tag","operator":"!=","value":"ocean"}
      },
      {
      "minecraft:spawns_on_surface":{},
      "minecraft:density_limit":{"surface":5},
      "minecraft:spawns_on_block_filter":["minecraft:grass","minecraft:sand","minecraft:snow_layer"],
      "minecraft:herd":{"min_size":3,"max_size":4},
      "minecraft:permute_type":[
{"weight":30,"entity_type":"pokemon:p20"},
{"weight":70,"entity_type":"pokemon:p19"}
      ],
      "minecraft:delay_filter":{"min":3,"max":6,"identifier":"serp:despawn","spawn_chance":80},
      "minecraft:biome_filter":{"test":"has_biome_tag","operator":"!=","value":"ocean"}
      },
      {
      "minecraft:spawns_on_surface":{},
      "minecraft:density_limit":{"surface":5},
      "minecraft:spawns_on_block_filter":["minecraft:grass","minecraft:sand","minecraft:snow_layer"],
      "minecraft:herd":{"min_size":3,"max_size":4},
      "minecraft:permute_type":[
{"entity_type":"pokemon:p21"}
      ],
      "minecraft:delay_filter":{"min":3,"max":6,"identifier":"serp:despawn","spawn_chance":80},
      "minecraft:biome_filter":{"test":"has_biome_tag","operator":"!=","value":"oocean"}
      },
      {
      "minecraft:spawns_on_surface":{},
      "minecraft:density_limit":{"surface":5},
      "minecraft:spawns_on_block_filter":["minecraft:grass","minecraft:sand","minecraft:snow_layer"],
      "minecraft:herd":{"min_size":3,"max_size":4},
      "minecraft:permute_type":[
{"entity_type":"pokemon:p22"}
      ],
      "minecraft:delay_filter":{"min":3,"max":6,"identifier":"serp:despawn","spawn_chance":80},
      "minecraft:biome_filter":{"test":"has_biome_tag","value":"extreme_hills"}
      },
      {
      "minecraft:spawns_on_surface":{},
      "minecraft:density_limit":{"surface":1},
      "minecraft:spawns_on_block_filter":["minecraft:grass"],
      "minecraft:herd":{"min_size":3,"max_size":4},
      "minecraft:permute_type":[
{"weight":30,"entity_type":"pokemon:p24"},
{"weight":70,"entity_type":"pokemon:p23"}
      ],
      "minecraft:delay_filter":{"min":3,"max":6,"identifier":"serp:despawn","spawn_chance":80},
      "minecraft:biome_filter":{"test":"has_biome_tag","value":"swamp"}
      },
      {
      "minecraft:spawns_on_surface":{},
      "minecraft:density_limit":{"surface":3},
      "minecraft:spawns_on_block_filter":["minecraft:grass"],
      "minecraft:herd":{"min_size":2,"max_size":4},
      "minecraft:permute_type":[
{"entity_type":"pokemon:p25"}
      ],
      "minecraft:delay_filter":{"min":3,"max":6,"identifier":"serp:despawn","spawn_chance":60},
      "minecraft:biome_filter":{"test":"has_biome_tag","value":"forest"}
      },
      {
      "minecraft:spawns_on_surface":{},
      "minecraft:density_limit":{"surface":3},
      "minecraft:spawns_on_block_filter":["minecraft:sand"],
      "minecraft:herd":{"min_size":2,"max_size":3},
      "minecraft:permute_type":[
{"weight":30,"entity_type":"pokemon:p28"},
{"weight":70,"entity_type":"pokemon:p27"}
      ],
      "minecraft:delay_filter":{"min":3,"max":6,"identifier":"serp:despawn","spawn_chance":60},
      "minecraft:biome_filter":{"test":"has_biome_tag","value":"desert"}
      },
      {
      "minecraft:spawns_on_surface":{},
      "minecraft:density_limit":{"surface":3},
      "minecraft:spawns_on_block_filter":["minecraft:grass","minecraft:snow_layer"],
      "minecraft:herd":{"min_size":2,"max_size":3},
      "minecraft:permute_type":[
{"weight":30,"entity_type":"pokemon:p30"},
{"weight":70,"entity_type":"pokemon:p29"}
      ],
      "minecraft:delay_filter":{"min":3,"max":6,"identifier":"serp:despawn","spawn_chance":60},
      "minecraft:biome_filter":{"test":"has_biome_tag","value":"forest"}
      },
      {
      "minecraft:spawns_on_surface":{},
      "minecraft:density_limit":{"surface":3},
      "minecraft:spawns_on_block_filter":["minecraft:grass","minecraft:snow_layer"],
      "minecraft:herd":{"min_size":2,"max_size":3},
      "minecraft:permute_type":[
{"weight":30,"entity_type":"pokemon:p33"},
{"weight":70,"entity_type":"pokemon:p32"}
      ],
      "minecraft:delay_filter":{"min":3,"max":6,"identifier":"serp:despawn","spawn_chance":60},
      "minecraft:biome_filter":{"test":"has_biome_tag","value":"forest"}
      },
      {
      "minecraft:spawns_on_surface":{},
      "minecraft:density_limit":{"surface":1},
      "minecraft:brightness_filter":{"min":5,"max":7,"adjust_for_weather":false},
      "minecraft:spawns_on_block_filter":["minecraft:grass","minecraft:stone"],
      "minecraft:herd":{"min_size":1,"max_size":2},
      "minecraft:permute_type":[
{"entity_type":"pokemon:p35"}
      ],
      "minecraft:delay_filter":{"min":3,"max":6,"identifier":"serp:despawn","spawn_chance":60},
      "minecraft:biome_filter":{"test":"has_biome_tag","operator":"!=","value":"ocean"}
      },
      {
      "minecraft:spawns_on_surface":{},
      "minecraft:density_limit":{"surface":3},
      "minecraft:spawns_on_block_filter":["minecraft:grass"],
      "minecraft:herd":{"min_size":1,"max_size":2},
      "minecraft:permute_type":[
{"entity_type":"pokemon:p37"}
      ],
      "minecraft:delay_filter":{"min":3,"max":6,"identifier":"serp:despawn","spawn_chance":60},
      "minecraft:biome_filter":{"all_of":[{"test":"has_biome_tag","value":"roofed"},{"test":"has_biome_tag","value":"forest"}]
        }
      },
      {
      "minecraft:spawns_on_surface":{},
      "minecraft:density_limit":{"surface":1},
      "minecraft:spawns_on_block_filter":["minecraft:stone"],
      "minecraft:herd":{"min_size":1,"max_size":2},
      "minecraft:permute_type":[
{"entity_type":"pokemon:p39"}
      ],
      "minecraft:delay_filter":{"min":3,"max":6,"identifier":"serp:despawn","spawn_chance":60},
      "minecraft:biome_filter":{"test":"has_biome_tag","value":"monster"}
      },
      {
      "minecraft:spawns_underground":{},
      "minecraft:density_limit":{"surface":5,"underground":10},
      "minecraft:spawns_on_block_filter":["minecraft:stone","minecraft:deepslate"],
      "minecraft:herd":{"min_size":5,"max_size":7},
      "minecraft:permute_type":[
{"weight":30,"entity_type":"pokemon:p42"},
{"weight":70,"entity_type":"pokemon:p41"}
      ],
      "minecraft:delay_filter":{"min":3,"max":6,"identifier":"serp:despawn","spawn_chance":40},
      "minecraft:brightness_filter":{"min":5,"max":7,"adjust_for_weather":false},
      "minecraft:biome_filter":{"test":"has_biome_tag","value":"monster"}
      },
      {
      "minecraft:spawns_on_surface":{},
      "minecraft:density_limit":{"surface":5},
      "minecraft:spawns_on_block_filter":["minecraft:grass","minecraft:dirt"],
      "minecraft:herd":{"min_size":3,"max_size":4},
      "minecraft:permute_type":[
{"weight":30,"entity_type":"pokemon:p44"},
{"weight":70,"entity_type":"pokemon:p43"}
      ],
      "minecraft:delay_filter":{"min":3,"max":6,"identifier":"serp:despawn","spawn_chance":80},
      "minecraft:biome_filter":{"all_of":[{"test":"has_biome_tag","value":"birch"},{"test":"has_biome_tag","value":"forest"}]}
      },
      {
      "minecraft:spawns_on_surface":{},
      "minecraft:density_limit":{"surface":3},
      "minecraft:spawns_on_block_filter":["minecraft:grass"],
      "minecraft:herd":{"min_size":2,"max_size":4},
      "minecraft:permute_type":[
{"weight":20,"entity_type":"pokemon:p47"},
{"weight":70,"entity_type":"pokemon:p46"}
      ],
      "minecraft:delay_filter":{"min":3,"max":6,"identifier":"serp:despawn","spawn_chance":60},
      "minecraft:biome_filter":{"test":"has_biome_tag","value":"plains"}
      },
      {
      "minecraft:spawns_on_surface":{},
      "minecraft:density_limit":{"surface":3},
      "minecraft:spawns_on_block_filter":["minecraft:grass"],
      "minecraft:herd":{"min_size":1,"max_size":3},
      "minecraft:permute_type":[
{"weight":30,"entity_type":"pokemon:p49"},
{"weight":70,"entity_type":"pokemon:p48"}
      ],
      "minecraft:delay_filter":{"min":3,"max":6,"identifier":"serp:despawn","spawn_chance":60},
      "minecraft:biome_filter":{"all_of":[{"test":"has_biome_tag","value":"roofed"},{"test":"has_biome_tag","value":"forest"}]}
      },
      {
      "minecraft:spawns_underground":{},
      "minecraft:density_limit":{"surface":3},
      "minecraft:spawns_on_block_filter":["minecraft:stone","minecraft:deepslate"],
      "minecraft:herd":{"min_size":1,"max_size":3},
      "minecraft:permute_type":[
{"weight":30,"entity_type":"pokemon:51"},
{"weight":70,"entity_type":"pokemon:50"}
      ],
      "minecraft:delay_filter":{"min":3,"max":6,"identifier":"serp:despawn","spawn_chance":60},
      "minecraft:brightness_filter":{"min":5,"max":7,"adjust_for_weather":false},
      "minecraft:biome_filter":{"test":"has_biome_tag","value":"monster"}
      },
      {
      "minecraft:spawns_on_surface":{},
      "minecraft:density_limit":{"surface":5},
      "minecraft:spawns_on_block_filter":["minecraft:grass"],
      "minecraft:herd":{"min_size":2,"max_size":3},
      "minecraft:permute_type":[
{"weight":30,"entity_type":"pokemon:p53"},
{"weight":70,"entity_type":"pokemon:p52"}
      ],
      "minecraft:delay_filter":{"min":3,"max":6,"identifier":"serp:despawn","spawn_chance":40},
      "minecraft:biome_filter":{"test":"has_biome_tag","value":"plains"}
      },
      {
      "minecraft:spawns_on_surface":{},
      "minecraft:spawns_underwater":{},
      "minecraft:density_limit":{"surface":3},
      "minecraft:herd":{"min_size":2,"max_size":3},
      "minecraft:permute_type":[
{"weight":20,"entity_type":"pokemon:p55"},
{"weight":80,"entity_type":"pokemon:p54"}
      ],
      "minecraft:delay_filter":{"min":3,"max":6,"identifier":"serp:despawn","spawn_chance":40},
      "minecraft:biome_filter":{"test":"has_biome_tag","value":"river"}
      },
      {
      "minecraft:spawns_on_surface":{},
      "minecraft:density_limit":{"surface":5},
      "minecraft:spawns_on_block_filter":["minecraft:grass"],
      "minecraft:herd":{"min_size":3,"max_size":4},
      "minecraft:permute_type":[
{"weight":30,"entity_type":"pokemon:p57"},
{"weight":70,"entity_type":"pokemon:p56"}
      ],
      "minecraft:delay_filter":{"min":3,"max":6,"identifier":"serp:despawn","spawn_chance":40},
      "minecraft:biome_filter":{"test":"has_biome_tag","value":"savanna"}
      },
      {
      "minecraft:spawns_on_surface":{},
      "minecraft:density_limit":{"surface":5},
      "minecraft:spawns_on_block_filter":["minecraft:grass"],
      "minecraft:herd":{"min_size":3,"max_size":4},
      "minecraft:permute_type":[
{"weight":30,"entity_type":"pokemon:p57"},
{"weight":70,"entity_type":"pokemon:p56"}
      ],
      "minecraft:delay_filter":{"min":3,"max":6,"identifier":"serp:despawn","spawn_chance":40},
      "minecraft:biome_filter":{"test":"has_biome_tag","value":"mesa"}
      },
      {
      "minecraft:spawns_on_surface":{},
      "minecraft:density_limit":{"surface":3},
      "minecraft:spawns_on_block_filter":["minecraft:grass"],
      "minecraft:herd":{"min_size":3,"max_size":5},
      "minecraft:permute_type":[
{"entity_type":"pokemon:p58"}
      ],
      "minecraft:delay_filter":{"min":3,"max":6,"identifier":"serp:despawn","spawn_chance":60},
      "minecraft:biome_filter":{"test":"has_biome_tag","value":"plains"}
      },
      {
      "minecraft:spawns_on_surface":{},
      "minecraft:spawns_underwater":{},
      "minecraft:density_limit":{"surface":3},
      "minecraft:herd":{"min_size":3,"max_size":4},
      "minecraft:permute_type":[
{"weight":30,"entity_type":"pokemon:p61"},
{"weight":70,"entity_type":"pokemon:p60"}
      ],
      "minecraft:delay_filter":{"min":3,"max":6,"identifier":"serp:despawn","spawn_chance":60},
      "minecraft:biome_filter":{"test":"has_biome_tag","value":"river"}
      },
      {
      "minecraft:spawns_on_surface":{},
      "minecraft:density_limit":{"surface":5},
      "minecraft:spawns_on_block_filter":["minecraft:grass"],
      "minecraft:herd":{"min_size":3,"max_size":4},
      "minecraft:permute_type":[
{"weight":30,"entity_type":"pokemon:p70"},
{"weight":70,"entity_type":"pokemon:p69"}
      ],
      "minecraft:delay_filter":{"min":3,"max":6,"identifier":"serp:despawn","spawn_chance":80},
"minecraft:biome_filter":{"test":"has_biome_tag","value":"forest"}
      },
      {
      "minecraft:spawns_on_surface":{},
      "minecraft:spawns_underwater":{},
      "minecraft:density_limit":{"surface":20},
      "minecraft:herd":{"min_size":3,"max_size":4},
      "minecraft:permute_type":[
{"weight":30,"entity_type":"pokemon:p73"},
{"weight":70,"entity_type":"pokemon:p72"}
      ],
      "minecraft:delay_filter":{"min":3,"max":6,"identifier":"serp:despawn","spawn_chance":40},
"minecraft:biome_filter":{"test":"has_biome_tag","value":"ocean"}
      },
      {
      "minecraft:spawns_on_surface":{},
      "minecraft:density_limit":{"surface":5,"underground":15},
      "minecraft:spawns_on_block_filter":["minecraft:grass","minecraft:sand"],
      "minecraft:herd":{"min_size":1,"max_size":3},
      "minecraft:permute_type":[
{"weight":30,"entity_type":"pokemon:p75"},
{"weight":70,"entity_type":"pokemon:p74"}
      ],
      "minecraft:delay_filter":{"min":3,"max":6,"identifier":"serp:despawn","spawn_chance":80},
      "minecraft:biome_filter":{"test":"is_altitude","operator":"=>","value":90}
      },
      {
      "minecraft:spawns_underground":{},
      "minecraft:density_limit":{"surface":5,"underground":15},
      "minecraft:herd":{"min_size":1,"max_size":2},
      "minecraft:permute_type":[
{"entity_type":"pokemon:p74"}
      ],
      "minecraft:delay_filter":{"min":3,"max":6,"identifier":"serp:despawn","spawn_chance":80},
      "minecraft:biome_filter":{"test":"has_biome_tag","value":"monster"}
      },
      {
      "minecraft:spawns_on_surface":{},
      "minecraft:density_limit":{"surface":3},
      "minecraft:herd":{"min_size":1,"max_size":3},
      "minecraft:permute_type":[
{"weight":30,"entity_type":"pokemon:p78"},
{"weight":70,"entity_type":"pokemon:p77"}
      ],
      "minecraft:delay_filter":{"min":3,"max":6,"identifier":"serp:despawn","spawn_chance":60},
      "minecraft:biome_filter":{"test":"has_biome_tag","value":"mesa"}
      },
      {
      "minecraft:spawns_on_surface":{},
      "minecraft:spawns_underwater":{},
      "minecraft:density_limit":{"surface":3},
      "minecraft:herd":{"min_size":3,"max_size":5},
      "minecraft:permute_type":[
{"weight":30,"entity_type":"pokemon:p80"},
{"weight":70,"entity_type":"pokemon:p79"}
      ],
      "minecraft:delay_filter":{"min":3,"max":6,"identifier":"serp:despawn","spawn_chance":60},
      "minecraft:biome_filter":{"test":"has_biome_tag","value":"beach"}
      },
      {
      "minecraft:spawns_on_surface":{},
      "minecraft:spawns_underwater":{},
      "minecraft:density_limit":{"surface":3},
      "minecraft:herd":{"min_size":2,"max_size":3},
      "minecraft:permute_type":[
{"weight":30,"entity_type":"pokemon:p87"},
{"weight":70,"entity_type":"pokemon:p86"}
      ],
      "minecraft:delay_filter":{"min":3,"max":6,"identifier":"serp:despawn","spawn_chance":60},
      "minecraft:biome_filter":{"any_of":[{"all_of":[{"test":"has_biome_tag","value":"frozen"},{"test":"has_biome_tag","value":"ocean"}]},{"all_of":[{"test":"has_biome_tag","value":"cold"},{"test":"has_biome_tag","value":"ocean"}]}]}
      },
      {
      "minecraft:spawns_on_surface":{},
      "minecraft:spawns_underwater":{},
      "minecraft:density_limit":{"surface":3},
      "minecraft:herd":{"min_size":3,"max_size":5},
      "minecraft:permute_type":[
{"entity_type":"pokemon:p90"}
      ],
      "minecraft:delay_filter":{"min":3,"max":6,"identifier":"serp:despawn","spawn_chance":60},
      "minecraft:biome_filter":{"test":"has_biome_tag","value":"beach"}
      },
      {
      "minecraft:spawns_on_surface":{},
      "minecraft:spawns_underwater":{},
      "minecraft:density_limit":{"surface":3},
      "minecraft:herd":{"min_size":3,"max_size":6},
      "minecraft:permute_type":[
{"entity_type":"pokemon:p90"}
      ],
      "minecraft:delay_filter":{"min":3,"max":6,"identifier":"serp:despawn","spawn_chance":60},
      "minecraft:biome_filter":{"test":"has_biome_tag","value":"ocean"}
      },
      {
      "minecraft:spawns_on_surface":{},
      "minecraft:spawns_underground":{},
      "minecraft:brightness_filter":{"max":7,"min":0},
      "minecraft:density_limit":{"surface":5},
      "minecraft:spawns_on_block_filter":["minecraft:stone","minecraft:deepslate"],
      "minecraft:herd":{"min_size":2,"max_size":3},
      "minecraft:permute_type":[
{"weight":30,"entity_type":"pokemon:p93"},
{"weight":70,"entity_type":"pokemon:p92"}
      ],
      "minecraft:delay_filter":{"min":3,"max":6,"identifier":"serp:despawn","spawn_chance":80},
"minecraft:biome_filter":{"test":"has_biome_tag","value":"monster"}
      },
      {
      "minecraft:spawns_underground":{},
      "minecraft:density_limit":{"surface":25},
      "minecraft:brightness_filter":{"min":5,"max":7,"adjust_for_weather":true},
      "minecraft:permute_type":[
{"weight":30,"entity_type":"pokemon:p93"},
{"weight":70,"entity_type":"pokemon:p92"}
      ],
      "minecraft:delay_filter":{"min":3,"max":6,"identifier":"serp:despawn","spawn_chance":40},
      "minecraft:biome_filter":{"test":"has_biome_tag","value":"nether"}
      },
      {
      "minecraft:spawns_on_surface":{},
      "minecraft:density_limit":{"surface":3},
      "minecraft:herd":{"min_size":1,"max_size":2},
      "minecraft:permute_type":[
{"weight":30,"entity_type":"pokemon:p97"},
{"weight":70,"entity_type":"pokemon:p96"}
      ],
      "minecraft:delay_filter":{"min":3,"max":6,"identifier":"serp:despawn","spawn_chance":40},
      "minecraft:biome_filter":{"all_of":[{"test":"has_biome_tag","value":"roofed"},{"test":"has_biome_tag","value":"forest"}]}
      },
      {
      "minecraft:spawns_on_surface":{},
      "minecraft:density_limit":{"surface":3},
      "minecraft:spawns_on_block_filter":["minecraft:grass"],
      "minecraft:herd":{"min_size":1,"max_size":2},
      "minecraft:permute_type":[
{"entity_type":"pokemon:p102"}
      ],
      "minecraft:delay_filter":{"min":3,"max":6,"identifier":"serp:despawn","spawn_chance":40},
"minecraft:biome_filter":{"test":"has_biome_tag","value":"jungle"}
      },
      {
      "minecraft:spawns_on_surface":{},
      "minecraft:density_limit":{"surface":1},
      "minecraft:spawns_on_block_filter":["minecraft:grass","minecraft:sand"],
      "minecraft:herd":{"min_size":1,"max_size":3},
      "minecraft:permute_type":[
{"weight":30,"entity_type":"pokemon:p105"},
{"weight":70,"entity_type":"pokemon:p104"}
      ],
      "minecraft:delay_filter":{"min":3,"max":6,"identifier":"serp:despawn","spawn_chance":60},
      "minecraft:biome_filter":{"test":"has_biome_tag","value":"savanna"}
      },
      {
      "minecraft:spawns_on_surface":{},
      "minecraft:density_limit":{"surface":1},
      "minecraft:spawns_on_block_filter":["minecraft:grass"],
      "minecraft:herd":{"min_size":1,"max_size":2},
      "minecraft:permute_type":[
{"entity_type":"pokemon:p108"}
      ],
      "minecraft:delay_filter":{"min":3,"max":6,"identifier":"serp:despawn","spawn_chance":40},
      "minecraft:biome_filter":{"test":"has_biome_tag","value":"cherry_grove"}
      },
      {
      "minecraft:spawns_on_surface":{},
      "minecraft:density_limit":{"surface":3},
      "minecraft:spawns_on_block_filter":["minecraft:sand"],
      "minecraft:herd":{"min_size":1,"max_size":2},
      "minecraft:permute_type":[
{"weight":30,"entity_type":"pokemon:p112"},
{"weight":70,"entity_type":"pokemon:p111"}
      ],
      "minecraft:delay_filter":{"min":3,"max":6,"identifier":"serp:despawn","spawn_chance":80},
      "minecraft:biome_filter":{"any_of":[{"test":"has_biome_tag","value":"mesa"},{"test":"has_biome_tag","value":"savanna"}]}
      },
      {
      "minecraft:spawns_on_surface":{},
      "minecraft:density_limit":{"surface":1},
      "minecraft:spawns_on_block_filter":["minecraft:grass"],
      "minecraft:permute_type":[
{"entity_type":"pokemon:p113"}
      ],
      "minecraft:delay_filter":{"min":3,"max":6,"identifier":"serp:despawn","spawn_chance":20},
      "minecraft:biome_filter":{"test":"has_biome_tag","value":"savanna"}
      },
      {
      "minecraft:spawns_on_surface":{},
      "minecraft:spawns_underwater":{},
      "minecraft:density_limit":{"surface":5},
      "minecraft:herd":{"min_size":3,"max_size":5},
      "minecraft:permute_type":[
{"weight":30,"entity_type":"pokemon:p119"},
{"weight":70,"entity_type":"pokemon:p118"}
      ],
      "minecraft:delay_filter":{"min":3,"max":6,"identifier":"serp:despawn","spawn_chance":80},
      "minecraft:biome_filter":{"any_of":[{"test":"has_biome_tag","value":"ocean"},{"test":"has_biome_tag","value":"river"}]}
      },
      {
      "minecraft:spawns_on_surface":{},
      "minecraft:density_limit":{"surface":1},
      "minecraft:spawns_on_block_filter":["minecraft:grass"],
      "minecraft:herd":{"min_size":1,"max_size":3},
      "minecraft:permute_type":[
{"entity_type":"pokemon:p123"}
      ],
      "minecraft:delay_filter":{"min":3,"max":6,"identifier":"serp:despawn","spawn_chance":60},
      "minecraft:biome_filter":{"all_of":[{"test":"has_biome_tag","value":"plains"},{"test":"has_biome_tag","value":"mutated"}]}
      },
      {
      "minecraft:spawns_on_surface":{},
      "minecraft:density_limit":{"surface":20},
      "minecraft:spawns_on_block_filter":["minecraft:grass"],
      "minecraft:herd":{"min_size":2,"max_size":4},
      "minecraft:permute_type":[
{"entity_type":"pokemon:p128"}
      ],
      "minecraft:delay_filter":{"min":3,"max":6,"identifier":"serp:despawn","spawn_chance":60},
      "minecraft:biome_filter":{"test":"has_biome_tag","value":"savanna"}
      },
      {
      "minecraft:spawns_on_surface":{},
      "minecraft:spawns_underwater":{},
      "minecraft:density_limit":{"surface":5},
      "minecraft:herd":{"min_size":4,"max_size":8},
      "minecraft:permute_type":[
{"weight":20,"entity_type":"pokemon:p130"},
{"weight":80,"entity_type":"pokemon:p129"}
      ],
      "minecraft:delay_filter":{"min":3,"max":6,"identifier":"serp:despawn","spawn_chance":40},
      "minecraft:biome_filter":{"any_of":[{"test":"has_biome_tag","value":"ocean"},{"test":"has_biome_tag","value":"river"}]}
      },
      {
      "minecraft:spawns_on_surface":{},
      "minecraft:density_limit":{"surface":1},
      "minecraft:herd":{"min_size":1,"max_size":2},
      "minecraft:permute_type":[
{"entity_type":"pokemon:p131"}
      ],
      "minecraft:delay_filter":{"min":3,"max":6,"identifier":"serp:despawn","spawn_chance":20},
      "minecraft:biome_filter":{"all_of":[{"test":"has_biome_tag","value":"ocean"},{"test":"has_biome_tag","value":"cold"}]}
      },
      {
      "minecraft:spawns_on_surface":{},
      "minecraft:density_limit":{"surface":1},
      "minecraft:spawns_on_block_filter":["minecraft:grass"],
      "minecraft:herd":{"min_size":1,"max_size":2},
      "minecraft:permute_type":[
{"entity_type":"pokemon:p133"}
      ],
      "minecraft:delay_filter":{"min":3,"max":6,"identifier":"serp:despawn","spawn_chance":20},
      "minecraft:biome_filter":{"test":"has_biome_tag","value":"plains"}
      },
      {
      "minecraft:spawns_on_surface":{},
      "minecraft:density_limit":{"surface":1},
      "minecraft:spawns_on_block_filter":["minecraft:grass"],
      "minecraft:permute_type":[
{"entity_type":"pokemon:p143"}
      ],
      "minecraft:delay_filter":{"min":3,"max":6,"identifier":"serp:despawn","spawn_chance":20},
      "minecraft:biome_filter":{"test":"has_biome_tag","value":"plains"}
      }
    ]
  }
}