{
	"format_version": "1.8.0",
	"animations": {
		"animation.gyarados.quiet": {
			"loop": true,
			"animation_length": 1.6,
			"bones": {
				"gyarados": {
					"rotation": {
						"0.0": [0, 0, 0],
						"0.4": [0, 0, -10],
						"0.8": [0, 0, 0],
						"1.2": [0, 0, 10],
						"1.6": [0, 0, 0]
					},
					"position": {
						"0.0": [0, 9, 0],
						"0.4": [-4, 7, 0],
						"0.8": [0, 5, 0],
						"1.2": [3, 7, 0],
						"1.6": [0, 9, 0]
					}
				},
				"body1": {
					"rotation": [-25, 0, 0]
				},
				"body2": {
					"rotation": [35, 0, 0]
				},
				"body3": {
					"rotation": {
						"0.0": [55, 0, 0],
						"0.8": [70, 0, 0],
						"1.6": [55, 0, 0]
					}
				},
				"body4": {
					"rotation": {
						"0.0": [55, 0, 0],
						"0.8": [40, 0, 0],
						"1.6": [55, 0, 0]
					}
				},
				"body5": {
					"rotation": {
						"0.0": [40, 0, 0],
						"0.8": [30, 0, 0],
						"1.6": [40, 0, 0]
					}
				},
				"head": {
					"position": {
						"0.0": [0, 0, 0],
						"0.8": [0, -2, 0],
						"1.6": [0, 0, 0]
					}
				}
			}
		},
		"animation.gyarados.walk": {
			"loop": true,
			"animation_length": 1.6,
			"bones": {
				"gyarados": {
					"position": {
						"0.0": [0, 3, 0],
						"0.8": [0, -1, 0],
						"1.6": [0, 3, 0]
					}
				},
				"body1": {
					"rotation": {
						"0.0": [-20, 0, 0],
						"0.8": [-5, 0, 0],
						"1.6": [-20, 0, 0]
					}
				},
				"body2": {
					"rotation": {
						"0.0": [55, 0, 0],
						"0.8": [45, 0, 0],
						"1.6": [55, 0, 0]
					}
				},
				"body3": {
					"rotation": {
						"0.0": [50, 0, 0],
						"0.8": [70, 0, 0],
						"1.6": [50, 0, 0]
					}
				},
				"body4": {
					"rotation": {
						"0.0": [55, 0, 0],
						"0.8": [-10, 0, 0],
						"1.6": [55, 0, 0]
					}
				},
				"body5": {
					"rotation": {
						"0.0": [35, 0, 0],
						"0.8": [-15, 0, 0],
						"1.6": [35, 0, 0]
					}
				},
				"head": {
					"position": {
						"0.0": [0, 0, 0],
						"0.8": [0, -2, 0],
						"1.6": [0, 0, 0]
					}
				}
			}
		},
		"animation.gyarados.sitting": {
			"loop": true,
			"bones": {
				"body1": {
					"rotation": [-20, 0, -20]
				},
				"body2": {
					"rotation": [45, 0, 30]
				},
				"body3": {
					"rotation": [35, -60, 40]
				},
				"body4": {
					"rotation": [0, 0, 65]
				},
				"body5": {
					"rotation": [0, 0, 45]
				}
			}
		},
		"animation.gyarados.jump": {
			"animation_length": 0.5,
			"bones": {
				"body2": {
					"rotation": [5, 0, 0]
				},
				"body3": {
					"rotation": [5, 0, 0]
				},
				"body4": {
					"rotation": [5, 0, 0]
				},
				"body5": {
					"rotation": [5, 0, 0]
				}
			}
		},
		"animation.gyarados.attack": {
			"loop": true,
			"bones": {
				"body1": {
					"rotation": [25, 0, -20]
				},
				"body2": {
					"rotation": [-35, 0, 30]
				},
				"body3": {
					"rotation": [-15, -5, 85]
				},
				"body4": {
					"rotation": [-35, 0, 65]
				},
				"body5": {
					"rotation": [-30, 0, 45]
				},
				"gyarados": {
					"position": [0, 2, 0]
				}
			}
		},
		"animation.gyarados.swimming": {
			"loop": true,
			"animation_length": 1.6,
			"bones": {
				"gyarados": {
					"position": {
						"0.0": [0, 3, 0],
						"0.8": [0, -1, 0],
						"1.6": [0, 3, 0]
					}
				},
				"body1": {
					"rotation": {
						"0.0": [35, 0, 0],
						"0.8": [-5, 0, 0],
						"1.6": [35, 0, 0]
					}
				},
				"body2": {
					"rotation": {
						"0.0": [35, 0, 0],
						"0.8": [45, 0, 0],
						"1.6": [35, 0, 0]
					}
				},
				"body3": {
					"rotation": {
						"0.0": [25, 0, 0],
						"0.8": [70, 0, 0],
						"1.6": [25, 0, 0]
					}
				},
				"body4": {
					"rotation": {
						"0.0": [35, 0, 0],
						"0.8": [-10, 0, 0],
						"1.6": [35, 0, 0]
					}
				},
				"body5": {
					"rotation": {
						"0.0": [15, 0, 0],
						"0.8": [-15, 0, 0],
						"1.6": [15, 0, 0]
					}
				},
				"head": {
					"position": {
						"0.0": [0, 0, 0],
						"0.8": [0, -2, 0],
						"1.6": [0, 0, 0]
					}
				}
			}
		},
		"animation.gyarados.sink": {
			"loop": true,
			"animation_length": 1.6,
			"bones": {
				"gyarados": {
					"position": {
						"0.0": [0, 3, 0],
						"0.8": [0, -1, 0],
						"1.6": [0, 3, 0]
					}
				},
				"body1": {
					"rotation": {
						"0.0": [25, 0, 0],
						"0.6": [40, 0, 0],
						"1.6": [25, 0, 0]
					}
				},
				"body2": {
					"rotation": {
						"0.0": [35, 0, 0],
						"0.8": [25, 0, 0],
						"1.6": [35, 0, 0]
					}
				},
				"body3": {
					"rotation": {
						"0.0": [25, 0, 0],
						"1.0": [-15, 0, 0],
						"1.6": [25, 0, 0]
					}
				},
				"body4": {
					"rotation": {
						"0.0": [35, 0, 0],
						"1.2": [-10, 0, 0],
						"1.6": [35, 0, 0]
					}
				},
				"body5": {
					"rotation": {
						"0.0": [15, 0, 0],
						"1.4": [-15, 0, 0],
						"1.6": [15, 0, 0]
					}
				},
				"head": {
					"position": {
						"0.0": [0, 0, 0],
						"0.8": [0, -2, 0],
						"1.6": [0, 0, 0]
					}
				}
			}
		},
		"animation.gyarados.direction": {
			"loop": true,
			"bones": {
				"gyarados": {
					"rotation": [ "query.target_x_rotation - this", "query.target_y_rotation - this", "-math.max(-20,math.min(20,query.yaw_speed))"]
				},
				"body": {
					"rotation": [0, 0, "math.max(-10,math.min(10,query.yaw_speed))"]
				},
				"body1": {
					"rotation": [0, 0, "math.max(-10,math.min(10,query.yaw_speed))"]
				},
				"body2": {
					"rotation": [0, 0, "math.max(-10,math.min(10,query.yaw_speed))"]
				},
				"body3": {
					"rotation": [0, 0, "math.max(-10,math.min(10,query.yaw_speed))"]
				},
				"body4": {
					"rotation": [0, 0, "math.max(-10,math.min(10,query.yaw_speed))"]
				},
				"body5": {
					"rotation": [0, 0, "math.max(-10,math.min(10,query.yaw_speed))"]
				}
			}
		},
		"animation.gyarados.direction_rider": {
			"loop": true,
			"bones": {
				"gyarados": {
					"rotation": ["query.vertical_speed * -5.0", 0, 0]
				},
				"body": {
					"rotation": [0, 0, "math.max(-10,math.min(10,query.yaw_speed))"]
				},
				"body1": {
					"rotation": [0, 0, "math.max(-10,math.min(10,query.yaw_speed))"]
				},
				"body2": {
					"rotation": [0, 0, "math.max(-10,math.min(10,query.yaw_speed))"]
				},
				"body3": {
					"rotation": [0, 0, "math.max(-10,math.min(10,query.yaw_speed))"]
				},
				"body4": {
					"rotation": [0, 0, "math.max(-10,math.min(10,query.yaw_speed))"]
				},
				"body5": {
					"rotation": [0, 0, "math.max(-10,math.min(10,query.yaw_speed))"]
				}
			}
		},
        "animation.gyarados.health_bar":{
            "loop":true,
            "bones":{
                "health_hover":{
    "rotation":["q.camera_rotation(0)","q.camera_rotation(1)-q.body_y_rotation",0],
	"position": [0,60,0],
    "scale":"query.is_in_ui?0:2"
                },
				"bar_green": {
					"scale": ["query.health/query.max_health*1", 1, 1]
				},
				"bar_black": {
					"scale": ["(1)+(query.health/query.max_health*-1)", 1, 1]
				}
			}
        },
        "animation.gyarados.health_bar_mega":{
            "loop":true,
            "bones":{
                "health_hover":{
    "rotation":["q.camera_rotation(0)","q.camera_rotation(1)-q.body_y_rotation",0],
	"position": [0,62,0],
    "scale":"query.is_in_ui?0:1.5"
                },
				"bar_green": {
					"scale": ["query.health/query.max_health*1", 1, 1]
				},
				"bar_black": {
					"scale": ["(1)+(query.health/query.max_health*-1)", 1, 1]
				}
			}
        }
	}
}