{
	"format_version": "1.8.0",
	"animations": {
		"animation.pidgeot.quiet": {
			"loop": true,
			"animation_length": 1.6,
			"bones": {
				"head": {
					"position": {
						"0.0": [0, 0, 0],
						"0.8": [0, -1, -1],
						"1.6": [0, 0, 0]
					}
				},
				"body_root": {
					"rotation": {
						"0.0": [0, 0, 0],
						"0.8": [5, 0, 0],
						"1.6": [0, 0, 0]
					}
				},
				"quiet_wings": {
					"rotation": {
						"0.0": [0, 0, 0],
						"0.8": [-10, 0, 0],
						"1.6": [0, 0, 0]
					}
				},
				"flying_wing_right": {
					"scale": [0.7, 1, 1]
				},
				"flying_wing_left": {
					"scale": [0.7, 1, 1]
				}
			}
		},
		"animation.pidgeot.walk": {
			"loop": true,
			"animation_length": 0.6,
			"bones": {
				"pidgeot": {
					"position": {
						"0.0": [0, 0, 0],
						"0.32": [0, 1, 0],
						"0.6": [0, 0, 0]
					}
				},
				"head": {
					"position": [0, -3, -4]
				},
				"body_root": {
					"rotation": [10, 0, 0]
				},
				"flying_wing_right": {
					"rotation": {
						"0.0": [0, 0, 25],
						"0.2": [0, 0, -35],
						"0.6": [0, 0, 25]
					},
					"scale": [1.9, 1, 1.3]
				},
				"flying_wing_right_top": {
					"rotation": {
						"0.0": [0, 0, 25],
						"0.32": [0, 0, -25],
						"0.6": [0, 0, 25]
					}
				},
				"flying_wing_left": {
					"rotation": {
						"0.0": [0, 0, -25],
						"0.2": [0, 0, 35],
						"0.6": [0, 0, -25]
					},
					"scale": [1.9, 1, 1.3]
				},
				"flying_wing_left_top": {
					"rotation": {
						"0.0": [0, 0, -25],
						"0.32": [0, 0, 25],
						"0.6": [0, 0, -25]
					}
				},
				"legs": {
					"rotation": [45, 0, 0],
					"position": [0, 0, 2]
				}
			}
		},
		"animation.pidgeot.sitting": {
			"loop": true,
			"bones": {
				"head": {
					"position": [0, -4, 0]
				},
				"body_root": {
					"rotation": [10, 0, 0],
					"position": [0, -2, 0]
				}
			}
		},
		"animation.pidgeot.attack": {
			"loop": true,
			"bones": {
				"head": {
					"position": [0, 2, 2]
				},
				"body_root": {
					"rotation": [-20, 0, 0]
				},
				"flying_wings": {
					"rotation": [-25, 0, 0],
					"position": [0, -2, 0]
				},
				"flying_wing_right": {
					"rotation": [0, 0, -35]
				},
				"flying_wing_right_top": {
					"rotation": [0, 0, -45]
				},
				"flying_wing_left": {
					"rotation": [0, 0, 35]
				},
				"flying_wing_left_top": {
					"rotation": [0, 0, 45]
				},
				"legs": {
					"rotation": [-35, 0, 0]
				},
				"right_leg": {
					"rotation": [0, 0, 17.5]
				},
				"left_leg": {
					"rotation": [0, 0, -20]
				}
			}
		},
		"animation.pidgeot.direction": {
			"loop": true,
			"bones": {
				"pidgeot": {
					"rotation": [0, 0, "-math.max(-20,math.min(20,query.yaw_speed))"]
				},
				"root": {
					"rotation": [ "query.vertical_speed * -4.0", 0.0, 0.0 ]
				}
			}
		},
        "animation.pidgeot.health_bar":{
            "loop":true,
            "bones":{
                "health_hover":{
    "rotation":["q.camera_rotation(0)","q.camera_rotation(1)-q.body_y_rotation",0],
	"position": [0,34,0],
    "scale":"query.is_in_ui?0:1.5"
                },
				"bar_green": {
					"scale": ["query.health/query.max_health*1", 1, 1]
				},
				"bar_black": {
					"scale": ["(1)+(query.health/query.max_health*-1)", 1, 1]
				}
			}
        },
        "animation.pidgeot.health_bar_mega":{
            "loop":true,
            "bones":{
                "health_hover":{
    "rotation":["q.camera_rotation(0)","q.camera_rotation(1)-q.body_y_rotation",0],
	"position": [0,37,0],
    "scale":"query.is_in_ui?0:1.5"
                },
				"bar_green": {
					"scale": ["query.health/query.max_health*1", 1, 1]
				},
				"bar_black": {
					"scale": ["(1)+(query.health/query.max_health*-1)", 1, 1]
				}
			}
        }
	}
}