{
	"format_version": "1.8.0",
	"animations": {
		"animation.pidgeotto.quiet": {
			"loop": true,
			"animation_length": 1.6,
			"bones": {
				"head": {
					"position": {
						"0.0": [0, 0, 0],
						"0.8": [0, 0, 1],
						"1.6": [0, 0, 0]
					}
				},
				"body_root": {
					"rotation": {
						"0.0": [5, 0, 0],
						"0.8": [0, 0, 0],
						"1.6": [5, 0, 0]
					}
				},
				"quiet_wings": {
					"rotation": {
						"0.0": [0, 0, 0],
						"0.8": [-5, 0, 0],
						"1.6": [0, 0, 0]
					}
				},
				"right_wing_quiet": {
					"rotation": {
						"0.0": [0, 0, 0],
						"0.8": [0, 0, 5],
						"1.6": [0, 0, 0]
					}
				},
				"left_wing_quiet": {
					"rotation": {
						"0.0": [0, 0, 0],
						"0.8": [0, 0, -5],
						"1.6": [0, 0, 0]
					}
				}
			}
		},
		"animation.pidgeotto.walk": {
			"loop": true,
			"animation_length": 0.6,
			"bones": {
				"pidgeotto": {
					"position": {
						"0.0": [0, 0, 0],
						"0.2": [0, 1, 0],
						"0.6": [0, 0, 0]
					}
				},
				"head": {
					"position": [0, -4, -5]
				},
				"body_root": {
					"rotation": [25, 0, 0],
					"position": [0, 0, 2]
				},
				"flying_wings": {
					"rotation": [-15, 0, 0]
				},
				"flying_wing_right": {
					"rotation": {
						"0.0": [0, 0, 30],
						"0.2": [0, 0, -30],
						"0.6": [0, 0, 30]
					},
					"scale": [1.5, 1, 1.8]
				},
				"flying_wing_left": {
					"rotation": {
						"0.0": [0, 0, -30],
						"0.2": [0, 0, 30],
						"0.6": [0, 0, -30]
					},
					"scale": [1.5, 1, 1.8]
				},
				"legs": {
					"rotation": [45, 0, 0],
					"position": [0, 1, 2]
				}
			}
		},
		"animation.pidgeotto.sitting": {
			"loop": true,
			"bones": {
				"pidgeotto": {
					"position": [0, -2, 0]
				},
				"head": {
					"position": [0, -2, 0]
				},
				"body_root": {
					"scale": [1, 0.9, 1]
				},
				"body": {
					"rotation": [5, 0, 0]
				},
				"right_wing_quiet": {
					"position": [0, 0, -1]
				},
				"left_wing_quiet": {
					"rotation": [0, 0, 0],
					"position": [0, 0, -1]
				},
				"legs": {
					"position": [0, 2, 0]
				}
			}
		},
		"animation.pidgeotto.attack": {
			"loop": true,
			"bones": {
				"head": {
					"position": [0, -1, -1]
				},
				"flying_wings": {
					"rotation": [-50, 0, 0],
					"scale": [1, 1, 1.8]
				},
				"flying_wing_right": {
					"rotation": [-45, -10, -55],
					"scale": [1.6, 1, 1]
				},
				"flying_wing_left": {
					"rotation": [-45, 10, 55],
					"scale": [1.6, 1, 1]
				},
				"legs": {
					"rotation": [-65, 0, 0]
				},
				"right_leg": {
					"rotation": [0, 0, 35],
					"position": [-1, 0, 0]
				},
				"left_leg": {
					"rotation": [0, 0, -35],
					"position": [1, 0, 0]
				}
			}
		},
		"animation.pidgeotto.direction": {
			"loop": true,
			"bones": {
				"pidgeotto": {
					"rotation": [ "query.vertical_speed * -3.0", 0, "-math.max(-20,math.min(20,query.yaw_speed))"]
				}
			}
		},
        "animation.pidgeotto.health_bar":{
            "loop":true,
            "bones":{
                "health_hover":{
    "rotation":["q.camera_rotation(0)","q.camera_rotation(1)-q.body_y_rotation",0],
	"position": [0,34,0],
    "scale":"query.is_in_ui?0:1.5"
                },
				"bar_green": {
					"scale": ["query.health/query.max_health*1", 1, 1]
				},
				"bar_black": {
					"scale": ["(1)+(query.health/query.max_health*-1)", 1, 1]
				}
			}
        }
    }
}