{
	"format_version": "1.10.0",
	"particle_effect": {
		"description": {
			"identifier": "serp:pokedex",
			"basic_render_parameters": {
		"material": "particles_alpha",
		"texture": "pokeitems/items/poke/pokedex"
			}
		},
		"components": {
		"minecraft:emitter_local_space": {
		    "position": true,
		    "rotation": true},
	"minecraft:emitter_rate_steady": {
	    "spawn_rate": 5,
	    "max_particles": 10},
"minecraft:emitter_lifetime_expression": {"activation_expression": 0.2},
"minecraft:emitter_shape_point": {"offset": [0, 0.3, 0]},
"minecraft:particle_lifetime_expression":{"max_lifetime": 0.3},
"minecraft:particle_initial_speed": 0,
"minecraft:particle_motion_dynamic": {},
"minecraft:particle_appearance_billboard": {
		"size": [0.3,0.3],
		"facing_camera_mode": "lookat_xyz",
		"uv": {
		"texture_width": 1,
		"texture_height": 1,
		"uv": [0, 0],
		"uv_size": [1, 1]
				}
			}
		}
	}
}