{
	"format_version": "1.12.0",
	"minecraft:geometry": [
		{
			"description": {
				"identifier": "geometry.serpgrowlithe",
				"texture_width": 64,
				"texture_height": 64,
				"visible_bounds_width": 4,
				"visible_bounds_height": 2.5,
				"visible_bounds_offset": [0, 0.75, 0]
			},
			"bones": [
				{
					"name": "growlithe",
					"pivot": [0, 1, 0]
				},
				{
					"name": "head",
					"parent": "growlithe",
					"pivot": [0, 10, -4],
					"cubes": [
						{"origin": [-2, 11.5, -3.5], "size": [4, 3, 1], "uv": [0, 31]},
						{"origin": [-1.5, 11, -9], "size": [3, 2, 2], "uv": [22, 24]},
						{"origin": [-3.62, 11, -9], "size": [2.12, 2, 1], "pivot": [-1.5, 11.7, -9], "rotation": [0, 45, 0], "uv": [8, 47]},
						{"origin": [1.5, 11, -9], "size": [2.12, 2, 1], "pivot": [1.5, 11.7, -9], "rotation": [0, -45, 0], "uv": [8, 47], "mirror": true},
						{"origin": [-0.5, 12.2, -9.2], "size": [1, 1, 1], "uv": [44, 18]},
						{"origin": [-2.5, 11, -8], "size": [5, 4, 5], "uv": [25, 33]},
						{"origin": [-1, 13, -8.75], "size": [2, 2.1, 1], "pivot": [0, 13, -8.75], "rotation": [-21, 0, 0], "uv": [41, 33]},
						{"origin": [-2.5, 10.5, -7.5], "size": [5, 1, 4], "inflate": -0.01, "uv": [40, 0]},
						{"origin": [-3, 11.5, -7.5], "size": [1, 3, 4], "uv": [0, 0]},
						{"origin": [2, 11.5, -7.5], "size": [1, 3, 4], "uv": [0, 0]},
						{"origin": [-2, 14.5, -7.5], "size": [4, 1, 4], "uv": [44, 25]},
						{"origin": [0.5, 15, -6.5], "size": [3, 3, 0], "inflate": 0.01, "pivot": [1, 14.5, -6.5], "rotation": [-25, 0, 50], "uv": [26, 51]},
						{"origin": [-3.5, 15, -6.5], "size": [3, 3, 0], "inflate": 0.01, "pivot": [-1, 14.5, -6.5], "rotation": [-25, 0, -50], "uv": [26, 51], "mirror": true},
						{"origin": [-1.5, 14.5, -7.25], "size": [3, 2, 4], "uv": [46, 33]},
						{"origin": [-1, 16.5, -3.25], "size": [2, 0, 1], "pivot": [0, 16.5, -3.25], "rotation": [-15, 0, 0], "uv": [30, 18]},
						{"origin": [-1.5, 16.5, -5.5], "size": [3, 2, 0], "pivot": [0, 16.5, -5.5], "rotation": [-35, 0, 0], "uv": [33, 51]},
						{"origin": [-1.5, 16.5, -4], "size": [3, 2, 0], "pivot": [0, 16.5, -4], "rotation": [-45, 0, 0], "uv": [33, 51]},
						{"origin": [-1.5, 16.5, -7.25], "size": [3, 2, 0], "pivot": [0, 16.5, -7.25], "rotation": [-25, 0, 0], "uv": [40, 51]}
					]
				},
				{
					"name": "open_eyes",
					"parent": "head",
					"pivot": [0, 11, -5],
					"cubes": [
						{"origin": [-2.5, 13, -8], "size": [2, 2, 0], "pivot": [-2.5, 14, -8], "rotation": [0, 25, 0], "uv": [37, 15]},
						{"origin": [0.5, 13, -8], "size": [2, 2, 0], "pivot": [2.5, 14, -8], "rotation": [0, -25, 0], "uv": [37, 15], "mirror": true}
					]
				},
				{
					"name": "closed_eyes",
					"parent": "head",
					"pivot": [0, 11, -5],
					"cubes": [
						{"origin": [-2.5, 13, -8], "size": [2, 2, 0], "pivot": [-2.5, 14, -8], "rotation": [0, 25, 0], "uv": [37, 12]},
						{"origin": [0.5, 13, -8], "size": [2, 2, 0], "pivot": [2.5, 14, -8], "rotation": [0, -25, 0], "uv": [37, 12], "mirror": true}
					]
				},
				{
					"name": "angry_eyes",
					"parent": "head",
					"pivot": [0, 11, -5],
					"cubes": [
						{"origin": [-2.5, 13, -8], "size": [2, 2, 0], "pivot": [-2.5, 14, -8], "rotation": [0, 25, 0], "uv": [7, 0]},
						{"origin": [0.5, 13, -8], "size": [2, 2, 0], "pivot": [2.5, 14, -8], "rotation": [0, -25, 0], "uv": [7, 0], "mirror": true}
					]
				},
				{
					"name": "body",
					"parent": "growlithe",
					"pivot": [0, 7, 0],
					"cubes": [
						{"origin": [-3, 5, -5], "size": [6, 5, 12], "uv": [0, 0]},
						{"origin": [-3.5, 5.5, -4.5], "size": [1, 4, 11], "uv": [0, 31]},
						{"origin": [2.5, 5.5, -4.5], "size": [1, 4, 11], "uv": [0, 31], "mirror": true},
						{"origin": [-2, 5.5, -5.5], "size": [4, 5, 1], "uv": [0, 18]},
						{"origin": [-2.5, 9.5, -4.5], "size": [5, 1, 11], "uv": [22, 20]},
						{"origin": [-2.5, 4.5, -4.5], "size": [5, 1, 11], "uv": [0, 18]}
					]
				},
				{
					"name": "tail",
					"parent": "body",
					"pivot": [0, 8.5, 7],
					"cubes": [
						{"origin": [-2, 6, 8.5], "size": [4, 5, 6], "inflate": 1, "uv": [25, 0]},
						{"origin": [-1, 9, 14.5], "size": [2, 2, 3], "inflate": 1, "pivot": [0, 11, 14.5], "rotation": [-45, 0, 0], "uv": [22, 18]},
						{"origin": [-1.5, 5.5, 9], "size": [3, 1, 5], "inflate": 1, "uv": [44, 18]},
						{"origin": [-1.5, 10.5, 9], "size": [3, 1, 5], "inflate": 1, "uv": [44, 18]},
						{"origin": [-2.5, 6.5, 9], "size": [1, 4, 5], "inflate": 1, "uv": [0, 47]},
						{"origin": [1.5, 6.5, 9], "size": [1, 4, 5], "inflate": 1, "uv": [0, 47], "mirror": true},
						{"origin": [-1.5, 6.5, 8], "size": [3, 4, 1], "inflate": 1, "uv": [14, 36]},
						{"origin": [-1.5, 6.5, 14], "size": [3, 4, 1], "inflate": 1, "uv": [0, 36]}
					]
				},
				{
					"name": "neck",
					"parent": "body",
					"pivot": [0, 10, -7],
					"rotation": [12.5, 0, 0],
					"cubes": [
						{"origin": [-3, 5, -7], "size": [6, 5, 2], "inflate": 0.01, "uv": [25, 43]},
						{"origin": [-3, 3, -7], "size": [6, 2, 0], "pivot": [0, 5, -7], "rotation": [25, 0, 0], "uv": [14, 33]},
						{"origin": [-5, 5, -7], "size": [2, 5, 0], "pivot": [-3, 7, -7], "rotation": [0, 50, 0], "uv": [25, 0]},
						{"origin": [3, 5, -7], "size": [2, 5, 0], "pivot": [3, 7, -7], "rotation": [0, -50, 0], "uv": [25, 0], "mirror": true}
					]
				},
				{
					"name": "front_legs",
					"parent": "growlithe",
					"pivot": [0, 6, -4]
				},
				{
					"name": "right_front_leg",
					"parent": "front_legs",
					"pivot": [-3, 6, -4],
					"cubes": [
						{"origin": [-4, 0, -5], "size": [3, 7, 3], "uv": [43, 40]},
						{"origin": [-4, 1, -7], "size": [3, 0, 2], "pivot": [-2.5, 1, -5], "rotation": [45, 0, 0], "uv": [0, 8]}
					]
				},
				{
					"name": "left_front_leg",
					"parent": "front_legs",
					"pivot": [3, 6, -4],
					"cubes": [
						{"origin": [1, 0, -5], "size": [3, 7, 3], "uv": [43, 40], "mirror": true},
						{"origin": [1, 1, -7], "size": [3, 0, 2], "pivot": [2.5, 1, -5], "rotation": [45, 0, 0], "uv": [0, 8], "mirror": true}
					]
				},
				{
					"name": "back_legs",
					"parent": "growlithe",
					"pivot": [0, 7, 5]
				},
				{
					"name": "right_back_leg",
					"parent": "back_legs",
					"pivot": [-3, 7, 5],
					"cubes": [
						{"origin": [-4, 3, 3], "size": [3, 5, 4], "uv": [42, 8]}
					]
				},
				{
					"name": "right_back_paw",
					"parent": "right_back_leg",
					"pivot": [-3, 3, 6],
					"cubes": [
						{"origin": [-4, 0, 4], "size": [3, 3, 3], "uv": [13, 48]},
						{"origin": [-4, 0, 3.5], "size": [3, 1, 1], "uv": [0, 25]}
					]
				},
				{
					"name": "left_back_leg",
					"parent": "back_legs",
					"pivot": [3, 7, 5],
					"cubes": [
						{"origin": [1, 3, 3], "size": [3, 5, 4], "uv": [42, 8], "mirror": true}
					]
				},
				{
					"name": "left_back_paw",
					"parent": "left_back_leg",
					"pivot": [3, 3, 6],
					"cubes": [
						{"origin": [1, 0, 4], "size": [3, 3, 3], "uv": [13, 48], "mirror": true},
						{"origin": [1, 0, 3.5], "size": [3, 1, 1], "uv": [0, 25], "mirror": true}
					]
				}
			]
		},
		{
			"description": {
				"identifier": "geometry.serpgrowlithe_aura",
				"texture_width": 64,
				"texture_height": 64,
				"visible_bounds_width": 4,
				"visible_bounds_height": 2.5,
				"visible_bounds_offset": [0, 0.75, 0]
			},
			"bones": [
				{
					"name": "growlithe",
					"pivot": [0, 1, 0]
				},
				{
					"name": "head",
					"parent": "growlithe",
					"pivot": [0, 10, -4],
					"cubes": [
						{"origin": [-2, 11.5, -3.5], "size": [4, 3, 1], "inflate": 0.25, "uv": [0, 31]},
						{"origin": [-1.5, 11, -9], "size": [3, 2, 2], "inflate": 0.25, "uv": [22, 24]},
						{"origin": [-3.62, 11, -9], "size": [2.12, 2, 1], "inflate": 0.25, "pivot": [-1.5, 11.7, -9], "rotation": [0, 45, 0], "uv": [8, 47]},
						{"origin": [1.5, 11, -9], "size": [2.12, 2, 1], "inflate": 0.25, "pivot": [1.5, 11.7, -9], "rotation": [0, -45, 0], "uv": [8, 47], "mirror": true},
						{"origin": [-0.5, 12.2, -9.2], "size": [1, 1, 1], "inflate": 0.25, "uv": [44, 18]},
						{"origin": [-2.5, 11, -8], "size": [5, 4, 5], "inflate": 0.25, "uv": [25, 33]},
						{"origin": [-1, 13, -8.75], "size": [2, 2.1, 1], "inflate": 0.25, "pivot": [0, 13, -8.75], "rotation": [-21, 0, 0], "uv": [41, 33]},
						{"origin": [-2.5, 10.5, -7.5], "size": [5, 1, 4], "inflate": 0.25, "uv": [40, 0]},
						{"origin": [-3, 11.5, -7.5], "size": [1, 3, 4], "inflate": 0.25, "uv": [0, 0]},
						{"origin": [2, 11.5, -7.5], "size": [1, 3, 4], "inflate": 0.25, "uv": [0, 0]},
						{"origin": [-2, 14.5, -7.5], "size": [4, 1, 4], "inflate": 0.25, "uv": [44, 25]},
						{"origin": [0.5, 15, -6.5], "size": [3, 3, 0], "inflate": 0.25, "pivot": [1, 14.5, -6.5], "rotation": [-25, 0, 50], "uv": [26, 51]},
						{"origin": [-3.5, 15, -6.5], "size": [3, 3, 0], "inflate": 0.25, "pivot": [-1, 14.5, -6.5], "rotation": [-25, 0, -50], "uv": [26, 51], "mirror": true},
						{"origin": [-1.5, 14.5, -7.25], "size": [3, 2, 4], "inflate": 0.25, "uv": [46, 33]},
						{"origin": [-1, 16.5, -3.25], "size": [2, 0, 1], "inflate": 0.25, "pivot": [0, 16.5, -3.25], "rotation": [-15, 0, 0], "uv": [30, 18]},
						{"origin": [-1.5, 16.5, -5.5], "size": [3, 2, 0], "inflate": 0.25, "pivot": [0, 16.5, -5.5], "rotation": [-35, 0, 0], "uv": [33, 51]},
						{"origin": [-1.5, 16.5, -4], "size": [3, 2, 0], "inflate": 0.25, "pivot": [0, 16.5, -4], "rotation": [-45, 0, 0], "uv": [33, 51]},
						{"origin": [-1.5, 16.5, -7.25], "size": [3, 2, 0], "inflate": 0.25, "pivot": [0, 16.5, -7.25], "rotation": [-25, 0, 0], "uv": [40, 51]}
					]
				},
				{
					"name": "open_eyes",
					"parent": "head",
					"pivot": [0, 11, -5],
					"cubes": [
						{"origin": [-2.5, 13, -8], "size": [2, 2, 0], "inflate": 0.25, "pivot": [-2.5, 14, -8], "rotation": [0, 25, 0], "uv": [37, 15]},
						{"origin": [0.5, 13, -8], "size": [2, 2, 0], "inflate": 0.25, "pivot": [2.5, 14, -8], "rotation": [0, -25, 0], "uv": [37, 15], "mirror": true}
					]
				},
				{
					"name": "closed_eyes",
					"parent": "head",
					"pivot": [0, 11, -5],
					"cubes": [
						{"origin": [-2.5, 13, -8], "size": [2, 2, 0], "inflate": 0.25, "pivot": [-2.5, 14, -8], "rotation": [0, 25, 0], "uv": [37, 12]},
						{"origin": [0.5, 13, -8], "size": [2, 2, 0], "inflate": 0.25, "pivot": [2.5, 14, -8], "rotation": [0, -25, 0], "uv": [37, 12], "mirror": true}
					]
				},
				{
					"name": "angry_eyes",
					"parent": "head",
					"pivot": [0, 11, -5],
					"cubes": [
						{"origin": [-2.5, 13, -8], "size": [2, 2, 0], "inflate": 0.25, "pivot": [-2.5, 14, -8], "rotation": [0, 25, 0], "uv": [7, 0]},
						{"origin": [0.5, 13, -8], "size": [2, 2, 0], "inflate": 0.25, "pivot": [2.5, 14, -8], "rotation": [0, -25, 0], "uv": [7, 0], "mirror": true}
					]
				},
				{
					"name": "body",
					"parent": "growlithe",
					"pivot": [0, 7, 0],
					"cubes": [
						{"origin": [-3, 5, -5], "size": [6, 5, 12], "inflate": 0.25, "uv": [0, 0]},
						{"origin": [-3.5, 5.5, -4.5], "size": [1, 4, 11], "inflate": 0.25, "uv": [0, 31]},
						{"origin": [2.5, 5.5, -4.5], "size": [1, 4, 11], "inflate": 0.25, "uv": [0, 31], "mirror": true},
						{"origin": [-2, 5.5, -5.5], "size": [4, 5, 1], "inflate": 0.25, "uv": [0, 18]},
						{"origin": [-2.5, 9.5, -4.5], "size": [5, 1, 11], "inflate": 0.25, "uv": [22, 20]},
						{"origin": [-2.5, 4.5, -4.5], "size": [5, 1, 11], "inflate": 0.25, "uv": [0, 18]}
					]
				},
				{
					"name": "tail",
					"parent": "body",
					"pivot": [0, 8.5, 7],
					"cubes": [
						{"origin": [-2, 6, 8.5], "size": [4, 5, 6], "inflate": 1.25, "uv": [25, 0]},
						{"origin": [-1, 9, 14.5], "size": [2, 2, 3], "inflate": 1.25, "pivot": [0, 11, 14.5], "rotation": [-45, 0, 0], "uv": [22, 18]},
						{"origin": [-1.5, 5.5, 9], "size": [3, 1, 5], "inflate": 1.25, "uv": [44, 18]},
						{"origin": [-1.5, 10.5, 9], "size": [3, 1, 5], "inflate": 1.25, "uv": [44, 18]},
						{"origin": [-2.5, 6.5, 9], "size": [1, 4, 5], "inflate": 1.25, "uv": [0, 47]},
						{"origin": [1.5, 6.5, 9], "size": [1, 4, 5], "inflate": 1.25, "uv": [0, 47], "mirror": true},
						{"origin": [-1.5, 6.5, 8], "size": [3, 4, 1], "inflate": 1.25, "uv": [14, 36]},
						{"origin": [-1.5, 6.5, 14], "size": [3, 4, 1], "inflate": 1.25, "uv": [0, 36]}
					]
				},
				{
					"name": "neck",
					"parent": "body",
					"pivot": [0, 10, -7],
					"rotation": [12.5, 0, 0],
					"cubes": [
						{"origin": [-3, 5, -7], "size": [6, 5, 2], "inflate": 0.25, "uv": [25, 43]},
						{"origin": [-3, 3, -7], "size": [6, 2, 0], "inflate": 0.25, "pivot": [0, 5, -7], "rotation": [25, 0, 0], "uv": [14, 33]},
						{"origin": [-5, 5, -7], "size": [2, 5, 0], "inflate": 0.25, "pivot": [-3, 7, -7], "rotation": [0, 50, 0], "uv": [25, 0]},
						{"origin": [3, 5, -7], "size": [2, 5, 0], "inflate": 0.25, "pivot": [3, 7, -7], "rotation": [0, -50, 0], "uv": [25, 0], "mirror": true}
					]
				},
				{
					"name": "front_legs",
					"parent": "growlithe",
					"pivot": [0, 6, -4]
				},
				{
					"name": "right_front_leg",
					"parent": "front_legs",
					"pivot": [-3, 6, -4],
					"cubes": [
						{"origin": [-4, 0, -5], "size": [3, 7, 3], "inflate": 0.25, "uv": [43, 40]},
						{"origin": [-4, 1, -7], "size": [3, 0, 2], "inflate": 0.25, "pivot": [-2.5, 1, -5], "rotation": [45, 0, 0], "uv": [0, 8]}
					]
				},
				{
					"name": "left_front_leg",
					"parent": "front_legs",
					"pivot": [3, 6, -4],
					"cubes": [
						{"origin": [1, 0, -5], "size": [3, 7, 3], "inflate": 0.25, "uv": [43, 40], "mirror": true},
						{"origin": [1, 1, -7], "size": [3, 0, 2], "inflate": 0.25, "pivot": [2.5, 1, -5], "rotation": [45, 0, 0], "uv": [0, 8], "mirror": true}
					]
				},
				{
					"name": "back_legs",
					"parent": "growlithe",
					"pivot": [0, 7, 5]
				},
				{
					"name": "right_back_leg",
					"parent": "back_legs",
					"pivot": [-3, 7, 5],
					"cubes": [
						{"origin": [-4, 3, 3], "size": [3, 5, 4], "inflate": 0.25, "uv": [42, 8]}
					]
				},
				{
					"name": "right_back_paw",
					"parent": "right_back_leg",
					"pivot": [-3, 3, 6],
					"cubes": [
						{"origin": [-4, 0, 4], "size": [3, 3, 3], "inflate": 0.25, "uv": [13, 48]},
						{"origin": [-4, 0, 3.5], "size": [3, 1, 1], "inflate": 0.25, "uv": [0, 25]}
					]
				},
				{
					"name": "left_back_leg",
					"parent": "back_legs",
					"pivot": [3, 7, 5],
					"cubes": [
						{"origin": [1, 3, 3], "size": [3, 5, 4], "inflate": 0.25, "uv": [42, 8], "mirror": true}
					]
				},
				{
					"name": "left_back_paw",
					"parent": "left_back_leg",
					"pivot": [3, 3, 6],
					"cubes": [
						{"origin": [1, 0, 4], "size": [3, 3, 3], "inflate": 0.25, "uv": [13, 48], "mirror": true},
						{"origin": [1, 0, 3.5], "size": [3, 1, 1], "inflate": 0.25, "uv": [0, 25], "mirror": true}
					]
				}
			]
		}
	]
}