{
	"format_version": "1.12.0",
	"minecraft:geometry": [
		{
			"description": {
				"identifier": "geometry.serparcanine",
				"texture_width": 128,
				"texture_height": 128,
				"visible_bounds_width": 4,
				"visible_bounds_height": 3.5,
				"visible_bounds_offset": [0, 1.25, 0]
			},
			"bones": [
				{
					"name": "arcanine",
					"pivot": [0, -1, 0]
				},
				{
				"name": "pokedex",
				"parent": "arcanine",
				"pivot": [0, 15, -15],
				"locators": {
		"pokedex": [0, 15, -15]
					}
				},
				{
					"name": "head",
					"parent": "arcanine",
					"pivot": [0, 15, -5],
					"cubes": [
						{"origin": [-4, 16, -9], "size": [8, 7, 7], "uv": [20, 48]},
						{"origin": [-4, 23, -2], "size": [8, 0, 4], "pivot": [0, 23, -2], "rotation": [-15, 0, 0], "uv": [74, 95]},
						{"origin": [-4, 21, -2], "size": [8, 0, 5], "pivot": [0, 21, -2], "rotation": [-25, 0, 0], "uv": [73, 95]},
						{"origin": [-4, 19, -2], "size": [8, 0, 4], "pivot": [0, 19, -2], "rotation": [-35, 0, 0], "uv": [74, 95]},
						{"origin": [-4, 17, -2], "size": [8, 0, 3], "pivot": [0, 17, -2], "rotation": [-40, 0, 0], "uv": [75, 95]},
						{"origin": [-4, 23, -9], "size": [8, 5, 0], "pivot": [0, 23, -9], "rotation": [-15, 0, 0], "uv": [78, 94]},
						{"origin": [-4, 23, -7], "size": [8, 7, 0], "pivot": [0, 23, -7], "rotation": [-30, 0, 0], "uv": [78, 94]},
						{"origin": [-4, 23, -5], "size": [8, 6, 0], "pivot": [0, 23, -5], "rotation": [-45, 0, 0], "uv": [78, 95]},
						{"origin": [-4, 23, -3], "size": [8, 4, 0], "pivot": [0, 23, -3], "rotation": [-60, 0, 0], "uv": [78, 95]},
						{"origin": [4, 16, -9], "size": [4, 7, 0], "pivot": [4, 19, -9], "rotation": [0, -45, 0], "uv": [0, 71]},
						{"origin": [-8, 16, -9], "size": [4, 7, 0], "pivot": [-4, 19, -9], "rotation": [0, 45, 0], "uv": [0, 71], "mirror": true},
						{"origin": [4, 16, -7], "size": [6, 7, 0], "pivot": [4, 19, -7], "rotation": [0, -45, 0], "uv": [101, 84]},
						{"origin": [-10, 16, -7], "size": [6, 7, 0], "pivot": [-4, 19, -7], "rotation": [0, 45, 0], "uv": [101, 84], "mirror": true},
						{"origin": [4, 16, -5], "size": [5, 7, 0], "pivot": [4, 19, -5], "rotation": [0, -65, 0], "uv": [102, 84]},
						{"origin": [-9, 16, -5], "size": [5, 7, 0], "pivot": [-4, 19, -5], "rotation": [0, 65, 0], "uv": [102, 84], "mirror": true},
						{"origin": [4, 16, -3], "size": [4, 7, 0], "pivot": [4, 19, -3], "rotation": [0, -75, 0], "uv": [103, 84]},
						{"origin": [-8, 16, -3], "size": [4, 7, 0], "pivot": [-4, 19, -3], "rotation": [0, 75, 0], "uv": [103, 84], "mirror": true},
						{"origin": [-3.5, 22.5, -8.5], "size": [7, 1, 6], "uv": [83, 20]},
						{"origin": [-3.5, 15.5, -8.5], "size": [7, 1, 6], "uv": [66, 0]},
						{"origin": [-2.5, 13.5, -7.5], "size": [5, 2, 5], "uv": [91, 61]},
						{"origin": [-3.5, 16.5, -2.5], "size": [7, 6, 1], "uv": [96, 5]},
						{"origin": [-3.5, 16.5, -9.5], "size": [7, 6, 1], "uv": [95, 94]},
						{"origin": [-1.5, 17.8, -12.5], "size": [3, 2, 4], "inflate": 0.2, "uv": [13, 101]},
						{"origin": [-1.5, 17, -11.5], "size": [3, 1, 4], "uv": [102, 45]},
						{"origin": [-1.5, 17.19274, -11.25986], "size": [3, 1, 4], "pivot": [0, 18.19274, -12.25986], "rotation": [-12.5, 0, 0], "uv": [102, 45]},
						{"origin": [0.33159, 17.8, -12.43775], "size": [1, 2, 4], "inflate": 0.2, "pivot": [1.33159, 19.5, -13.43775], "rotation": [0, 12.5, 0], "uv": [98, 102]},
						{"origin": [-1.33159, 17.8, -12.43775], "size": [1, 2, 4], "inflate": 0.2, "pivot": [-1.33159, 19.5, -13.43775], "rotation": [0, -12.5, 0], "uv": [98, 102], "mirror": true},
						{"origin": [3.5, 16.5, -8.5], "size": [1, 6, 6], "uv": [36, 27]},
						{"origin": [3.5, 20.5, -8], "size": [5, 3, 0], "inflate": 0.01, "pivot": [4.5, 21, -8.5], "rotation": [0, -20, -10], "uv": [69, 81]},
						{"origin": [-8.5, 20.5, -8], "size": [5, 3, 0],"inflate": 0.01 , "pivot": [-4.5, 21, -8.5], "rotation": [0, 20, 10], "uv": [69, 81], "mirror": true},
						{"origin": [-4.5, 16.5, -8.5], "size": [1, 6, 6], "uv": [0, 27]}
					]
				},
				{
					"name": "body",
					"parent": "arcanine",
					"pivot": [0, 10, -3],
					"rotation": [-5, 0, 0],
					"cubes": [
						{"origin": [-5, 7, -8], "size": [10, 7, 18], "uv": [0, 0]},
						{"origin": [-4.5, 13.5, -7.5], "size": [9, 1, 17], "inflate": -0.01, "uv": [36, 29]},
						{"origin": [-4.5, 6.5, -7.5], "size": [9, 1, 8], "uv": [9, 36]},
						{"origin": [-5.5, 7.5, -7.5], "size": [1, 6, 17], "uv": [37, 48]},
						{"origin": [4.5, 7.5, -7.5], "size": [1, 6, 17], "uv": [0, 46]},
						{"origin": [-4.5, 7.5, 7.5], "size": [9, 6, 3], "inflate": -0.01, "uv": [0, 86]},
						{"origin": [-3.5, 6.5, -9.5], "size": [7, 8, 4], "uv": [78, 81]},
						{"origin": [-3.5, 2.5, -9.5], "size": [7, 4, 0], "pivot": [0, 6.5, -9.5], "rotation": [30, 0, 0], "uv": [95, 40]},
						{"origin": [3.5, 6.5, -9.5], "size": [5, 9, 0], "pivot": [3.5, 9, -9.5], "rotation": [0, -30, 0], "uv": [2, 48]},
						{"origin": [-8.5, 6.5, -9.5], "size": [5, 9, 0], "pivot": [-3.5, 9, -9.5], "rotation": [0, 30, 0], "uv": [2, 48], "mirror": true}
					]
				},
				{
					"name": "saddle",
					"parent": "body",
					"pivot": [0, 10, -3],
					"cubes": [
						{"origin": [-4, 10, -10], "size": [8, 5, 12], "uv": [0, 108]}
					]
				},
				{
					"name": "tail_root",
					"parent": "body",
					"pivot": [0, 11.5, 10.5],
					"rotation": [90, 0, 0],
					"cubes": [
						{"origin": [-2, 9, 10], "size": [4, 5, 1], "uv": [28, 103]},
						{"origin": [-4, 8, 11], "size": [8, 7, 10], "uv": [64, 63]},
						{"origin": [-3.5, 14.5, 11.5], "size": [7, 1, 9], "uv": [72, 9]},
						{"origin": [-3.5, 7.5, 11.5], "size": [7, 1, 9], "uv": [0, 71]},
						{"origin": [-4.5, 8.5, 11.5], "size": [1, 6, 9], "uv": [57, 81]},
						{"origin": [3.5, 8.5, 11.5], "size": [1, 6, 9], "uv": [81, 39]},
						{"origin": [-3.5, 8.5, 20.5], "size": [7, 6, 1], "uv": [101, 69]}
					]
				},
				{
					"name": "tail_top",
					"parent": "tail_root",
					"pivot": [0, 13, 20],
					"rotation": [-115, 0, 0],
					"cubes": [
						{"origin": [-4, 9, 20], "size": [8, 7, 10], "uv": [39, 0]},
						{"origin": [-3.5, 15.5, 20.5], "size": [7, 1, 9], "uv": [57, 48]},
						{"origin": [-3.5, 8.5, 20.5], "size": [7, 1, 9], "uv": [48, 18]},
						{"origin": [-4.5, 9.5, 20.5], "size": [1, 6, 9], "uv": [45, 73]},
						{"origin": [3.5, 9.5, 20.5], "size": [1, 6, 9], "uv": [24, 73]},
						{"origin": [-3.5, 9.5, 29.5], "size": [7, 6, 1], "uv": [59, 97]},
						{"origin": [-3.5, 15.5, 30.5], "size": [7, 0, 2], "pivot": [0, 15.5, 30.5], "rotation": [30, 0, 0], "uv": [93, 28]},
						{"origin": [-3.5, 9.5, 30.5], "size": [7, 0, 2], "pivot": [0, 9.5, 30.5], "rotation": [-30, 0, 0], "uv": [0, 82]},
						{"origin": [-3.5, 9.5, 30.5], "size": [0, 6, 2], "pivot": [-3.5, 13, 30.5], "rotation": [0, -30, 0], "uv": [20, 46]},
						{"origin": [3.5, 9.5, 30.5], "size": [0, 6, 2], "pivot": [3.5, 13, 30.5], "rotation": [0, 30, 0], "uv": [20, 46], "mirror": true},
						{"origin": [-3.5, 9.5, 19.5], "size": [7, 6, 1], "uv": [0, 97]}
					]
				},
				{
					"name": "front_legs",
					"parent": "arcanine",
					"pivot": [4, 11, -5]
				},
				{
					"name": "right_front",
					"parent": "front_legs",
					"pivot": [-4, 11, -5],
					"cubes": [
						{"origin": [-6, 0, -7], "size": [4, 12, 4], "uv": [0, 0]},
						{"origin": [-4, 2, -3], "size": [0, 4, 4], "pivot": [-4, 2, -3], "rotation": [0, -30, 0], "uv": [39, 0]},
						{"origin": [-6, 0, -8], "size": [4, 2, 1], "uv": [0, 40]}
					]
				},
				{
					"name": "left_front",
					"parent": "front_legs",
					"pivot": [4, 11, -5],
					"cubes": [
						{"origin": [2, 0, -7], "size": [4, 12, 4], "uv": [0, 0], "mirror": true},
						{"origin": [4, 2, -3], "size": [0, 4, 4], "pivot": [4, 2, -3], "rotation": [0, 30, 0], "uv": [39, 0], "mirror": true},
						{"origin": [2, 0, -8], "size": [4, 2, 1], "uv": [0, 40], "mirror": true}
					]
				},
				{
					"name": "back_legs",
					"parent": "arcanine",
					"pivot": [4, 9, 5]
				},
				{
					"name": "right_back",
					"parent": "back_legs",
					"pivot": [-6, 9, 5],
					"cubes": [
						{"origin": [-7, 4, 3], "size": [4, 7, 6], "uv": [25, 89]},
						{"origin": [-7.5, 4.5, 3.5], "size": [1, 6, 5], "uv": [46, 92]},
						{"origin": [-7, 0, 5], "size": [4, 4, 4], "uv": [72, 37]},
						{"origin": [-5, 2, 9], "size": [0, 6, 10], "pivot": [-5, 2, 9], "rotation": [20, -25, 0], "uv": [72, 20]},
						{"origin": [-7, 0, 4], "size": [4, 2, 1], "uv": [0, 40]}
					]
				},
				{
					"name": "left_back",
					"parent": "back_legs",
					"pivot": [6, 9, 5],
					"cubes": [
						{"origin": [3, 4, 3], "size": [4, 7, 6], "uv": [25, 89], "mirror": true},
						{"origin": [6.5, 4.5, 3.5], "size": [1, 6, 5], "uv": [46, 92], "mirror": true},
						{"origin": [3, 0, 5], "size": [4, 4, 4], "uv": [72, 37], "mirror": true},
						{"origin": [5, 2, 9], "size": [0, 6, 10], "pivot": [5, 2, 9], "rotation": [20, 25, 0], "uv": [72, 20], "mirror": true},
						{"origin": [3, 0, 4], "size": [4, 2, 1], "uv": [0, 40], "mirror": true}
					]
				}
			]
		},
		{
			"description": {
				"identifier": "geometry.serparcanine_aura",
				"texture_width": 128,
				"texture_height": 128,
				"visible_bounds_width": 4,
				"visible_bounds_height": 3.5,
				"visible_bounds_offset": [0, 1.25, 0]
			},
			"bones": [
				{
					"name": "arcanine",
					"pivot": [0, -1, 0]
				},
				{
					"name": "pokedex",
					"parent": "arcanine",
					"pivot": [0, 15, -15],
					"locators": {
						"pokedex": [0, 15, -15]
					}
				},
				{
					"name": "head",
					"parent": "arcanine",
					"pivot": [0, 15, -5],
					"cubes": [
						{"origin": [-4, 16, -9], "size": [8, 7, 7], "inflate": 0.25, "uv": [20, 48]},
						{"origin": [-4, 23, -2], "size": [8, 0, 4], "inflate": 0.25, "pivot": [0, 23, -2], "rotation": [-15, 0, 0], "uv": [74, 95]},
						{"origin": [-4, 21, -2], "size": [8, 0, 5], "inflate": 0.25, "pivot": [0, 21, -2], "rotation": [-25, 0, 0], "uv": [73, 95]},
						{"origin": [-4, 19, -2], "size": [8, 0, 4], "inflate": 0.25, "pivot": [0, 19, -2], "rotation": [-35, 0, 0], "uv": [74, 95]},
						{"origin": [-4, 17, -2], "size": [8, 0, 3], "inflate": 0.25, "pivot": [0, 17, -2], "rotation": [-40, 0, 0], "uv": [75, 95]},
						{"origin": [-4, 23, -9], "size": [8, 5, 0], "inflate": 0.25, "pivot": [0, 23, -9], "rotation": [-15, 0, 0], "uv": [78, 94]},
						{"origin": [-4, 23, -7], "size": [8, 7, 0], "inflate": 0.25, "pivot": [0, 23, -7], "rotation": [-30, 0, 0], "uv": [78, 94]},
						{"origin": [-4, 23, -5], "size": [8, 6, 0], "inflate": 0.25, "pivot": [0, 23, -5], "rotation": [-45, 0, 0], "uv": [78, 95]},
						{"origin": [-4, 23, -3], "size": [8, 4, 0], "inflate": 0.25, "pivot": [0, 23, -3], "rotation": [-60, 0, 0], "uv": [78, 95]},
						{"origin": [4, 16, -9], "size": [4, 7, 0], "inflate": 0.25, "pivot": [4, 19, -9], "rotation": [0, -45, 0], "uv": [0, 71]},
						{"origin": [-8, 16, -9], "size": [4, 7, 0], "inflate": 0.25, "pivot": [-4, 19, -9], "rotation": [0, 45, 0], "uv": [0, 71], "mirror": true},
						{"origin": [4, 16, -7], "size": [6, 7, 0], "inflate": 0.25, "pivot": [4, 19, -7], "rotation": [0, -45, 0], "uv": [101, 84]},
						{"origin": [-10, 16, -7], "size": [6, 7, 0], "inflate": 0.25, "pivot": [-4, 19, -7], "rotation": [0, 45, 0], "uv": [101, 84], "mirror": true},
						{"origin": [4, 16, -5], "size": [5, 7, 0], "inflate": 0.25, "pivot": [4, 19, -5], "rotation": [0, -65, 0], "uv": [102, 84]},
						{"origin": [-9, 16, -5], "size": [5, 7, 0], "inflate": 0.25, "pivot": [-4, 19, -5], "rotation": [0, 65, 0], "uv": [102, 84], "mirror": true},
						{"origin": [4, 16, -3], "size": [4, 7, 0], "inflate": 0.25, "pivot": [4, 19, -3], "rotation": [0, -75, 0], "uv": [103, 84]},
						{"origin": [-8, 16, -3], "size": [4, 7, 0], "inflate": 0.25, "pivot": [-4, 19, -3], "rotation": [0, 75, 0], "uv": [103, 84], "mirror": true},
						{"origin": [-3.5, 22.5, -8.5], "size": [7, 1, 6], "inflate": 0.25, "uv": [83, 20]},
						{"origin": [-3.5, 15.5, -8.5], "size": [7, 1, 6], "inflate": 0.25, "uv": [66, 0]},
						{"origin": [-2.5, 13.5, -7.5], "size": [5, 2, 5], "inflate": 0.25, "uv": [91, 61]},
						{"origin": [-3.5, 16.5, -2.5], "size": [7, 6, 1], "inflate": 0.25, "uv": [96, 5]},
						{"origin": [-3.5, 16.5, -9.5], "size": [7, 6, 1], "inflate": 0.25, "uv": [95, 94]},
						{"origin": [-1.5, 17.8, -12.5], "size": [3, 2, 4], "inflate": 0.25, "uv": [13, 101]},
						{"origin": [-1.5, 17, -11.5], "size": [3, 1, 4], "inflate": 0.25, "uv": [102, 45]},
						{"origin": [-1.5, 17.19274, -11.25986], "size": [3, 1, 4], "inflate": 0.25, "pivot": [0, 18.19274, -12.25986], "rotation": [-12.5, 0, 0], "uv": [102, 45]},
						{"origin": [0.33159, 17.8, -12.43775], "size": [1, 2, 4], "inflate": 0.25, "pivot": [1.33159, 19.5, -13.43775], "rotation": [0, 12.5, 0], "uv": [98, 102]},
						{"origin": [-1.33159, 17.8, -12.43775], "size": [1, 2, 4], "inflate": 0.25, "pivot": [-1.33159, 19.5, -13.43775], "rotation": [0, -12.5, 0], "uv": [98, 102], "mirror": true},
						{"origin": [3.5, 16.5, -8.5], "size": [1, 6, 6], "inflate": 0.25, "uv": [36, 27]},
						{"origin": [3.5, 20.5, -8], "size": [5, 3, 0], "inflate": 0.25, "pivot": [4.5, 21, -8.5], "rotation": [0, -20, -10], "uv": [69, 81]},
						{"origin": [-8.5, 20.5, -8], "size": [5, 3, 0], "inflate": 0.25, "pivot": [-4.5, 21, -8.5], "rotation": [0, 20, 10], "uv": [69, 81], "mirror": true},
						{"origin": [-4.5, 16.5, -8.5], "size": [1, 6, 6], "inflate": 0.25, "uv": [0, 27]}
					]
				},
				{
					"name": "body",
					"parent": "arcanine",
					"pivot": [0, 10, -3],
					"rotation": [-5, 0, 0],
					"cubes": [
						{"origin": [-5, 7, -8], "size": [10, 7, 18], "inflate": 0.25, "uv": [0, 0]},
						{"origin": [-4.5, 13.5, -7.5], "size": [9, 1, 17], "inflate": 0.25, "uv": [36, 29]},
						{"origin": [-4.5, 6.5, -7.5], "size": [9, 1, 8], "inflate": 0.25, "uv": [9, 36]},
						{"origin": [-5.5, 7.5, -7.5], "size": [1, 6, 17], "inflate": 0.25, "uv": [37, 48]},
						{"origin": [4.5, 7.5, -7.5], "size": [1, 6, 17], "inflate": 0.25, "uv": [0, 46]},
						{"origin": [-4.5, 7.5, 7.5], "size": [9, 6, 3], "inflate": 0.25, "uv": [0, 86]},
						{"origin": [-3.5, 6.5, -9.5], "size": [7, 8, 4], "inflate": 0.25, "uv": [78, 81]},
						{"origin": [-3.5, 2.5, -9.5], "size": [7, 4, 0], "inflate": 0.25, "pivot": [0, 6.5, -9.5], "rotation": [30, 0, 0], "uv": [95, 40]},
						{"origin": [3.5, 6.5, -9.5], "size": [5, 9, 0], "inflate": 0.25, "pivot": [3.5, 9, -9.5], "rotation": [0, -30, 0], "uv": [2, 48]},
						{"origin": [-8.5, 6.5, -9.5], "size": [5, 9, 0], "inflate": 0.25, "pivot": [-3.5, 9, -9.5], "rotation": [0, 30, 0], "uv": [2, 48], "mirror": true}
					]
				},
				{
					"name": "saddle",
					"parent": "body",
					"pivot": [0, 10, -3],
					"cubes": [
						{"origin": [-4, 10, -10], "size": [8, 5, 12], "inflate": 0.25, "uv": [0, 108]}
					]
				},
				{
					"name": "tail_root",
					"parent": "body",
					"pivot": [0, 11.5, 10.5],
					"rotation": [90, 0, 0],
					"cubes": [
						{"origin": [-2, 9, 10], "size": [4, 5, 1], "inflate": 0.25, "uv": [28, 103]},
						{"origin": [-4, 8, 11], "size": [8, 7, 10], "inflate": 0.25, "uv": [64, 63]},
						{"origin": [-3.5, 14.5, 11.5], "size": [7, 1, 9], "inflate": 0.25, "uv": [72, 9]},
						{"origin": [-3.5, 7.5, 11.5], "size": [7, 1, 9], "inflate": 0.25, "uv": [0, 71]},
						{"origin": [-4.5, 8.5, 11.5], "size": [1, 6, 9], "inflate": 0.25, "uv": [57, 81]},
						{"origin": [3.5, 8.5, 11.5], "size": [1, 6, 9], "inflate": 0.25, "uv": [81, 39]},
						{"origin": [-3.5, 8.5, 20.5], "size": [7, 6, 1], "inflate": 0.25, "uv": [101, 69]}
					]
				},
				{
					"name": "tail_top",
					"parent": "tail_root",
					"pivot": [0, 13, 20],
					"rotation": [-115, 0, 0],
					"cubes": [
						{"origin": [-4, 9, 20], "size": [8, 7, 10], "inflate": 0.25, "uv": [39, 0]},
						{"origin": [-3.5, 15.5, 20.5], "size": [7, 1, 9], "inflate": 0.25, "uv": [57, 48]},
						{"origin": [-3.5, 8.5, 20.5], "size": [7, 1, 9], "inflate": 0.25, "uv": [48, 18]},
						{"origin": [-4.5, 9.5, 20.5], "size": [1, 6, 9], "inflate": 0.25, "uv": [45, 73]},
						{"origin": [3.5, 9.5, 20.5], "size": [1, 6, 9], "inflate": 0.25, "uv": [24, 73]},
						{"origin": [-3.5, 9.5, 29.5], "size": [7, 6, 1], "inflate": 0.25, "uv": [59, 97]},
						{"origin": [-3.5, 15.5, 30.5], "size": [7, 0, 2], "inflate": 0.25, "pivot": [0, 15.5, 30.5], "rotation": [30, 0, 0], "uv": [93, 28]},
						{"origin": [-3.5, 9.5, 30.5], "size": [7, 0, 2], "inflate": 0.25, "pivot": [0, 9.5, 30.5], "rotation": [-30, 0, 0], "uv": [0, 82]},
						{"origin": [-3.5, 9.5, 30.5], "size": [0, 6, 2], "inflate": 0.25, "pivot": [-3.5, 13, 30.5], "rotation": [0, -30, 0], "uv": [20, 46]},
						{"origin": [3.5, 9.5, 30.5], "size": [0, 6, 2], "inflate": 0.25, "pivot": [3.5, 13, 30.5], "rotation": [0, 30, 0], "uv": [20, 46], "mirror": true},
						{"origin": [-3.5, 9.5, 19.5], "size": [7, 6, 1], "inflate": 0.25, "uv": [0, 97]}
					]
				},
				{
					"name": "front_legs",
					"parent": "arcanine",
					"pivot": [4, 11, -5]
				},
				{
					"name": "right_front",
					"parent": "front_legs",
					"pivot": [-4, 11, -5],
					"cubes": [
						{"origin": [-6, 0, -7], "size": [4, 12, 4], "inflate": 0.25, "uv": [0, 0]},
						{"origin": [-4, 2, -3], "size": [0, 4, 4], "inflate": 0.25, "pivot": [-4, 2, -3], "rotation": [0, -30, 0], "uv": [39, 0]},
						{"origin": [-6, 0, -8], "size": [4, 2, 1], "inflate": 0.25, "uv": [0, 40]}
					]
				},
				{
					"name": "left_front",
					"parent": "front_legs",
					"pivot": [4, 11, -5],
					"cubes": [
						{"origin": [2, 0, -7], "size": [4, 12, 4], "inflate": 0.25, "uv": [0, 0], "mirror": true},
						{"origin": [4, 2, -3], "size": [0, 4, 4], "inflate": 0.25, "pivot": [4, 2, -3], "rotation": [0, 30, 0], "uv": [39, 0], "mirror": true},
						{"origin": [2, 0, -8], "size": [4, 2, 1], "inflate": 0.25, "uv": [0, 40], "mirror": true}
					]
				},
				{
					"name": "back_legs",
					"parent": "arcanine",
					"pivot": [4, 9, 5]
				},
				{
					"name": "right_back",
					"parent": "back_legs",
					"pivot": [-6, 9, 5],
					"cubes": [
						{"origin": [-7, 4, 3], "size": [4, 7, 6], "inflate": 0.25, "uv": [25, 89]},
						{"origin": [-7.5, 4.5, 3.5], "size": [1, 6, 5], "inflate": 0.25, "uv": [46, 92]},
						{"origin": [-7, 0, 5], "size": [4, 4, 4], "inflate": 0.25, "uv": [72, 37]},
						{"origin": [-5, 2, 9], "size": [0, 6, 10], "inflate": 0.25, "pivot": [-5, 2, 9], "rotation": [20, -25, 0], "uv": [72, 20]},
						{"origin": [-7, 0, 4], "size": [4, 2, 1], "inflate": 0.25, "uv": [0, 40]}
					]
				},
				{
					"name": "left_back",
					"parent": "back_legs",
					"pivot": [6, 9, 5],
					"cubes": [
						{"origin": [3, 4, 3], "size": [4, 7, 6], "inflate": 0.25, "uv": [25, 89], "mirror": true},
						{"origin": [6.5, 4.5, 3.5], "size": [1, 6, 5], "inflate": 0.25, "uv": [46, 92], "mirror": true},
						{"origin": [3, 0, 5], "size": [4, 4, 4], "inflate": 0.25, "uv": [72, 37], "mirror": true},
						{"origin": [5, 2, 9], "size": [0, 6, 10], "inflate": 0.25, "pivot": [5, 2, 9], "rotation": [20, 25, 0], "uv": [72, 20], "mirror": true},
						{"origin": [3, 0, 4], "size": [4, 2, 1], "inflate": 0.25, "uv": [0, 40], "mirror": true}
					]
				}
			]
		}
	]
}