{
  "format_version": "1.16.100",
  "minecraft:item": {
    "description": {
      "identifier": "serp:max_revive",
      "category": "Equipment"
    },
    "components": {
      "minecraft:display_name":{
        "value":"item.serp:max_revive.name"
         },
      "minecraft:use_duration": 32,
      "minecraft:max_stack_size": 64,
      "minecraft:creative_category": {
        "parent": "itemGroup.name.equipment"
      },
      "minecraft:allow_off_hand": false,
      "minecraft:hand_equipped": false,
      "minecraft:stacked_by_data": true,
      "minecraft:icon": {
        "texture": "max_revive"
      },
  "minecraft:render_offsets": {
        "main_hand": {
"first_person":{"scale": [0.01,0.01,0.01]},
"third_person":{"scale": [0.03,0.03,0.03]}},
        "off_hand": {
"first_person":{"scale":[0.01,0.01,0.01]},
"third_person":{"scale":[0.03,0.03,0.03]}}
      },
      "minecraft:on_use": {
          "on_use":{"event":"serp:use"}
      }
    },
    "events": {
        "serp:use": {
    "run_command": {
        "command": ["clear @s serp:max_revive 0 1","effect @s health_boost 10 2","effect @s absorption 10 2"]
        }
      }
    }
  }
}