{
  "format_version": "1.16.100",
  "minecraft:item": {
    "description": {
      "identifier": "serp:poke_toy",
      "category": "Equipment"
    },
    "components": {
      "minecraft:display_name":{
        "value":"item.serp:poke_toy.name"
         },
      "minecraft:creative_category": {
        "parent": "itemGroup.name.equipment"
      },
      "minecraft:hand_equipped": true,
      "minecraft:stacked_by_data": true,
      "minecraft:max_stack_size": 16,
	  "minecraft:durability": {
		"max_durability": 30,
		"damage_chance": {"min":100,"max":100}
	  },
      "minecraft:icon": {
        "texture": "poke_toy"
      },
  "minecraft:render_offsets": {
        "main_hand": {
"first_person":{"scale": [0.01,0.01,0.01]},
"third_person":{"scale": [0.03,0.03,0.03]}},
        "off_hand": {
"first_person":{"scale":[0.01,0.01,0.01]},
"third_person":{"scale":[0.03,0.03,0.03]}}
      }
    }
  }
}